ISO-10303-21;
HEADER;
/* Generated by software containing ST-Developer
 * from STEP Tools, Inc. (www.steptools.com) 
 */
/* OPTION: using custom renumber hook */

FILE_DESCRIPTION(
/* description */ ('STEP AP242 Edition 2',
'CAx-IF Rec.Pracs.---Representation and Presentation of Product Manufa
cturing Information (PMI)---4.0---2014-10-13',
'CAx-IF Rec.Pracs.---3D Tessellated Geometry---0.4---2014-09-14','2;1',
'CAx-IF Rec.Pracs.---User Defined Attributes---1.5---2016-08-15'),
/* implementation_level */ '2;1');

FILE_NAME(
/* name */ 'Outdoor-Top',
/* time_stamp */ '2026-10-06T00:27:39Z',
/* author */ (''),
/* organization */ (''),
/* preprocessor_version */ 'ST-DEVELOPER v20',
/* originating_system */ 'ONSHAPE BY PTC INC, 1.221',
/* authorisation */ '  ');

FILE_SCHEMA (('AP242_MANAGED_MODEL_BASED_3D_ENGINEERING_MIM_LF { 1 0 10303 442 3 1 4 }'));
ENDSEC;

DATA;
#10=SHAPE_REPRESENTATION_RELATIONSHIP('','',#4814,#11);
#11=ADVANCED_BREP_SHAPE_REPRESENTATION('',(#4812),#8630);
#12=CYLINDRICAL_SURFACE('',#4863,0.00417755471096216);
#13=CYLINDRICAL_SURFACE('',#4865,0.0060557424424776);
#14=CYLINDRICAL_SURFACE('',#4868,0.00991101868546527);
#15=CYLINDRICAL_SURFACE('',#4870,0.00208339793825474);
#16=CYLINDRICAL_SURFACE('',#4883,0.000948038833375084);
#17=CYLINDRICAL_SURFACE('',#4888,0.00380949110566579);
#18=CYLINDRICAL_SURFACE('',#4894,0.00246075019705166);
#19=CYLINDRICAL_SURFACE('',#4902,0.00708325918644372);
#20=CYLINDRICAL_SURFACE('',#4906,0.00704321983229181);
#21=CYLINDRICAL_SURFACE('',#4909,0.00704321985274548);
#22=CYLINDRICAL_SURFACE('',#4913,0.00708325918644301);
#23=CYLINDRICAL_SURFACE('',#4919,0.00708325918644163);
#24=CYLINDRICAL_SURFACE('',#4923,0.00704321985274689);
#25=CYLINDRICAL_SURFACE('',#4926,0.00704321985272975);
#26=CYLINDRICAL_SURFACE('',#4930,0.00708325918642884);
#27=CYLINDRICAL_SURFACE('',#4951,0.00088799524937092);
#28=CYLINDRICAL_SURFACE('',#4953,0.00138442667290298);
#29=CYLINDRICAL_SURFACE('',#4955,0.00165644332133407);
#30=CYLINDRICAL_SURFACE('',#4958,0.000674416496457935);
#31=CYLINDRICAL_SURFACE('',#4967,0.006067687318026);
#32=CYLINDRICAL_SURFACE('',#4970,0.00509353429574063);
#33=CYLINDRICAL_SURFACE('',#4972,0.00614182385981463);
#34=CYLINDRICAL_SURFACE('',#4979,0.00120942910282073);
#35=CYLINDRICAL_SURFACE('',#4981,0.00192876678084065);
#36=CYLINDRICAL_SURFACE('',#4983,0.00392594160837652);
#37=CYLINDRICAL_SURFACE('',#4986,0.000693473767285869);
#38=CYLINDRICAL_SURFACE('',#4988,0.00058912538403744);
#39=CYLINDRICAL_SURFACE('',#4990,0.00248637102549017);
#40=CYLINDRICAL_SURFACE('',#4993,0.00116904042786505);
#41=CYLINDRICAL_SURFACE('',#4995,0.00262083710681281);
#42=CYLINDRICAL_SURFACE('',#4998,0.000897392899208691);
#43=CYLINDRICAL_SURFACE('',#5005,0.00173441313299276);
#44=CYLINDRICAL_SURFACE('',#5010,0.00153554077716391);
#45=CYLINDRICAL_SURFACE('',#5015,0.000958329524488789);
#46=CYLINDRICAL_SURFACE('',#5017,0.00169888631693907);
#47=CYLINDRICAL_SURFACE('',#5019,0.00102916958469206);
#48=CYLINDRICAL_SURFACE('',#5021,0.00166643126391383);
#49=CYLINDRICAL_SURFACE('',#5030,0.002);
#50=CYLINDRICAL_SURFACE('',#5031,0.002);
#51=CYLINDRICAL_SURFACE('',#5032,0.002);
#52=CYLINDRICAL_SURFACE('',#5033,0.002);
#53=B_SPLINE_SURFACE_WITH_KNOTS('',3,1,((#6511,#6512),(#6513,#6514),(#6515,
#6516),(#6517,#6518)),.SURF_OF_LINEAR_EXTRUSION.,.F.,.F.,.F.,(4,4),(2,2),
(0.,1.),(0.,1.),.PIECEWISE_BEZIER_KNOTS.);
#54=B_SPLINE_SURFACE_WITH_KNOTS('',3,1,((#6546,#6547),(#6548,#6549),(#6550,
#6551),(#6552,#6553)),.SURF_OF_LINEAR_EXTRUSION.,.F.,.F.,.F.,(4,4),(2,2),
(0.,1.),(0.,1.),.PIECEWISE_BEZIER_KNOTS.);
#55=B_SPLINE_SURFACE_WITH_KNOTS('',3,1,((#6559,#6560),(#6561,#6562),(#6563,
#6564),(#6565,#6566)),.SURF_OF_LINEAR_EXTRUSION.,.F.,.F.,.F.,(4,4),(2,2),
(0.,1.),(0.,1.),.PIECEWISE_BEZIER_KNOTS.);
#56=B_SPLINE_SURFACE_WITH_KNOTS('',3,1,((#6616,#6617),(#6618,#6619),(#6620,
#6621),(#6622,#6623)),.SURF_OF_LINEAR_EXTRUSION.,.F.,.F.,.F.,(4,4),(2,2),
(0.,1.),(0.,1.),.PIECEWISE_BEZIER_KNOTS.);
#57=B_SPLINE_SURFACE_WITH_KNOTS('',3,1,((#6647,#6648),(#6649,#6650),(#6651,
#6652),(#6653,#6654)),.SURF_OF_LINEAR_EXTRUSION.,.F.,.F.,.F.,(4,4),(2,2),
(0.,1.),(0.,1.),.PIECEWISE_BEZIER_KNOTS.);
#58=B_SPLINE_SURFACE_WITH_KNOTS('',3,1,((#6664,#6665),(#6666,#6667),(#6668,
#6669),(#6670,#6671)),.SURF_OF_LINEAR_EXTRUSION.,.F.,.F.,.F.,(4,4),(2,2),
(0.,1.),(0.,1.),.PIECEWISE_BEZIER_KNOTS.);
#59=B_SPLINE_SURFACE_WITH_KNOTS('',3,1,((#6681,#6682),(#6683,#6684),(#6685,
#6686),(#6687,#6688)),.SURF_OF_LINEAR_EXTRUSION.,.F.,.F.,.F.,(4,4),(2,2),
(0.,1.),(0.,1.),.PIECEWISE_BEZIER_KNOTS.);
#60=B_SPLINE_SURFACE_WITH_KNOTS('',3,1,((#6698,#6699),(#6700,#6701),(#6702,
#6703),(#6704,#6705)),.SURF_OF_LINEAR_EXTRUSION.,.F.,.F.,.F.,(4,4),(2,2),
(0.,1.),(0.,1.),.PIECEWISE_BEZIER_KNOTS.);
#61=B_SPLINE_SURFACE_WITH_KNOTS('',3,1,((#6715,#6716),(#6717,#6718),(#6719,
#6720),(#6721,#6722)),.SURF_OF_LINEAR_EXTRUSION.,.F.,.F.,.F.,(4,4),(2,2),
(0.,1.),(0.,1.),.PIECEWISE_BEZIER_KNOTS.);
#62=B_SPLINE_SURFACE_WITH_KNOTS('',3,1,((#6738,#6739),(#6740,#6741),(#6742,
#6743),(#6744,#6745)),.SURF_OF_LINEAR_EXTRUSION.,.F.,.F.,.F.,(4,4),(2,2),
(0.,1.),(0.,1.),.PIECEWISE_BEZIER_KNOTS.);
#63=B_SPLINE_SURFACE_WITH_KNOTS('',3,1,((#6753,#6754),(#6755,#6756),(#6757,
#6758),(#6759,#6760)),.SURF_OF_LINEAR_EXTRUSION.,.F.,.F.,.F.,(4,4),(2,2),
(0.,1.),(0.,1.),.PIECEWISE_BEZIER_KNOTS.);
#64=B_SPLINE_SURFACE_WITH_KNOTS('',3,1,((#6766,#6767),(#6768,#6769),(#6770,
#6771),(#6772,#6773)),.SURF_OF_LINEAR_EXTRUSION.,.F.,.F.,.F.,(4,4),(2,2),
(0.,1.),(0.,1.),.PIECEWISE_BEZIER_KNOTS.);
#65=B_SPLINE_SURFACE_WITH_KNOTS('',3,1,((#6795,#6796),(#6797,#6798),(#6799,
#6800),(#6801,#6802)),.SURF_OF_LINEAR_EXTRUSION.,.F.,.F.,.F.,(4,4),(2,2),
(0.,1.),(0.,1.),.PIECEWISE_BEZIER_KNOTS.);
#66=B_SPLINE_SURFACE_WITH_KNOTS('',3,1,((#6808,#6809),(#6810,#6811),(#6812,
#6813),(#6814,#6815)),.SURF_OF_LINEAR_EXTRUSION.,.F.,.F.,.F.,(4,4),(2,2),
(0.,1.),(0.,1.),.PIECEWISE_BEZIER_KNOTS.);
#67=B_SPLINE_SURFACE_WITH_KNOTS('',3,1,((#6821,#6822),(#6823,#6824),(#6825,
#6826),(#6827,#6828)),.SURF_OF_LINEAR_EXTRUSION.,.F.,.F.,.F.,(4,4),(2,2),
(0.,1.),(0.,1.),.PIECEWISE_BEZIER_KNOTS.);
#68=B_SPLINE_SURFACE_WITH_KNOTS('',3,1,((#6834,#6835),(#6836,#6837),(#6838,
#6839),(#6840,#6841)),.SURF_OF_LINEAR_EXTRUSION.,.F.,.F.,.F.,(4,4),(2,2),
(0.,1.),(0.,1.),.PIECEWISE_BEZIER_KNOTS.);
#69=B_SPLINE_SURFACE_WITH_KNOTS('',3,1,((#6847,#6848),(#6849,#6850),(#6851,
#6852),(#6853,#6854)),.SURF_OF_LINEAR_EXTRUSION.,.F.,.F.,.F.,(4,4),(2,2),
(0.,1.),(0.,1.),.PIECEWISE_BEZIER_KNOTS.);
#70=B_SPLINE_SURFACE_WITH_KNOTS('',3,1,((#6872,#6873),(#6874,#6875),(#6876,
#6877),(#6878,#6879)),.SURF_OF_LINEAR_EXTRUSION.,.F.,.F.,.F.,(4,4),(2,2),
(0.,1.),(0.,1.),.PIECEWISE_BEZIER_KNOTS.);
#71=B_SPLINE_SURFACE_WITH_KNOTS('',3,1,((#6885,#6886),(#6887,#6888),(#6889,
#6890),(#6891,#6892)),.SURF_OF_LINEAR_EXTRUSION.,.F.,.F.,.F.,(4,4),(2,2),
(0.,1.),(0.,1.),.PIECEWISE_BEZIER_KNOTS.);
#72=B_SPLINE_SURFACE_WITH_KNOTS('',3,1,((#6898,#6899),(#6900,#6901),(#6902,
#6903),(#6904,#6905)),.SURF_OF_LINEAR_EXTRUSION.,.F.,.F.,.F.,(4,4),(2,2),
(0.,1.),(0.,1.),.PIECEWISE_BEZIER_KNOTS.);
#73=B_SPLINE_SURFACE_WITH_KNOTS('',3,1,((#6911,#6912),(#6913,#6914),(#6915,
#6916),(#6917,#6918)),.SURF_OF_LINEAR_EXTRUSION.,.F.,.F.,.F.,(4,4),(2,2),
(0.,1.),(0.,1.),.PIECEWISE_BEZIER_KNOTS.);
#74=B_SPLINE_SURFACE_WITH_KNOTS('',3,1,((#6924,#6925),(#6926,#6927),(#6928,
#6929),(#6930,#6931)),.SURF_OF_LINEAR_EXTRUSION.,.F.,.F.,.F.,(4,4),(2,2),
(0.,1.),(0.,1.),.PIECEWISE_BEZIER_KNOTS.);
#75=B_SPLINE_SURFACE_WITH_KNOTS('',3,1,((#6937,#6938),(#6939,#6940),(#6941,
#6942),(#6943,#6944)),.SURF_OF_LINEAR_EXTRUSION.,.F.,.F.,.F.,(4,4),(2,2),
(0.,1.),(0.,1.),.PIECEWISE_BEZIER_KNOTS.);
#76=B_SPLINE_SURFACE_WITH_KNOTS('',3,1,((#6954,#6955),(#6956,#6957),(#6958,
#6959),(#6960,#6961)),.SURF_OF_LINEAR_EXTRUSION.,.F.,.F.,.F.,(4,4),(2,2),
(0.,1.),(0.,1.),.PIECEWISE_BEZIER_KNOTS.);
#77=B_SPLINE_SURFACE_WITH_KNOTS('',3,1,((#6967,#6968),(#6969,#6970),(#6971,
#6972),(#6973,#6974)),.SURF_OF_LINEAR_EXTRUSION.,.F.,.F.,.F.,(4,4),(2,2),
(0.,1.),(0.,1.),.PIECEWISE_BEZIER_KNOTS.);
#78=B_SPLINE_SURFACE_WITH_KNOTS('',3,1,((#6982,#6983),(#6984,#6985),(#6986,
#6987),(#6988,#6989)),.SURF_OF_LINEAR_EXTRUSION.,.F.,.F.,.F.,(4,4),(2,2),
(0.,1.),(0.,1.),.PIECEWISE_BEZIER_KNOTS.);
#79=B_SPLINE_SURFACE_WITH_KNOTS('',3,1,((#7002,#7003),(#7004,#7005),(#7006,
#7007),(#7008,#7009)),.SURF_OF_LINEAR_EXTRUSION.,.F.,.F.,.F.,(4,4),(2,2),
(0.,1.),(0.,1.),.PIECEWISE_BEZIER_KNOTS.);
#80=B_SPLINE_SURFACE_WITH_KNOTS('',3,1,((#7019,#7020),(#7021,#7022),(#7023,
#7024),(#7025,#7026)),.SURF_OF_LINEAR_EXTRUSION.,.F.,.F.,.F.,(4,4),(2,2),
(0.,1.),(0.,1.),.PIECEWISE_BEZIER_KNOTS.);
#81=B_SPLINE_SURFACE_WITH_KNOTS('',3,1,((#7054,#7055),(#7056,#7057),(#7058,
#7059),(#7060,#7061)),.SURF_OF_LINEAR_EXTRUSION.,.F.,.F.,.F.,(4,4),(2,2),
(0.,1.),(0.,1.),.PIECEWISE_BEZIER_KNOTS.);
#82=B_SPLINE_SURFACE_WITH_KNOTS('',3,1,((#7071,#7072),(#7073,#7074),(#7075,
#7076),(#7077,#7078)),.SURF_OF_LINEAR_EXTRUSION.,.F.,.F.,.F.,(4,4),(2,2),
(0.,1.),(0.,1.),.PIECEWISE_BEZIER_KNOTS.);
#83=B_SPLINE_SURFACE_WITH_KNOTS('',3,1,((#7088,#7089),(#7090,#7091),(#7092,
#7093),(#7094,#7095)),.SURF_OF_LINEAR_EXTRUSION.,.F.,.F.,.F.,(4,4),(2,2),
(0.,1.),(0.,1.),.PIECEWISE_BEZIER_KNOTS.);
#84=B_SPLINE_SURFACE_WITH_KNOTS('',3,1,((#7105,#7106),(#7107,#7108),(#7109,
#7110),(#7111,#7112)),.SURF_OF_LINEAR_EXTRUSION.,.F.,.F.,.F.,(4,4),(2,2),
(0.,1.),(0.,1.),.PIECEWISE_BEZIER_KNOTS.);
#85=B_SPLINE_SURFACE_WITH_KNOTS('',3,1,((#7140,#7141),(#7142,#7143),(#7144,
#7145),(#7146,#7147)),.SURF_OF_LINEAR_EXTRUSION.,.F.,.F.,.F.,(4,4),(2,2),
(0.,1.),(0.,1.),.PIECEWISE_BEZIER_KNOTS.);
#86=B_SPLINE_SURFACE_WITH_KNOTS('',3,1,((#7155,#7156),(#7157,#7158),(#7159,
#7160),(#7161,#7162)),.SURF_OF_LINEAR_EXTRUSION.,.F.,.F.,.F.,(4,4),(2,2),
(0.,1.),(0.,1.),.PIECEWISE_BEZIER_KNOTS.);
#87=B_SPLINE_SURFACE_WITH_KNOTS('',3,1,((#7168,#7169),(#7170,#7171),(#7172,
#7173),(#7174,#7175)),.SURF_OF_LINEAR_EXTRUSION.,.F.,.F.,.F.,(4,4),(2,2),
(0.,1.),(0.,1.),.PIECEWISE_BEZIER_KNOTS.);
#88=B_SPLINE_SURFACE_WITH_KNOTS('',3,1,((#7181,#7182),(#7183,#7184),(#7185,
#7186),(#7187,#7188)),.SURF_OF_LINEAR_EXTRUSION.,.F.,.F.,.F.,(4,4),(2,2),
(0.,1.),(0.,1.),.PIECEWISE_BEZIER_KNOTS.);
#89=B_SPLINE_SURFACE_WITH_KNOTS('',3,1,((#7198,#7199),(#7200,#7201),(#7202,
#7203),(#7204,#7205)),.SURF_OF_LINEAR_EXTRUSION.,.F.,.F.,.F.,(4,4),(2,2),
(0.,1.),(0.,1.),.PIECEWISE_BEZIER_KNOTS.);
#90=B_SPLINE_SURFACE_WITH_KNOTS('',3,1,((#7211,#7212),(#7213,#7214),(#7215,
#7216),(#7217,#7218)),.SURF_OF_LINEAR_EXTRUSION.,.F.,.F.,.F.,(4,4),(2,2),
(0.,1.),(0.,1.),.PIECEWISE_BEZIER_KNOTS.);
#91=B_SPLINE_SURFACE_WITH_KNOTS('',3,1,((#7224,#7225),(#7226,#7227),(#7228,
#7229),(#7230,#7231)),.SURF_OF_LINEAR_EXTRUSION.,.F.,.F.,.F.,(4,4),(2,2),
(0.,1.),(0.,1.),.PIECEWISE_BEZIER_KNOTS.);
#92=B_SPLINE_SURFACE_WITH_KNOTS('',3,1,((#7237,#7238),(#7239,#7240),(#7241,
#7242),(#7243,#7244)),.SURF_OF_LINEAR_EXTRUSION.,.F.,.F.,.F.,(4,4),(2,2),
(0.,1.),(0.,1.),.PIECEWISE_BEZIER_KNOTS.);
#93=B_SPLINE_SURFACE_WITH_KNOTS('',3,1,((#7250,#7251),(#7252,#7253),(#7254,
#7255),(#7256,#7257)),.SURF_OF_LINEAR_EXTRUSION.,.F.,.F.,.F.,(4,4),(2,2),
(0.,1.),(0.,1.),.PIECEWISE_BEZIER_KNOTS.);
#94=B_SPLINE_SURFACE_WITH_KNOTS('',3,1,((#7263,#7264),(#7265,#7266),(#7267,
#7268),(#7269,#7270)),.SURF_OF_LINEAR_EXTRUSION.,.F.,.F.,.F.,(4,4),(2,2),
(0.,1.),(0.,1.),.PIECEWISE_BEZIER_KNOTS.);
#95=B_SPLINE_SURFACE_WITH_KNOTS('',3,1,((#7280,#7281),(#7282,#7283),(#7284,
#7285),(#7286,#7287)),.SURF_OF_LINEAR_EXTRUSION.,.F.,.F.,.F.,(4,4),(2,2),
(0.,1.),(0.,1.),.PIECEWISE_BEZIER_KNOTS.);
#96=B_SPLINE_SURFACE_WITH_KNOTS('',3,1,((#7293,#7294),(#7295,#7296),(#7297,
#7298),(#7299,#7300)),.SURF_OF_LINEAR_EXTRUSION.,.F.,.F.,.F.,(4,4),(2,2),
(0.,1.),(0.,1.),.PIECEWISE_BEZIER_KNOTS.);
#97=B_SPLINE_SURFACE_WITH_KNOTS('',3,1,((#7304,#7305),(#7306,#7307),(#7308,
#7309),(#7310,#7311)),.SURF_OF_LINEAR_EXTRUSION.,.F.,.F.,.F.,(4,4),(2,2),
(0.,1.),(0.,1.),.PIECEWISE_BEZIER_KNOTS.);
#98=B_SPLINE_SURFACE_WITH_KNOTS('',3,1,((#7319,#7320),(#7321,#7322),(#7323,
#7324),(#7325,#7326)),.SURF_OF_LINEAR_EXTRUSION.,.F.,.F.,.F.,(4,4),(2,2),
(0.,1.),(0.,1.),.PIECEWISE_BEZIER_KNOTS.);
#99=B_SPLINE_SURFACE_WITH_KNOTS('',3,1,((#7339,#7340),(#7341,#7342),(#7343,
#7344),(#7345,#7346)),.SURF_OF_LINEAR_EXTRUSION.,.F.,.F.,.F.,(4,4),(2,2),
(0.,1.),(0.,1.),.PIECEWISE_BEZIER_KNOTS.);
#100=B_SPLINE_SURFACE_WITH_KNOTS('',3,1,((#7356,#7357),(#7358,#7359),(#7360,
#7361),(#7362,#7363)),.SURF_OF_LINEAR_EXTRUSION.,.F.,.F.,.F.,(4,4),(2,2),
(0.,1.),(0.,1.),.PIECEWISE_BEZIER_KNOTS.);
#101=B_SPLINE_SURFACE_WITH_KNOTS('',3,1,((#7391,#7392),(#7393,#7394),(#7395,
#7396),(#7397,#7398)),.SURF_OF_LINEAR_EXTRUSION.,.F.,.F.,.F.,(4,4),(2,2),
(0.,1.),(0.,1.),.PIECEWISE_BEZIER_KNOTS.);
#102=B_SPLINE_SURFACE_WITH_KNOTS('',3,1,((#7408,#7409),(#7410,#7411),(#7412,
#7413),(#7414,#7415)),.SURF_OF_LINEAR_EXTRUSION.,.F.,.F.,.F.,(4,4),(2,2),
(0.,1.),(0.,1.),.PIECEWISE_BEZIER_KNOTS.);
#103=B_SPLINE_SURFACE_WITH_KNOTS('',3,1,((#7425,#7426),(#7427,#7428),(#7429,
#7430),(#7431,#7432)),.SURF_OF_LINEAR_EXTRUSION.,.F.,.F.,.F.,(4,4),(2,2),
(0.,1.),(0.,1.),.PIECEWISE_BEZIER_KNOTS.);
#104=B_SPLINE_SURFACE_WITH_KNOTS('',3,1,((#7442,#7443),(#7444,#7445),(#7446,
#7447),(#7448,#7449)),.SURF_OF_LINEAR_EXTRUSION.,.F.,.F.,.F.,(4,4),(2,2),
(0.,1.),(0.,1.),.PIECEWISE_BEZIER_KNOTS.);
#105=B_SPLINE_SURFACE_WITH_KNOTS('',3,1,((#7477,#7478),(#7479,#7480),(#7481,
#7482),(#7483,#7484)),.SURF_OF_LINEAR_EXTRUSION.,.F.,.F.,.F.,(4,4),(2,2),
(0.,1.),(0.,1.),.PIECEWISE_BEZIER_KNOTS.);
#106=B_SPLINE_SURFACE_WITH_KNOTS('',3,1,((#7492,#7493),(#7494,#7495),(#7496,
#7497),(#7498,#7499)),.SURF_OF_LINEAR_EXTRUSION.,.F.,.F.,.F.,(4,4),(2,2),
(0.,1.),(0.,1.),.PIECEWISE_BEZIER_KNOTS.);
#107=B_SPLINE_SURFACE_WITH_KNOTS('',3,1,((#7505,#7506),(#7507,#7508),(#7509,
#7510),(#7511,#7512)),.SURF_OF_LINEAR_EXTRUSION.,.F.,.F.,.F.,(4,4),(2,2),
(0.,1.),(0.,1.),.PIECEWISE_BEZIER_KNOTS.);
#108=B_SPLINE_SURFACE_WITH_KNOTS('',3,1,((#7518,#7519),(#7520,#7521),(#7522,
#7523),(#7524,#7525)),.SURF_OF_LINEAR_EXTRUSION.,.F.,.F.,.F.,(4,4),(2,2),
(0.,1.),(0.,1.),.PIECEWISE_BEZIER_KNOTS.);
#109=B_SPLINE_SURFACE_WITH_KNOTS('',3,1,((#7535,#7536),(#7537,#7538),(#7539,
#7540),(#7541,#7542)),.SURF_OF_LINEAR_EXTRUSION.,.F.,.F.,.F.,(4,4),(2,2),
(0.,1.),(0.,1.),.PIECEWISE_BEZIER_KNOTS.);
#110=B_SPLINE_SURFACE_WITH_KNOTS('',3,1,((#7548,#7549),(#7550,#7551),(#7552,
#7553),(#7554,#7555)),.SURF_OF_LINEAR_EXTRUSION.,.F.,.F.,.F.,(4,4),(2,2),
(0.,1.),(0.,1.),.PIECEWISE_BEZIER_KNOTS.);
#111=B_SPLINE_SURFACE_WITH_KNOTS('',3,1,((#7561,#7562),(#7563,#7564),(#7565,
#7566),(#7567,#7568)),.SURF_OF_LINEAR_EXTRUSION.,.F.,.F.,.F.,(4,4),(2,2),
(0.,1.),(0.,1.),.PIECEWISE_BEZIER_KNOTS.);
#112=B_SPLINE_SURFACE_WITH_KNOTS('',3,1,((#7574,#7575),(#7576,#7577),(#7578,
#7579),(#7580,#7581)),.SURF_OF_LINEAR_EXTRUSION.,.F.,.F.,.F.,(4,4),(2,2),
(0.,1.),(0.,1.),.PIECEWISE_BEZIER_KNOTS.);
#113=B_SPLINE_SURFACE_WITH_KNOTS('',3,1,((#7587,#7588),(#7589,#7590),(#7591,
#7592),(#7593,#7594)),.SURF_OF_LINEAR_EXTRUSION.,.F.,.F.,.F.,(4,4),(2,2),
(0.,1.),(0.,1.),.PIECEWISE_BEZIER_KNOTS.);
#114=B_SPLINE_SURFACE_WITH_KNOTS('',3,1,((#7600,#7601),(#7602,#7603),(#7604,
#7605),(#7606,#7607)),.SURF_OF_LINEAR_EXTRUSION.,.F.,.F.,.F.,(4,4),(2,2),
(0.,1.),(0.,1.),.PIECEWISE_BEZIER_KNOTS.);
#115=B_SPLINE_SURFACE_WITH_KNOTS('',3,1,((#7617,#7618),(#7619,#7620),(#7621,
#7622),(#7623,#7624)),.SURF_OF_LINEAR_EXTRUSION.,.F.,.F.,.F.,(4,4),(2,2),
(0.,1.),(0.,1.),.PIECEWISE_BEZIER_KNOTS.);
#116=B_SPLINE_SURFACE_WITH_KNOTS('',3,1,((#7630,#7631),(#7632,#7633),(#7634,
#7635),(#7636,#7637)),.SURF_OF_LINEAR_EXTRUSION.,.F.,.F.,.F.,(4,4),(2,2),
(0.,1.),(0.,1.),.PIECEWISE_BEZIER_KNOTS.);
#117=B_SPLINE_SURFACE_WITH_KNOTS('',3,1,((#7641,#7642),(#7643,#7644),(#7645,
#7646),(#7647,#7648)),.SURF_OF_LINEAR_EXTRUSION.,.F.,.F.,.F.,(4,4),(2,2),
(0.,1.),(0.,1.),.PIECEWISE_BEZIER_KNOTS.);
#118=B_SPLINE_SURFACE_WITH_KNOTS('',3,1,((#7721,#7722),(#7723,#7724),(#7725,
#7726),(#7727,#7728)),.SURF_OF_LINEAR_EXTRUSION.,.F.,.F.,.F.,(4,4),(2,2),
(0.,1.),(0.,1.),.PIECEWISE_BEZIER_KNOTS.);
#119=B_SPLINE_SURFACE_WITH_KNOTS('',3,1,((#7758,#7759),(#7760,#7761),(#7762,
#7763),(#7764,#7765)),.SURF_OF_LINEAR_EXTRUSION.,.F.,.F.,.F.,(4,4),(2,2),
(0.,1.),(0.,1.),.PIECEWISE_BEZIER_KNOTS.);
#120=B_SPLINE_SURFACE_WITH_KNOTS('',3,1,((#7771,#7772),(#7773,#7774),(#7775,
#7776),(#7777,#7778)),.SURF_OF_LINEAR_EXTRUSION.,.F.,.F.,.F.,(4,4),(2,2),
(0.,1.),(0.,1.),.PIECEWISE_BEZIER_KNOTS.);
#121=B_SPLINE_SURFACE_WITH_KNOTS('',3,1,((#7791,#7792),(#7793,#7794),(#7795,
#7796),(#7797,#7798)),.SURF_OF_LINEAR_EXTRUSION.,.F.,.F.,.F.,(4,4),(2,2),
(0.,1.),(0.,1.),.PIECEWISE_BEZIER_KNOTS.);
#122=B_SPLINE_SURFACE_WITH_KNOTS('',3,1,((#7806,#7807),(#7808,#7809),(#7810,
#7811),(#7812,#7813)),.SURF_OF_LINEAR_EXTRUSION.,.F.,.F.,.F.,(4,4),(2,2),
(0.,1.),(0.,1.),.PIECEWISE_BEZIER_KNOTS.);
#123=B_SPLINE_SURFACE_WITH_KNOTS('',3,1,((#7819,#7820),(#7821,#7822),(#7823,
#7824),(#7825,#7826)),.SURF_OF_LINEAR_EXTRUSION.,.F.,.F.,.F.,(4,4),(2,2),
(0.,1.),(0.,1.),.PIECEWISE_BEZIER_KNOTS.);
#124=B_SPLINE_SURFACE_WITH_KNOTS('',3,1,((#7832,#7833),(#7834,#7835),(#7836,
#7837),(#7838,#7839)),.SURF_OF_LINEAR_EXTRUSION.,.F.,.F.,.F.,(4,4),(2,2),
(0.,1.),(0.,1.),.PIECEWISE_BEZIER_KNOTS.);
#125=B_SPLINE_SURFACE_WITH_KNOTS('',3,1,((#7861,#7862),(#7863,#7864),(#7865,
#7866),(#7867,#7868)),.SURF_OF_LINEAR_EXTRUSION.,.F.,.F.,.F.,(4,4),(2,2),
(0.,1.),(0.,1.),.PIECEWISE_BEZIER_KNOTS.);
#126=B_SPLINE_SURFACE_WITH_KNOTS('',3,1,((#7874,#7875),(#7876,#7877),(#7878,
#7879),(#7880,#7881)),.SURF_OF_LINEAR_EXTRUSION.,.F.,.F.,.F.,(4,4),(2,2),
(0.,1.),(0.,1.),.PIECEWISE_BEZIER_KNOTS.);
#127=B_SPLINE_SURFACE_WITH_KNOTS('',3,1,((#7887,#7888),(#7889,#7890),(#7891,
#7892),(#7893,#7894)),.SURF_OF_LINEAR_EXTRUSION.,.F.,.F.,.F.,(4,4),(2,2),
(0.,1.),(0.,1.),.PIECEWISE_BEZIER_KNOTS.);
#128=B_SPLINE_SURFACE_WITH_KNOTS('',3,1,((#7900,#7901),(#7902,#7903),(#7904,
#7905),(#7906,#7907)),.SURF_OF_LINEAR_EXTRUSION.,.F.,.F.,.F.,(4,4),(2,2),
(0.,1.),(0.,1.),.PIECEWISE_BEZIER_KNOTS.);
#129=B_SPLINE_SURFACE_WITH_KNOTS('',3,1,((#7913,#7914),(#7915,#7916),(#7917,
#7918),(#7919,#7920)),.SURF_OF_LINEAR_EXTRUSION.,.F.,.F.,.F.,(4,4),(2,2),
(0.,1.),(0.,1.),.PIECEWISE_BEZIER_KNOTS.);
#130=B_SPLINE_SURFACE_WITH_KNOTS('',3,1,((#7934,#7935),(#7936,#7937),(#7938,
#7939),(#7940,#7941)),.SURF_OF_LINEAR_EXTRUSION.,.F.,.F.,.F.,(4,4),(2,2),
(0.,1.),(0.,1.),.PIECEWISE_BEZIER_KNOTS.);
#131=B_SPLINE_SURFACE_WITH_KNOTS('',3,1,((#7947,#7948),(#7949,#7950),(#7951,
#7952),(#7953,#7954)),.SURF_OF_LINEAR_EXTRUSION.,.F.,.F.,.F.,(4,4),(2,2),
(0.,1.),(0.,1.),.PIECEWISE_BEZIER_KNOTS.);
#132=B_SPLINE_SURFACE_WITH_KNOTS('',3,1,((#7960,#7961),(#7962,#7963),(#7964,
#7965),(#7966,#7967)),.SURF_OF_LINEAR_EXTRUSION.,.F.,.F.,.F.,(4,4),(2,2),
(0.,1.),(0.,1.),.PIECEWISE_BEZIER_KNOTS.);
#133=B_SPLINE_SURFACE_WITH_KNOTS('',3,1,((#7973,#7974),(#7975,#7976),(#7977,
#7978),(#7979,#7980)),.SURF_OF_LINEAR_EXTRUSION.,.F.,.F.,.F.,(4,4),(2,2),
(0.,1.),(0.,1.),.PIECEWISE_BEZIER_KNOTS.);
#134=B_SPLINE_SURFACE_WITH_KNOTS('',3,1,((#8002,#8003),(#8004,#8005),(#8006,
#8007),(#8008,#8009)),.SURF_OF_LINEAR_EXTRUSION.,.F.,.F.,.F.,(4,4),(2,2),
(0.,1.),(0.,1.),.PIECEWISE_BEZIER_KNOTS.);
#135=B_SPLINE_SURFACE_WITH_KNOTS('',3,1,((#8015,#8016),(#8017,#8018),(#8019,
#8020),(#8021,#8022)),.SURF_OF_LINEAR_EXTRUSION.,.F.,.F.,.F.,(4,4),(2,2),
(0.,1.),(0.,1.),.PIECEWISE_BEZIER_KNOTS.);
#136=B_SPLINE_SURFACE_WITH_KNOTS('',3,1,((#8028,#8029),(#8030,#8031),(#8032,
#8033),(#8034,#8035)),.SURF_OF_LINEAR_EXTRUSION.,.F.,.F.,.F.,(4,4),(2,2),
(0.,1.),(0.,1.),.PIECEWISE_BEZIER_KNOTS.);
#137=B_SPLINE_SURFACE_WITH_KNOTS('',3,1,((#8041,#8042),(#8043,#8044),(#8045,
#8046),(#8047,#8048)),.SURF_OF_LINEAR_EXTRUSION.,.F.,.F.,.F.,(4,4),(2,2),
(0.,1.),(0.,1.),.PIECEWISE_BEZIER_KNOTS.);
#138=B_SPLINE_SURFACE_WITH_KNOTS('',3,1,((#8054,#8055),(#8056,#8057),(#8058,
#8059),(#8060,#8061)),.SURF_OF_LINEAR_EXTRUSION.,.F.,.F.,.F.,(4,4),(2,2),
(0.,1.),(0.,1.),.PIECEWISE_BEZIER_KNOTS.);
#139=B_SPLINE_SURFACE_WITH_KNOTS('',3,1,((#8067,#8068),(#8069,#8070),(#8071,
#8072),(#8073,#8074)),.SURF_OF_LINEAR_EXTRUSION.,.F.,.F.,.F.,(4,4),(2,2),
(0.,1.),(0.,1.),.PIECEWISE_BEZIER_KNOTS.);
#140=B_SPLINE_SURFACE_WITH_KNOTS('',3,1,((#8084,#8085),(#8086,#8087),(#8088,
#8089),(#8090,#8091)),.SURF_OF_LINEAR_EXTRUSION.,.F.,.F.,.F.,(4,4),(2,2),
(0.,1.),(0.,1.),.PIECEWISE_BEZIER_KNOTS.);
#141=B_SPLINE_SURFACE_WITH_KNOTS('',3,1,((#8097,#8098),(#8099,#8100),(#8101,
#8102),(#8103,#8104)),.SURF_OF_LINEAR_EXTRUSION.,.F.,.F.,.F.,(4,4),(2,2),
(0.,1.),(0.,1.),.PIECEWISE_BEZIER_KNOTS.);
#142=B_SPLINE_SURFACE_WITH_KNOTS('',3,1,((#8109,#8110),(#8111,#8112),(#8113,
#8114),(#8115,#8116)),.SURF_OF_LINEAR_EXTRUSION.,.F.,.F.,.F.,(4,4),(2,2),
(0.,1.),(0.,1.),.PIECEWISE_BEZIER_KNOTS.);
#143=B_SPLINE_SURFACE_WITH_KNOTS('',3,1,((#8124,#8125),(#8126,#8127),(#8128,
#8129),(#8130,#8131)),.SURF_OF_LINEAR_EXTRUSION.,.F.,.F.,.F.,(4,4),(2,2),
(0.,1.),(0.,1.),.PIECEWISE_BEZIER_KNOTS.);
#144=B_SPLINE_SURFACE_WITH_KNOTS('',3,1,((#8141,#8142),(#8143,#8144),(#8145,
#8146),(#8147,#8148)),.SURF_OF_LINEAR_EXTRUSION.,.F.,.F.,.F.,(4,4),(2,2),
(0.,1.),(0.,1.),.PIECEWISE_BEZIER_KNOTS.);
#145=B_SPLINE_SURFACE_WITH_KNOTS('',3,1,((#8154,#8155),(#8156,#8157),(#8158,
#8159),(#8160,#8161)),.SURF_OF_LINEAR_EXTRUSION.,.F.,.F.,.F.,(4,4),(2,2),
(0.,1.),(0.,1.),.PIECEWISE_BEZIER_KNOTS.);
#146=B_SPLINE_SURFACE_WITH_KNOTS('',3,1,((#8179,#8180),(#8181,#8182),(#8183,
#8184),(#8185,#8186)),.SURF_OF_LINEAR_EXTRUSION.,.F.,.F.,.F.,(4,4),(2,2),
(0.,1.),(0.,1.),.PIECEWISE_BEZIER_KNOTS.);
#147=B_SPLINE_SURFACE_WITH_KNOTS('',3,1,((#8200,#8201),(#8202,#8203),(#8204,
#8205),(#8206,#8207)),.SURF_OF_LINEAR_EXTRUSION.,.F.,.F.,.F.,(4,4),(2,2),
(0.,1.),(0.,1.),.PIECEWISE_BEZIER_KNOTS.);
#148=B_SPLINE_SURFACE_WITH_KNOTS('',3,1,((#8213,#8214),(#8215,#8216),(#8217,
#8218),(#8219,#8220)),.SURF_OF_LINEAR_EXTRUSION.,.F.,.F.,.F.,(4,4),(2,2),
(0.,1.),(0.,1.),.PIECEWISE_BEZIER_KNOTS.);
#149=B_SPLINE_SURFACE_WITH_KNOTS('',3,1,((#8226,#8227),(#8228,#8229),(#8230,
#8231),(#8232,#8233)),.SURF_OF_LINEAR_EXTRUSION.,.F.,.F.,.F.,(4,4),(2,2),
(0.,1.),(0.,1.),.PIECEWISE_BEZIER_KNOTS.);
#150=B_SPLINE_SURFACE_WITH_KNOTS('',3,1,((#8247,#8248),(#8249,#8250),(#8251,
#8252),(#8253,#8254)),.SURF_OF_LINEAR_EXTRUSION.,.F.,.F.,.F.,(4,4),(2,2),
(0.,1.),(0.,1.),.PIECEWISE_BEZIER_KNOTS.);
#151=B_SPLINE_SURFACE_WITH_KNOTS('',3,1,((#8260,#8261),(#8262,#8263),(#8264,
#8265),(#8266,#8267)),.SURF_OF_LINEAR_EXTRUSION.,.F.,.F.,.F.,(4,4),(2,2),
(0.,1.),(0.,1.),.PIECEWISE_BEZIER_KNOTS.);
#152=B_SPLINE_SURFACE_WITH_KNOTS('',3,1,((#8273,#8274),(#8275,#8276),(#8277,
#8278),(#8279,#8280)),.SURF_OF_LINEAR_EXTRUSION.,.F.,.F.,.F.,(4,4),(2,2),
(0.,1.),(0.,1.),.PIECEWISE_BEZIER_KNOTS.);
#153=B_SPLINE_SURFACE_WITH_KNOTS('',3,1,((#8290,#8291),(#8292,#8293),(#8294,
#8295),(#8296,#8297)),.SURF_OF_LINEAR_EXTRUSION.,.F.,.F.,.F.,(4,4),(2,2),
(0.,1.),(0.,1.),.PIECEWISE_BEZIER_KNOTS.);
#154=B_SPLINE_SURFACE_WITH_KNOTS('',3,1,((#8303,#8304),(#8305,#8306),(#8307,
#8308),(#8309,#8310)),.SURF_OF_LINEAR_EXTRUSION.,.F.,.F.,.F.,(4,4),(2,2),
(0.,1.),(0.,1.),.PIECEWISE_BEZIER_KNOTS.);
#155=B_SPLINE_SURFACE_WITH_KNOTS('',3,1,((#8324,#8325),(#8326,#8327),(#8328,
#8329),(#8330,#8331)),.SURF_OF_LINEAR_EXTRUSION.,.F.,.F.,.F.,(4,4),(2,2),
(0.,1.),(0.,1.),.PIECEWISE_BEZIER_KNOTS.);
#156=B_SPLINE_SURFACE_WITH_KNOTS('',3,1,((#8341,#8342),(#8343,#8344),(#8345,
#8346),(#8347,#8348)),.SURF_OF_LINEAR_EXTRUSION.,.F.,.F.,.F.,(4,4),(2,2),
(0.,1.),(0.,1.),.PIECEWISE_BEZIER_KNOTS.);
#157=B_SPLINE_SURFACE_WITH_KNOTS('',3,1,((#8354,#8355),(#8356,#8357),(#8358,
#8359),(#8360,#8361)),.SURF_OF_LINEAR_EXTRUSION.,.F.,.F.,.F.,(4,4),(2,2),
(0.,1.),(0.,1.),.PIECEWISE_BEZIER_KNOTS.);
#158=B_SPLINE_SURFACE_WITH_KNOTS('',3,1,((#8367,#8368),(#8369,#8370),(#8371,
#8372),(#8373,#8374)),.SURF_OF_LINEAR_EXTRUSION.,.F.,.F.,.F.,(4,4),(2,2),
(0.,1.),(0.,1.),.PIECEWISE_BEZIER_KNOTS.);
#159=B_SPLINE_SURFACE_WITH_KNOTS('',3,1,((#8380,#8381),(#8382,#8383),(#8384,
#8385),(#8386,#8387)),.SURF_OF_LINEAR_EXTRUSION.,.F.,.F.,.F.,(4,4),(2,2),
(0.,1.),(0.,1.),.PIECEWISE_BEZIER_KNOTS.);
#160=B_SPLINE_SURFACE_WITH_KNOTS('',3,1,((#8397,#8398),(#8399,#8400),(#8401,
#8402),(#8403,#8404)),.SURF_OF_LINEAR_EXTRUSION.,.F.,.F.,.F.,(4,4),(2,2),
(0.,1.),(0.,1.),.PIECEWISE_BEZIER_KNOTS.);
#161=B_SPLINE_SURFACE_WITH_KNOTS('',3,1,((#8427,#8428),(#8429,#8430),(#8431,
#8432),(#8433,#8434)),.SURF_OF_LINEAR_EXTRUSION.,.F.,.F.,.F.,(4,4),(2,2),
(0.,1.),(0.,1.),.PIECEWISE_BEZIER_KNOTS.);
#162=B_SPLINE_SURFACE_WITH_KNOTS('',3,1,((#8440,#8441),(#8442,#8443),(#8444,
#8445),(#8446,#8447)),.SURF_OF_LINEAR_EXTRUSION.,.F.,.F.,.F.,(4,4),(2,2),
(0.,1.),(0.,1.),.PIECEWISE_BEZIER_KNOTS.);
#163=B_SPLINE_SURFACE_WITH_KNOTS('',3,1,((#8453,#8454),(#8455,#8456),(#8457,
#8458),(#8459,#8460)),.SURF_OF_LINEAR_EXTRUSION.,.F.,.F.,.F.,(4,4),(2,2),
(0.,1.),(0.,1.),.PIECEWISE_BEZIER_KNOTS.);
#164=B_SPLINE_SURFACE_WITH_KNOTS('',3,1,((#8482,#8483),(#8484,#8485),(#8486,
#8487),(#8488,#8489)),.SURF_OF_LINEAR_EXTRUSION.,.F.,.F.,.F.,(4,4),(2,2),
(0.,1.),(0.,1.),.PIECEWISE_BEZIER_KNOTS.);
#165=B_SPLINE_SURFACE_WITH_KNOTS('',3,1,((#8495,#8496),(#8497,#8498),(#8499,
#8500),(#8501,#8502)),.SURF_OF_LINEAR_EXTRUSION.,.F.,.F.,.F.,(4,4),(2,2),
(0.,1.),(0.,1.),.PIECEWISE_BEZIER_KNOTS.);
#166=B_SPLINE_SURFACE_WITH_KNOTS('',3,1,((#8508,#8509),(#8510,#8511),(#8512,
#8513),(#8514,#8515)),.SURF_OF_LINEAR_EXTRUSION.,.F.,.F.,.F.,(4,4),(2,2),
(0.,1.),(0.,1.),.PIECEWISE_BEZIER_KNOTS.);
#167=B_SPLINE_SURFACE_WITH_KNOTS('',3,1,((#8533,#8534),(#8535,#8536),(#8537,
#8538),(#8539,#8540)),.SURF_OF_LINEAR_EXTRUSION.,.F.,.F.,.F.,(4,4),(2,2),
(0.,1.),(0.,1.),.PIECEWISE_BEZIER_KNOTS.);
#168=B_SPLINE_SURFACE_WITH_KNOTS('',3,1,((#8546,#8547),(#8548,#8549),(#8550,
#8551),(#8552,#8553)),.SURF_OF_LINEAR_EXTRUSION.,.F.,.F.,.F.,(4,4),(2,2),
(0.,1.),(0.,1.),.PIECEWISE_BEZIER_KNOTS.);
#169=B_SPLINE_SURFACE_WITH_KNOTS('',3,1,((#8567,#8568),(#8569,#8570),(#8571,
#8572),(#8573,#8574)),.SURF_OF_LINEAR_EXTRUSION.,.F.,.F.,.F.,(4,4),(2,2),
(0.,1.),(0.,1.),.PIECEWISE_BEZIER_KNOTS.);
#170=B_SPLINE_SURFACE_WITH_KNOTS('',3,1,((#8580,#8581),(#8582,#8583),(#8584,
#8585),(#8586,#8587)),.SURF_OF_LINEAR_EXTRUSION.,.F.,.F.,.F.,(4,4),(2,2),
(0.,1.),(0.,1.),.PIECEWISE_BEZIER_KNOTS.);
#171=B_SPLINE_SURFACE_WITH_KNOTS('',3,1,((#8601,#8602),(#8603,#8604),(#8605,
#8606),(#8607,#8608)),.SURF_OF_LINEAR_EXTRUSION.,.F.,.F.,.F.,(4,4),(2,2),
(0.,1.),(0.,1.),.PIECEWISE_BEZIER_KNOTS.);
#172=CIRCLE('',#4817,0.000897392899208691);
#173=CIRCLE('',#4818,0.00262083710681281);
#174=CIRCLE('',#4819,0.00116904042786505);
#175=CIRCLE('',#4820,0.00248637102549017);
#176=CIRCLE('',#4821,0.00058912538403744);
#177=CIRCLE('',#4822,0.000693473767285869);
#178=CIRCLE('',#4823,0.00392594160837652);
#179=CIRCLE('',#4824,0.00192876678084065);
#180=CIRCLE('',#4825,0.00120942910282073);
#181=CIRCLE('',#4826,0.000674416496457935);
#182=CIRCLE('',#4827,0.00165644332133407);
#183=CIRCLE('',#4828,0.00138573983800649);
#184=CIRCLE('',#4829,0.00088799524937092);
#185=CIRCLE('',#4830,0.00246075019705166);
#186=CIRCLE('',#4831,0.002);
#187=CIRCLE('',#4832,0.002);
#188=CIRCLE('',#4833,0.002);
#189=CIRCLE('',#4834,0.002);
#190=CIRCLE('',#4835,0.000948038833375084);
#191=CIRCLE('',#4836,0.00208339793825474);
#192=CIRCLE('',#4837,0.00991937856871359);
#193=CIRCLE('',#4838,0.0060557424424776);
#194=CIRCLE('',#4839,0.00417755471096216);
#195=CIRCLE('',#4840,0.00614182385981463);
#196=CIRCLE('',#4841,0.00509353429574063);
#197=CIRCLE('',#4842,0.006067687318026);
#198=CIRCLE('',#4843,0.00166643126391383);
#199=CIRCLE('',#4844,0.00102916958469206);
#200=CIRCLE('',#4845,0.00169888631693907);
#201=CIRCLE('',#4846,0.000958329524488789);
#202=CIRCLE('',#4847,0.00153554077716391);
#203=CIRCLE('',#4848,0.00173441313299276);
#204=CIRCLE('',#4859,0.002);
#205=CIRCLE('',#4860,0.002);
#206=CIRCLE('',#4861,0.002);
#207=CIRCLE('',#4862,0.002);
#208=CIRCLE('',#4864,0.00417755471096216);
#209=CIRCLE('',#4866,0.0060557424424776);
#210=CIRCLE('',#4869,0.00991937856871359);
#211=CIRCLE('',#4871,0.00208339793825474);
#212=CIRCLE('',#4884,0.000948038833375084);
#213=CIRCLE('',#4889,0.00380949110566579);
#214=CIRCLE('',#4890,0.00380949110566579);
#215=CIRCLE('',#4895,0.00246075019705166);
#216=CIRCLE('',#4903,0.00708325918644372);
#217=CIRCLE('',#4904,0.00708325918644372);
#218=CIRCLE('',#4907,0.00704321983229181);
#219=CIRCLE('',#4908,0.00704321983229181);
#220=CIRCLE('',#4910,0.00704321985274548);
#221=CIRCLE('',#4911,0.00704321985274548);
#222=CIRCLE('',#4914,0.00708325918644301);
#223=CIRCLE('',#4915,0.00708325918644301);
#224=CIRCLE('',#4920,0.00708325918644163);
#225=CIRCLE('',#4921,0.00708325918644163);
#226=CIRCLE('',#4924,0.00704321985274689);
#227=CIRCLE('',#4925,0.00704321985274689);
#228=CIRCLE('',#4927,0.00704321985272975);
#229=CIRCLE('',#4928,0.00704321985272975);
#230=CIRCLE('',#4931,0.00708325918642884);
#231=CIRCLE('',#4932,0.00708325918642884);
#232=CIRCLE('',#4952,0.00088799524937092);
#233=CIRCLE('',#4954,0.00138573983800649);
#234=CIRCLE('',#4956,0.00165644332133407);
#235=CIRCLE('',#4959,0.000674416496457935);
#236=CIRCLE('',#4968,0.006067687318026);
#237=CIRCLE('',#4971,0.00509353429574063);
#238=CIRCLE('',#4973,0.00614182385981463);
#239=CIRCLE('',#4980,0.00120942910282073);
#240=CIRCLE('',#4982,0.00192876678084065);
#241=CIRCLE('',#4984,0.00392594160837652);
#242=CIRCLE('',#4987,0.000693473767285869);
#243=CIRCLE('',#4989,0.00058912538403744);
#244=CIRCLE('',#4991,0.00248637102549017);
#245=CIRCLE('',#4994,0.00116904042786505);
#246=CIRCLE('',#4996,0.00262083710681281);
#247=CIRCLE('',#4999,0.000897392899208691);
#248=CIRCLE('',#5006,0.00173441313299276);
#249=CIRCLE('',#5011,0.00153554077716391);
#250=CIRCLE('',#5016,0.000958329524488789);
#251=CIRCLE('',#5018,0.00169888631693907);
#252=CIRCLE('',#5020,0.00102916958469206);
#253=CIRCLE('',#5022,0.00166643126391383);
#254=LINE('',#5880,#651);
#255=LINE('',#5904,#652);
#256=LINE('',#5930,#653);
#257=LINE('',#5954,#654);
#258=LINE('',#5973,#655);
#259=LINE('',#5976,#656);
#260=LINE('',#5978,#657);
#261=LINE('',#5988,#658);
#262=LINE('',#5992,#659);
#263=LINE('',#6004,#660);
#264=LINE('',#6006,#661);
#265=LINE('',#6020,#662);
#266=LINE('',#6046,#663);
#267=LINE('',#6072,#664);
#268=LINE('',#6098,#665);
#269=LINE('',#6100,#666);
#270=LINE('',#6102,#667);
#271=LINE('',#6126,#668);
#272=LINE('',#6128,#669);
#273=LINE('',#6130,#670);
#274=LINE('',#6139,#671);
#275=LINE('',#6144,#672);
#276=LINE('',#6148,#673);
#277=LINE('',#6152,#674);
#278=LINE('',#6166,#675);
#279=LINE('',#6168,#676);
#280=LINE('',#6170,#677);
#281=LINE('',#6172,#678);
#282=LINE('',#6174,#679);
#283=LINE('',#6176,#680);
#284=LINE('',#6178,#681);
#285=LINE('',#6180,#682);
#286=LINE('',#6182,#683);
#287=LINE('',#6184,#684);
#288=LINE('',#6186,#685);
#289=LINE('',#6200,#686);
#290=LINE('',#6218,#687);
#291=LINE('',#6244,#688);
#292=LINE('',#6257,#689);
#293=LINE('',#6260,#690);
#294=LINE('',#6262,#691);
#295=LINE('',#6264,#692);
#296=LINE('',#6266,#693);
#297=LINE('',#6268,#694);
#298=LINE('',#6270,#695);
#299=LINE('',#6272,#696);
#300=LINE('',#6286,#697);
#301=LINE('',#6312,#698);
#302=LINE('',#6314,#699);
#303=LINE('',#6316,#700);
#304=LINE('',#6338,#701);
#305=LINE('',#6362,#702);
#306=LINE('',#6364,#703);
#307=LINE('',#6366,#704);
#308=LINE('',#6379,#705);
#309=LINE('',#6382,#706);
#310=LINE('',#6384,#707);
#311=LINE('',#6414,#708);
#312=LINE('',#6416,#709);
#313=LINE('',#6418,#710);
#314=LINE('',#6434,#711);
#315=LINE('',#6436,#712);
#316=LINE('',#6438,#713);
#317=LINE('',#6454,#714);
#318=LINE('',#6456,#715);
#319=LINE('',#6458,#716);
#320=LINE('',#6461,#717);
#321=LINE('',#6463,#718);
#322=LINE('',#6465,#719);
#323=LINE('',#6467,#720);
#324=LINE('',#6469,#721);
#325=LINE('',#6471,#722);
#326=LINE('',#6473,#723);
#327=LINE('',#6475,#724);
#328=LINE('',#6477,#725);
#329=LINE('',#6479,#726);
#330=LINE('',#6480,#727);
#331=LINE('',#6483,#728);
#332=LINE('',#6486,#729);
#333=LINE('',#6487,#730);
#334=LINE('',#6489,#731);
#335=LINE('',#6492,#732);
#336=LINE('',#6493,#733);
#337=LINE('',#6495,#734);
#338=LINE('',#6498,#735);
#339=LINE('',#6499,#736);
#340=LINE('',#6501,#737);
#341=LINE('',#6503,#738);
#342=LINE('',#6505,#739);
#343=LINE('',#6519,#740);
#344=LINE('',#6525,#741);
#345=LINE('',#6527,#742);
#346=LINE('',#6531,#743);
#347=LINE('',#6535,#744);
#348=LINE('',#6537,#745);
#349=LINE('',#6539,#746);
#350=LINE('',#6543,#747);
#351=LINE('',#6554,#748);
#352=LINE('',#6567,#749);
#353=LINE('',#6573,#750);
#354=LINE('',#6575,#751);
#355=LINE('',#6577,#752);
#356=LINE('',#6579,#753);
#357=LINE('',#6581,#754);
#358=LINE('',#6583,#755);
#359=LINE('',#6585,#756);
#360=LINE('',#6587,#757);
#361=LINE('',#6589,#758);
#362=LINE('',#6591,#759);
#363=LINE('',#6593,#760);
#364=LINE('',#6595,#761);
#365=LINE('',#6597,#762);
#366=LINE('',#6599,#763);
#367=LINE('',#6601,#764);
#368=LINE('',#6603,#765);
#369=LINE('',#6605,#766);
#370=LINE('',#6607,#767);
#371=LINE('',#6609,#768);
#372=LINE('',#6611,#769);
#373=LINE('',#6613,#770);
#374=LINE('',#6615,#771);
#375=LINE('',#6624,#772);
#376=LINE('',#6633,#773);
#377=LINE('',#6636,#774);
#378=LINE('',#6638,#775);
#379=LINE('',#6640,#776);
#380=LINE('',#6642,#777);
#381=LINE('',#6644,#778);
#382=LINE('',#6646,#779);
#383=LINE('',#6659,#780);
#384=LINE('',#6676,#781);
#385=LINE('',#6693,#782);
#386=LINE('',#6710,#783);
#387=LINE('',#6727,#784);
#388=LINE('',#6735,#785);
#389=LINE('',#6746,#786);
#390=LINE('',#6752,#787);
#391=LINE('',#6761,#788);
#392=LINE('',#6774,#789);
#393=LINE('',#6780,#790);
#394=LINE('',#6782,#791);
#395=LINE('',#6784,#792);
#396=LINE('',#6786,#793);
#397=LINE('',#6788,#794);
#398=LINE('',#6790,#795);
#399=LINE('',#6792,#796);
#400=LINE('',#6803,#797);
#401=LINE('',#6816,#798);
#402=LINE('',#6829,#799);
#403=LINE('',#6842,#800);
#404=LINE('',#6855,#801);
#405=LINE('',#6861,#802);
#406=LINE('',#6863,#803);
#407=LINE('',#6865,#804);
#408=LINE('',#6867,#805);
#409=LINE('',#6869,#806);
#410=LINE('',#6871,#807);
#411=LINE('',#6880,#808);
#412=LINE('',#6893,#809);
#413=LINE('',#6906,#810);
#414=LINE('',#6919,#811);
#415=LINE('',#6932,#812);
#416=LINE('',#6945,#813);
#417=LINE('',#6951,#814);
#418=LINE('',#6953,#815);
#419=LINE('',#6962,#816);
#420=LINE('',#6979,#817);
#421=LINE('',#6980,#818);
#422=LINE('',#6995,#819);
#423=LINE('',#7001,#820);
#424=LINE('',#7014,#821);
#425=LINE('',#7031,#822);
#426=LINE('',#7039,#823);
#427=LINE('',#7043,#824);
#428=LINE('',#7045,#825);
#429=LINE('',#7047,#826);
#430=LINE('',#7051,#827);
#431=LINE('',#7066,#828);
#432=LINE('',#7083,#829);
#433=LINE('',#7100,#830);
#434=LINE('',#7117,#831);
#435=LINE('',#7125,#832);
#436=LINE('',#7129,#833);
#437=LINE('',#7131,#834);
#438=LINE('',#7133,#835);
#439=LINE('',#7137,#836);
#440=LINE('',#7148,#837);
#441=LINE('',#7154,#838);
#442=LINE('',#7163,#839);
#443=LINE('',#7176,#840);
#444=LINE('',#7189,#841);
#445=LINE('',#7195,#842);
#446=LINE('',#7197,#843);
#447=LINE('',#7206,#844);
#448=LINE('',#7219,#845);
#449=LINE('',#7232,#846);
#450=LINE('',#7245,#847);
#451=LINE('',#7258,#848);
#452=LINE('',#7271,#849);
#453=LINE('',#7277,#850);
#454=LINE('',#7279,#851);
#455=LINE('',#7288,#852);
#456=LINE('',#7332,#853);
#457=LINE('',#7338,#854);
#458=LINE('',#7351,#855);
#459=LINE('',#7368,#856);
#460=LINE('',#7376,#857);
#461=LINE('',#7380,#858);
#462=LINE('',#7382,#859);
#463=LINE('',#7384,#860);
#464=LINE('',#7388,#861);
#465=LINE('',#7403,#862);
#466=LINE('',#7420,#863);
#467=LINE('',#7437,#864);
#468=LINE('',#7454,#865);
#469=LINE('',#7462,#866);
#470=LINE('',#7466,#867);
#471=LINE('',#7468,#868);
#472=LINE('',#7470,#869);
#473=LINE('',#7474,#870);
#474=LINE('',#7485,#871);
#475=LINE('',#7491,#872);
#476=LINE('',#7500,#873);
#477=LINE('',#7513,#874);
#478=LINE('',#7526,#875);
#479=LINE('',#7532,#876);
#480=LINE('',#7534,#877);
#481=LINE('',#7543,#878);
#482=LINE('',#7556,#879);
#483=LINE('',#7569,#880);
#484=LINE('',#7582,#881);
#485=LINE('',#7595,#882);
#486=LINE('',#7608,#883);
#487=LINE('',#7614,#884);
#488=LINE('',#7616,#885);
#489=LINE('',#7625,#886);
#490=LINE('',#7657,#887);
#491=LINE('',#7660,#888);
#492=LINE('',#7662,#889);
#493=LINE('',#7664,#890);
#494=LINE('',#7666,#891);
#495=LINE('',#7668,#892);
#496=LINE('',#7670,#893);
#497=LINE('',#7672,#894);
#498=LINE('',#7674,#895);
#499=LINE('',#7676,#896);
#500=LINE('',#7678,#897);
#501=LINE('',#7680,#898);
#502=LINE('',#7682,#899);
#503=LINE('',#7684,#900);
#504=LINE('',#7686,#901);
#505=LINE('',#7688,#902);
#506=LINE('',#7690,#903);
#507=LINE('',#7692,#904);
#508=LINE('',#7694,#905);
#509=LINE('',#7696,#906);
#510=LINE('',#7698,#907);
#511=LINE('',#7700,#908);
#512=LINE('',#7702,#909);
#513=LINE('',#7704,#910);
#514=LINE('',#7705,#911);
#515=LINE('',#7708,#912);
#516=LINE('',#7710,#913);
#517=LINE('',#7712,#914);
#518=LINE('',#7714,#915);
#519=LINE('',#7716,#916);
#520=LINE('',#7718,#917);
#521=LINE('',#7720,#918);
#522=LINE('',#7729,#919);
#523=LINE('',#7735,#920);
#524=LINE('',#7739,#921);
#525=LINE('',#7743,#922);
#526=LINE('',#7747,#923);
#527=LINE('',#7749,#924);
#528=LINE('',#7751,#925);
#529=LINE('',#7755,#926);
#530=LINE('',#7757,#927);
#531=LINE('',#7766,#928);
#532=LINE('',#7779,#929);
#533=LINE('',#7785,#930);
#534=LINE('',#7787,#931);
#535=LINE('',#7789,#932);
#536=LINE('',#7799,#933);
#537=LINE('',#7805,#934);
#538=LINE('',#7814,#935);
#539=LINE('',#7827,#936);
#540=LINE('',#7840,#937);
#541=LINE('',#7846,#938);
#542=LINE('',#7848,#939);
#543=LINE('',#7850,#940);
#544=LINE('',#7852,#941);
#545=LINE('',#7854,#942);
#546=LINE('',#7856,#943);
#547=LINE('',#7858,#944);
#548=LINE('',#7869,#945);
#549=LINE('',#7882,#946);
#550=LINE('',#7895,#947);
#551=LINE('',#7908,#948);
#552=LINE('',#7921,#949);
#553=LINE('',#7927,#950);
#554=LINE('',#7929,#951);
#555=LINE('',#7931,#952);
#556=LINE('',#7942,#953);
#557=LINE('',#7955,#954);
#558=LINE('',#7968,#955);
#559=LINE('',#7981,#956);
#560=LINE('',#7987,#957);
#561=LINE('',#7991,#958);
#562=LINE('',#7993,#959);
#563=LINE('',#7995,#960);
#564=LINE('',#7997,#961);
#565=LINE('',#7999,#962);
#566=LINE('',#8001,#963);
#567=LINE('',#8010,#964);
#568=LINE('',#8023,#965);
#569=LINE('',#8036,#966);
#570=LINE('',#8049,#967);
#571=LINE('',#8062,#968);
#572=LINE('',#8075,#969);
#573=LINE('',#8081,#970);
#574=LINE('',#8083,#971);
#575=LINE('',#8092,#972);
#576=LINE('',#8117,#973);
#577=LINE('',#8123,#974);
#578=LINE('',#8132,#975);
#579=LINE('',#8138,#976);
#580=LINE('',#8149,#977);
#581=LINE('',#8162,#978);
#582=LINE('',#8168,#979);
#583=LINE('',#8172,#980);
#584=LINE('',#8176,#981);
#585=LINE('',#8178,#982);
#586=LINE('',#8187,#983);
#587=LINE('',#8193,#984);
#588=LINE('',#8197,#985);
#589=LINE('',#8208,#986);
#590=LINE('',#8221,#987);
#591=LINE('',#8234,#988);
#592=LINE('',#8240,#989);
#593=LINE('',#8244,#990);
#594=LINE('',#8246,#991);
#595=LINE('',#8255,#992);
#596=LINE('',#8268,#993);
#597=LINE('',#8281,#994);
#598=LINE('',#8287,#995);
#599=LINE('',#8298,#996);
#600=LINE('',#8311,#997);
#601=LINE('',#8317,#998);
#602=LINE('',#8321,#999);
#603=LINE('',#8323,#1000);
#604=LINE('',#8332,#1001);
#605=LINE('',#8338,#1002);
#606=LINE('',#8349,#1003);
#607=LINE('',#8362,#1004);
#608=LINE('',#8375,#1005);
#609=LINE('',#8388,#1006);
#610=LINE('',#8394,#1007);
#611=LINE('',#8396,#1008);
#612=LINE('',#8410,#1009);
#613=LINE('',#8412,#1010);
#614=LINE('',#8414,#1011);
#615=LINE('',#8416,#1012);
#616=LINE('',#8418,#1013);
#617=LINE('',#8420,#1014);
#618=LINE('',#8422,#1015);
#619=LINE('',#8424,#1016);
#620=LINE('',#8435,#1017);
#621=LINE('',#8448,#1018);
#622=LINE('',#8461,#1019);
#623=LINE('',#8467,#1020);
#624=LINE('',#8469,#1021);
#625=LINE('',#8471,#1022);
#626=LINE('',#8473,#1023);
#627=LINE('',#8475,#1024);
#628=LINE('',#8477,#1025);
#629=LINE('',#8479,#1026);
#630=LINE('',#8490,#1027);
#631=LINE('',#8503,#1028);
#632=LINE('',#8516,#1029);
#633=LINE('',#8522,#1030);
#634=LINE('',#8524,#1031);
#635=LINE('',#8526,#1032);
#636=LINE('',#8528,#1033);
#637=LINE('',#8530,#1034);
#638=LINE('',#8532,#1035);
#639=LINE('',#8541,#1036);
#640=LINE('',#8554,#1037);
#641=LINE('',#8560,#1038);
#642=LINE('',#8564,#1039);
#643=LINE('',#8575,#1040);
#644=LINE('',#8588,#1041);
#645=LINE('',#8594,#1042);
#646=LINE('',#8598,#1043);
#647=LINE('',#8609,#1044);
#648=LINE('',#8615,#1045);
#649=LINE('',#8617,#1046);
#650=LINE('',#8619,#1047);
#651=VECTOR('',#5038,1.);
#652=VECTOR('',#5041,1.);
#653=VECTOR('',#5046,1.);
#654=VECTOR('',#5053,1.);
#655=VECTOR('',#5060,1.);
#656=VECTOR('',#5061,1.);
#657=VECTOR('',#5062,1.);
#658=VECTOR('',#5063,1.);
#659=VECTOR('',#5066,1.);
#660=VECTOR('',#5073,1.);
#661=VECTOR('',#5074,1.);
#662=VECTOR('',#5075,1.);
#663=VECTOR('',#5076,1.);
#664=VECTOR('',#5077,1.);
#665=VECTOR('',#5078,1.);
#666=VECTOR('',#5079,1.);
#667=VECTOR('',#5080,1.);
#668=VECTOR('',#5083,1.);
#669=VECTOR('',#5084,1.);
#670=VECTOR('',#5085,1.);
#671=VECTOR('',#5086,1.);
#672=VECTOR('',#5089,1.);
#673=VECTOR('',#5092,1.);
#674=VECTOR('',#5095,1.);
#675=VECTOR('',#5100,1.);
#676=VECTOR('',#5101,1.);
#677=VECTOR('',#5102,1.);
#678=VECTOR('',#5103,1.);
#679=VECTOR('',#5104,1.);
#680=VECTOR('',#5105,1.);
#681=VECTOR('',#5106,1.);
#682=VECTOR('',#5107,1.);
#683=VECTOR('',#5108,1.);
#684=VECTOR('',#5109,1.);
#685=VECTOR('',#5110,1.);
#686=VECTOR('',#5115,1.);
#687=VECTOR('',#5120,1.);
#688=VECTOR('',#5121,1.);
#689=VECTOR('',#5122,1.);
#690=VECTOR('',#5123,1.);
#691=VECTOR('',#5124,1.);
#692=VECTOR('',#5125,1.);
#693=VECTOR('',#5126,1.);
#694=VECTOR('',#5127,1.);
#695=VECTOR('',#5128,1.);
#696=VECTOR('',#5129,1.);
#697=VECTOR('',#5130,1.);
#698=VECTOR('',#5131,1.);
#699=VECTOR('',#5132,1.);
#700=VECTOR('',#5133,1.);
#701=VECTOR('',#5138,1.);
#702=VECTOR('',#5141,1.);
#703=VECTOR('',#5142,1.);
#704=VECTOR('',#5143,1.);
#705=VECTOR('',#5144,1.);
#706=VECTOR('',#5145,1.);
#707=VECTOR('',#5146,1.);
#708=VECTOR('',#5155,1.);
#709=VECTOR('',#5156,1.);
#710=VECTOR('',#5157,1.);
#711=VECTOR('',#5160,1.);
#712=VECTOR('',#5161,1.);
#713=VECTOR('',#5162,1.);
#714=VECTOR('',#5165,1.);
#715=VECTOR('',#5166,1.);
#716=VECTOR('',#5169,1.);
#717=VECTOR('',#5170,1.);
#718=VECTOR('',#5171,1.);
#719=VECTOR('',#5172,1.);
#720=VECTOR('',#5175,1.);
#721=VECTOR('',#5176,1.);
#722=VECTOR('',#5177,1.);
#723=VECTOR('',#5180,1.);
#724=VECTOR('',#5181,1.);
#725=VECTOR('',#5182,1.);
#726=VECTOR('',#5185,1.);
#727=VECTOR('',#5186,1.);
#728=VECTOR('',#5191,1.);
#729=VECTOR('',#5192,1.);
#730=VECTOR('',#5193,1.);
#731=VECTOR('',#5196,1.);
#732=VECTOR('',#5197,1.);
#733=VECTOR('',#5198,1.);
#734=VECTOR('',#5201,1.);
#735=VECTOR('',#5202,1.);
#736=VECTOR('',#5203,1.);
#737=VECTOR('',#5206,1.);
#738=VECTOR('',#5207,1.);
#739=VECTOR('',#5208,1.);
#740=VECTOR('',#5219,1.);
#741=VECTOR('',#5220,1.);
#742=VECTOR('',#5223,1.);
#743=VECTOR('',#5228,1.);
#744=VECTOR('',#5233,1.);
#745=VECTOR('',#5234,1.);
#746=VECTOR('',#5237,1.);
#747=VECTOR('',#5242,1.);
#748=VECTOR('',#5245,1.);
#749=VECTOR('',#5246,1.);
#750=VECTOR('',#5249,1.);
#751=VECTOR('',#5250,1.);
#752=VECTOR('',#5253,1.);
#753=VECTOR('',#5254,1.);
#754=VECTOR('',#5257,1.);
#755=VECTOR('',#5258,1.);
#756=VECTOR('',#5261,1.);
#757=VECTOR('',#5262,1.);
#758=VECTOR('',#5265,1.);
#759=VECTOR('',#5266,1.);
#760=VECTOR('',#5269,1.);
#761=VECTOR('',#5270,1.);
#762=VECTOR('',#5273,1.);
#763=VECTOR('',#5274,1.);
#764=VECTOR('',#5277,1.);
#765=VECTOR('',#5278,1.);
#766=VECTOR('',#5281,1.);
#767=VECTOR('',#5282,1.);
#768=VECTOR('',#5285,1.);
#769=VECTOR('',#5286,1.);
#770=VECTOR('',#5289,1.);
#771=VECTOR('',#5290,1.);
#772=VECTOR('',#5291,1.);
#773=VECTOR('',#5300,1.);
#774=VECTOR('',#5301,1.);
#775=VECTOR('',#5302,1.);
#776=VECTOR('',#5303,1.);
#777=VECTOR('',#5306,1.);
#778=VECTOR('',#5307,1.);
#779=VECTOR('',#5308,1.);
#780=VECTOR('',#5309,1.);
#781=VECTOR('',#5310,1.);
#782=VECTOR('',#5311,1.);
#783=VECTOR('',#5312,1.);
#784=VECTOR('',#5313,1.);
#785=VECTOR('',#5318,1.);
#786=VECTOR('',#5321,1.);
#787=VECTOR('',#5322,1.);
#788=VECTOR('',#5323,1.);
#789=VECTOR('',#5324,1.);
#790=VECTOR('',#5327,1.);
#791=VECTOR('',#5328,1.);
#792=VECTOR('',#5331,1.);
#793=VECTOR('',#5332,1.);
#794=VECTOR('',#5335,1.);
#795=VECTOR('',#5336,1.);
#796=VECTOR('',#5339,1.);
#797=VECTOR('',#5342,1.);
#798=VECTOR('',#5343,1.);
#799=VECTOR('',#5344,1.);
#800=VECTOR('',#5345,1.);
#801=VECTOR('',#5346,1.);
#802=VECTOR('',#5349,1.);
#803=VECTOR('',#5350,1.);
#804=VECTOR('',#5353,1.);
#805=VECTOR('',#5354,1.);
#806=VECTOR('',#5357,1.);
#807=VECTOR('',#5358,1.);
#808=VECTOR('',#5359,1.);
#809=VECTOR('',#5360,1.);
#810=VECTOR('',#5361,1.);
#811=VECTOR('',#5362,1.);
#812=VECTOR('',#5363,1.);
#813=VECTOR('',#5364,1.);
#814=VECTOR('',#5367,1.);
#815=VECTOR('',#5368,1.);
#816=VECTOR('',#5369,1.);
#817=VECTOR('',#5372,1.);
#818=VECTOR('',#5373,1.);
#819=VECTOR('',#5376,1.);
#820=VECTOR('',#5377,1.);
#821=VECTOR('',#5378,1.);
#822=VECTOR('',#5379,1.);
#823=VECTOR('',#5384,1.);
#824=VECTOR('',#5389,1.);
#825=VECTOR('',#5390,1.);
#826=VECTOR('',#5391,1.);
#827=VECTOR('',#5396,1.);
#828=VECTOR('',#5399,1.);
#829=VECTOR('',#5400,1.);
#830=VECTOR('',#5401,1.);
#831=VECTOR('',#5402,1.);
#832=VECTOR('',#5407,1.);
#833=VECTOR('',#5412,1.);
#834=VECTOR('',#5413,1.);
#835=VECTOR('',#5414,1.);
#836=VECTOR('',#5419,1.);
#837=VECTOR('',#5422,1.);
#838=VECTOR('',#5423,1.);
#839=VECTOR('',#5424,1.);
#840=VECTOR('',#5425,1.);
#841=VECTOR('',#5426,1.);
#842=VECTOR('',#5429,1.);
#843=VECTOR('',#5430,1.);
#844=VECTOR('',#5431,1.);
#845=VECTOR('',#5432,1.);
#846=VECTOR('',#5433,1.);
#847=VECTOR('',#5434,1.);
#848=VECTOR('',#5435,1.);
#849=VECTOR('',#5436,1.);
#850=VECTOR('',#5439,1.);
#851=VECTOR('',#5440,1.);
#852=VECTOR('',#5441,1.);
#853=VECTOR('',#5444,1.);
#854=VECTOR('',#5445,1.);
#855=VECTOR('',#5446,1.);
#856=VECTOR('',#5447,1.);
#857=VECTOR('',#5452,1.);
#858=VECTOR('',#5457,1.);
#859=VECTOR('',#5458,1.);
#860=VECTOR('',#5459,1.);
#861=VECTOR('',#5464,1.);
#862=VECTOR('',#5467,1.);
#863=VECTOR('',#5468,1.);
#864=VECTOR('',#5469,1.);
#865=VECTOR('',#5470,1.);
#866=VECTOR('',#5475,1.);
#867=VECTOR('',#5480,1.);
#868=VECTOR('',#5481,1.);
#869=VECTOR('',#5482,1.);
#870=VECTOR('',#5487,1.);
#871=VECTOR('',#5490,1.);
#872=VECTOR('',#5491,1.);
#873=VECTOR('',#5492,1.);
#874=VECTOR('',#5493,1.);
#875=VECTOR('',#5494,1.);
#876=VECTOR('',#5497,1.);
#877=VECTOR('',#5498,1.);
#878=VECTOR('',#5499,1.);
#879=VECTOR('',#5500,1.);
#880=VECTOR('',#5501,1.);
#881=VECTOR('',#5502,1.);
#882=VECTOR('',#5503,1.);
#883=VECTOR('',#5504,1.);
#884=VECTOR('',#5507,1.);
#885=VECTOR('',#5508,1.);
#886=VECTOR('',#5509,1.);
#887=VECTOR('',#5514,1.);
#888=VECTOR('',#5515,1.);
#889=VECTOR('',#5516,1.);
#890=VECTOR('',#5517,1.);
#891=VECTOR('',#5520,1.);
#892=VECTOR('',#5521,1.);
#893=VECTOR('',#5522,1.);
#894=VECTOR('',#5525,1.);
#895=VECTOR('',#5526,1.);
#896=VECTOR('',#5527,1.);
#897=VECTOR('',#5530,1.);
#898=VECTOR('',#5531,1.);
#899=VECTOR('',#5534,1.);
#900=VECTOR('',#5535,1.);
#901=VECTOR('',#5538,1.);
#902=VECTOR('',#5539,1.);
#903=VECTOR('',#5542,1.);
#904=VECTOR('',#5543,1.);
#905=VECTOR('',#5546,1.);
#906=VECTOR('',#5547,1.);
#907=VECTOR('',#5550,1.);
#908=VECTOR('',#5551,1.);
#909=VECTOR('',#5554,1.);
#910=VECTOR('',#5557,1.);
#911=VECTOR('',#5558,1.);
#912=VECTOR('',#5563,1.);
#913=VECTOR('',#5564,1.);
#914=VECTOR('',#5565,1.);
#915=VECTOR('',#5568,1.);
#916=VECTOR('',#5569,1.);
#917=VECTOR('',#5572,1.);
#918=VECTOR('',#5573,1.);
#919=VECTOR('',#5574,1.);
#920=VECTOR('',#5577,1.);
#921=VECTOR('',#5582,1.);
#922=VECTOR('',#5587,1.);
#923=VECTOR('',#5592,1.);
#924=VECTOR('',#5593,1.);
#925=VECTOR('',#5596,1.);
#926=VECTOR('',#5601,1.);
#927=VECTOR('',#5602,1.);
#928=VECTOR('',#5603,1.);
#929=VECTOR('',#5604,1.);
#930=VECTOR('',#5607,1.);
#931=VECTOR('',#5608,1.);
#932=VECTOR('',#5611,1.);
#933=VECTOR('',#5614,1.);
#934=VECTOR('',#5615,1.);
#935=VECTOR('',#5616,1.);
#936=VECTOR('',#5617,1.);
#937=VECTOR('',#5618,1.);
#938=VECTOR('',#5621,1.);
#939=VECTOR('',#5622,1.);
#940=VECTOR('',#5625,1.);
#941=VECTOR('',#5626,1.);
#942=VECTOR('',#5629,1.);
#943=VECTOR('',#5630,1.);
#944=VECTOR('',#5633,1.);
#945=VECTOR('',#5636,1.);
#946=VECTOR('',#5637,1.);
#947=VECTOR('',#5638,1.);
#948=VECTOR('',#5639,1.);
#949=VECTOR('',#5640,1.);
#950=VECTOR('',#5643,1.);
#951=VECTOR('',#5644,1.);
#952=VECTOR('',#5647,1.);
#953=VECTOR('',#5650,1.);
#954=VECTOR('',#5651,1.);
#955=VECTOR('',#5652,1.);
#956=VECTOR('',#5653,1.);
#957=VECTOR('',#5656,1.);
#958=VECTOR('',#5661,1.);
#959=VECTOR('',#5662,1.);
#960=VECTOR('',#5665,1.);
#961=VECTOR('',#5666,1.);
#962=VECTOR('',#5669,1.);
#963=VECTOR('',#5670,1.);
#964=VECTOR('',#5671,1.);
#965=VECTOR('',#5672,1.);
#966=VECTOR('',#5673,1.);
#967=VECTOR('',#5674,1.);
#968=VECTOR('',#5675,1.);
#969=VECTOR('',#5676,1.);
#970=VECTOR('',#5679,1.);
#971=VECTOR('',#5680,1.);
#972=VECTOR('',#5681,1.);
#973=VECTOR('',#5684,1.);
#974=VECTOR('',#5685,1.);
#975=VECTOR('',#5686,1.);
#976=VECTOR('',#5689,1.);
#977=VECTOR('',#5692,1.);
#978=VECTOR('',#5693,1.);
#979=VECTOR('',#5696,1.);
#980=VECTOR('',#5701,1.);
#981=VECTOR('',#5706,1.);
#982=VECTOR('',#5707,1.);
#983=VECTOR('',#5708,1.);
#984=VECTOR('',#5711,1.);
#985=VECTOR('',#5716,1.);
#986=VECTOR('',#5719,1.);
#987=VECTOR('',#5720,1.);
#988=VECTOR('',#5721,1.);
#989=VECTOR('',#5724,1.);
#990=VECTOR('',#5729,1.);
#991=VECTOR('',#5730,1.);
#992=VECTOR('',#5731,1.);
#993=VECTOR('',#5732,1.);
#994=VECTOR('',#5733,1.);
#995=VECTOR('',#5736,1.);
#996=VECTOR('',#5739,1.);
#997=VECTOR('',#5740,1.);
#998=VECTOR('',#5743,1.);
#999=VECTOR('',#5748,1.);
#1000=VECTOR('',#5749,1.);
#1001=VECTOR('',#5750,1.);
#1002=VECTOR('',#5753,1.);
#1003=VECTOR('',#5756,1.);
#1004=VECTOR('',#5757,1.);
#1005=VECTOR('',#5758,1.);
#1006=VECTOR('',#5759,1.);
#1007=VECTOR('',#5762,1.);
#1008=VECTOR('',#5763,1.);
#1009=VECTOR('',#5768,1.);
#1010=VECTOR('',#5769,1.);
#1011=VECTOR('',#5770,1.);
#1012=VECTOR('',#5773,1.);
#1013=VECTOR('',#5774,1.);
#1014=VECTOR('',#5777,1.);
#1015=VECTOR('',#5778,1.);
#1016=VECTOR('',#5781,1.);
#1017=VECTOR('',#5784,1.);
#1018=VECTOR('',#5785,1.);
#1019=VECTOR('',#5786,1.);
#1020=VECTOR('',#5789,1.);
#1021=VECTOR('',#5790,1.);
#1022=VECTOR('',#5793,1.);
#1023=VECTOR('',#5794,1.);
#1024=VECTOR('',#5797,1.);
#1025=VECTOR('',#5798,1.);
#1026=VECTOR('',#5801,1.);
#1027=VECTOR('',#5804,1.);
#1028=VECTOR('',#5805,1.);
#1029=VECTOR('',#5806,1.);
#1030=VECTOR('',#5809,1.);
#1031=VECTOR('',#5810,1.);
#1032=VECTOR('',#5813,1.);
#1033=VECTOR('',#5814,1.);
#1034=VECTOR('',#5817,1.);
#1035=VECTOR('',#5818,1.);
#1036=VECTOR('',#5819,1.);
#1037=VECTOR('',#5820,1.);
#1038=VECTOR('',#5823,1.);
#1039=VECTOR('',#5828,1.);
#1040=VECTOR('',#5831,1.);
#1041=VECTOR('',#5832,1.);
#1042=VECTOR('',#5835,1.);
#1043=VECTOR('',#5840,1.);
#1044=VECTOR('',#5843,1.);
#1045=VECTOR('',#5846,1.);
#1046=VECTOR('',#5847,1.);
#1047=VECTOR('',#5850,1.);
#1048=ORIENTED_EDGE('',*,*,#2482,.T.);
#1049=ORIENTED_EDGE('',*,*,#2483,.T.);
#1050=ORIENTED_EDGE('',*,*,#2484,.T.);
#1051=ORIENTED_EDGE('',*,*,#2485,.T.);
#1052=ORIENTED_EDGE('',*,*,#2486,.T.);
#1053=ORIENTED_EDGE('',*,*,#2487,.T.);
#1054=ORIENTED_EDGE('',*,*,#2488,.T.);
#1055=ORIENTED_EDGE('',*,*,#2489,.T.);
#1056=ORIENTED_EDGE('',*,*,#2490,.T.);
#1057=ORIENTED_EDGE('',*,*,#2491,.T.);
#1058=ORIENTED_EDGE('',*,*,#2492,.T.);
#1059=ORIENTED_EDGE('',*,*,#2493,.T.);
#1060=ORIENTED_EDGE('',*,*,#2494,.T.);
#1061=ORIENTED_EDGE('',*,*,#2495,.T.);
#1062=ORIENTED_EDGE('',*,*,#2496,.T.);
#1063=ORIENTED_EDGE('',*,*,#2497,.T.);
#1064=ORIENTED_EDGE('',*,*,#2498,.T.);
#1065=ORIENTED_EDGE('',*,*,#2499,.T.);
#1066=ORIENTED_EDGE('',*,*,#2500,.T.);
#1067=ORIENTED_EDGE('',*,*,#2501,.T.);
#1068=ORIENTED_EDGE('',*,*,#2502,.T.);
#1069=ORIENTED_EDGE('',*,*,#2503,.T.);
#1070=ORIENTED_EDGE('',*,*,#2504,.T.);
#1071=ORIENTED_EDGE('',*,*,#2505,.T.);
#1072=ORIENTED_EDGE('',*,*,#2506,.T.);
#1073=ORIENTED_EDGE('',*,*,#2507,.T.);
#1074=ORIENTED_EDGE('',*,*,#2508,.T.);
#1075=ORIENTED_EDGE('',*,*,#2509,.T.);
#1076=ORIENTED_EDGE('',*,*,#2510,.T.);
#1077=ORIENTED_EDGE('',*,*,#2511,.T.);
#1078=ORIENTED_EDGE('',*,*,#2512,.T.);
#1079=ORIENTED_EDGE('',*,*,#2513,.T.);
#1080=ORIENTED_EDGE('',*,*,#2514,.T.);
#1081=ORIENTED_EDGE('',*,*,#2515,.T.);
#1082=ORIENTED_EDGE('',*,*,#2516,.T.);
#1083=ORIENTED_EDGE('',*,*,#2517,.T.);
#1084=ORIENTED_EDGE('',*,*,#2518,.T.);
#1085=ORIENTED_EDGE('',*,*,#2519,.T.);
#1086=ORIENTED_EDGE('',*,*,#2520,.T.);
#1087=ORIENTED_EDGE('',*,*,#2521,.T.);
#1088=ORIENTED_EDGE('',*,*,#2522,.T.);
#1089=ORIENTED_EDGE('',*,*,#2523,.T.);
#1090=ORIENTED_EDGE('',*,*,#2524,.T.);
#1091=ORIENTED_EDGE('',*,*,#2525,.T.);
#1092=ORIENTED_EDGE('',*,*,#2526,.T.);
#1093=ORIENTED_EDGE('',*,*,#2527,.T.);
#1094=ORIENTED_EDGE('',*,*,#2528,.T.);
#1095=ORIENTED_EDGE('',*,*,#2529,.T.);
#1096=ORIENTED_EDGE('',*,*,#2530,.T.);
#1097=ORIENTED_EDGE('',*,*,#2531,.T.);
#1098=ORIENTED_EDGE('',*,*,#2532,.T.);
#1099=ORIENTED_EDGE('',*,*,#2533,.T.);
#1100=ORIENTED_EDGE('',*,*,#2534,.T.);
#1101=ORIENTED_EDGE('',*,*,#2535,.T.);
#1102=ORIENTED_EDGE('',*,*,#2536,.T.);
#1103=ORIENTED_EDGE('',*,*,#2537,.T.);
#1104=ORIENTED_EDGE('',*,*,#2538,.T.);
#1105=ORIENTED_EDGE('',*,*,#2539,.T.);
#1106=ORIENTED_EDGE('',*,*,#2540,.T.);
#1107=ORIENTED_EDGE('',*,*,#2541,.T.);
#1108=ORIENTED_EDGE('',*,*,#2542,.T.);
#1109=ORIENTED_EDGE('',*,*,#2543,.T.);
#1110=ORIENTED_EDGE('',*,*,#2544,.T.);
#1111=ORIENTED_EDGE('',*,*,#2545,.T.);
#1112=ORIENTED_EDGE('',*,*,#2546,.T.);
#1113=ORIENTED_EDGE('',*,*,#2547,.T.);
#1114=ORIENTED_EDGE('',*,*,#2548,.T.);
#1115=ORIENTED_EDGE('',*,*,#2549,.T.);
#1116=ORIENTED_EDGE('',*,*,#2550,.T.);
#1117=ORIENTED_EDGE('',*,*,#2551,.T.);
#1118=ORIENTED_EDGE('',*,*,#2552,.T.);
#1119=ORIENTED_EDGE('',*,*,#2553,.T.);
#1120=ORIENTED_EDGE('',*,*,#2554,.T.);
#1121=ORIENTED_EDGE('',*,*,#2555,.T.);
#1122=ORIENTED_EDGE('',*,*,#2556,.T.);
#1123=ORIENTED_EDGE('',*,*,#2557,.T.);
#1124=ORIENTED_EDGE('',*,*,#2558,.T.);
#1125=ORIENTED_EDGE('',*,*,#2559,.T.);
#1126=ORIENTED_EDGE('',*,*,#2560,.T.);
#1127=ORIENTED_EDGE('',*,*,#2561,.T.);
#1128=ORIENTED_EDGE('',*,*,#2562,.T.);
#1129=ORIENTED_EDGE('',*,*,#2563,.T.);
#1130=ORIENTED_EDGE('',*,*,#2564,.T.);
#1131=ORIENTED_EDGE('',*,*,#2565,.T.);
#1132=ORIENTED_EDGE('',*,*,#2566,.T.);
#1133=ORIENTED_EDGE('',*,*,#2567,.T.);
#1134=ORIENTED_EDGE('',*,*,#2568,.T.);
#1135=ORIENTED_EDGE('',*,*,#2569,.T.);
#1136=ORIENTED_EDGE('',*,*,#2570,.F.);
#1137=ORIENTED_EDGE('',*,*,#2571,.T.);
#1138=ORIENTED_EDGE('',*,*,#2572,.F.);
#1139=ORIENTED_EDGE('',*,*,#2573,.T.);
#1140=ORIENTED_EDGE('',*,*,#2574,.T.);
#1141=ORIENTED_EDGE('',*,*,#2575,.T.);
#1142=ORIENTED_EDGE('',*,*,#2576,.T.);
#1143=ORIENTED_EDGE('',*,*,#2577,.T.);
#1144=ORIENTED_EDGE('',*,*,#2578,.T.);
#1145=ORIENTED_EDGE('',*,*,#2579,.T.);
#1146=ORIENTED_EDGE('',*,*,#2580,.T.);
#1147=ORIENTED_EDGE('',*,*,#2581,.T.);
#1148=ORIENTED_EDGE('',*,*,#2582,.T.);
#1149=ORIENTED_EDGE('',*,*,#2583,.T.);
#1150=ORIENTED_EDGE('',*,*,#2584,.T.);
#1151=ORIENTED_EDGE('',*,*,#2585,.T.);
#1152=ORIENTED_EDGE('',*,*,#2586,.T.);
#1153=ORIENTED_EDGE('',*,*,#2587,.T.);
#1154=ORIENTED_EDGE('',*,*,#2588,.T.);
#1155=ORIENTED_EDGE('',*,*,#2589,.T.);
#1156=ORIENTED_EDGE('',*,*,#2590,.T.);
#1157=ORIENTED_EDGE('',*,*,#2591,.T.);
#1158=ORIENTED_EDGE('',*,*,#2592,.T.);
#1159=ORIENTED_EDGE('',*,*,#2593,.T.);
#1160=ORIENTED_EDGE('',*,*,#2594,.T.);
#1161=ORIENTED_EDGE('',*,*,#2595,.T.);
#1162=ORIENTED_EDGE('',*,*,#2596,.T.);
#1163=ORIENTED_EDGE('',*,*,#2597,.T.);
#1164=ORIENTED_EDGE('',*,*,#2598,.T.);
#1165=ORIENTED_EDGE('',*,*,#2599,.T.);
#1166=ORIENTED_EDGE('',*,*,#2600,.T.);
#1167=ORIENTED_EDGE('',*,*,#2601,.T.);
#1168=ORIENTED_EDGE('',*,*,#2602,.T.);
#1169=ORIENTED_EDGE('',*,*,#2603,.T.);
#1170=ORIENTED_EDGE('',*,*,#2604,.T.);
#1171=ORIENTED_EDGE('',*,*,#2605,.T.);
#1172=ORIENTED_EDGE('',*,*,#2606,.T.);
#1173=ORIENTED_EDGE('',*,*,#2607,.T.);
#1174=ORIENTED_EDGE('',*,*,#2608,.T.);
#1175=ORIENTED_EDGE('',*,*,#2609,.T.);
#1176=ORIENTED_EDGE('',*,*,#2610,.T.);
#1177=ORIENTED_EDGE('',*,*,#2611,.T.);
#1178=ORIENTED_EDGE('',*,*,#2612,.T.);
#1179=ORIENTED_EDGE('',*,*,#2613,.T.);
#1180=ORIENTED_EDGE('',*,*,#2614,.T.);
#1181=ORIENTED_EDGE('',*,*,#2615,.T.);
#1182=ORIENTED_EDGE('',*,*,#2616,.T.);
#1183=ORIENTED_EDGE('',*,*,#2617,.T.);
#1184=ORIENTED_EDGE('',*,*,#2618,.T.);
#1185=ORIENTED_EDGE('',*,*,#2619,.T.);
#1186=ORIENTED_EDGE('',*,*,#2620,.T.);
#1187=ORIENTED_EDGE('',*,*,#2621,.T.);
#1188=ORIENTED_EDGE('',*,*,#2622,.T.);
#1189=ORIENTED_EDGE('',*,*,#2623,.T.);
#1190=ORIENTED_EDGE('',*,*,#2624,.T.);
#1191=ORIENTED_EDGE('',*,*,#2625,.T.);
#1192=ORIENTED_EDGE('',*,*,#2626,.T.);
#1193=ORIENTED_EDGE('',*,*,#2627,.T.);
#1194=ORIENTED_EDGE('',*,*,#2628,.T.);
#1195=ORIENTED_EDGE('',*,*,#2629,.T.);
#1196=ORIENTED_EDGE('',*,*,#2630,.T.);
#1197=ORIENTED_EDGE('',*,*,#2631,.T.);
#1198=ORIENTED_EDGE('',*,*,#2632,.T.);
#1199=ORIENTED_EDGE('',*,*,#2633,.T.);
#1200=ORIENTED_EDGE('',*,*,#2634,.T.);
#1201=ORIENTED_EDGE('',*,*,#2635,.T.);
#1202=ORIENTED_EDGE('',*,*,#2636,.T.);
#1203=ORIENTED_EDGE('',*,*,#2637,.T.);
#1204=ORIENTED_EDGE('',*,*,#2638,.T.);
#1205=ORIENTED_EDGE('',*,*,#2639,.T.);
#1206=ORIENTED_EDGE('',*,*,#2640,.T.);
#1207=ORIENTED_EDGE('',*,*,#2641,.T.);
#1208=ORIENTED_EDGE('',*,*,#2642,.T.);
#1209=ORIENTED_EDGE('',*,*,#2643,.T.);
#1210=ORIENTED_EDGE('',*,*,#2644,.T.);
#1211=ORIENTED_EDGE('',*,*,#2645,.T.);
#1212=ORIENTED_EDGE('',*,*,#2646,.T.);
#1213=ORIENTED_EDGE('',*,*,#2647,.T.);
#1214=ORIENTED_EDGE('',*,*,#2648,.T.);
#1215=ORIENTED_EDGE('',*,*,#2649,.T.);
#1216=ORIENTED_EDGE('',*,*,#2650,.T.);
#1217=ORIENTED_EDGE('',*,*,#2651,.T.);
#1218=ORIENTED_EDGE('',*,*,#2652,.T.);
#1219=ORIENTED_EDGE('',*,*,#2653,.T.);
#1220=ORIENTED_EDGE('',*,*,#2654,.T.);
#1221=ORIENTED_EDGE('',*,*,#2655,.T.);
#1222=ORIENTED_EDGE('',*,*,#2656,.T.);
#1223=ORIENTED_EDGE('',*,*,#2657,.T.);
#1224=ORIENTED_EDGE('',*,*,#2658,.T.);
#1225=ORIENTED_EDGE('',*,*,#2659,.T.);
#1226=ORIENTED_EDGE('',*,*,#2660,.T.);
#1227=ORIENTED_EDGE('',*,*,#2661,.T.);
#1228=ORIENTED_EDGE('',*,*,#2662,.T.);
#1229=ORIENTED_EDGE('',*,*,#2663,.T.);
#1230=ORIENTED_EDGE('',*,*,#2664,.T.);
#1231=ORIENTED_EDGE('',*,*,#2665,.T.);
#1232=ORIENTED_EDGE('',*,*,#2666,.T.);
#1233=ORIENTED_EDGE('',*,*,#2667,.T.);
#1234=ORIENTED_EDGE('',*,*,#2668,.T.);
#1235=ORIENTED_EDGE('',*,*,#2669,.T.);
#1236=ORIENTED_EDGE('',*,*,#2670,.T.);
#1237=ORIENTED_EDGE('',*,*,#2671,.T.);
#1238=ORIENTED_EDGE('',*,*,#2672,.T.);
#1239=ORIENTED_EDGE('',*,*,#2673,.T.);
#1240=ORIENTED_EDGE('',*,*,#2674,.T.);
#1241=ORIENTED_EDGE('',*,*,#2675,.T.);
#1242=ORIENTED_EDGE('',*,*,#2676,.T.);
#1243=ORIENTED_EDGE('',*,*,#2677,.F.);
#1244=ORIENTED_EDGE('',*,*,#2678,.F.);
#1245=ORIENTED_EDGE('',*,*,#2679,.T.);
#1246=ORIENTED_EDGE('',*,*,#2680,.T.);
#1247=ORIENTED_EDGE('',*,*,#2678,.T.);
#1248=ORIENTED_EDGE('',*,*,#2681,.T.);
#1249=ORIENTED_EDGE('',*,*,#2682,.F.);
#1250=ORIENTED_EDGE('',*,*,#2683,.F.);
#1251=ORIENTED_EDGE('',*,*,#2682,.T.);
#1252=ORIENTED_EDGE('',*,*,#2684,.T.);
#1253=ORIENTED_EDGE('',*,*,#2685,.F.);
#1254=ORIENTED_EDGE('',*,*,#2686,.F.);
#1255=ORIENTED_EDGE('',*,*,#2687,.F.);
#1256=ORIENTED_EDGE('',*,*,#2680,.F.);
#1257=ORIENTED_EDGE('',*,*,#2688,.T.);
#1258=ORIENTED_EDGE('',*,*,#2685,.T.);
#1259=ORIENTED_EDGE('',*,*,#2679,.F.);
#1260=ORIENTED_EDGE('',*,*,#2683,.T.);
#1261=ORIENTED_EDGE('',*,*,#2686,.T.);
#1262=ORIENTED_EDGE('',*,*,#2688,.F.);
#1263=ORIENTED_EDGE('',*,*,#2689,.T.);
#1264=ORIENTED_EDGE('',*,*,#2690,.T.);
#1265=ORIENTED_EDGE('',*,*,#2566,.F.);
#1266=ORIENTED_EDGE('',*,*,#2691,.T.);
#1267=ORIENTED_EDGE('',*,*,#2692,.F.);
#1268=ORIENTED_EDGE('',*,*,#2693,.T.);
#1269=ORIENTED_EDGE('',*,*,#2572,.T.);
#1270=ORIENTED_EDGE('',*,*,#2694,.T.);
#1271=ORIENTED_EDGE('',*,*,#2695,.F.);
#1272=ORIENTED_EDGE('',*,*,#2696,.T.);
#1273=ORIENTED_EDGE('',*,*,#2570,.T.);
#1274=ORIENTED_EDGE('',*,*,#2697,.T.);
#1275=ORIENTED_EDGE('',*,*,#2568,.F.);
#1276=ORIENTED_EDGE('',*,*,#2698,.T.);
#1277=ORIENTED_EDGE('',*,*,#2699,.T.);
#1278=ORIENTED_EDGE('',*,*,#2700,.T.);
#1279=ORIENTED_EDGE('',*,*,#2681,.F.);
#1280=ORIENTED_EDGE('',*,*,#2677,.T.);
#1281=ORIENTED_EDGE('',*,*,#2687,.T.);
#1282=ORIENTED_EDGE('',*,*,#2684,.F.);
#1283=ORIENTED_EDGE('',*,*,#2699,.F.);
#1284=ORIENTED_EDGE('',*,*,#2701,.T.);
#1285=ORIENTED_EDGE('',*,*,#2689,.F.);
#1286=ORIENTED_EDGE('',*,*,#2702,.T.);
#1287=ORIENTED_EDGE('',*,*,#2692,.T.);
#1288=ORIENTED_EDGE('',*,*,#2703,.T.);
#1289=ORIENTED_EDGE('',*,*,#2695,.T.);
#1290=ORIENTED_EDGE('',*,*,#2704,.T.);
#1291=ORIENTED_EDGE('',*,*,#2574,.F.);
#1292=ORIENTED_EDGE('',*,*,#2705,.F.);
#1293=ORIENTED_EDGE('',*,*,#2706,.T.);
#1294=ORIENTED_EDGE('',*,*,#2707,.T.);
#1295=ORIENTED_EDGE('',*,*,#2594,.F.);
#1296=ORIENTED_EDGE('',*,*,#2708,.F.);
#1297=ORIENTED_EDGE('',*,*,#2709,.T.);
#1298=ORIENTED_EDGE('',*,*,#2705,.T.);
#1299=ORIENTED_EDGE('',*,*,#2593,.F.);
#1300=ORIENTED_EDGE('',*,*,#2710,.F.);
#1301=ORIENTED_EDGE('',*,*,#2711,.T.);
#1302=ORIENTED_EDGE('',*,*,#2708,.T.);
#1303=ORIENTED_EDGE('',*,*,#2592,.F.);
#1304=ORIENTED_EDGE('',*,*,#2712,.F.);
#1305=ORIENTED_EDGE('',*,*,#2713,.T.);
#1306=ORIENTED_EDGE('',*,*,#2710,.T.);
#1307=ORIENTED_EDGE('',*,*,#2591,.F.);
#1308=ORIENTED_EDGE('',*,*,#2714,.F.);
#1309=ORIENTED_EDGE('',*,*,#2715,.T.);
#1310=ORIENTED_EDGE('',*,*,#2712,.T.);
#1311=ORIENTED_EDGE('',*,*,#2590,.F.);
#1312=ORIENTED_EDGE('',*,*,#2716,.F.);
#1313=ORIENTED_EDGE('',*,*,#2717,.T.);
#1314=ORIENTED_EDGE('',*,*,#2714,.T.);
#1315=ORIENTED_EDGE('',*,*,#2589,.F.);
#1316=ORIENTED_EDGE('',*,*,#2718,.F.);
#1317=ORIENTED_EDGE('',*,*,#2719,.T.);
#1318=ORIENTED_EDGE('',*,*,#2716,.T.);
#1319=ORIENTED_EDGE('',*,*,#2588,.F.);
#1320=ORIENTED_EDGE('',*,*,#2720,.F.);
#1321=ORIENTED_EDGE('',*,*,#2721,.T.);
#1322=ORIENTED_EDGE('',*,*,#2718,.T.);
#1323=ORIENTED_EDGE('',*,*,#2587,.F.);
#1324=ORIENTED_EDGE('',*,*,#2722,.F.);
#1325=ORIENTED_EDGE('',*,*,#2723,.T.);
#1326=ORIENTED_EDGE('',*,*,#2720,.T.);
#1327=ORIENTED_EDGE('',*,*,#2586,.F.);
#1328=ORIENTED_EDGE('',*,*,#2724,.F.);
#1329=ORIENTED_EDGE('',*,*,#2725,.T.);
#1330=ORIENTED_EDGE('',*,*,#2722,.T.);
#1331=ORIENTED_EDGE('',*,*,#2585,.F.);
#1332=ORIENTED_EDGE('',*,*,#2726,.F.);
#1333=ORIENTED_EDGE('',*,*,#2727,.T.);
#1334=ORIENTED_EDGE('',*,*,#2724,.T.);
#1335=ORIENTED_EDGE('',*,*,#2584,.F.);
#1336=ORIENTED_EDGE('',*,*,#2728,.F.);
#1337=ORIENTED_EDGE('',*,*,#2729,.T.);
#1338=ORIENTED_EDGE('',*,*,#2726,.T.);
#1339=ORIENTED_EDGE('',*,*,#2583,.F.);
#1340=ORIENTED_EDGE('',*,*,#2730,.F.);
#1341=ORIENTED_EDGE('',*,*,#2731,.T.);
#1342=ORIENTED_EDGE('',*,*,#2728,.T.);
#1343=ORIENTED_EDGE('',*,*,#2582,.F.);
#1344=ORIENTED_EDGE('',*,*,#2732,.F.);
#1345=ORIENTED_EDGE('',*,*,#2733,.T.);
#1346=ORIENTED_EDGE('',*,*,#2730,.T.);
#1347=ORIENTED_EDGE('',*,*,#2581,.F.);
#1348=ORIENTED_EDGE('',*,*,#2734,.F.);
#1349=ORIENTED_EDGE('',*,*,#2735,.T.);
#1350=ORIENTED_EDGE('',*,*,#2732,.T.);
#1351=ORIENTED_EDGE('',*,*,#2580,.F.);
#1352=ORIENTED_EDGE('',*,*,#2736,.F.);
#1353=ORIENTED_EDGE('',*,*,#2737,.T.);
#1354=ORIENTED_EDGE('',*,*,#2734,.T.);
#1355=ORIENTED_EDGE('',*,*,#2579,.F.);
#1356=ORIENTED_EDGE('',*,*,#2738,.F.);
#1357=ORIENTED_EDGE('',*,*,#2739,.T.);
#1358=ORIENTED_EDGE('',*,*,#2736,.T.);
#1359=ORIENTED_EDGE('',*,*,#2578,.F.);
#1360=ORIENTED_EDGE('',*,*,#2740,.F.);
#1361=ORIENTED_EDGE('',*,*,#2741,.T.);
#1362=ORIENTED_EDGE('',*,*,#2738,.T.);
#1363=ORIENTED_EDGE('',*,*,#2577,.F.);
#1364=ORIENTED_EDGE('',*,*,#2742,.F.);
#1365=ORIENTED_EDGE('',*,*,#2743,.T.);
#1366=ORIENTED_EDGE('',*,*,#2740,.T.);
#1367=ORIENTED_EDGE('',*,*,#2576,.F.);
#1368=ORIENTED_EDGE('',*,*,#2744,.F.);
#1369=ORIENTED_EDGE('',*,*,#2745,.T.);
#1370=ORIENTED_EDGE('',*,*,#2742,.T.);
#1371=ORIENTED_EDGE('',*,*,#2575,.F.);
#1372=ORIENTED_EDGE('',*,*,#2707,.F.);
#1373=ORIENTED_EDGE('',*,*,#2746,.T.);
#1374=ORIENTED_EDGE('',*,*,#2744,.T.);
#1375=ORIENTED_EDGE('',*,*,#2706,.F.);
#1376=ORIENTED_EDGE('',*,*,#2709,.F.);
#1377=ORIENTED_EDGE('',*,*,#2711,.F.);
#1378=ORIENTED_EDGE('',*,*,#2713,.F.);
#1379=ORIENTED_EDGE('',*,*,#2715,.F.);
#1380=ORIENTED_EDGE('',*,*,#2717,.F.);
#1381=ORIENTED_EDGE('',*,*,#2719,.F.);
#1382=ORIENTED_EDGE('',*,*,#2721,.F.);
#1383=ORIENTED_EDGE('',*,*,#2723,.F.);
#1384=ORIENTED_EDGE('',*,*,#2725,.F.);
#1385=ORIENTED_EDGE('',*,*,#2727,.F.);
#1386=ORIENTED_EDGE('',*,*,#2729,.F.);
#1387=ORIENTED_EDGE('',*,*,#2731,.F.);
#1388=ORIENTED_EDGE('',*,*,#2733,.F.);
#1389=ORIENTED_EDGE('',*,*,#2735,.F.);
#1390=ORIENTED_EDGE('',*,*,#2737,.F.);
#1391=ORIENTED_EDGE('',*,*,#2739,.F.);
#1392=ORIENTED_EDGE('',*,*,#2741,.F.);
#1393=ORIENTED_EDGE('',*,*,#2743,.F.);
#1394=ORIENTED_EDGE('',*,*,#2745,.F.);
#1395=ORIENTED_EDGE('',*,*,#2746,.F.);
#1396=ORIENTED_EDGE('',*,*,#2747,.F.);
#1397=ORIENTED_EDGE('',*,*,#2748,.F.);
#1398=ORIENTED_EDGE('',*,*,#2749,.T.);
#1399=ORIENTED_EDGE('',*,*,#2750,.T.);
#1400=ORIENTED_EDGE('',*,*,#2751,.F.);
#1401=ORIENTED_EDGE('',*,*,#2752,.F.);
#1402=ORIENTED_EDGE('',*,*,#2753,.T.);
#1403=ORIENTED_EDGE('',*,*,#2748,.T.);
#1404=ORIENTED_EDGE('',*,*,#2754,.F.);
#1405=ORIENTED_EDGE('',*,*,#2755,.F.);
#1406=ORIENTED_EDGE('',*,*,#2756,.T.);
#1407=ORIENTED_EDGE('',*,*,#2752,.T.);
#1408=ORIENTED_EDGE('',*,*,#2757,.F.);
#1409=ORIENTED_EDGE('',*,*,#2758,.F.);
#1410=ORIENTED_EDGE('',*,*,#2759,.T.);
#1411=ORIENTED_EDGE('',*,*,#2755,.T.);
#1412=ORIENTED_EDGE('',*,*,#2760,.F.);
#1413=ORIENTED_EDGE('',*,*,#2761,.F.);
#1414=ORIENTED_EDGE('',*,*,#2762,.T.);
#1415=ORIENTED_EDGE('',*,*,#2758,.T.);
#1416=ORIENTED_EDGE('',*,*,#2763,.F.);
#1417=ORIENTED_EDGE('',*,*,#2764,.F.);
#1418=ORIENTED_EDGE('',*,*,#2765,.T.);
#1419=ORIENTED_EDGE('',*,*,#2761,.T.);
#1420=ORIENTED_EDGE('',*,*,#2766,.F.);
#1421=ORIENTED_EDGE('',*,*,#2767,.F.);
#1422=ORIENTED_EDGE('',*,*,#2768,.T.);
#1423=ORIENTED_EDGE('',*,*,#2764,.T.);
#1424=ORIENTED_EDGE('',*,*,#2769,.F.);
#1425=ORIENTED_EDGE('',*,*,#2770,.F.);
#1426=ORIENTED_EDGE('',*,*,#2771,.T.);
#1427=ORIENTED_EDGE('',*,*,#2767,.T.);
#1428=ORIENTED_EDGE('',*,*,#2542,.F.);
#1429=ORIENTED_EDGE('',*,*,#2772,.F.);
#1430=ORIENTED_EDGE('',*,*,#2773,.T.);
#1431=ORIENTED_EDGE('',*,*,#2774,.T.);
#1432=ORIENTED_EDGE('',*,*,#2565,.F.);
#1433=ORIENTED_EDGE('',*,*,#2775,.F.);
#1434=ORIENTED_EDGE('',*,*,#2776,.T.);
#1435=ORIENTED_EDGE('',*,*,#2772,.T.);
#1436=ORIENTED_EDGE('',*,*,#2564,.F.);
#1437=ORIENTED_EDGE('',*,*,#2777,.F.);
#1438=ORIENTED_EDGE('',*,*,#2778,.T.);
#1439=ORIENTED_EDGE('',*,*,#2775,.T.);
#1440=ORIENTED_EDGE('',*,*,#2563,.F.);
#1441=ORIENTED_EDGE('',*,*,#2779,.F.);
#1442=ORIENTED_EDGE('',*,*,#2780,.T.);
#1443=ORIENTED_EDGE('',*,*,#2777,.T.);
#1444=ORIENTED_EDGE('',*,*,#2562,.F.);
#1445=ORIENTED_EDGE('',*,*,#2781,.F.);
#1446=ORIENTED_EDGE('',*,*,#2782,.T.);
#1447=ORIENTED_EDGE('',*,*,#2779,.T.);
#1448=ORIENTED_EDGE('',*,*,#2561,.F.);
#1449=ORIENTED_EDGE('',*,*,#2783,.F.);
#1450=ORIENTED_EDGE('',*,*,#2784,.T.);
#1451=ORIENTED_EDGE('',*,*,#2781,.T.);
#1452=ORIENTED_EDGE('',*,*,#2560,.F.);
#1453=ORIENTED_EDGE('',*,*,#2785,.F.);
#1454=ORIENTED_EDGE('',*,*,#2786,.T.);
#1455=ORIENTED_EDGE('',*,*,#2783,.T.);
#1456=ORIENTED_EDGE('',*,*,#2559,.F.);
#1457=ORIENTED_EDGE('',*,*,#2787,.F.);
#1458=ORIENTED_EDGE('',*,*,#2788,.T.);
#1459=ORIENTED_EDGE('',*,*,#2785,.T.);
#1460=ORIENTED_EDGE('',*,*,#2558,.F.);
#1461=ORIENTED_EDGE('',*,*,#2789,.F.);
#1462=ORIENTED_EDGE('',*,*,#2790,.T.);
#1463=ORIENTED_EDGE('',*,*,#2787,.T.);
#1464=ORIENTED_EDGE('',*,*,#2557,.F.);
#1465=ORIENTED_EDGE('',*,*,#2791,.F.);
#1466=ORIENTED_EDGE('',*,*,#2792,.T.);
#1467=ORIENTED_EDGE('',*,*,#2789,.T.);
#1468=ORIENTED_EDGE('',*,*,#2556,.F.);
#1469=ORIENTED_EDGE('',*,*,#2793,.F.);
#1470=ORIENTED_EDGE('',*,*,#2794,.T.);
#1471=ORIENTED_EDGE('',*,*,#2791,.T.);
#1472=ORIENTED_EDGE('',*,*,#2555,.F.);
#1473=ORIENTED_EDGE('',*,*,#2795,.F.);
#1474=ORIENTED_EDGE('',*,*,#2796,.T.);
#1475=ORIENTED_EDGE('',*,*,#2793,.T.);
#1476=ORIENTED_EDGE('',*,*,#2554,.F.);
#1477=ORIENTED_EDGE('',*,*,#2797,.F.);
#1478=ORIENTED_EDGE('',*,*,#2798,.T.);
#1479=ORIENTED_EDGE('',*,*,#2795,.T.);
#1480=ORIENTED_EDGE('',*,*,#2553,.F.);
#1481=ORIENTED_EDGE('',*,*,#2799,.F.);
#1482=ORIENTED_EDGE('',*,*,#2800,.T.);
#1483=ORIENTED_EDGE('',*,*,#2797,.T.);
#1484=ORIENTED_EDGE('',*,*,#2552,.F.);
#1485=ORIENTED_EDGE('',*,*,#2801,.F.);
#1486=ORIENTED_EDGE('',*,*,#2802,.T.);
#1487=ORIENTED_EDGE('',*,*,#2799,.T.);
#1488=ORIENTED_EDGE('',*,*,#2551,.F.);
#1489=ORIENTED_EDGE('',*,*,#2803,.F.);
#1490=ORIENTED_EDGE('',*,*,#2804,.T.);
#1491=ORIENTED_EDGE('',*,*,#2801,.T.);
#1492=ORIENTED_EDGE('',*,*,#2550,.F.);
#1493=ORIENTED_EDGE('',*,*,#2805,.F.);
#1494=ORIENTED_EDGE('',*,*,#2806,.T.);
#1495=ORIENTED_EDGE('',*,*,#2803,.T.);
#1496=ORIENTED_EDGE('',*,*,#2549,.F.);
#1497=ORIENTED_EDGE('',*,*,#2807,.F.);
#1498=ORIENTED_EDGE('',*,*,#2808,.T.);
#1499=ORIENTED_EDGE('',*,*,#2805,.T.);
#1500=ORIENTED_EDGE('',*,*,#2548,.F.);
#1501=ORIENTED_EDGE('',*,*,#2809,.F.);
#1502=ORIENTED_EDGE('',*,*,#2810,.T.);
#1503=ORIENTED_EDGE('',*,*,#2807,.T.);
#1504=ORIENTED_EDGE('',*,*,#2547,.F.);
#1505=ORIENTED_EDGE('',*,*,#2811,.F.);
#1506=ORIENTED_EDGE('',*,*,#2812,.T.);
#1507=ORIENTED_EDGE('',*,*,#2809,.T.);
#1508=ORIENTED_EDGE('',*,*,#2546,.F.);
#1509=ORIENTED_EDGE('',*,*,#2813,.F.);
#1510=ORIENTED_EDGE('',*,*,#2814,.T.);
#1511=ORIENTED_EDGE('',*,*,#2811,.T.);
#1512=ORIENTED_EDGE('',*,*,#2545,.F.);
#1513=ORIENTED_EDGE('',*,*,#2815,.F.);
#1514=ORIENTED_EDGE('',*,*,#2816,.T.);
#1515=ORIENTED_EDGE('',*,*,#2813,.T.);
#1516=ORIENTED_EDGE('',*,*,#2544,.F.);
#1517=ORIENTED_EDGE('',*,*,#2817,.F.);
#1518=ORIENTED_EDGE('',*,*,#2818,.T.);
#1519=ORIENTED_EDGE('',*,*,#2815,.T.);
#1520=ORIENTED_EDGE('',*,*,#2543,.F.);
#1521=ORIENTED_EDGE('',*,*,#2774,.F.);
#1522=ORIENTED_EDGE('',*,*,#2819,.T.);
#1523=ORIENTED_EDGE('',*,*,#2817,.T.);
#1524=ORIENTED_EDGE('',*,*,#2820,.F.);
#1525=ORIENTED_EDGE('',*,*,#2750,.F.);
#1526=ORIENTED_EDGE('',*,*,#2821,.T.);
#1527=ORIENTED_EDGE('',*,*,#2770,.T.);
#1528=ORIENTED_EDGE('',*,*,#2773,.F.);
#1529=ORIENTED_EDGE('',*,*,#2776,.F.);
#1530=ORIENTED_EDGE('',*,*,#2778,.F.);
#1531=ORIENTED_EDGE('',*,*,#2780,.F.);
#1532=ORIENTED_EDGE('',*,*,#2782,.F.);
#1533=ORIENTED_EDGE('',*,*,#2784,.F.);
#1534=ORIENTED_EDGE('',*,*,#2786,.F.);
#1535=ORIENTED_EDGE('',*,*,#2788,.F.);
#1536=ORIENTED_EDGE('',*,*,#2790,.F.);
#1537=ORIENTED_EDGE('',*,*,#2792,.F.);
#1538=ORIENTED_EDGE('',*,*,#2794,.F.);
#1539=ORIENTED_EDGE('',*,*,#2796,.F.);
#1540=ORIENTED_EDGE('',*,*,#2798,.F.);
#1541=ORIENTED_EDGE('',*,*,#2800,.F.);
#1542=ORIENTED_EDGE('',*,*,#2802,.F.);
#1543=ORIENTED_EDGE('',*,*,#2804,.F.);
#1544=ORIENTED_EDGE('',*,*,#2806,.F.);
#1545=ORIENTED_EDGE('',*,*,#2808,.F.);
#1546=ORIENTED_EDGE('',*,*,#2810,.F.);
#1547=ORIENTED_EDGE('',*,*,#2812,.F.);
#1548=ORIENTED_EDGE('',*,*,#2814,.F.);
#1549=ORIENTED_EDGE('',*,*,#2816,.F.);
#1550=ORIENTED_EDGE('',*,*,#2818,.F.);
#1551=ORIENTED_EDGE('',*,*,#2819,.F.);
#1552=ORIENTED_EDGE('',*,*,#2749,.F.);
#1553=ORIENTED_EDGE('',*,*,#2753,.F.);
#1554=ORIENTED_EDGE('',*,*,#2756,.F.);
#1555=ORIENTED_EDGE('',*,*,#2759,.F.);
#1556=ORIENTED_EDGE('',*,*,#2762,.F.);
#1557=ORIENTED_EDGE('',*,*,#2765,.F.);
#1558=ORIENTED_EDGE('',*,*,#2768,.F.);
#1559=ORIENTED_EDGE('',*,*,#2771,.F.);
#1560=ORIENTED_EDGE('',*,*,#2821,.F.);
#1561=ORIENTED_EDGE('',*,*,#2822,.F.);
#1562=ORIENTED_EDGE('',*,*,#2823,.F.);
#1563=ORIENTED_EDGE('',*,*,#2824,.T.);
#1564=ORIENTED_EDGE('',*,*,#2825,.T.);
#1565=ORIENTED_EDGE('',*,*,#2826,.F.);
#1566=ORIENTED_EDGE('',*,*,#2827,.F.);
#1567=ORIENTED_EDGE('',*,*,#2828,.T.);
#1568=ORIENTED_EDGE('',*,*,#2823,.T.);
#1569=ORIENTED_EDGE('',*,*,#2829,.F.);
#1570=ORIENTED_EDGE('',*,*,#2830,.F.);
#1571=ORIENTED_EDGE('',*,*,#2831,.T.);
#1572=ORIENTED_EDGE('',*,*,#2827,.T.);
#1573=ORIENTED_EDGE('',*,*,#2832,.F.);
#1574=ORIENTED_EDGE('',*,*,#2833,.F.);
#1575=ORIENTED_EDGE('',*,*,#2834,.T.);
#1576=ORIENTED_EDGE('',*,*,#2830,.T.);
#1577=ORIENTED_EDGE('',*,*,#2835,.F.);
#1578=ORIENTED_EDGE('',*,*,#2836,.F.);
#1579=ORIENTED_EDGE('',*,*,#2837,.T.);
#1580=ORIENTED_EDGE('',*,*,#2833,.T.);
#1581=ORIENTED_EDGE('',*,*,#2838,.F.);
#1582=ORIENTED_EDGE('',*,*,#2839,.F.);
#1583=ORIENTED_EDGE('',*,*,#2840,.T.);
#1584=ORIENTED_EDGE('',*,*,#2836,.T.);
#1585=ORIENTED_EDGE('',*,*,#2841,.F.);
#1586=ORIENTED_EDGE('',*,*,#2842,.F.);
#1587=ORIENTED_EDGE('',*,*,#2843,.T.);
#1588=ORIENTED_EDGE('',*,*,#2839,.T.);
#1589=ORIENTED_EDGE('',*,*,#2844,.F.);
#1590=ORIENTED_EDGE('',*,*,#2845,.F.);
#1591=ORIENTED_EDGE('',*,*,#2846,.T.);
#1592=ORIENTED_EDGE('',*,*,#2842,.T.);
#1593=ORIENTED_EDGE('',*,*,#2847,.F.);
#1594=ORIENTED_EDGE('',*,*,#2848,.F.);
#1595=ORIENTED_EDGE('',*,*,#2849,.T.);
#1596=ORIENTED_EDGE('',*,*,#2845,.T.);
#1597=ORIENTED_EDGE('',*,*,#2850,.F.);
#1598=ORIENTED_EDGE('',*,*,#2851,.F.);
#1599=ORIENTED_EDGE('',*,*,#2852,.T.);
#1600=ORIENTED_EDGE('',*,*,#2848,.T.);
#1601=ORIENTED_EDGE('',*,*,#2853,.F.);
#1602=ORIENTED_EDGE('',*,*,#2854,.F.);
#1603=ORIENTED_EDGE('',*,*,#2855,.T.);
#1604=ORIENTED_EDGE('',*,*,#2851,.T.);
#1605=ORIENTED_EDGE('',*,*,#2856,.F.);
#1606=ORIENTED_EDGE('',*,*,#2857,.F.);
#1607=ORIENTED_EDGE('',*,*,#2858,.T.);
#1608=ORIENTED_EDGE('',*,*,#2854,.T.);
#1609=ORIENTED_EDGE('',*,*,#2859,.F.);
#1610=ORIENTED_EDGE('',*,*,#2860,.F.);
#1611=ORIENTED_EDGE('',*,*,#2861,.T.);
#1612=ORIENTED_EDGE('',*,*,#2857,.T.);
#1613=ORIENTED_EDGE('',*,*,#2595,.F.);
#1614=ORIENTED_EDGE('',*,*,#2862,.F.);
#1615=ORIENTED_EDGE('',*,*,#2863,.T.);
#1616=ORIENTED_EDGE('',*,*,#2864,.T.);
#1617=ORIENTED_EDGE('',*,*,#2608,.F.);
#1618=ORIENTED_EDGE('',*,*,#2865,.F.);
#1619=ORIENTED_EDGE('',*,*,#2866,.T.);
#1620=ORIENTED_EDGE('',*,*,#2862,.T.);
#1621=ORIENTED_EDGE('',*,*,#2607,.F.);
#1622=ORIENTED_EDGE('',*,*,#2867,.F.);
#1623=ORIENTED_EDGE('',*,*,#2868,.T.);
#1624=ORIENTED_EDGE('',*,*,#2865,.T.);
#1625=ORIENTED_EDGE('',*,*,#2606,.F.);
#1626=ORIENTED_EDGE('',*,*,#2869,.F.);
#1627=ORIENTED_EDGE('',*,*,#2870,.T.);
#1628=ORIENTED_EDGE('',*,*,#2867,.T.);
#1629=ORIENTED_EDGE('',*,*,#2605,.F.);
#1630=ORIENTED_EDGE('',*,*,#2871,.F.);
#1631=ORIENTED_EDGE('',*,*,#2872,.T.);
#1632=ORIENTED_EDGE('',*,*,#2869,.T.);
#1633=ORIENTED_EDGE('',*,*,#2604,.F.);
#1634=ORIENTED_EDGE('',*,*,#2873,.F.);
#1635=ORIENTED_EDGE('',*,*,#2874,.T.);
#1636=ORIENTED_EDGE('',*,*,#2871,.T.);
#1637=ORIENTED_EDGE('',*,*,#2603,.F.);
#1638=ORIENTED_EDGE('',*,*,#2875,.F.);
#1639=ORIENTED_EDGE('',*,*,#2876,.T.);
#1640=ORIENTED_EDGE('',*,*,#2873,.T.);
#1641=ORIENTED_EDGE('',*,*,#2602,.F.);
#1642=ORIENTED_EDGE('',*,*,#2877,.F.);
#1643=ORIENTED_EDGE('',*,*,#2878,.T.);
#1644=ORIENTED_EDGE('',*,*,#2875,.T.);
#1645=ORIENTED_EDGE('',*,*,#2601,.F.);
#1646=ORIENTED_EDGE('',*,*,#2879,.F.);
#1647=ORIENTED_EDGE('',*,*,#2880,.T.);
#1648=ORIENTED_EDGE('',*,*,#2877,.T.);
#1649=ORIENTED_EDGE('',*,*,#2600,.F.);
#1650=ORIENTED_EDGE('',*,*,#2881,.F.);
#1651=ORIENTED_EDGE('',*,*,#2882,.T.);
#1652=ORIENTED_EDGE('',*,*,#2879,.T.);
#1653=ORIENTED_EDGE('',*,*,#2599,.F.);
#1654=ORIENTED_EDGE('',*,*,#2883,.F.);
#1655=ORIENTED_EDGE('',*,*,#2884,.T.);
#1656=ORIENTED_EDGE('',*,*,#2881,.T.);
#1657=ORIENTED_EDGE('',*,*,#2598,.F.);
#1658=ORIENTED_EDGE('',*,*,#2885,.F.);
#1659=ORIENTED_EDGE('',*,*,#2886,.T.);
#1660=ORIENTED_EDGE('',*,*,#2883,.T.);
#1661=ORIENTED_EDGE('',*,*,#2597,.F.);
#1662=ORIENTED_EDGE('',*,*,#2887,.F.);
#1663=ORIENTED_EDGE('',*,*,#2888,.T.);
#1664=ORIENTED_EDGE('',*,*,#2885,.T.);
#1665=ORIENTED_EDGE('',*,*,#2596,.F.);
#1666=ORIENTED_EDGE('',*,*,#2864,.F.);
#1667=ORIENTED_EDGE('',*,*,#2889,.T.);
#1668=ORIENTED_EDGE('',*,*,#2887,.T.);
#1669=ORIENTED_EDGE('',*,*,#2890,.F.);
#1670=ORIENTED_EDGE('',*,*,#2825,.F.);
#1671=ORIENTED_EDGE('',*,*,#2891,.T.);
#1672=ORIENTED_EDGE('',*,*,#2860,.T.);
#1673=ORIENTED_EDGE('',*,*,#2863,.F.);
#1674=ORIENTED_EDGE('',*,*,#2866,.F.);
#1675=ORIENTED_EDGE('',*,*,#2868,.F.);
#1676=ORIENTED_EDGE('',*,*,#2870,.F.);
#1677=ORIENTED_EDGE('',*,*,#2872,.F.);
#1678=ORIENTED_EDGE('',*,*,#2874,.F.);
#1679=ORIENTED_EDGE('',*,*,#2876,.F.);
#1680=ORIENTED_EDGE('',*,*,#2878,.F.);
#1681=ORIENTED_EDGE('',*,*,#2880,.F.);
#1682=ORIENTED_EDGE('',*,*,#2882,.F.);
#1683=ORIENTED_EDGE('',*,*,#2884,.F.);
#1684=ORIENTED_EDGE('',*,*,#2886,.F.);
#1685=ORIENTED_EDGE('',*,*,#2888,.F.);
#1686=ORIENTED_EDGE('',*,*,#2889,.F.);
#1687=ORIENTED_EDGE('',*,*,#2824,.F.);
#1688=ORIENTED_EDGE('',*,*,#2828,.F.);
#1689=ORIENTED_EDGE('',*,*,#2831,.F.);
#1690=ORIENTED_EDGE('',*,*,#2834,.F.);
#1691=ORIENTED_EDGE('',*,*,#2837,.F.);
#1692=ORIENTED_EDGE('',*,*,#2840,.F.);
#1693=ORIENTED_EDGE('',*,*,#2843,.F.);
#1694=ORIENTED_EDGE('',*,*,#2846,.F.);
#1695=ORIENTED_EDGE('',*,*,#2849,.F.);
#1696=ORIENTED_EDGE('',*,*,#2852,.F.);
#1697=ORIENTED_EDGE('',*,*,#2855,.F.);
#1698=ORIENTED_EDGE('',*,*,#2858,.F.);
#1699=ORIENTED_EDGE('',*,*,#2861,.F.);
#1700=ORIENTED_EDGE('',*,*,#2891,.F.);
#1701=ORIENTED_EDGE('',*,*,#2892,.F.);
#1702=ORIENTED_EDGE('',*,*,#2893,.F.);
#1703=ORIENTED_EDGE('',*,*,#2894,.T.);
#1704=ORIENTED_EDGE('',*,*,#2895,.T.);
#1705=ORIENTED_EDGE('',*,*,#2896,.F.);
#1706=ORIENTED_EDGE('',*,*,#2897,.F.);
#1707=ORIENTED_EDGE('',*,*,#2898,.T.);
#1708=ORIENTED_EDGE('',*,*,#2893,.T.);
#1709=ORIENTED_EDGE('',*,*,#2899,.F.);
#1710=ORIENTED_EDGE('',*,*,#2900,.F.);
#1711=ORIENTED_EDGE('',*,*,#2901,.T.);
#1712=ORIENTED_EDGE('',*,*,#2897,.T.);
#1713=ORIENTED_EDGE('',*,*,#2902,.F.);
#1714=ORIENTED_EDGE('',*,*,#2903,.F.);
#1715=ORIENTED_EDGE('',*,*,#2904,.T.);
#1716=ORIENTED_EDGE('',*,*,#2900,.T.);
#1717=ORIENTED_EDGE('',*,*,#2905,.F.);
#1718=ORIENTED_EDGE('',*,*,#2906,.F.);
#1719=ORIENTED_EDGE('',*,*,#2907,.T.);
#1720=ORIENTED_EDGE('',*,*,#2903,.T.);
#1721=ORIENTED_EDGE('',*,*,#2908,.F.);
#1722=ORIENTED_EDGE('',*,*,#2909,.F.);
#1723=ORIENTED_EDGE('',*,*,#2910,.T.);
#1724=ORIENTED_EDGE('',*,*,#2906,.T.);
#1725=ORIENTED_EDGE('',*,*,#2911,.F.);
#1726=ORIENTED_EDGE('',*,*,#2912,.F.);
#1727=ORIENTED_EDGE('',*,*,#2913,.T.);
#1728=ORIENTED_EDGE('',*,*,#2909,.T.);
#1729=ORIENTED_EDGE('',*,*,#2914,.F.);
#1730=ORIENTED_EDGE('',*,*,#2915,.F.);
#1731=ORIENTED_EDGE('',*,*,#2916,.T.);
#1732=ORIENTED_EDGE('',*,*,#2912,.T.);
#1733=ORIENTED_EDGE('',*,*,#2917,.F.);
#1734=ORIENTED_EDGE('',*,*,#2918,.F.);
#1735=ORIENTED_EDGE('',*,*,#2919,.T.);
#1736=ORIENTED_EDGE('',*,*,#2915,.T.);
#1737=ORIENTED_EDGE('',*,*,#2920,.F.);
#1738=ORIENTED_EDGE('',*,*,#2921,.F.);
#1739=ORIENTED_EDGE('',*,*,#2922,.T.);
#1740=ORIENTED_EDGE('',*,*,#2918,.T.);
#1741=ORIENTED_EDGE('',*,*,#2923,.F.);
#1742=ORIENTED_EDGE('',*,*,#2924,.F.);
#1743=ORIENTED_EDGE('',*,*,#2925,.T.);
#1744=ORIENTED_EDGE('',*,*,#2921,.T.);
#1745=ORIENTED_EDGE('',*,*,#2926,.F.);
#1746=ORIENTED_EDGE('',*,*,#2927,.F.);
#1747=ORIENTED_EDGE('',*,*,#2928,.T.);
#1748=ORIENTED_EDGE('',*,*,#2924,.T.);
#1749=ORIENTED_EDGE('',*,*,#2929,.F.);
#1750=ORIENTED_EDGE('',*,*,#2930,.F.);
#1751=ORIENTED_EDGE('',*,*,#2931,.T.);
#1752=ORIENTED_EDGE('',*,*,#2927,.T.);
#1753=ORIENTED_EDGE('',*,*,#2528,.F.);
#1754=ORIENTED_EDGE('',*,*,#2932,.F.);
#1755=ORIENTED_EDGE('',*,*,#2933,.T.);
#1756=ORIENTED_EDGE('',*,*,#2934,.T.);
#1757=ORIENTED_EDGE('',*,*,#2541,.F.);
#1758=ORIENTED_EDGE('',*,*,#2935,.F.);
#1759=ORIENTED_EDGE('',*,*,#2936,.T.);
#1760=ORIENTED_EDGE('',*,*,#2932,.T.);
#1761=ORIENTED_EDGE('',*,*,#2540,.F.);
#1762=ORIENTED_EDGE('',*,*,#2937,.F.);
#1763=ORIENTED_EDGE('',*,*,#2938,.T.);
#1764=ORIENTED_EDGE('',*,*,#2935,.T.);
#1765=ORIENTED_EDGE('',*,*,#2539,.F.);
#1766=ORIENTED_EDGE('',*,*,#2939,.F.);
#1767=ORIENTED_EDGE('',*,*,#2940,.T.);
#1768=ORIENTED_EDGE('',*,*,#2937,.T.);
#1769=ORIENTED_EDGE('',*,*,#2538,.F.);
#1770=ORIENTED_EDGE('',*,*,#2941,.F.);
#1771=ORIENTED_EDGE('',*,*,#2942,.T.);
#1772=ORIENTED_EDGE('',*,*,#2939,.T.);
#1773=ORIENTED_EDGE('',*,*,#2537,.F.);
#1774=ORIENTED_EDGE('',*,*,#2943,.F.);
#1775=ORIENTED_EDGE('',*,*,#2944,.T.);
#1776=ORIENTED_EDGE('',*,*,#2941,.T.);
#1777=ORIENTED_EDGE('',*,*,#2536,.F.);
#1778=ORIENTED_EDGE('',*,*,#2945,.F.);
#1779=ORIENTED_EDGE('',*,*,#2946,.T.);
#1780=ORIENTED_EDGE('',*,*,#2943,.T.);
#1781=ORIENTED_EDGE('',*,*,#2535,.F.);
#1782=ORIENTED_EDGE('',*,*,#2947,.F.);
#1783=ORIENTED_EDGE('',*,*,#2948,.T.);
#1784=ORIENTED_EDGE('',*,*,#2945,.T.);
#1785=ORIENTED_EDGE('',*,*,#2534,.F.);
#1786=ORIENTED_EDGE('',*,*,#2949,.F.);
#1787=ORIENTED_EDGE('',*,*,#2950,.T.);
#1788=ORIENTED_EDGE('',*,*,#2947,.T.);
#1789=ORIENTED_EDGE('',*,*,#2533,.F.);
#1790=ORIENTED_EDGE('',*,*,#2951,.F.);
#1791=ORIENTED_EDGE('',*,*,#2952,.T.);
#1792=ORIENTED_EDGE('',*,*,#2949,.T.);
#1793=ORIENTED_EDGE('',*,*,#2532,.F.);
#1794=ORIENTED_EDGE('',*,*,#2953,.F.);
#1795=ORIENTED_EDGE('',*,*,#2954,.T.);
#1796=ORIENTED_EDGE('',*,*,#2951,.T.);
#1797=ORIENTED_EDGE('',*,*,#2531,.F.);
#1798=ORIENTED_EDGE('',*,*,#2955,.F.);
#1799=ORIENTED_EDGE('',*,*,#2956,.T.);
#1800=ORIENTED_EDGE('',*,*,#2953,.T.);
#1801=ORIENTED_EDGE('',*,*,#2530,.F.);
#1802=ORIENTED_EDGE('',*,*,#2957,.F.);
#1803=ORIENTED_EDGE('',*,*,#2958,.T.);
#1804=ORIENTED_EDGE('',*,*,#2955,.T.);
#1805=ORIENTED_EDGE('',*,*,#2529,.F.);
#1806=ORIENTED_EDGE('',*,*,#2934,.F.);
#1807=ORIENTED_EDGE('',*,*,#2959,.T.);
#1808=ORIENTED_EDGE('',*,*,#2957,.T.);
#1809=ORIENTED_EDGE('',*,*,#2960,.F.);
#1810=ORIENTED_EDGE('',*,*,#2895,.F.);
#1811=ORIENTED_EDGE('',*,*,#2961,.T.);
#1812=ORIENTED_EDGE('',*,*,#2930,.T.);
#1813=ORIENTED_EDGE('',*,*,#2933,.F.);
#1814=ORIENTED_EDGE('',*,*,#2936,.F.);
#1815=ORIENTED_EDGE('',*,*,#2938,.F.);
#1816=ORIENTED_EDGE('',*,*,#2940,.F.);
#1817=ORIENTED_EDGE('',*,*,#2942,.F.);
#1818=ORIENTED_EDGE('',*,*,#2944,.F.);
#1819=ORIENTED_EDGE('',*,*,#2946,.F.);
#1820=ORIENTED_EDGE('',*,*,#2948,.F.);
#1821=ORIENTED_EDGE('',*,*,#2950,.F.);
#1822=ORIENTED_EDGE('',*,*,#2952,.F.);
#1823=ORIENTED_EDGE('',*,*,#2954,.F.);
#1824=ORIENTED_EDGE('',*,*,#2956,.F.);
#1825=ORIENTED_EDGE('',*,*,#2958,.F.);
#1826=ORIENTED_EDGE('',*,*,#2959,.F.);
#1827=ORIENTED_EDGE('',*,*,#2894,.F.);
#1828=ORIENTED_EDGE('',*,*,#2898,.F.);
#1829=ORIENTED_EDGE('',*,*,#2901,.F.);
#1830=ORIENTED_EDGE('',*,*,#2904,.F.);
#1831=ORIENTED_EDGE('',*,*,#2907,.F.);
#1832=ORIENTED_EDGE('',*,*,#2910,.F.);
#1833=ORIENTED_EDGE('',*,*,#2913,.F.);
#1834=ORIENTED_EDGE('',*,*,#2916,.F.);
#1835=ORIENTED_EDGE('',*,*,#2919,.F.);
#1836=ORIENTED_EDGE('',*,*,#2922,.F.);
#1837=ORIENTED_EDGE('',*,*,#2925,.F.);
#1838=ORIENTED_EDGE('',*,*,#2928,.F.);
#1839=ORIENTED_EDGE('',*,*,#2931,.F.);
#1840=ORIENTED_EDGE('',*,*,#2961,.F.);
#1841=ORIENTED_EDGE('',*,*,#2962,.F.);
#1842=ORIENTED_EDGE('',*,*,#2963,.F.);
#1843=ORIENTED_EDGE('',*,*,#2964,.T.);
#1844=ORIENTED_EDGE('',*,*,#2965,.T.);
#1845=ORIENTED_EDGE('',*,*,#2966,.F.);
#1846=ORIENTED_EDGE('',*,*,#2967,.F.);
#1847=ORIENTED_EDGE('',*,*,#2968,.T.);
#1848=ORIENTED_EDGE('',*,*,#2963,.T.);
#1849=ORIENTED_EDGE('',*,*,#2609,.F.);
#1850=ORIENTED_EDGE('',*,*,#2969,.F.);
#1851=ORIENTED_EDGE('',*,*,#2970,.T.);
#1852=ORIENTED_EDGE('',*,*,#2971,.T.);
#1853=ORIENTED_EDGE('',*,*,#2616,.F.);
#1854=ORIENTED_EDGE('',*,*,#2972,.F.);
#1855=ORIENTED_EDGE('',*,*,#2973,.T.);
#1856=ORIENTED_EDGE('',*,*,#2969,.T.);
#1857=ORIENTED_EDGE('',*,*,#2615,.F.);
#1858=ORIENTED_EDGE('',*,*,#2974,.F.);
#1859=ORIENTED_EDGE('',*,*,#2975,.T.);
#1860=ORIENTED_EDGE('',*,*,#2972,.T.);
#1861=ORIENTED_EDGE('',*,*,#2614,.F.);
#1862=ORIENTED_EDGE('',*,*,#2976,.F.);
#1863=ORIENTED_EDGE('',*,*,#2977,.T.);
#1864=ORIENTED_EDGE('',*,*,#2974,.T.);
#1865=ORIENTED_EDGE('',*,*,#2613,.F.);
#1866=ORIENTED_EDGE('',*,*,#2978,.F.);
#1867=ORIENTED_EDGE('',*,*,#2979,.T.);
#1868=ORIENTED_EDGE('',*,*,#2976,.T.);
#1869=ORIENTED_EDGE('',*,*,#2612,.F.);
#1870=ORIENTED_EDGE('',*,*,#2980,.F.);
#1871=ORIENTED_EDGE('',*,*,#2981,.T.);
#1872=ORIENTED_EDGE('',*,*,#2978,.T.);
#1873=ORIENTED_EDGE('',*,*,#2611,.F.);
#1874=ORIENTED_EDGE('',*,*,#2982,.F.);
#1875=ORIENTED_EDGE('',*,*,#2983,.T.);
#1876=ORIENTED_EDGE('',*,*,#2980,.T.);
#1877=ORIENTED_EDGE('',*,*,#2610,.F.);
#1878=ORIENTED_EDGE('',*,*,#2971,.F.);
#1879=ORIENTED_EDGE('',*,*,#2984,.T.);
#1880=ORIENTED_EDGE('',*,*,#2982,.T.);
#1881=ORIENTED_EDGE('',*,*,#2985,.F.);
#1882=ORIENTED_EDGE('',*,*,#2965,.F.);
#1883=ORIENTED_EDGE('',*,*,#2986,.T.);
#1884=ORIENTED_EDGE('',*,*,#2967,.T.);
#1885=ORIENTED_EDGE('',*,*,#2970,.F.);
#1886=ORIENTED_EDGE('',*,*,#2973,.F.);
#1887=ORIENTED_EDGE('',*,*,#2975,.F.);
#1888=ORIENTED_EDGE('',*,*,#2977,.F.);
#1889=ORIENTED_EDGE('',*,*,#2979,.F.);
#1890=ORIENTED_EDGE('',*,*,#2981,.F.);
#1891=ORIENTED_EDGE('',*,*,#2983,.F.);
#1892=ORIENTED_EDGE('',*,*,#2984,.F.);
#1893=ORIENTED_EDGE('',*,*,#2964,.F.);
#1894=ORIENTED_EDGE('',*,*,#2968,.F.);
#1895=ORIENTED_EDGE('',*,*,#2986,.F.);
#1896=ORIENTED_EDGE('',*,*,#2514,.F.);
#1897=ORIENTED_EDGE('',*,*,#2987,.F.);
#1898=ORIENTED_EDGE('',*,*,#2988,.T.);
#1899=ORIENTED_EDGE('',*,*,#2989,.T.);
#1900=ORIENTED_EDGE('',*,*,#2527,.F.);
#1901=ORIENTED_EDGE('',*,*,#2990,.F.);
#1902=ORIENTED_EDGE('',*,*,#2991,.T.);
#1903=ORIENTED_EDGE('',*,*,#2987,.T.);
#1904=ORIENTED_EDGE('',*,*,#2526,.F.);
#1905=ORIENTED_EDGE('',*,*,#2992,.F.);
#1906=ORIENTED_EDGE('',*,*,#2993,.T.);
#1907=ORIENTED_EDGE('',*,*,#2990,.T.);
#1908=ORIENTED_EDGE('',*,*,#2525,.F.);
#1909=ORIENTED_EDGE('',*,*,#2994,.F.);
#1910=ORIENTED_EDGE('',*,*,#2995,.T.);
#1911=ORIENTED_EDGE('',*,*,#2992,.T.);
#1912=ORIENTED_EDGE('',*,*,#2524,.F.);
#1913=ORIENTED_EDGE('',*,*,#2996,.F.);
#1914=ORIENTED_EDGE('',*,*,#2997,.T.);
#1915=ORIENTED_EDGE('',*,*,#2994,.T.);
#1916=ORIENTED_EDGE('',*,*,#2523,.F.);
#1917=ORIENTED_EDGE('',*,*,#2998,.F.);
#1918=ORIENTED_EDGE('',*,*,#2999,.T.);
#1919=ORIENTED_EDGE('',*,*,#2996,.T.);
#1920=ORIENTED_EDGE('',*,*,#2522,.F.);
#1921=ORIENTED_EDGE('',*,*,#3000,.F.);
#1922=ORIENTED_EDGE('',*,*,#3001,.T.);
#1923=ORIENTED_EDGE('',*,*,#2998,.T.);
#1924=ORIENTED_EDGE('',*,*,#2521,.F.);
#1925=ORIENTED_EDGE('',*,*,#3002,.F.);
#1926=ORIENTED_EDGE('',*,*,#3003,.T.);
#1927=ORIENTED_EDGE('',*,*,#3000,.T.);
#1928=ORIENTED_EDGE('',*,*,#2520,.F.);
#1929=ORIENTED_EDGE('',*,*,#3004,.F.);
#1930=ORIENTED_EDGE('',*,*,#3005,.T.);
#1931=ORIENTED_EDGE('',*,*,#3002,.T.);
#1932=ORIENTED_EDGE('',*,*,#2519,.F.);
#1933=ORIENTED_EDGE('',*,*,#3006,.F.);
#1934=ORIENTED_EDGE('',*,*,#3007,.T.);
#1935=ORIENTED_EDGE('',*,*,#3004,.T.);
#1936=ORIENTED_EDGE('',*,*,#2518,.F.);
#1937=ORIENTED_EDGE('',*,*,#3008,.F.);
#1938=ORIENTED_EDGE('',*,*,#3009,.T.);
#1939=ORIENTED_EDGE('',*,*,#3006,.T.);
#1940=ORIENTED_EDGE('',*,*,#2517,.F.);
#1941=ORIENTED_EDGE('',*,*,#3010,.F.);
#1942=ORIENTED_EDGE('',*,*,#3011,.T.);
#1943=ORIENTED_EDGE('',*,*,#3008,.T.);
#1944=ORIENTED_EDGE('',*,*,#2516,.F.);
#1945=ORIENTED_EDGE('',*,*,#3012,.F.);
#1946=ORIENTED_EDGE('',*,*,#3013,.T.);
#1947=ORIENTED_EDGE('',*,*,#3010,.T.);
#1948=ORIENTED_EDGE('',*,*,#2515,.F.);
#1949=ORIENTED_EDGE('',*,*,#2989,.F.);
#1950=ORIENTED_EDGE('',*,*,#3014,.T.);
#1951=ORIENTED_EDGE('',*,*,#3012,.T.);
#1952=ORIENTED_EDGE('',*,*,#2988,.F.);
#1953=ORIENTED_EDGE('',*,*,#2991,.F.);
#1954=ORIENTED_EDGE('',*,*,#2993,.F.);
#1955=ORIENTED_EDGE('',*,*,#2995,.F.);
#1956=ORIENTED_EDGE('',*,*,#2997,.F.);
#1957=ORIENTED_EDGE('',*,*,#2999,.F.);
#1958=ORIENTED_EDGE('',*,*,#3001,.F.);
#1959=ORIENTED_EDGE('',*,*,#3003,.F.);
#1960=ORIENTED_EDGE('',*,*,#3005,.F.);
#1961=ORIENTED_EDGE('',*,*,#3007,.F.);
#1962=ORIENTED_EDGE('',*,*,#3009,.F.);
#1963=ORIENTED_EDGE('',*,*,#3011,.F.);
#1964=ORIENTED_EDGE('',*,*,#3013,.F.);
#1965=ORIENTED_EDGE('',*,*,#3014,.F.);
#1966=ORIENTED_EDGE('',*,*,#2617,.F.);
#1967=ORIENTED_EDGE('',*,*,#3015,.F.);
#1968=ORIENTED_EDGE('',*,*,#3016,.T.);
#1969=ORIENTED_EDGE('',*,*,#3017,.T.);
#1970=ORIENTED_EDGE('',*,*,#2648,.F.);
#1971=ORIENTED_EDGE('',*,*,#3018,.F.);
#1972=ORIENTED_EDGE('',*,*,#3019,.T.);
#1973=ORIENTED_EDGE('',*,*,#3015,.T.);
#1974=ORIENTED_EDGE('',*,*,#2647,.F.);
#1975=ORIENTED_EDGE('',*,*,#3020,.F.);
#1976=ORIENTED_EDGE('',*,*,#3021,.T.);
#1977=ORIENTED_EDGE('',*,*,#3018,.T.);
#1978=ORIENTED_EDGE('',*,*,#2646,.F.);
#1979=ORIENTED_EDGE('',*,*,#3022,.F.);
#1980=ORIENTED_EDGE('',*,*,#3023,.T.);
#1981=ORIENTED_EDGE('',*,*,#3020,.T.);
#1982=ORIENTED_EDGE('',*,*,#2645,.F.);
#1983=ORIENTED_EDGE('',*,*,#3024,.F.);
#1984=ORIENTED_EDGE('',*,*,#3025,.T.);
#1985=ORIENTED_EDGE('',*,*,#3022,.T.);
#1986=ORIENTED_EDGE('',*,*,#2644,.F.);
#1987=ORIENTED_EDGE('',*,*,#3026,.F.);
#1988=ORIENTED_EDGE('',*,*,#3027,.T.);
#1989=ORIENTED_EDGE('',*,*,#3024,.T.);
#1990=ORIENTED_EDGE('',*,*,#2643,.F.);
#1991=ORIENTED_EDGE('',*,*,#3028,.F.);
#1992=ORIENTED_EDGE('',*,*,#3029,.T.);
#1993=ORIENTED_EDGE('',*,*,#3026,.T.);
#1994=ORIENTED_EDGE('',*,*,#2642,.F.);
#1995=ORIENTED_EDGE('',*,*,#3030,.F.);
#1996=ORIENTED_EDGE('',*,*,#3031,.T.);
#1997=ORIENTED_EDGE('',*,*,#3028,.T.);
#1998=ORIENTED_EDGE('',*,*,#2641,.F.);
#1999=ORIENTED_EDGE('',*,*,#3032,.F.);
#2000=ORIENTED_EDGE('',*,*,#3033,.T.);
#2001=ORIENTED_EDGE('',*,*,#3030,.T.);
#2002=ORIENTED_EDGE('',*,*,#2640,.F.);
#2003=ORIENTED_EDGE('',*,*,#3034,.F.);
#2004=ORIENTED_EDGE('',*,*,#3035,.T.);
#2005=ORIENTED_EDGE('',*,*,#3032,.T.);
#2006=ORIENTED_EDGE('',*,*,#2639,.F.);
#2007=ORIENTED_EDGE('',*,*,#3036,.F.);
#2008=ORIENTED_EDGE('',*,*,#3037,.T.);
#2009=ORIENTED_EDGE('',*,*,#3034,.T.);
#2010=ORIENTED_EDGE('',*,*,#2638,.F.);
#2011=ORIENTED_EDGE('',*,*,#3038,.F.);
#2012=ORIENTED_EDGE('',*,*,#3039,.T.);
#2013=ORIENTED_EDGE('',*,*,#3036,.T.);
#2014=ORIENTED_EDGE('',*,*,#2637,.F.);
#2015=ORIENTED_EDGE('',*,*,#3040,.F.);
#2016=ORIENTED_EDGE('',*,*,#3041,.T.);
#2017=ORIENTED_EDGE('',*,*,#3038,.T.);
#2018=ORIENTED_EDGE('',*,*,#2636,.F.);
#2019=ORIENTED_EDGE('',*,*,#3042,.F.);
#2020=ORIENTED_EDGE('',*,*,#3043,.T.);
#2021=ORIENTED_EDGE('',*,*,#3040,.T.);
#2022=ORIENTED_EDGE('',*,*,#2635,.F.);
#2023=ORIENTED_EDGE('',*,*,#3044,.F.);
#2024=ORIENTED_EDGE('',*,*,#3045,.T.);
#2025=ORIENTED_EDGE('',*,*,#3042,.T.);
#2026=ORIENTED_EDGE('',*,*,#2634,.F.);
#2027=ORIENTED_EDGE('',*,*,#3046,.F.);
#2028=ORIENTED_EDGE('',*,*,#3047,.T.);
#2029=ORIENTED_EDGE('',*,*,#3044,.T.);
#2030=ORIENTED_EDGE('',*,*,#2633,.F.);
#2031=ORIENTED_EDGE('',*,*,#3048,.F.);
#2032=ORIENTED_EDGE('',*,*,#3049,.T.);
#2033=ORIENTED_EDGE('',*,*,#3046,.T.);
#2034=ORIENTED_EDGE('',*,*,#2632,.F.);
#2035=ORIENTED_EDGE('',*,*,#3050,.F.);
#2036=ORIENTED_EDGE('',*,*,#3051,.T.);
#2037=ORIENTED_EDGE('',*,*,#3048,.T.);
#2038=ORIENTED_EDGE('',*,*,#2631,.F.);
#2039=ORIENTED_EDGE('',*,*,#3052,.F.);
#2040=ORIENTED_EDGE('',*,*,#3053,.T.);
#2041=ORIENTED_EDGE('',*,*,#3050,.T.);
#2042=ORIENTED_EDGE('',*,*,#2630,.F.);
#2043=ORIENTED_EDGE('',*,*,#3054,.F.);
#2044=ORIENTED_EDGE('',*,*,#3055,.T.);
#2045=ORIENTED_EDGE('',*,*,#3052,.T.);
#2046=ORIENTED_EDGE('',*,*,#2629,.F.);
#2047=ORIENTED_EDGE('',*,*,#3056,.F.);
#2048=ORIENTED_EDGE('',*,*,#3057,.T.);
#2049=ORIENTED_EDGE('',*,*,#3054,.T.);
#2050=ORIENTED_EDGE('',*,*,#2628,.F.);
#2051=ORIENTED_EDGE('',*,*,#3058,.F.);
#2052=ORIENTED_EDGE('',*,*,#3059,.T.);
#2053=ORIENTED_EDGE('',*,*,#3056,.T.);
#2054=ORIENTED_EDGE('',*,*,#2627,.F.);
#2055=ORIENTED_EDGE('',*,*,#3060,.F.);
#2056=ORIENTED_EDGE('',*,*,#3061,.T.);
#2057=ORIENTED_EDGE('',*,*,#3058,.T.);
#2058=ORIENTED_EDGE('',*,*,#2626,.F.);
#2059=ORIENTED_EDGE('',*,*,#3062,.F.);
#2060=ORIENTED_EDGE('',*,*,#3063,.T.);
#2061=ORIENTED_EDGE('',*,*,#3060,.T.);
#2062=ORIENTED_EDGE('',*,*,#2625,.F.);
#2063=ORIENTED_EDGE('',*,*,#3064,.F.);
#2064=ORIENTED_EDGE('',*,*,#3065,.T.);
#2065=ORIENTED_EDGE('',*,*,#3062,.T.);
#2066=ORIENTED_EDGE('',*,*,#2624,.F.);
#2067=ORIENTED_EDGE('',*,*,#3066,.F.);
#2068=ORIENTED_EDGE('',*,*,#3067,.T.);
#2069=ORIENTED_EDGE('',*,*,#3064,.T.);
#2070=ORIENTED_EDGE('',*,*,#2623,.F.);
#2071=ORIENTED_EDGE('',*,*,#3068,.F.);
#2072=ORIENTED_EDGE('',*,*,#3069,.T.);
#2073=ORIENTED_EDGE('',*,*,#3066,.T.);
#2074=ORIENTED_EDGE('',*,*,#2622,.F.);
#2075=ORIENTED_EDGE('',*,*,#3070,.F.);
#2076=ORIENTED_EDGE('',*,*,#3071,.T.);
#2077=ORIENTED_EDGE('',*,*,#3068,.T.);
#2078=ORIENTED_EDGE('',*,*,#2621,.F.);
#2079=ORIENTED_EDGE('',*,*,#3072,.F.);
#2080=ORIENTED_EDGE('',*,*,#3073,.T.);
#2081=ORIENTED_EDGE('',*,*,#3070,.T.);
#2082=ORIENTED_EDGE('',*,*,#2620,.F.);
#2083=ORIENTED_EDGE('',*,*,#3074,.F.);
#2084=ORIENTED_EDGE('',*,*,#3075,.T.);
#2085=ORIENTED_EDGE('',*,*,#3072,.T.);
#2086=ORIENTED_EDGE('',*,*,#2619,.F.);
#2087=ORIENTED_EDGE('',*,*,#3076,.F.);
#2088=ORIENTED_EDGE('',*,*,#3077,.T.);
#2089=ORIENTED_EDGE('',*,*,#3074,.T.);
#2090=ORIENTED_EDGE('',*,*,#2618,.F.);
#2091=ORIENTED_EDGE('',*,*,#3017,.F.);
#2092=ORIENTED_EDGE('',*,*,#3078,.T.);
#2093=ORIENTED_EDGE('',*,*,#3076,.T.);
#2094=ORIENTED_EDGE('',*,*,#3016,.F.);
#2095=ORIENTED_EDGE('',*,*,#3019,.F.);
#2096=ORIENTED_EDGE('',*,*,#3021,.F.);
#2097=ORIENTED_EDGE('',*,*,#3023,.F.);
#2098=ORIENTED_EDGE('',*,*,#3025,.F.);
#2099=ORIENTED_EDGE('',*,*,#3027,.F.);
#2100=ORIENTED_EDGE('',*,*,#3029,.F.);
#2101=ORIENTED_EDGE('',*,*,#3031,.F.);
#2102=ORIENTED_EDGE('',*,*,#3033,.F.);
#2103=ORIENTED_EDGE('',*,*,#3035,.F.);
#2104=ORIENTED_EDGE('',*,*,#3037,.F.);
#2105=ORIENTED_EDGE('',*,*,#3039,.F.);
#2106=ORIENTED_EDGE('',*,*,#3041,.F.);
#2107=ORIENTED_EDGE('',*,*,#3043,.F.);
#2108=ORIENTED_EDGE('',*,*,#3045,.F.);
#2109=ORIENTED_EDGE('',*,*,#3047,.F.);
#2110=ORIENTED_EDGE('',*,*,#3049,.F.);
#2111=ORIENTED_EDGE('',*,*,#3051,.F.);
#2112=ORIENTED_EDGE('',*,*,#3053,.F.);
#2113=ORIENTED_EDGE('',*,*,#3055,.F.);
#2114=ORIENTED_EDGE('',*,*,#3057,.F.);
#2115=ORIENTED_EDGE('',*,*,#3059,.F.);
#2116=ORIENTED_EDGE('',*,*,#3061,.F.);
#2117=ORIENTED_EDGE('',*,*,#3063,.F.);
#2118=ORIENTED_EDGE('',*,*,#3065,.F.);
#2119=ORIENTED_EDGE('',*,*,#3067,.F.);
#2120=ORIENTED_EDGE('',*,*,#3069,.F.);
#2121=ORIENTED_EDGE('',*,*,#3071,.F.);
#2122=ORIENTED_EDGE('',*,*,#3073,.F.);
#2123=ORIENTED_EDGE('',*,*,#3075,.F.);
#2124=ORIENTED_EDGE('',*,*,#3077,.F.);
#2125=ORIENTED_EDGE('',*,*,#3078,.F.);
#2126=ORIENTED_EDGE('',*,*,#2482,.F.);
#2127=ORIENTED_EDGE('',*,*,#3079,.F.);
#2128=ORIENTED_EDGE('',*,*,#3080,.T.);
#2129=ORIENTED_EDGE('',*,*,#3081,.T.);
#2130=ORIENTED_EDGE('',*,*,#2513,.F.);
#2131=ORIENTED_EDGE('',*,*,#3082,.F.);
#2132=ORIENTED_EDGE('',*,*,#3083,.T.);
#2133=ORIENTED_EDGE('',*,*,#3079,.T.);
#2134=ORIENTED_EDGE('',*,*,#2512,.F.);
#2135=ORIENTED_EDGE('',*,*,#3084,.F.);
#2136=ORIENTED_EDGE('',*,*,#3085,.T.);
#2137=ORIENTED_EDGE('',*,*,#3082,.T.);
#2138=ORIENTED_EDGE('',*,*,#2511,.F.);
#2139=ORIENTED_EDGE('',*,*,#3086,.F.);
#2140=ORIENTED_EDGE('',*,*,#3087,.T.);
#2141=ORIENTED_EDGE('',*,*,#3084,.T.);
#2142=ORIENTED_EDGE('',*,*,#2510,.F.);
#2143=ORIENTED_EDGE('',*,*,#3088,.F.);
#2144=ORIENTED_EDGE('',*,*,#3089,.T.);
#2145=ORIENTED_EDGE('',*,*,#3086,.T.);
#2146=ORIENTED_EDGE('',*,*,#2509,.F.);
#2147=ORIENTED_EDGE('',*,*,#3090,.F.);
#2148=ORIENTED_EDGE('',*,*,#3091,.T.);
#2149=ORIENTED_EDGE('',*,*,#3088,.T.);
#2150=ORIENTED_EDGE('',*,*,#2508,.F.);
#2151=ORIENTED_EDGE('',*,*,#3092,.F.);
#2152=ORIENTED_EDGE('',*,*,#3093,.T.);
#2153=ORIENTED_EDGE('',*,*,#3090,.T.);
#2154=ORIENTED_EDGE('',*,*,#2507,.F.);
#2155=ORIENTED_EDGE('',*,*,#3094,.F.);
#2156=ORIENTED_EDGE('',*,*,#3095,.T.);
#2157=ORIENTED_EDGE('',*,*,#3092,.T.);
#2158=ORIENTED_EDGE('',*,*,#2506,.F.);
#2159=ORIENTED_EDGE('',*,*,#3096,.F.);
#2160=ORIENTED_EDGE('',*,*,#3097,.T.);
#2161=ORIENTED_EDGE('',*,*,#3094,.T.);
#2162=ORIENTED_EDGE('',*,*,#2505,.F.);
#2163=ORIENTED_EDGE('',*,*,#3098,.F.);
#2164=ORIENTED_EDGE('',*,*,#3099,.T.);
#2165=ORIENTED_EDGE('',*,*,#3096,.T.);
#2166=ORIENTED_EDGE('',*,*,#2504,.F.);
#2167=ORIENTED_EDGE('',*,*,#3100,.F.);
#2168=ORIENTED_EDGE('',*,*,#3101,.T.);
#2169=ORIENTED_EDGE('',*,*,#3098,.T.);
#2170=ORIENTED_EDGE('',*,*,#2503,.F.);
#2171=ORIENTED_EDGE('',*,*,#3102,.F.);
#2172=ORIENTED_EDGE('',*,*,#3103,.T.);
#2173=ORIENTED_EDGE('',*,*,#3100,.T.);
#2174=ORIENTED_EDGE('',*,*,#2502,.F.);
#2175=ORIENTED_EDGE('',*,*,#3104,.F.);
#2176=ORIENTED_EDGE('',*,*,#3105,.T.);
#2177=ORIENTED_EDGE('',*,*,#3102,.T.);
#2178=ORIENTED_EDGE('',*,*,#2501,.F.);
#2179=ORIENTED_EDGE('',*,*,#3106,.F.);
#2180=ORIENTED_EDGE('',*,*,#3107,.T.);
#2181=ORIENTED_EDGE('',*,*,#3104,.T.);
#2182=ORIENTED_EDGE('',*,*,#2500,.F.);
#2183=ORIENTED_EDGE('',*,*,#3108,.F.);
#2184=ORIENTED_EDGE('',*,*,#3109,.T.);
#2185=ORIENTED_EDGE('',*,*,#3106,.T.);
#2186=ORIENTED_EDGE('',*,*,#2499,.F.);
#2187=ORIENTED_EDGE('',*,*,#3110,.F.);
#2188=ORIENTED_EDGE('',*,*,#3111,.T.);
#2189=ORIENTED_EDGE('',*,*,#3108,.T.);
#2190=ORIENTED_EDGE('',*,*,#2498,.F.);
#2191=ORIENTED_EDGE('',*,*,#3112,.F.);
#2192=ORIENTED_EDGE('',*,*,#3113,.T.);
#2193=ORIENTED_EDGE('',*,*,#3110,.T.);
#2194=ORIENTED_EDGE('',*,*,#2497,.F.);
#2195=ORIENTED_EDGE('',*,*,#3114,.F.);
#2196=ORIENTED_EDGE('',*,*,#3115,.T.);
#2197=ORIENTED_EDGE('',*,*,#3112,.T.);
#2198=ORIENTED_EDGE('',*,*,#2496,.F.);
#2199=ORIENTED_EDGE('',*,*,#3116,.F.);
#2200=ORIENTED_EDGE('',*,*,#3117,.T.);
#2201=ORIENTED_EDGE('',*,*,#3114,.T.);
#2202=ORIENTED_EDGE('',*,*,#2495,.F.);
#2203=ORIENTED_EDGE('',*,*,#3118,.F.);
#2204=ORIENTED_EDGE('',*,*,#3119,.T.);
#2205=ORIENTED_EDGE('',*,*,#3116,.T.);
#2206=ORIENTED_EDGE('',*,*,#2494,.F.);
#2207=ORIENTED_EDGE('',*,*,#3120,.F.);
#2208=ORIENTED_EDGE('',*,*,#3121,.T.);
#2209=ORIENTED_EDGE('',*,*,#3118,.T.);
#2210=ORIENTED_EDGE('',*,*,#2493,.F.);
#2211=ORIENTED_EDGE('',*,*,#3122,.F.);
#2212=ORIENTED_EDGE('',*,*,#3123,.T.);
#2213=ORIENTED_EDGE('',*,*,#3120,.T.);
#2214=ORIENTED_EDGE('',*,*,#2492,.F.);
#2215=ORIENTED_EDGE('',*,*,#3124,.F.);
#2216=ORIENTED_EDGE('',*,*,#3125,.T.);
#2217=ORIENTED_EDGE('',*,*,#3122,.T.);
#2218=ORIENTED_EDGE('',*,*,#2491,.F.);
#2219=ORIENTED_EDGE('',*,*,#3126,.F.);
#2220=ORIENTED_EDGE('',*,*,#3127,.T.);
#2221=ORIENTED_EDGE('',*,*,#3124,.T.);
#2222=ORIENTED_EDGE('',*,*,#2490,.F.);
#2223=ORIENTED_EDGE('',*,*,#3128,.F.);
#2224=ORIENTED_EDGE('',*,*,#3129,.T.);
#2225=ORIENTED_EDGE('',*,*,#3126,.T.);
#2226=ORIENTED_EDGE('',*,*,#2489,.F.);
#2227=ORIENTED_EDGE('',*,*,#3130,.F.);
#2228=ORIENTED_EDGE('',*,*,#3131,.T.);
#2229=ORIENTED_EDGE('',*,*,#3128,.T.);
#2230=ORIENTED_EDGE('',*,*,#2488,.F.);
#2231=ORIENTED_EDGE('',*,*,#3132,.F.);
#2232=ORIENTED_EDGE('',*,*,#3133,.T.);
#2233=ORIENTED_EDGE('',*,*,#3130,.T.);
#2234=ORIENTED_EDGE('',*,*,#2487,.F.);
#2235=ORIENTED_EDGE('',*,*,#3134,.F.);
#2236=ORIENTED_EDGE('',*,*,#3135,.T.);
#2237=ORIENTED_EDGE('',*,*,#3132,.T.);
#2238=ORIENTED_EDGE('',*,*,#2486,.F.);
#2239=ORIENTED_EDGE('',*,*,#3136,.F.);
#2240=ORIENTED_EDGE('',*,*,#3137,.T.);
#2241=ORIENTED_EDGE('',*,*,#3134,.T.);
#2242=ORIENTED_EDGE('',*,*,#2485,.F.);
#2243=ORIENTED_EDGE('',*,*,#3138,.F.);
#2244=ORIENTED_EDGE('',*,*,#3139,.T.);
#2245=ORIENTED_EDGE('',*,*,#3136,.T.);
#2246=ORIENTED_EDGE('',*,*,#2484,.F.);
#2247=ORIENTED_EDGE('',*,*,#3140,.F.);
#2248=ORIENTED_EDGE('',*,*,#3141,.T.);
#2249=ORIENTED_EDGE('',*,*,#3138,.T.);
#2250=ORIENTED_EDGE('',*,*,#2483,.F.);
#2251=ORIENTED_EDGE('',*,*,#3081,.F.);
#2252=ORIENTED_EDGE('',*,*,#3142,.T.);
#2253=ORIENTED_EDGE('',*,*,#3140,.T.);
#2254=ORIENTED_EDGE('',*,*,#3080,.F.);
#2255=ORIENTED_EDGE('',*,*,#3083,.F.);
#2256=ORIENTED_EDGE('',*,*,#3085,.F.);
#2257=ORIENTED_EDGE('',*,*,#3087,.F.);
#2258=ORIENTED_EDGE('',*,*,#3089,.F.);
#2259=ORIENTED_EDGE('',*,*,#3091,.F.);
#2260=ORIENTED_EDGE('',*,*,#3093,.F.);
#2261=ORIENTED_EDGE('',*,*,#3095,.F.);
#2262=ORIENTED_EDGE('',*,*,#3097,.F.);
#2263=ORIENTED_EDGE('',*,*,#3099,.F.);
#2264=ORIENTED_EDGE('',*,*,#3101,.F.);
#2265=ORIENTED_EDGE('',*,*,#3103,.F.);
#2266=ORIENTED_EDGE('',*,*,#3105,.F.);
#2267=ORIENTED_EDGE('',*,*,#3107,.F.);
#2268=ORIENTED_EDGE('',*,*,#3109,.F.);
#2269=ORIENTED_EDGE('',*,*,#3111,.F.);
#2270=ORIENTED_EDGE('',*,*,#3113,.F.);
#2271=ORIENTED_EDGE('',*,*,#3115,.F.);
#2272=ORIENTED_EDGE('',*,*,#3117,.F.);
#2273=ORIENTED_EDGE('',*,*,#3119,.F.);
#2274=ORIENTED_EDGE('',*,*,#3121,.F.);
#2275=ORIENTED_EDGE('',*,*,#3123,.F.);
#2276=ORIENTED_EDGE('',*,*,#3125,.F.);
#2277=ORIENTED_EDGE('',*,*,#3127,.F.);
#2278=ORIENTED_EDGE('',*,*,#3129,.F.);
#2279=ORIENTED_EDGE('',*,*,#3131,.F.);
#2280=ORIENTED_EDGE('',*,*,#3133,.F.);
#2281=ORIENTED_EDGE('',*,*,#3135,.F.);
#2282=ORIENTED_EDGE('',*,*,#3137,.F.);
#2283=ORIENTED_EDGE('',*,*,#3139,.F.);
#2284=ORIENTED_EDGE('',*,*,#3141,.F.);
#2285=ORIENTED_EDGE('',*,*,#3142,.F.);
#2286=ORIENTED_EDGE('',*,*,#2649,.F.);
#2287=ORIENTED_EDGE('',*,*,#3143,.F.);
#2288=ORIENTED_EDGE('',*,*,#3144,.T.);
#2289=ORIENTED_EDGE('',*,*,#3145,.T.);
#2290=ORIENTED_EDGE('',*,*,#2676,.F.);
#2291=ORIENTED_EDGE('',*,*,#3146,.F.);
#2292=ORIENTED_EDGE('',*,*,#3147,.T.);
#2293=ORIENTED_EDGE('',*,*,#3143,.T.);
#2294=ORIENTED_EDGE('',*,*,#2675,.F.);
#2295=ORIENTED_EDGE('',*,*,#3148,.F.);
#2296=ORIENTED_EDGE('',*,*,#3149,.T.);
#2297=ORIENTED_EDGE('',*,*,#3146,.T.);
#2298=ORIENTED_EDGE('',*,*,#2674,.F.);
#2299=ORIENTED_EDGE('',*,*,#3150,.F.);
#2300=ORIENTED_EDGE('',*,*,#3151,.T.);
#2301=ORIENTED_EDGE('',*,*,#3148,.T.);
#2302=ORIENTED_EDGE('',*,*,#2673,.F.);
#2303=ORIENTED_EDGE('',*,*,#3152,.F.);
#2304=ORIENTED_EDGE('',*,*,#3153,.T.);
#2305=ORIENTED_EDGE('',*,*,#3150,.T.);
#2306=ORIENTED_EDGE('',*,*,#2672,.F.);
#2307=ORIENTED_EDGE('',*,*,#3154,.F.);
#2308=ORIENTED_EDGE('',*,*,#3155,.T.);
#2309=ORIENTED_EDGE('',*,*,#3152,.T.);
#2310=ORIENTED_EDGE('',*,*,#2671,.F.);
#2311=ORIENTED_EDGE('',*,*,#3156,.F.);
#2312=ORIENTED_EDGE('',*,*,#3157,.T.);
#2313=ORIENTED_EDGE('',*,*,#3154,.T.);
#2314=ORIENTED_EDGE('',*,*,#2670,.F.);
#2315=ORIENTED_EDGE('',*,*,#3158,.F.);
#2316=ORIENTED_EDGE('',*,*,#3159,.T.);
#2317=ORIENTED_EDGE('',*,*,#3156,.T.);
#2318=ORIENTED_EDGE('',*,*,#2669,.F.);
#2319=ORIENTED_EDGE('',*,*,#3160,.F.);
#2320=ORIENTED_EDGE('',*,*,#3161,.T.);
#2321=ORIENTED_EDGE('',*,*,#3158,.T.);
#2322=ORIENTED_EDGE('',*,*,#2668,.F.);
#2323=ORIENTED_EDGE('',*,*,#3162,.F.);
#2324=ORIENTED_EDGE('',*,*,#3163,.T.);
#2325=ORIENTED_EDGE('',*,*,#3160,.T.);
#2326=ORIENTED_EDGE('',*,*,#2667,.F.);
#2327=ORIENTED_EDGE('',*,*,#3164,.F.);
#2328=ORIENTED_EDGE('',*,*,#3165,.T.);
#2329=ORIENTED_EDGE('',*,*,#3162,.T.);
#2330=ORIENTED_EDGE('',*,*,#2666,.F.);
#2331=ORIENTED_EDGE('',*,*,#3166,.F.);
#2332=ORIENTED_EDGE('',*,*,#3167,.T.);
#2333=ORIENTED_EDGE('',*,*,#3164,.T.);
#2334=ORIENTED_EDGE('',*,*,#2665,.F.);
#2335=ORIENTED_EDGE('',*,*,#3168,.F.);
#2336=ORIENTED_EDGE('',*,*,#3169,.T.);
#2337=ORIENTED_EDGE('',*,*,#3166,.T.);
#2338=ORIENTED_EDGE('',*,*,#2664,.F.);
#2339=ORIENTED_EDGE('',*,*,#3170,.F.);
#2340=ORIENTED_EDGE('',*,*,#3171,.T.);
#2341=ORIENTED_EDGE('',*,*,#3168,.T.);
#2342=ORIENTED_EDGE('',*,*,#2663,.F.);
#2343=ORIENTED_EDGE('',*,*,#3172,.F.);
#2344=ORIENTED_EDGE('',*,*,#3173,.T.);
#2345=ORIENTED_EDGE('',*,*,#3170,.T.);
#2346=ORIENTED_EDGE('',*,*,#2662,.F.);
#2347=ORIENTED_EDGE('',*,*,#3174,.F.);
#2348=ORIENTED_EDGE('',*,*,#3175,.T.);
#2349=ORIENTED_EDGE('',*,*,#3172,.T.);
#2350=ORIENTED_EDGE('',*,*,#2661,.F.);
#2351=ORIENTED_EDGE('',*,*,#3176,.F.);
#2352=ORIENTED_EDGE('',*,*,#3177,.T.);
#2353=ORIENTED_EDGE('',*,*,#3174,.T.);
#2354=ORIENTED_EDGE('',*,*,#2660,.F.);
#2355=ORIENTED_EDGE('',*,*,#3178,.F.);
#2356=ORIENTED_EDGE('',*,*,#3179,.T.);
#2357=ORIENTED_EDGE('',*,*,#3176,.T.);
#2358=ORIENTED_EDGE('',*,*,#2659,.F.);
#2359=ORIENTED_EDGE('',*,*,#3180,.F.);
#2360=ORIENTED_EDGE('',*,*,#3181,.T.);
#2361=ORIENTED_EDGE('',*,*,#3178,.T.);
#2362=ORIENTED_EDGE('',*,*,#2658,.F.);
#2363=ORIENTED_EDGE('',*,*,#3182,.F.);
#2364=ORIENTED_EDGE('',*,*,#3183,.T.);
#2365=ORIENTED_EDGE('',*,*,#3180,.T.);
#2366=ORIENTED_EDGE('',*,*,#2657,.F.);
#2367=ORIENTED_EDGE('',*,*,#3184,.F.);
#2368=ORIENTED_EDGE('',*,*,#3185,.T.);
#2369=ORIENTED_EDGE('',*,*,#3182,.T.);
#2370=ORIENTED_EDGE('',*,*,#2656,.F.);
#2371=ORIENTED_EDGE('',*,*,#3186,.F.);
#2372=ORIENTED_EDGE('',*,*,#3187,.T.);
#2373=ORIENTED_EDGE('',*,*,#3184,.T.);
#2374=ORIENTED_EDGE('',*,*,#2655,.F.);
#2375=ORIENTED_EDGE('',*,*,#3188,.F.);
#2376=ORIENTED_EDGE('',*,*,#3189,.T.);
#2377=ORIENTED_EDGE('',*,*,#3186,.T.);
#2378=ORIENTED_EDGE('',*,*,#2654,.F.);
#2379=ORIENTED_EDGE('',*,*,#3190,.F.);
#2380=ORIENTED_EDGE('',*,*,#3191,.T.);
#2381=ORIENTED_EDGE('',*,*,#3188,.T.);
#2382=ORIENTED_EDGE('',*,*,#2653,.F.);
#2383=ORIENTED_EDGE('',*,*,#3192,.F.);
#2384=ORIENTED_EDGE('',*,*,#3193,.T.);
#2385=ORIENTED_EDGE('',*,*,#3190,.T.);
#2386=ORIENTED_EDGE('',*,*,#2652,.F.);
#2387=ORIENTED_EDGE('',*,*,#3194,.F.);
#2388=ORIENTED_EDGE('',*,*,#3195,.T.);
#2389=ORIENTED_EDGE('',*,*,#3192,.T.);
#2390=ORIENTED_EDGE('',*,*,#2651,.F.);
#2391=ORIENTED_EDGE('',*,*,#3196,.F.);
#2392=ORIENTED_EDGE('',*,*,#3197,.T.);
#2393=ORIENTED_EDGE('',*,*,#3194,.T.);
#2394=ORIENTED_EDGE('',*,*,#2650,.F.);
#2395=ORIENTED_EDGE('',*,*,#3145,.F.);
#2396=ORIENTED_EDGE('',*,*,#3198,.T.);
#2397=ORIENTED_EDGE('',*,*,#3196,.T.);
#2398=ORIENTED_EDGE('',*,*,#3144,.F.);
#2399=ORIENTED_EDGE('',*,*,#3147,.F.);
#2400=ORIENTED_EDGE('',*,*,#3149,.F.);
#2401=ORIENTED_EDGE('',*,*,#3151,.F.);
#2402=ORIENTED_EDGE('',*,*,#3153,.F.);
#2403=ORIENTED_EDGE('',*,*,#3155,.F.);
#2404=ORIENTED_EDGE('',*,*,#3157,.F.);
#2405=ORIENTED_EDGE('',*,*,#3159,.F.);
#2406=ORIENTED_EDGE('',*,*,#3161,.F.);
#2407=ORIENTED_EDGE('',*,*,#3163,.F.);
#2408=ORIENTED_EDGE('',*,*,#3165,.F.);
#2409=ORIENTED_EDGE('',*,*,#3167,.F.);
#2410=ORIENTED_EDGE('',*,*,#3169,.F.);
#2411=ORIENTED_EDGE('',*,*,#3171,.F.);
#2412=ORIENTED_EDGE('',*,*,#3173,.F.);
#2413=ORIENTED_EDGE('',*,*,#3175,.F.);
#2414=ORIENTED_EDGE('',*,*,#3177,.F.);
#2415=ORIENTED_EDGE('',*,*,#3179,.F.);
#2416=ORIENTED_EDGE('',*,*,#3181,.F.);
#2417=ORIENTED_EDGE('',*,*,#3183,.F.);
#2418=ORIENTED_EDGE('',*,*,#3185,.F.);
#2419=ORIENTED_EDGE('',*,*,#3187,.F.);
#2420=ORIENTED_EDGE('',*,*,#3189,.F.);
#2421=ORIENTED_EDGE('',*,*,#3191,.F.);
#2422=ORIENTED_EDGE('',*,*,#3193,.F.);
#2423=ORIENTED_EDGE('',*,*,#3195,.F.);
#2424=ORIENTED_EDGE('',*,*,#3197,.F.);
#2425=ORIENTED_EDGE('',*,*,#3198,.F.);
#2426=ORIENTED_EDGE('',*,*,#2747,.T.);
#2427=ORIENTED_EDGE('',*,*,#2820,.T.);
#2428=ORIENTED_EDGE('',*,*,#2769,.T.);
#2429=ORIENTED_EDGE('',*,*,#2766,.T.);
#2430=ORIENTED_EDGE('',*,*,#2763,.T.);
#2431=ORIENTED_EDGE('',*,*,#2760,.T.);
#2432=ORIENTED_EDGE('',*,*,#2757,.T.);
#2433=ORIENTED_EDGE('',*,*,#2754,.T.);
#2434=ORIENTED_EDGE('',*,*,#2751,.T.);
#2435=ORIENTED_EDGE('',*,*,#2822,.T.);
#2436=ORIENTED_EDGE('',*,*,#2890,.T.);
#2437=ORIENTED_EDGE('',*,*,#2859,.T.);
#2438=ORIENTED_EDGE('',*,*,#2856,.T.);
#2439=ORIENTED_EDGE('',*,*,#2853,.T.);
#2440=ORIENTED_EDGE('',*,*,#2850,.T.);
#2441=ORIENTED_EDGE('',*,*,#2847,.T.);
#2442=ORIENTED_EDGE('',*,*,#2844,.T.);
#2443=ORIENTED_EDGE('',*,*,#2841,.T.);
#2444=ORIENTED_EDGE('',*,*,#2838,.T.);
#2445=ORIENTED_EDGE('',*,*,#2835,.T.);
#2446=ORIENTED_EDGE('',*,*,#2832,.T.);
#2447=ORIENTED_EDGE('',*,*,#2829,.T.);
#2448=ORIENTED_EDGE('',*,*,#2826,.T.);
#2449=ORIENTED_EDGE('',*,*,#2892,.T.);
#2450=ORIENTED_EDGE('',*,*,#2960,.T.);
#2451=ORIENTED_EDGE('',*,*,#2929,.T.);
#2452=ORIENTED_EDGE('',*,*,#2926,.T.);
#2453=ORIENTED_EDGE('',*,*,#2923,.T.);
#2454=ORIENTED_EDGE('',*,*,#2920,.T.);
#2455=ORIENTED_EDGE('',*,*,#2917,.T.);
#2456=ORIENTED_EDGE('',*,*,#2914,.T.);
#2457=ORIENTED_EDGE('',*,*,#2911,.T.);
#2458=ORIENTED_EDGE('',*,*,#2908,.T.);
#2459=ORIENTED_EDGE('',*,*,#2905,.T.);
#2460=ORIENTED_EDGE('',*,*,#2902,.T.);
#2461=ORIENTED_EDGE('',*,*,#2899,.T.);
#2462=ORIENTED_EDGE('',*,*,#2896,.T.);
#2463=ORIENTED_EDGE('',*,*,#2962,.T.);
#2464=ORIENTED_EDGE('',*,*,#2985,.T.);
#2465=ORIENTED_EDGE('',*,*,#2966,.T.);
#2466=ORIENTED_EDGE('',*,*,#2701,.F.);
#2467=ORIENTED_EDGE('',*,*,#2698,.F.);
#2468=ORIENTED_EDGE('',*,*,#2567,.F.);
#2469=ORIENTED_EDGE('',*,*,#2690,.F.);
#2470=ORIENTED_EDGE('',*,*,#2702,.F.);
#2471=ORIENTED_EDGE('',*,*,#2691,.F.);
#2472=ORIENTED_EDGE('',*,*,#2573,.F.);
#2473=ORIENTED_EDGE('',*,*,#2693,.F.);
#2474=ORIENTED_EDGE('',*,*,#2703,.F.);
#2475=ORIENTED_EDGE('',*,*,#2694,.F.);
#2476=ORIENTED_EDGE('',*,*,#2571,.F.);
#2477=ORIENTED_EDGE('',*,*,#2696,.F.);
#2478=ORIENTED_EDGE('',*,*,#2704,.F.);
#2479=ORIENTED_EDGE('',*,*,#2697,.F.);
#2480=ORIENTED_EDGE('',*,*,#2569,.F.);
#2481=ORIENTED_EDGE('',*,*,#2700,.F.);
#2482=EDGE_CURVE('',#3199,#3200,#3677,.T.);
#2483=EDGE_CURVE('',#3200,#3201,#3678,.T.);
#2484=EDGE_CURVE('',#3201,#3202,#254,.T.);
#2485=EDGE_CURVE('',#3202,#3203,#3679,.T.);
#2486=EDGE_CURVE('',#3203,#3204,#3680,.T.);
#2487=EDGE_CURVE('',#3204,#3205,#3681,.T.);
#2488=EDGE_CURVE('',#3205,#3206,#3682,.T.);
#2489=EDGE_CURVE('',#3206,#3207,#172,.T.);
#2490=EDGE_CURVE('',#3207,#3208,#3683,.T.);
#2491=EDGE_CURVE('',#3208,#3209,#255,.T.);
#2492=EDGE_CURVE('',#3209,#3210,#173,.F.);
#2493=EDGE_CURVE('',#3210,#3211,#3684,.T.);
#2494=EDGE_CURVE('',#3211,#3212,#3685,.T.);
#2495=EDGE_CURVE('',#3212,#3213,#174,.F.);
#2496=EDGE_CURVE('',#3213,#3214,#3686,.T.);
#2497=EDGE_CURVE('',#3214,#3215,#3687,.T.);
#2498=EDGE_CURVE('',#3215,#3216,#3688,.T.);
#2499=EDGE_CURVE('',#3216,#3217,#256,.T.);
#2500=EDGE_CURVE('',#3217,#3218,#175,.T.);
#2501=EDGE_CURVE('',#3218,#3219,#3689,.T.);
#2502=EDGE_CURVE('',#3219,#3220,#3690,.T.);
#2503=EDGE_CURVE('',#3220,#3221,#3691,.T.);
#2504=EDGE_CURVE('',#3221,#3222,#176,.T.);
#2505=EDGE_CURVE('',#3222,#3223,#177,.T.);
#2506=EDGE_CURVE('',#3223,#3224,#3692,.T.);
#2507=EDGE_CURVE('',#3224,#3225,#257,.T.);
#2508=EDGE_CURVE('',#3225,#3226,#178,.F.);
#2509=EDGE_CURVE('',#3226,#3227,#179,.F.);
#2510=EDGE_CURVE('',#3227,#3228,#3693,.T.);
#2511=EDGE_CURVE('',#3228,#3229,#3694,.T.);
#2512=EDGE_CURVE('',#3229,#3230,#180,.F.);
#2513=EDGE_CURVE('',#3230,#3199,#3695,.T.);
#2514=EDGE_CURVE('',#3231,#3232,#258,.T.);
#2515=EDGE_CURVE('',#3232,#3233,#259,.T.);
#2516=EDGE_CURVE('',#3233,#3234,#260,.T.);
#2517=EDGE_CURVE('',#3234,#3235,#3696,.T.);
#2518=EDGE_CURVE('',#3235,#3236,#3697,.T.);
#2519=EDGE_CURVE('',#3236,#3237,#261,.T.);
#2520=EDGE_CURVE('',#3237,#3238,#181,.F.);
#2521=EDGE_CURVE('',#3238,#3239,#262,.T.);
#2522=EDGE_CURVE('',#3239,#3240,#182,.T.);
#2523=EDGE_CURVE('',#3240,#3241,#183,.T.);
#2524=EDGE_CURVE('',#3241,#3242,#184,.T.);
#2525=EDGE_CURVE('',#3242,#3243,#3698,.T.);
#2526=EDGE_CURVE('',#3243,#3244,#263,.T.);
#2527=EDGE_CURVE('',#3244,#3231,#264,.T.);
#2528=EDGE_CURVE('',#3245,#3246,#3699,.T.);
#2529=EDGE_CURVE('',#3246,#3247,#3700,.T.);
#2530=EDGE_CURVE('',#3247,#3248,#3701,.T.);
#2531=EDGE_CURVE('',#3248,#3249,#265,.T.);
#2532=EDGE_CURVE('',#3249,#3250,#3702,.T.);
#2533=EDGE_CURVE('',#3250,#3251,#3703,.T.);
#2534=EDGE_CURVE('',#3251,#3252,#3704,.T.);
#2535=EDGE_CURVE('',#3252,#3253,#3705,.T.);
#2536=EDGE_CURVE('',#3253,#3254,#3706,.T.);
#2537=EDGE_CURVE('',#3254,#3255,#3707,.T.);
#2538=EDGE_CURVE('',#3255,#3256,#266,.T.);
#2539=EDGE_CURVE('',#3256,#3257,#3708,.T.);
#2540=EDGE_CURVE('',#3257,#3258,#3709,.T.);
#2541=EDGE_CURVE('',#3258,#3245,#3710,.T.);
#2542=EDGE_CURVE('',#3259,#3260,#3711,.T.);
#2543=EDGE_CURVE('',#3260,#3261,#3712,.T.);
#2544=EDGE_CURVE('',#3261,#3262,#3713,.T.);
#2545=EDGE_CURVE('',#3262,#3263,#267,.T.);
#2546=EDGE_CURVE('',#3263,#3264,#3714,.T.);
#2547=EDGE_CURVE('',#3264,#3265,#3715,.T.);
#2548=EDGE_CURVE('',#3265,#3266,#3716,.T.);
#2549=EDGE_CURVE('',#3266,#3267,#3717,.T.);
#2550=EDGE_CURVE('',#3267,#3268,#3718,.T.);
#2551=EDGE_CURVE('',#3268,#3269,#3719,.T.);
#2552=EDGE_CURVE('',#3269,#3270,#268,.T.);
#2553=EDGE_CURVE('',#3270,#3271,#269,.T.);
#2554=EDGE_CURVE('',#3271,#3272,#270,.T.);
#2555=EDGE_CURVE('',#3272,#3273,#3720,.T.);
#2556=EDGE_CURVE('',#3273,#3274,#3721,.T.);
#2557=EDGE_CURVE('',#3274,#3275,#3722,.T.);
#2558=EDGE_CURVE('',#3275,#3276,#3723,.T.);
#2559=EDGE_CURVE('',#3276,#3277,#3724,.T.);
#2560=EDGE_CURVE('',#3277,#3278,#185,.T.);
#2561=EDGE_CURVE('',#3278,#3279,#271,.T.);
#2562=EDGE_CURVE('',#3279,#3280,#272,.T.);
#2563=EDGE_CURVE('',#3280,#3281,#273,.T.);
#2564=EDGE_CURVE('',#3281,#3282,#3725,.T.);
#2565=EDGE_CURVE('',#3282,#3259,#3726,.T.);
#2566=EDGE_CURVE('',#3283,#3284,#274,.T.);
#2567=EDGE_CURVE('',#3284,#3285,#186,.F.);
#2568=EDGE_CURVE('',#3285,#3286,#275,.T.);
#2569=EDGE_CURVE('',#3286,#3287,#187,.F.);
#2570=EDGE_CURVE('',#3288,#3287,#276,.T.);
#2571=EDGE_CURVE('',#3288,#3289,#188,.F.);
#2572=EDGE_CURVE('',#3290,#3289,#277,.T.);
#2573=EDGE_CURVE('',#3290,#3283,#189,.F.);
#2574=EDGE_CURVE('',#3291,#3292,#3727,.T.);
#2575=EDGE_CURVE('',#3292,#3293,#190,.F.);
#2576=EDGE_CURVE('',#3293,#3294,#3728,.T.);
#2577=EDGE_CURVE('',#3294,#3295,#278,.T.);
#2578=EDGE_CURVE('',#3295,#3296,#279,.T.);
#2579=EDGE_CURVE('',#3296,#3297,#280,.T.);
#2580=EDGE_CURVE('',#3297,#3298,#281,.T.);
#2581=EDGE_CURVE('',#3298,#3299,#282,.T.);
#2582=EDGE_CURVE('',#3299,#3300,#283,.T.);
#2583=EDGE_CURVE('',#3300,#3301,#284,.T.);
#2584=EDGE_CURVE('',#3301,#3302,#285,.T.);
#2585=EDGE_CURVE('',#3302,#3303,#286,.T.);
#2586=EDGE_CURVE('',#3303,#3304,#287,.T.);
#2587=EDGE_CURVE('',#3304,#3305,#288,.T.);
#2588=EDGE_CURVE('',#3305,#3306,#3729,.T.);
#2589=EDGE_CURVE('',#3306,#3307,#3730,.T.);
#2590=EDGE_CURVE('',#3307,#3308,#191,.T.);
#2591=EDGE_CURVE('',#3308,#3309,#192,.T.);
#2592=EDGE_CURVE('',#3309,#3310,#289,.T.);
#2593=EDGE_CURVE('',#3310,#3311,#193,.F.);
#2594=EDGE_CURVE('',#3311,#3291,#194,.F.);
#2595=EDGE_CURVE('',#3312,#3313,#3731,.T.);
#2596=EDGE_CURVE('',#3313,#3314,#3732,.T.);
#2597=EDGE_CURVE('',#3314,#3315,#3733,.T.);
#2598=EDGE_CURVE('',#3315,#3316,#290,.T.);
#2599=EDGE_CURVE('',#3316,#3317,#3734,.T.);
#2600=EDGE_CURVE('',#3317,#3318,#3735,.T.);
#2601=EDGE_CURVE('',#3318,#3319,#3736,.T.);
#2602=EDGE_CURVE('',#3319,#3320,#3737,.T.);
#2603=EDGE_CURVE('',#3320,#3321,#3738,.T.);
#2604=EDGE_CURVE('',#3321,#3322,#3739,.T.);
#2605=EDGE_CURVE('',#3322,#3323,#291,.T.);
#2606=EDGE_CURVE('',#3323,#3324,#3740,.T.);
#2607=EDGE_CURVE('',#3324,#3325,#3741,.T.);
#2608=EDGE_CURVE('',#3325,#3312,#3742,.T.);
#2609=EDGE_CURVE('',#3326,#3327,#292,.T.);
#2610=EDGE_CURVE('',#3327,#3328,#293,.T.);
#2611=EDGE_CURVE('',#3328,#3329,#294,.T.);
#2612=EDGE_CURVE('',#3329,#3330,#295,.T.);
#2613=EDGE_CURVE('',#3330,#3331,#296,.T.);
#2614=EDGE_CURVE('',#3331,#3332,#297,.T.);
#2615=EDGE_CURVE('',#3332,#3333,#298,.T.);
#2616=EDGE_CURVE('',#3333,#3326,#299,.T.);
#2617=EDGE_CURVE('',#3334,#3335,#3743,.T.);
#2618=EDGE_CURVE('',#3335,#3336,#3744,.T.);
#2619=EDGE_CURVE('',#3336,#3337,#3745,.T.);
#2620=EDGE_CURVE('',#3337,#3338,#300,.T.);
#2621=EDGE_CURVE('',#3338,#3339,#3746,.T.);
#2622=EDGE_CURVE('',#3339,#3340,#3747,.T.);
#2623=EDGE_CURVE('',#3340,#3341,#3748,.T.);
#2624=EDGE_CURVE('',#3341,#3342,#3749,.T.);
#2625=EDGE_CURVE('',#3342,#3343,#3750,.T.);
#2626=EDGE_CURVE('',#3343,#3344,#3751,.T.);
#2627=EDGE_CURVE('',#3344,#3345,#301,.T.);
#2628=EDGE_CURVE('',#3345,#3346,#302,.T.);
#2629=EDGE_CURVE('',#3346,#3347,#303,.T.);
#2630=EDGE_CURVE('',#3347,#3348,#195,.T.);
#2631=EDGE_CURVE('',#3348,#3349,#3752,.T.);
#2632=EDGE_CURVE('',#3349,#3350,#3753,.T.);
#2633=EDGE_CURVE('',#3350,#3351,#3754,.T.);
#2634=EDGE_CURVE('',#3351,#3352,#3755,.T.);
#2635=EDGE_CURVE('',#3352,#3353,#196,.T.);
#2636=EDGE_CURVE('',#3353,#3354,#304,.T.);
#2637=EDGE_CURVE('',#3354,#3355,#3756,.T.);
#2638=EDGE_CURVE('',#3355,#3356,#3757,.T.);
#2639=EDGE_CURVE('',#3356,#3357,#3758,.T.);
#2640=EDGE_CURVE('',#3357,#3358,#3759,.T.);
#2641=EDGE_CURVE('',#3358,#3359,#3760,.T.);
#2642=EDGE_CURVE('',#3359,#3360,#197,.T.);
#2643=EDGE_CURVE('',#3360,#3361,#305,.T.);
#2644=EDGE_CURVE('',#3361,#3362,#306,.T.);
#2645=EDGE_CURVE('',#3362,#3363,#307,.T.);
#2646=EDGE_CURVE('',#3363,#3364,#3761,.T.);
#2647=EDGE_CURVE('',#3364,#3365,#3762,.T.);
#2648=EDGE_CURVE('',#3365,#3334,#3763,.T.);
#2649=EDGE_CURVE('',#3366,#3367,#308,.T.);
#2650=EDGE_CURVE('',#3367,#3368,#309,.T.);
#2651=EDGE_CURVE('',#3368,#3369,#310,.T.);
#2652=EDGE_CURVE('',#3369,#3370,#3764,.T.);
#2653=EDGE_CURVE('',#3370,#3371,#198,.F.);
#2654=EDGE_CURVE('',#3371,#3372,#199,.F.);
#2655=EDGE_CURVE('',#3372,#3373,#3765,.T.);
#2656=EDGE_CURVE('',#3373,#3374,#3766,.T.);
#2657=EDGE_CURVE('',#3374,#3375,#200,.F.);
#2658=EDGE_CURVE('',#3375,#3376,#201,.F.);
#2659=EDGE_CURVE('',#3376,#3377,#3767,.T.);
#2660=EDGE_CURVE('',#3377,#3378,#3768,.T.);
#2661=EDGE_CURVE('',#3378,#3379,#311,.T.);
#2662=EDGE_CURVE('',#3379,#3380,#312,.T.);
#2663=EDGE_CURVE('',#3380,#3381,#313,.T.);
#2664=EDGE_CURVE('',#3381,#3382,#3769,.T.);
#2665=EDGE_CURVE('',#3382,#3383,#3770,.T.);
#2666=EDGE_CURVE('',#3383,#3384,#3771,.T.);
#2667=EDGE_CURVE('',#3384,#3385,#202,.T.);
#2668=EDGE_CURVE('',#3385,#3386,#314,.T.);
#2669=EDGE_CURVE('',#3386,#3387,#315,.T.);
#2670=EDGE_CURVE('',#3387,#3388,#316,.T.);
#2671=EDGE_CURVE('',#3388,#3389,#3772,.T.);
#2672=EDGE_CURVE('',#3389,#3390,#3773,.T.);
#2673=EDGE_CURVE('',#3390,#3391,#3774,.T.);
#2674=EDGE_CURVE('',#3391,#3392,#203,.T.);
#2675=EDGE_CURVE('',#3392,#3393,#317,.T.);
#2676=EDGE_CURVE('',#3393,#3366,#318,.T.);
#2677=EDGE_CURVE('',#3394,#3395,#319,.T.);
#2678=EDGE_CURVE('',#3396,#3394,#320,.T.);
#2679=EDGE_CURVE('',#3396,#3397,#321,.T.);
#2680=EDGE_CURVE('',#3397,#3395,#322,.T.);
#2681=EDGE_CURVE('',#3394,#3398,#323,.T.);
#2682=EDGE_CURVE('',#3399,#3398,#324,.T.);
#2683=EDGE_CURVE('',#3396,#3399,#325,.T.);
#2684=EDGE_CURVE('',#3398,#3400,#326,.T.);
#2685=EDGE_CURVE('',#3401,#3400,#327,.T.);
#2686=EDGE_CURVE('',#3399,#3401,#328,.T.);
#2687=EDGE_CURVE('',#3395,#3400,#329,.T.);
#2688=EDGE_CURVE('',#3397,#3401,#330,.T.);
#2689=EDGE_CURVE('',#3402,#3403,#331,.T.);
#2690=EDGE_CURVE('',#3403,#3284,#332,.T.);
#2691=EDGE_CURVE('',#3283,#3402,#333,.F.);
#2692=EDGE_CURVE('',#3404,#3405,#334,.T.);
#2693=EDGE_CURVE('',#3404,#3290,#335,.T.);
#2694=EDGE_CURVE('',#3289,#3405,#336,.F.);
#2695=EDGE_CURVE('',#3406,#3407,#337,.T.);
#2696=EDGE_CURVE('',#3406,#3288,#338,.T.);
#2697=EDGE_CURVE('',#3287,#3407,#339,.F.);
#2698=EDGE_CURVE('',#3285,#3408,#340,.F.);
#2699=EDGE_CURVE('',#3408,#3409,#341,.T.);
#2700=EDGE_CURVE('',#3409,#3286,#342,.T.);
#2701=EDGE_CURVE('',#3408,#3403,#204,.T.);
#2702=EDGE_CURVE('',#3402,#3404,#205,.T.);
#2703=EDGE_CURVE('',#3405,#3406,#206,.T.);
#2704=EDGE_CURVE('',#3407,#3409,#207,.T.);
#2705=EDGE_CURVE('',#3410,#3291,#343,.T.);
#2706=EDGE_CURVE('',#3410,#3411,#3775,.T.);
#2707=EDGE_CURVE('',#3411,#3292,#344,.T.);
#2708=EDGE_CURVE('',#3412,#3311,#345,.T.);
#2709=EDGE_CURVE('',#3412,#3410,#208,.F.);
#2710=EDGE_CURVE('',#3413,#3310,#346,.T.);
#2711=EDGE_CURVE('',#3413,#3412,#209,.F.);
#2712=EDGE_CURVE('',#3414,#3309,#347,.T.);
#2713=EDGE_CURVE('',#3414,#3413,#348,.T.);
#2714=EDGE_CURVE('',#3415,#3308,#349,.T.);
#2715=EDGE_CURVE('',#3415,#3414,#210,.T.);
#2716=EDGE_CURVE('',#3416,#3307,#350,.T.);
#2717=EDGE_CURVE('',#3416,#3415,#211,.T.);
#2718=EDGE_CURVE('',#3417,#3306,#351,.T.);
#2719=EDGE_CURVE('',#3417,#3416,#3776,.T.);
#2720=EDGE_CURVE('',#3418,#3305,#352,.T.);
#2721=EDGE_CURVE('',#3418,#3417,#3777,.T.);
#2722=EDGE_CURVE('',#3419,#3304,#353,.T.);
#2723=EDGE_CURVE('',#3419,#3418,#354,.T.);
#2724=EDGE_CURVE('',#3420,#3303,#355,.T.);
#2725=EDGE_CURVE('',#3420,#3419,#356,.T.);
#2726=EDGE_CURVE('',#3421,#3302,#357,.T.);
#2727=EDGE_CURVE('',#3421,#3420,#358,.T.);
#2728=EDGE_CURVE('',#3422,#3301,#359,.T.);
#2729=EDGE_CURVE('',#3422,#3421,#360,.T.);
#2730=EDGE_CURVE('',#3423,#3300,#361,.T.);
#2731=EDGE_CURVE('',#3423,#3422,#362,.T.);
#2732=EDGE_CURVE('',#3424,#3299,#363,.T.);
#2733=EDGE_CURVE('',#3424,#3423,#364,.T.);
#2734=EDGE_CURVE('',#3425,#3298,#365,.T.);
#2735=EDGE_CURVE('',#3425,#3424,#366,.T.);
#2736=EDGE_CURVE('',#3426,#3297,#367,.T.);
#2737=EDGE_CURVE('',#3426,#3425,#368,.T.);
#2738=EDGE_CURVE('',#3427,#3296,#369,.T.);
#2739=EDGE_CURVE('',#3427,#3426,#370,.T.);
#2740=EDGE_CURVE('',#3428,#3295,#371,.T.);
#2741=EDGE_CURVE('',#3428,#3427,#372,.T.);
#2742=EDGE_CURVE('',#3429,#3294,#373,.T.);
#2743=EDGE_CURVE('',#3429,#3428,#374,.T.);
#2744=EDGE_CURVE('',#3430,#3293,#375,.T.);
#2745=EDGE_CURVE('',#3430,#3429,#3778,.T.);
#2746=EDGE_CURVE('',#3411,#3430,#212,.F.);
#2747=EDGE_CURVE('',#3431,#3432,#376,.T.);
#2748=EDGE_CURVE('',#3433,#3431,#377,.T.);
#2749=EDGE_CURVE('',#3433,#3434,#378,.T.);
#2750=EDGE_CURVE('',#3434,#3432,#379,.T.);
#2751=EDGE_CURVE('',#3435,#3431,#380,.T.);
#2752=EDGE_CURVE('',#3436,#3435,#381,.T.);
#2753=EDGE_CURVE('',#3436,#3433,#382,.T.);
#2754=EDGE_CURVE('',#3437,#3435,#3779,.T.);
#2755=EDGE_CURVE('',#3438,#3437,#383,.T.);
#2756=EDGE_CURVE('',#3438,#3436,#3780,.T.);
#2757=EDGE_CURVE('',#3439,#3437,#3781,.T.);
#2758=EDGE_CURVE('',#3440,#3439,#384,.T.);
#2759=EDGE_CURVE('',#3440,#3438,#3782,.T.);
#2760=EDGE_CURVE('',#3441,#3439,#3783,.T.);
#2761=EDGE_CURVE('',#3442,#3441,#385,.T.);
#2762=EDGE_CURVE('',#3442,#3440,#3784,.T.);
#2763=EDGE_CURVE('',#3443,#3441,#3785,.T.);
#2764=EDGE_CURVE('',#3444,#3443,#386,.T.);
#2765=EDGE_CURVE('',#3444,#3442,#3786,.T.);
#2766=EDGE_CURVE('',#3445,#3443,#3787,.T.);
#2767=EDGE_CURVE('',#3446,#3445,#387,.T.);
#2768=EDGE_CURVE('',#3446,#3444,#3788,.T.);
#2769=EDGE_CURVE('',#3447,#3445,#213,.T.);
#2770=EDGE_CURVE('',#3448,#3447,#388,.T.);
#2771=EDGE_CURVE('',#3448,#3446,#214,.T.);
#2772=EDGE_CURVE('',#3449,#3259,#389,.T.);
#2773=EDGE_CURVE('',#3449,#3450,#3789,.T.);
#2774=EDGE_CURVE('',#3450,#3260,#390,.T.);
#2775=EDGE_CURVE('',#3451,#3282,#391,.T.);
#2776=EDGE_CURVE('',#3451,#3449,#3790,.T.);
#2777=EDGE_CURVE('',#3452,#3281,#392,.T.);
#2778=EDGE_CURVE('',#3452,#3451,#3791,.T.);
#2779=EDGE_CURVE('',#3453,#3280,#393,.T.);
#2780=EDGE_CURVE('',#3453,#3452,#394,.T.);
#2781=EDGE_CURVE('',#3454,#3279,#395,.T.);
#2782=EDGE_CURVE('',#3454,#3453,#396,.T.);
#2783=EDGE_CURVE('',#3455,#3278,#397,.T.);
#2784=EDGE_CURVE('',#3455,#3454,#398,.T.);
#2785=EDGE_CURVE('',#3456,#3277,#399,.T.);
#2786=EDGE_CURVE('',#3456,#3455,#215,.T.);
#2787=EDGE_CURVE('',#3457,#3276,#400,.T.);
#2788=EDGE_CURVE('',#3457,#3456,#3792,.T.);
#2789=EDGE_CURVE('',#3458,#3275,#401,.T.);
#2790=EDGE_CURVE('',#3458,#3457,#3793,.T.);
#2791=EDGE_CURVE('',#3459,#3274,#402,.T.);
#2792=EDGE_CURVE('',#3459,#3458,#3794,.T.);
#2793=EDGE_CURVE('',#3460,#3273,#403,.T.);
#2794=EDGE_CURVE('',#3460,#3459,#3795,.T.);
#2795=EDGE_CURVE('',#3461,#3272,#404,.T.);
#2796=EDGE_CURVE('',#3461,#3460,#3796,.T.);
#2797=EDGE_CURVE('',#3462,#3271,#405,.T.);
#2798=EDGE_CURVE('',#3462,#3461,#406,.T.);
#2799=EDGE_CURVE('',#3463,#3270,#407,.T.);
#2800=EDGE_CURVE('',#3463,#3462,#408,.T.);
#2801=EDGE_CURVE('',#3464,#3269,#409,.T.);
#2802=EDGE_CURVE('',#3464,#3463,#410,.T.);
#2803=EDGE_CURVE('',#3465,#3268,#411,.T.);
#2804=EDGE_CURVE('',#3465,#3464,#3797,.T.);
#2805=EDGE_CURVE('',#3466,#3267,#412,.T.);
#2806=EDGE_CURVE('',#3466,#3465,#3798,.T.);
#2807=EDGE_CURVE('',#3467,#3266,#413,.T.);
#2808=EDGE_CURVE('',#3467,#3466,#3799,.T.);
#2809=EDGE_CURVE('',#3468,#3265,#414,.T.);
#2810=EDGE_CURVE('',#3468,#3467,#3800,.T.);
#2811=EDGE_CURVE('',#3469,#3264,#415,.T.);
#2812=EDGE_CURVE('',#3469,#3468,#3801,.T.);
#2813=EDGE_CURVE('',#3470,#3263,#416,.T.);
#2814=EDGE_CURVE('',#3470,#3469,#3802,.T.);
#2815=EDGE_CURVE('',#3471,#3262,#417,.T.);
#2816=EDGE_CURVE('',#3471,#3470,#418,.T.);
#2817=EDGE_CURVE('',#3472,#3261,#419,.T.);
#2818=EDGE_CURVE('',#3472,#3471,#3803,.T.);
#2819=EDGE_CURVE('',#3450,#3472,#3804,.T.);
#2820=EDGE_CURVE('',#3432,#3447,#420,.T.);
#2821=EDGE_CURVE('',#3434,#3448,#421,.T.);
#2822=EDGE_CURVE('',#3473,#3474,#3805,.T.);
#2823=EDGE_CURVE('',#3475,#3473,#422,.T.);
#2824=EDGE_CURVE('',#3475,#3476,#3806,.T.);
#2825=EDGE_CURVE('',#3476,#3474,#423,.T.);
#2826=EDGE_CURVE('',#3477,#3473,#3807,.T.);
#2827=EDGE_CURVE('',#3478,#3477,#424,.T.);
#2828=EDGE_CURVE('',#3478,#3475,#3808,.T.);
#2829=EDGE_CURVE('',#3479,#3477,#3809,.T.);
#2830=EDGE_CURVE('',#3480,#3479,#425,.T.);
#2831=EDGE_CURVE('',#3480,#3478,#3810,.T.);
#2832=EDGE_CURVE('',#3481,#3479,#216,.T.);
#2833=EDGE_CURVE('',#3482,#3481,#426,.T.);
#2834=EDGE_CURVE('',#3482,#3480,#217,.T.);
#2835=EDGE_CURVE('',#3483,#3481,#427,.T.);
#2836=EDGE_CURVE('',#3484,#3483,#428,.T.);
#2837=EDGE_CURVE('',#3484,#3482,#429,.T.);
#2838=EDGE_CURVE('',#3485,#3483,#218,.T.);
#2839=EDGE_CURVE('',#3486,#3485,#430,.T.);
#2840=EDGE_CURVE('',#3486,#3484,#219,.T.);
#2841=EDGE_CURVE('',#3487,#3485,#3811,.T.);
#2842=EDGE_CURVE('',#3488,#3487,#431,.T.);
#2843=EDGE_CURVE('',#3488,#3486,#3812,.T.);
#2844=EDGE_CURVE('',#3489,#3487,#3813,.T.);
#2845=EDGE_CURVE('',#3490,#3489,#432,.T.);
#2846=EDGE_CURVE('',#3490,#3488,#3814,.T.);
#2847=EDGE_CURVE('',#3491,#3489,#3815,.T.);
#2848=EDGE_CURVE('',#3492,#3491,#433,.T.);
#2849=EDGE_CURVE('',#3492,#3490,#3816,.T.);
#2850=EDGE_CURVE('',#3493,#3491,#3817,.T.);
#2851=EDGE_CURVE('',#3494,#3493,#434,.T.);
#2852=EDGE_CURVE('',#3494,#3492,#3818,.T.);
#2853=EDGE_CURVE('',#3495,#3493,#220,.T.);
#2854=EDGE_CURVE('',#3496,#3495,#435,.T.);
#2855=EDGE_CURVE('',#3496,#3494,#221,.T.);
#2856=EDGE_CURVE('',#3497,#3495,#436,.T.);
#2857=EDGE_CURVE('',#3498,#3497,#437,.T.);
#2858=EDGE_CURVE('',#3498,#3496,#438,.T.);
#2859=EDGE_CURVE('',#3499,#3497,#222,.T.);
#2860=EDGE_CURVE('',#3500,#3499,#439,.T.);
#2861=EDGE_CURVE('',#3500,#3498,#223,.T.);
#2862=EDGE_CURVE('',#3501,#3312,#440,.T.);
#2863=EDGE_CURVE('',#3501,#3502,#3819,.T.);
#2864=EDGE_CURVE('',#3502,#3313,#441,.T.);
#2865=EDGE_CURVE('',#3503,#3325,#442,.T.);
#2866=EDGE_CURVE('',#3503,#3501,#3820,.T.);
#2867=EDGE_CURVE('',#3504,#3324,#443,.T.);
#2868=EDGE_CURVE('',#3504,#3503,#3821,.T.);
#2869=EDGE_CURVE('',#3505,#3323,#444,.T.);
#2870=EDGE_CURVE('',#3505,#3504,#3822,.T.);
#2871=EDGE_CURVE('',#3506,#3322,#445,.T.);
#2872=EDGE_CURVE('',#3506,#3505,#446,.T.);
#2873=EDGE_CURVE('',#3507,#3321,#447,.T.);
#2874=EDGE_CURVE('',#3507,#3506,#3823,.T.);
#2875=EDGE_CURVE('',#3508,#3320,#448,.T.);
#2876=EDGE_CURVE('',#3508,#3507,#3824,.T.);
#2877=EDGE_CURVE('',#3509,#3319,#449,.T.);
#2878=EDGE_CURVE('',#3509,#3508,#3825,.T.);
#2879=EDGE_CURVE('',#3510,#3318,#450,.T.);
#2880=EDGE_CURVE('',#3510,#3509,#3826,.T.);
#2881=EDGE_CURVE('',#3511,#3317,#451,.T.);
#2882=EDGE_CURVE('',#3511,#3510,#3827,.T.);
#2883=EDGE_CURVE('',#3512,#3316,#452,.T.);
#2884=EDGE_CURVE('',#3512,#3511,#3828,.T.);
#2885=EDGE_CURVE('',#3513,#3315,#453,.T.);
#2886=EDGE_CURVE('',#3513,#3512,#454,.T.);
#2887=EDGE_CURVE('',#3514,#3314,#455,.T.);
#2888=EDGE_CURVE('',#3514,#3513,#3829,.T.);
#2889=EDGE_CURVE('',#3502,#3514,#3830,.T.);
#2890=EDGE_CURVE('',#3474,#3499,#3831,.T.);
#2891=EDGE_CURVE('',#3476,#3500,#3832,.T.);
#2892=EDGE_CURVE('',#3515,#3516,#3833,.T.);
#2893=EDGE_CURVE('',#3517,#3515,#456,.T.);
#2894=EDGE_CURVE('',#3517,#3518,#3834,.T.);
#2895=EDGE_CURVE('',#3518,#3516,#457,.T.);
#2896=EDGE_CURVE('',#3519,#3515,#3835,.T.);
#2897=EDGE_CURVE('',#3520,#3519,#458,.T.);
#2898=EDGE_CURVE('',#3520,#3517,#3836,.T.);
#2899=EDGE_CURVE('',#3521,#3519,#3837,.T.);
#2900=EDGE_CURVE('',#3522,#3521,#459,.T.);
#2901=EDGE_CURVE('',#3522,#3520,#3838,.T.);
#2902=EDGE_CURVE('',#3523,#3521,#224,.T.);
#2903=EDGE_CURVE('',#3524,#3523,#460,.T.);
#2904=EDGE_CURVE('',#3524,#3522,#225,.T.);
#2905=EDGE_CURVE('',#3525,#3523,#461,.T.);
#2906=EDGE_CURVE('',#3526,#3525,#462,.T.);
#2907=EDGE_CURVE('',#3526,#3524,#463,.T.);
#2908=EDGE_CURVE('',#3527,#3525,#226,.T.);
#2909=EDGE_CURVE('',#3528,#3527,#464,.T.);
#2910=EDGE_CURVE('',#3528,#3526,#227,.T.);
#2911=EDGE_CURVE('',#3529,#3527,#3839,.T.);
#2912=EDGE_CURVE('',#3530,#3529,#465,.T.);
#2913=EDGE_CURVE('',#3530,#3528,#3840,.T.);
#2914=EDGE_CURVE('',#3531,#3529,#3841,.T.);
#2915=EDGE_CURVE('',#3532,#3531,#466,.T.);
#2916=EDGE_CURVE('',#3532,#3530,#3842,.T.);
#2917=EDGE_CURVE('',#3533,#3531,#3843,.T.);
#2918=EDGE_CURVE('',#3534,#3533,#467,.T.);
#2919=EDGE_CURVE('',#3534,#3532,#3844,.T.);
#2920=EDGE_CURVE('',#3535,#3533,#3845,.T.);
#2921=EDGE_CURVE('',#3536,#3535,#468,.T.);
#2922=EDGE_CURVE('',#3536,#3534,#3846,.T.);
#2923=EDGE_CURVE('',#3537,#3535,#228,.T.);
#2924=EDGE_CURVE('',#3538,#3537,#469,.T.);
#2925=EDGE_CURVE('',#3538,#3536,#229,.T.);
#2926=EDGE_CURVE('',#3539,#3537,#470,.T.);
#2927=EDGE_CURVE('',#3540,#3539,#471,.T.);
#2928=EDGE_CURVE('',#3540,#3538,#472,.T.);
#2929=EDGE_CURVE('',#3541,#3539,#230,.T.);
#2930=EDGE_CURVE('',#3542,#3541,#473,.T.);
#2931=EDGE_CURVE('',#3542,#3540,#231,.T.);
#2932=EDGE_CURVE('',#3543,#3245,#474,.T.);
#2933=EDGE_CURVE('',#3543,#3544,#3847,.T.);
#2934=EDGE_CURVE('',#3544,#3246,#475,.T.);
#2935=EDGE_CURVE('',#3545,#3258,#476,.T.);
#2936=EDGE_CURVE('',#3545,#3543,#3848,.T.);
#2937=EDGE_CURVE('',#3546,#3257,#477,.T.);
#2938=EDGE_CURVE('',#3546,#3545,#3849,.T.);
#2939=EDGE_CURVE('',#3547,#3256,#478,.T.);
#2940=EDGE_CURVE('',#3547,#3546,#3850,.T.);
#2941=EDGE_CURVE('',#3548,#3255,#479,.T.);
#2942=EDGE_CURVE('',#3548,#3547,#480,.T.);
#2943=EDGE_CURVE('',#3549,#3254,#481,.T.);
#2944=EDGE_CURVE('',#3549,#3548,#3851,.T.);
#2945=EDGE_CURVE('',#3550,#3253,#482,.T.);
#2946=EDGE_CURVE('',#3550,#3549,#3852,.T.);
#2947=EDGE_CURVE('',#3551,#3252,#483,.T.);
#2948=EDGE_CURVE('',#3551,#3550,#3853,.T.);
#2949=EDGE_CURVE('',#3552,#3251,#484,.T.);
#2950=EDGE_CURVE('',#3552,#3551,#3854,.T.);
#2951=EDGE_CURVE('',#3553,#3250,#485,.T.);
#2952=EDGE_CURVE('',#3553,#3552,#3855,.T.);
#2953=EDGE_CURVE('',#3554,#3249,#486,.T.);
#2954=EDGE_CURVE('',#3554,#3553,#3856,.T.);
#2955=EDGE_CURVE('',#3555,#3248,#487,.T.);
#2956=EDGE_CURVE('',#3555,#3554,#488,.T.);
#2957=EDGE_CURVE('',#3556,#3247,#489,.T.);
#2958=EDGE_CURVE('',#3556,#3555,#3857,.T.);
#2959=EDGE_CURVE('',#3544,#3556,#3858,.T.);
#2960=EDGE_CURVE('',#3516,#3541,#3859,.T.);
#2961=EDGE_CURVE('',#3518,#3542,#3860,.T.);
#2962=EDGE_CURVE('',#3557,#3558,#490,.T.);
#2963=EDGE_CURVE('',#3559,#3557,#491,.T.);
#2964=EDGE_CURVE('',#3559,#3560,#492,.T.);
#2965=EDGE_CURVE('',#3560,#3558,#493,.T.);
#2966=EDGE_CURVE('',#3561,#3557,#494,.T.);
#2967=EDGE_CURVE('',#3562,#3561,#495,.T.);
#2968=EDGE_CURVE('',#3562,#3559,#496,.T.);
#2969=EDGE_CURVE('',#3563,#3326,#497,.T.);
#2970=EDGE_CURVE('',#3563,#3564,#498,.T.);
#2971=EDGE_CURVE('',#3564,#3327,#499,.T.);
#2972=EDGE_CURVE('',#3565,#3333,#500,.T.);
#2973=EDGE_CURVE('',#3565,#3563,#501,.T.);
#2974=EDGE_CURVE('',#3566,#3332,#502,.T.);
#2975=EDGE_CURVE('',#3566,#3565,#503,.T.);
#2976=EDGE_CURVE('',#3567,#3331,#504,.T.);
#2977=EDGE_CURVE('',#3567,#3566,#505,.T.);
#2978=EDGE_CURVE('',#3568,#3330,#506,.T.);
#2979=EDGE_CURVE('',#3568,#3567,#507,.T.);
#2980=EDGE_CURVE('',#3569,#3329,#508,.T.);
#2981=EDGE_CURVE('',#3569,#3568,#509,.T.);
#2982=EDGE_CURVE('',#3570,#3328,#510,.T.);
#2983=EDGE_CURVE('',#3570,#3569,#511,.T.);
#2984=EDGE_CURVE('',#3564,#3570,#512,.T.);
#2985=EDGE_CURVE('',#3558,#3561,#513,.T.);
#2986=EDGE_CURVE('',#3560,#3562,#514,.T.);
#2987=EDGE_CURVE('',#3571,#3231,#515,.T.);
#2988=EDGE_CURVE('',#3571,#3572,#516,.T.);
#2989=EDGE_CURVE('',#3572,#3232,#517,.T.);
#2990=EDGE_CURVE('',#3573,#3244,#518,.T.);
#2991=EDGE_CURVE('',#3573,#3571,#519,.T.);
#2992=EDGE_CURVE('',#3574,#3243,#520,.T.);
#2993=EDGE_CURVE('',#3574,#3573,#521,.T.);
#2994=EDGE_CURVE('',#3575,#3242,#522,.T.);
#2995=EDGE_CURVE('',#3575,#3574,#3861,.T.);
#2996=EDGE_CURVE('',#3576,#3241,#523,.T.);
#2997=EDGE_CURVE('',#3576,#3575,#232,.T.);
#2998=EDGE_CURVE('',#3577,#3240,#524,.T.);
#2999=EDGE_CURVE('',#3577,#3576,#233,.T.);
#3000=EDGE_CURVE('',#3578,#3239,#525,.T.);
#3001=EDGE_CURVE('',#3578,#3577,#234,.T.);
#3002=EDGE_CURVE('',#3579,#3238,#526,.T.);
#3003=EDGE_CURVE('',#3579,#3578,#527,.T.);
#3004=EDGE_CURVE('',#3580,#3237,#528,.T.);
#3005=EDGE_CURVE('',#3580,#3579,#235,.F.);
#3006=EDGE_CURVE('',#3581,#3236,#529,.T.);
#3007=EDGE_CURVE('',#3581,#3580,#530,.T.);
#3008=EDGE_CURVE('',#3582,#3235,#531,.T.);
#3009=EDGE_CURVE('',#3582,#3581,#3862,.T.);
#3010=EDGE_CURVE('',#3583,#3234,#532,.T.);
#3011=EDGE_CURVE('',#3583,#3582,#3863,.T.);
#3012=EDGE_CURVE('',#3584,#3233,#533,.T.);
#3013=EDGE_CURVE('',#3584,#3583,#534,.T.);
#3014=EDGE_CURVE('',#3572,#3584,#535,.T.);
#3015=EDGE_CURVE('',#3585,#3334,#536,.T.);
#3016=EDGE_CURVE('',#3585,#3586,#3864,.T.);
#3017=EDGE_CURVE('',#3586,#3335,#537,.T.);
#3018=EDGE_CURVE('',#3587,#3365,#538,.T.);
#3019=EDGE_CURVE('',#3587,#3585,#3865,.T.);
#3020=EDGE_CURVE('',#3588,#3364,#539,.T.);
#3021=EDGE_CURVE('',#3588,#3587,#3866,.T.);
#3022=EDGE_CURVE('',#3589,#3363,#540,.T.);
#3023=EDGE_CURVE('',#3589,#3588,#3867,.T.);
#3024=EDGE_CURVE('',#3590,#3362,#541,.T.);
#3025=EDGE_CURVE('',#3590,#3589,#542,.T.);
#3026=EDGE_CURVE('',#3591,#3361,#543,.T.);
#3027=EDGE_CURVE('',#3591,#3590,#544,.T.);
#3028=EDGE_CURVE('',#3592,#3360,#545,.T.);
#3029=EDGE_CURVE('',#3592,#3591,#546,.T.);
#3030=EDGE_CURVE('',#3593,#3359,#547,.T.);
#3031=EDGE_CURVE('',#3593,#3592,#236,.T.);
#3032=EDGE_CURVE('',#3594,#3358,#548,.T.);
#3033=EDGE_CURVE('',#3594,#3593,#3868,.T.);
#3034=EDGE_CURVE('',#3595,#3357,#549,.T.);
#3035=EDGE_CURVE('',#3595,#3594,#3869,.T.);
#3036=EDGE_CURVE('',#3596,#3356,#550,.T.);
#3037=EDGE_CURVE('',#3596,#3595,#3870,.T.);
#3038=EDGE_CURVE('',#3597,#3355,#551,.T.);
#3039=EDGE_CURVE('',#3597,#3596,#3871,.T.);
#3040=EDGE_CURVE('',#3598,#3354,#552,.T.);
#3041=EDGE_CURVE('',#3598,#3597,#3872,.T.);
#3042=EDGE_CURVE('',#3599,#3353,#553,.T.);
#3043=EDGE_CURVE('',#3599,#3598,#554,.T.);
#3044=EDGE_CURVE('',#3600,#3352,#555,.T.);
#3045=EDGE_CURVE('',#3600,#3599,#237,.T.);
#3046=EDGE_CURVE('',#3601,#3351,#556,.T.);
#3047=EDGE_CURVE('',#3601,#3600,#3873,.T.);
#3048=EDGE_CURVE('',#3602,#3350,#557,.T.);
#3049=EDGE_CURVE('',#3602,#3601,#3874,.T.);
#3050=EDGE_CURVE('',#3603,#3349,#558,.T.);
#3051=EDGE_CURVE('',#3603,#3602,#3875,.T.);
#3052=EDGE_CURVE('',#3604,#3348,#559,.T.);
#3053=EDGE_CURVE('',#3604,#3603,#3876,.T.);
#3054=EDGE_CURVE('',#3605,#3347,#560,.T.);
#3055=EDGE_CURVE('',#3605,#3604,#238,.T.);
#3056=EDGE_CURVE('',#3606,#3346,#561,.T.);
#3057=EDGE_CURVE('',#3606,#3605,#562,.T.);
#3058=EDGE_CURVE('',#3607,#3345,#563,.T.);
#3059=EDGE_CURVE('',#3607,#3606,#564,.T.);
#3060=EDGE_CURVE('',#3608,#3344,#565,.T.);
#3061=EDGE_CURVE('',#3608,#3607,#566,.T.);
#3062=EDGE_CURVE('',#3609,#3343,#567,.T.);
#3063=EDGE_CURVE('',#3609,#3608,#3877,.T.);
#3064=EDGE_CURVE('',#3610,#3342,#568,.T.);
#3065=EDGE_CURVE('',#3610,#3609,#3878,.T.);
#3066=EDGE_CURVE('',#3611,#3341,#569,.T.);
#3067=EDGE_CURVE('',#3611,#3610,#3879,.T.);
#3068=EDGE_CURVE('',#3612,#3340,#570,.T.);
#3069=EDGE_CURVE('',#3612,#3611,#3880,.T.);
#3070=EDGE_CURVE('',#3613,#3339,#571,.T.);
#3071=EDGE_CURVE('',#3613,#3612,#3881,.T.);
#3072=EDGE_CURVE('',#3614,#3338,#572,.T.);
#3073=EDGE_CURVE('',#3614,#3613,#3882,.T.);
#3074=EDGE_CURVE('',#3615,#3337,#573,.T.);
#3075=EDGE_CURVE('',#3615,#3614,#574,.T.);
#3076=EDGE_CURVE('',#3616,#3336,#575,.T.);
#3077=EDGE_CURVE('',#3616,#3615,#3883,.T.);
#3078=EDGE_CURVE('',#3586,#3616,#3884,.T.);
#3079=EDGE_CURVE('',#3617,#3199,#576,.T.);
#3080=EDGE_CURVE('',#3617,#3618,#3885,.T.);
#3081=EDGE_CURVE('',#3618,#3200,#577,.T.);
#3082=EDGE_CURVE('',#3619,#3230,#578,.T.);
#3083=EDGE_CURVE('',#3619,#3617,#3886,.T.);
#3084=EDGE_CURVE('',#3620,#3229,#579,.T.);
#3085=EDGE_CURVE('',#3620,#3619,#239,.F.);
#3086=EDGE_CURVE('',#3621,#3228,#580,.T.);
#3087=EDGE_CURVE('',#3621,#3620,#3887,.T.);
#3088=EDGE_CURVE('',#3622,#3227,#581,.T.);
#3089=EDGE_CURVE('',#3622,#3621,#3888,.T.);
#3090=EDGE_CURVE('',#3623,#3226,#582,.T.);
#3091=EDGE_CURVE('',#3623,#3622,#240,.F.);
#3092=EDGE_CURVE('',#3624,#3225,#583,.T.);
#3093=EDGE_CURVE('',#3624,#3623,#241,.F.);
#3094=EDGE_CURVE('',#3625,#3224,#584,.T.);
#3095=EDGE_CURVE('',#3625,#3624,#585,.T.);
#3096=EDGE_CURVE('',#3626,#3223,#586,.T.);
#3097=EDGE_CURVE('',#3626,#3625,#3889,.T.);
#3098=EDGE_CURVE('',#3627,#3222,#587,.T.);
#3099=EDGE_CURVE('',#3627,#3626,#242,.T.);
#3100=EDGE_CURVE('',#3628,#3221,#588,.T.);
#3101=EDGE_CURVE('',#3628,#3627,#243,.T.);
#3102=EDGE_CURVE('',#3629,#3220,#589,.T.);
#3103=EDGE_CURVE('',#3629,#3628,#3890,.T.);
#3104=EDGE_CURVE('',#3630,#3219,#590,.T.);
#3105=EDGE_CURVE('',#3630,#3629,#3891,.T.);
#3106=EDGE_CURVE('',#3631,#3218,#591,.T.);
#3107=EDGE_CURVE('',#3631,#3630,#3892,.T.);
#3108=EDGE_CURVE('',#3632,#3217,#592,.T.);
#3109=EDGE_CURVE('',#3632,#3631,#244,.T.);
#3110=EDGE_CURVE('',#3633,#3216,#593,.T.);
#3111=EDGE_CURVE('',#3633,#3632,#594,.T.);
#3112=EDGE_CURVE('',#3634,#3215,#595,.T.);
#3113=EDGE_CURVE('',#3634,#3633,#3893,.T.);
#3114=EDGE_CURVE('',#3635,#3214,#596,.T.);
#3115=EDGE_CURVE('',#3635,#3634,#3894,.T.);
#3116=EDGE_CURVE('',#3636,#3213,#597,.T.);
#3117=EDGE_CURVE('',#3636,#3635,#3895,.T.);
#3118=EDGE_CURVE('',#3637,#3212,#598,.T.);
#3119=EDGE_CURVE('',#3637,#3636,#245,.F.);
#3120=EDGE_CURVE('',#3638,#3211,#599,.T.);
#3121=EDGE_CURVE('',#3638,#3637,#3896,.T.);
#3122=EDGE_CURVE('',#3639,#3210,#600,.T.);
#3123=EDGE_CURVE('',#3639,#3638,#3897,.T.);
#3124=EDGE_CURVE('',#3640,#3209,#601,.T.);
#3125=EDGE_CURVE('',#3640,#3639,#246,.F.);
#3126=EDGE_CURVE('',#3641,#3208,#602,.T.);
#3127=EDGE_CURVE('',#3641,#3640,#603,.T.);
#3128=EDGE_CURVE('',#3642,#3207,#604,.T.);
#3129=EDGE_CURVE('',#3642,#3641,#3898,.T.);
#3130=EDGE_CURVE('',#3643,#3206,#605,.T.);
#3131=EDGE_CURVE('',#3643,#3642,#247,.T.);
#3132=EDGE_CURVE('',#3644,#3205,#606,.T.);
#3133=EDGE_CURVE('',#3644,#3643,#3899,.T.);
#3134=EDGE_CURVE('',#3645,#3204,#607,.T.);
#3135=EDGE_CURVE('',#3645,#3644,#3900,.T.);
#3136=EDGE_CURVE('',#3646,#3203,#608,.T.);
#3137=EDGE_CURVE('',#3646,#3645,#3901,.T.);
#3138=EDGE_CURVE('',#3647,#3202,#609,.T.);
#3139=EDGE_CURVE('',#3647,#3646,#3902,.T.);
#3140=EDGE_CURVE('',#3648,#3201,#610,.T.);
#3141=EDGE_CURVE('',#3648,#3647,#611,.T.);
#3142=EDGE_CURVE('',#3618,#3648,#3903,.T.);
#3143=EDGE_CURVE('',#3649,#3366,#612,.T.);
#3144=EDGE_CURVE('',#3649,#3650,#613,.T.);
#3145=EDGE_CURVE('',#3650,#3367,#614,.T.);
#3146=EDGE_CURVE('',#3651,#3393,#615,.T.);
#3147=EDGE_CURVE('',#3651,#3649,#616,.T.);
#3148=EDGE_CURVE('',#3652,#3392,#617,.T.);
#3149=EDGE_CURVE('',#3652,#3651,#618,.T.);
#3150=EDGE_CURVE('',#3653,#3391,#619,.T.);
#3151=EDGE_CURVE('',#3653,#3652,#248,.T.);
#3152=EDGE_CURVE('',#3654,#3390,#620,.T.);
#3153=EDGE_CURVE('',#3654,#3653,#3904,.T.);
#3154=EDGE_CURVE('',#3655,#3389,#621,.T.);
#3155=EDGE_CURVE('',#3655,#3654,#3905,.T.);
#3156=EDGE_CURVE('',#3656,#3388,#622,.T.);
#3157=EDGE_CURVE('',#3656,#3655,#3906,.T.);
#3158=EDGE_CURVE('',#3657,#3387,#623,.T.);
#3159=EDGE_CURVE('',#3657,#3656,#624,.T.);
#3160=EDGE_CURVE('',#3658,#3386,#625,.T.);
#3161=EDGE_CURVE('',#3658,#3657,#626,.T.);
#3162=EDGE_CURVE('',#3659,#3385,#627,.T.);
#3163=EDGE_CURVE('',#3659,#3658,#628,.T.);
#3164=EDGE_CURVE('',#3660,#3384,#629,.T.);
#3165=EDGE_CURVE('',#3660,#3659,#249,.T.);
#3166=EDGE_CURVE('',#3661,#3383,#630,.T.);
#3167=EDGE_CURVE('',#3661,#3660,#3907,.T.);
#3168=EDGE_CURVE('',#3662,#3382,#631,.T.);
#3169=EDGE_CURVE('',#3662,#3661,#3908,.T.);
#3170=EDGE_CURVE('',#3663,#3381,#632,.T.);
#3171=EDGE_CURVE('',#3663,#3662,#3909,.T.);
#3172=EDGE_CURVE('',#3664,#3380,#633,.T.);
#3173=EDGE_CURVE('',#3664,#3663,#634,.T.);
#3174=EDGE_CURVE('',#3665,#3379,#635,.T.);
#3175=EDGE_CURVE('',#3665,#3664,#636,.T.);
#3176=EDGE_CURVE('',#3666,#3378,#637,.T.);
#3177=EDGE_CURVE('',#3666,#3665,#638,.T.);
#3178=EDGE_CURVE('',#3667,#3377,#639,.T.);
#3179=EDGE_CURVE('',#3667,#3666,#3910,.T.);
#3180=EDGE_CURVE('',#3668,#3376,#640,.T.);
#3181=EDGE_CURVE('',#3668,#3667,#3911,.T.);
#3182=EDGE_CURVE('',#3669,#3375,#641,.T.);
#3183=EDGE_CURVE('',#3669,#3668,#250,.F.);
#3184=EDGE_CURVE('',#3670,#3374,#642,.T.);
#3185=EDGE_CURVE('',#3670,#3669,#251,.F.);
#3186=EDGE_CURVE('',#3671,#3373,#643,.T.);
#3187=EDGE_CURVE('',#3671,#3670,#3912,.T.);
#3188=EDGE_CURVE('',#3672,#3372,#644,.T.);
#3189=EDGE_CURVE('',#3672,#3671,#3913,.T.);
#3190=EDGE_CURVE('',#3673,#3371,#645,.T.);
#3191=EDGE_CURVE('',#3673,#3672,#252,.F.);
#3192=EDGE_CURVE('',#3674,#3370,#646,.T.);
#3193=EDGE_CURVE('',#3674,#3673,#253,.F.);
#3194=EDGE_CURVE('',#3675,#3369,#647,.T.);
#3195=EDGE_CURVE('',#3675,#3674,#3914,.T.);
#3196=EDGE_CURVE('',#3676,#3368,#648,.T.);
#3197=EDGE_CURVE('',#3676,#3675,#649,.T.);
#3198=EDGE_CURVE('',#3650,#3676,#650,.T.);
#3199=VERTEX_POINT('',#5874);
#3200=VERTEX_POINT('',#5875);
#3201=VERTEX_POINT('',#5879);
#3202=VERTEX_POINT('',#5881);
#3203=VERTEX_POINT('',#5885);
#3204=VERTEX_POINT('',#5889);
#3205=VERTEX_POINT('',#5893);
#3206=VERTEX_POINT('',#5897);
#3207=VERTEX_POINT('',#5899);
#3208=VERTEX_POINT('',#5903);
#3209=VERTEX_POINT('',#5905);
#3210=VERTEX_POINT('',#5907);
#3211=VERTEX_POINT('',#5911);
#3212=VERTEX_POINT('',#5915);
#3213=VERTEX_POINT('',#5917);
#3214=VERTEX_POINT('',#5921);
#3215=VERTEX_POINT('',#5925);
#3216=VERTEX_POINT('',#5929);
#3217=VERTEX_POINT('',#5931);
#3218=VERTEX_POINT('',#5933);
#3219=VERTEX_POINT('',#5937);
#3220=VERTEX_POINT('',#5941);
#3221=VERTEX_POINT('',#5945);
#3222=VERTEX_POINT('',#5947);
#3223=VERTEX_POINT('',#5949);
#3224=VERTEX_POINT('',#5953);
#3225=VERTEX_POINT('',#5955);
#3226=VERTEX_POINT('',#5957);
#3227=VERTEX_POINT('',#5959);
#3228=VERTEX_POINT('',#5963);
#3229=VERTEX_POINT('',#5967);
#3230=VERTEX_POINT('',#5969);
#3231=VERTEX_POINT('',#5974);
#3232=VERTEX_POINT('',#5975);
#3233=VERTEX_POINT('',#5977);
#3234=VERTEX_POINT('',#5979);
#3235=VERTEX_POINT('',#5983);
#3236=VERTEX_POINT('',#5987);
#3237=VERTEX_POINT('',#5989);
#3238=VERTEX_POINT('',#5991);
#3239=VERTEX_POINT('',#5993);
#3240=VERTEX_POINT('',#5995);
#3241=VERTEX_POINT('',#5997);
#3242=VERTEX_POINT('',#5999);
#3243=VERTEX_POINT('',#6003);
#3244=VERTEX_POINT('',#6005);
#3245=VERTEX_POINT('',#6010);
#3246=VERTEX_POINT('',#6011);
#3247=VERTEX_POINT('',#6015);
#3248=VERTEX_POINT('',#6019);
#3249=VERTEX_POINT('',#6021);
#3250=VERTEX_POINT('',#6025);
#3251=VERTEX_POINT('',#6029);
#3252=VERTEX_POINT('',#6033);
#3253=VERTEX_POINT('',#6037);
#3254=VERTEX_POINT('',#6041);
#3255=VERTEX_POINT('',#6045);
#3256=VERTEX_POINT('',#6047);
#3257=VERTEX_POINT('',#6051);
#3258=VERTEX_POINT('',#6055);
#3259=VERTEX_POINT('',#6062);
#3260=VERTEX_POINT('',#6063);
#3261=VERTEX_POINT('',#6067);
#3262=VERTEX_POINT('',#6071);
#3263=VERTEX_POINT('',#6073);
#3264=VERTEX_POINT('',#6077);
#3265=VERTEX_POINT('',#6081);
#3266=VERTEX_POINT('',#6085);
#3267=VERTEX_POINT('',#6089);
#3268=VERTEX_POINT('',#6093);
#3269=VERTEX_POINT('',#6097);
#3270=VERTEX_POINT('',#6099);
#3271=VERTEX_POINT('',#6101);
#3272=VERTEX_POINT('',#6103);
#3273=VERTEX_POINT('',#6107);
#3274=VERTEX_POINT('',#6111);
#3275=VERTEX_POINT('',#6115);
#3276=VERTEX_POINT('',#6119);
#3277=VERTEX_POINT('',#6123);
#3278=VERTEX_POINT('',#6125);
#3279=VERTEX_POINT('',#6127);
#3280=VERTEX_POINT('',#6129);
#3281=VERTEX_POINT('',#6131);
#3282=VERTEX_POINT('',#6135);
#3283=VERTEX_POINT('',#6140);
#3284=VERTEX_POINT('',#6141);
#3285=VERTEX_POINT('',#6143);
#3286=VERTEX_POINT('',#6145);
#3287=VERTEX_POINT('',#6147);
#3288=VERTEX_POINT('',#6149);
#3289=VERTEX_POINT('',#6151);
#3290=VERTEX_POINT('',#6153);
#3291=VERTEX_POINT('',#6158);
#3292=VERTEX_POINT('',#6159);
#3293=VERTEX_POINT('',#6161);
#3294=VERTEX_POINT('',#6165);
#3295=VERTEX_POINT('',#6167);
#3296=VERTEX_POINT('',#6169);
#3297=VERTEX_POINT('',#6171);
#3298=VERTEX_POINT('',#6173);
#3299=VERTEX_POINT('',#6175);
#3300=VERTEX_POINT('',#6177);
#3301=VERTEX_POINT('',#6179);
#3302=VERTEX_POINT('',#6181);
#3303=VERTEX_POINT('',#6183);
#3304=VERTEX_POINT('',#6185);
#3305=VERTEX_POINT('',#6187);
#3306=VERTEX_POINT('',#6191);
#3307=VERTEX_POINT('',#6195);
#3308=VERTEX_POINT('',#6197);
#3309=VERTEX_POINT('',#6199);
#3310=VERTEX_POINT('',#6201);
#3311=VERTEX_POINT('',#6203);
#3312=VERTEX_POINT('',#6208);
#3313=VERTEX_POINT('',#6209);
#3314=VERTEX_POINT('',#6213);
#3315=VERTEX_POINT('',#6217);
#3316=VERTEX_POINT('',#6219);
#3317=VERTEX_POINT('',#6223);
#3318=VERTEX_POINT('',#6227);
#3319=VERTEX_POINT('',#6231);
#3320=VERTEX_POINT('',#6235);
#3321=VERTEX_POINT('',#6239);
#3322=VERTEX_POINT('',#6243);
#3323=VERTEX_POINT('',#6245);
#3324=VERTEX_POINT('',#6249);
#3325=VERTEX_POINT('',#6253);
#3326=VERTEX_POINT('',#6258);
#3327=VERTEX_POINT('',#6259);
#3328=VERTEX_POINT('',#6261);
#3329=VERTEX_POINT('',#6263);
#3330=VERTEX_POINT('',#6265);
#3331=VERTEX_POINT('',#6267);
#3332=VERTEX_POINT('',#6269);
#3333=VERTEX_POINT('',#6271);
#3334=VERTEX_POINT('',#6276);
#3335=VERTEX_POINT('',#6277);
#3336=VERTEX_POINT('',#6281);
#3337=VERTEX_POINT('',#6285);
#3338=VERTEX_POINT('',#6287);
#3339=VERTEX_POINT('',#6291);
#3340=VERTEX_POINT('',#6295);
#3341=VERTEX_POINT('',#6299);
#3342=VERTEX_POINT('',#6303);
#3343=VERTEX_POINT('',#6307);
#3344=VERTEX_POINT('',#6311);
#3345=VERTEX_POINT('',#6313);
#3346=VERTEX_POINT('',#6315);
#3347=VERTEX_POINT('',#6317);
#3348=VERTEX_POINT('',#6319);
#3349=VERTEX_POINT('',#6323);
#3350=VERTEX_POINT('',#6327);
#3351=VERTEX_POINT('',#6331);
#3352=VERTEX_POINT('',#6335);
#3353=VERTEX_POINT('',#6337);
#3354=VERTEX_POINT('',#6339);
#3355=VERTEX_POINT('',#6343);
#3356=VERTEX_POINT('',#6347);
#3357=VERTEX_POINT('',#6351);
#3358=VERTEX_POINT('',#6355);
#3359=VERTEX_POINT('',#6359);
#3360=VERTEX_POINT('',#6361);
#3361=VERTEX_POINT('',#6363);
#3362=VERTEX_POINT('',#6365);
#3363=VERTEX_POINT('',#6367);
#3364=VERTEX_POINT('',#6371);
#3365=VERTEX_POINT('',#6375);
#3366=VERTEX_POINT('',#6380);
#3367=VERTEX_POINT('',#6381);
#3368=VERTEX_POINT('',#6383);
#3369=VERTEX_POINT('',#6385);
#3370=VERTEX_POINT('',#6389);
#3371=VERTEX_POINT('',#6391);
#3372=VERTEX_POINT('',#6393);
#3373=VERTEX_POINT('',#6397);
#3374=VERTEX_POINT('',#6401);
#3375=VERTEX_POINT('',#6403);
#3376=VERTEX_POINT('',#6405);
#3377=VERTEX_POINT('',#6409);
#3378=VERTEX_POINT('',#6413);
#3379=VERTEX_POINT('',#6415);
#3380=VERTEX_POINT('',#6417);
#3381=VERTEX_POINT('',#6419);
#3382=VERTEX_POINT('',#6423);
#3383=VERTEX_POINT('',#6427);
#3384=VERTEX_POINT('',#6431);
#3385=VERTEX_POINT('',#6433);
#3386=VERTEX_POINT('',#6435);
#3387=VERTEX_POINT('',#6437);
#3388=VERTEX_POINT('',#6439);
#3389=VERTEX_POINT('',#6443);
#3390=VERTEX_POINT('',#6447);
#3391=VERTEX_POINT('',#6451);
#3392=VERTEX_POINT('',#6453);
#3393=VERTEX_POINT('',#6455);
#3394=VERTEX_POINT('',#6459);
#3395=VERTEX_POINT('',#6460);
#3396=VERTEX_POINT('',#6462);
#3397=VERTEX_POINT('',#6464);
#3398=VERTEX_POINT('',#6468);
#3399=VERTEX_POINT('',#6470);
#3400=VERTEX_POINT('',#6474);
#3401=VERTEX_POINT('',#6476);
#3402=VERTEX_POINT('',#6484);
#3403=VERTEX_POINT('',#6485);
#3404=VERTEX_POINT('',#6490);
#3405=VERTEX_POINT('',#6491);
#3406=VERTEX_POINT('',#6496);
#3407=VERTEX_POINT('',#6497);
#3408=VERTEX_POINT('',#6502);
#3409=VERTEX_POINT('',#6504);
#3410=VERTEX_POINT('',#6520);
#3411=VERTEX_POINT('',#6524);
#3412=VERTEX_POINT('',#6528);
#3413=VERTEX_POINT('',#6532);
#3414=VERTEX_POINT('',#6536);
#3415=VERTEX_POINT('',#6540);
#3416=VERTEX_POINT('',#6544);
#3417=VERTEX_POINT('',#6555);
#3418=VERTEX_POINT('',#6568);
#3419=VERTEX_POINT('',#6574);
#3420=VERTEX_POINT('',#6578);
#3421=VERTEX_POINT('',#6582);
#3422=VERTEX_POINT('',#6586);
#3423=VERTEX_POINT('',#6590);
#3424=VERTEX_POINT('',#6594);
#3425=VERTEX_POINT('',#6598);
#3426=VERTEX_POINT('',#6602);
#3427=VERTEX_POINT('',#6606);
#3428=VERTEX_POINT('',#6610);
#3429=VERTEX_POINT('',#6614);
#3430=VERTEX_POINT('',#6625);
#3431=VERTEX_POINT('',#6634);
#3432=VERTEX_POINT('',#6635);
#3433=VERTEX_POINT('',#6637);
#3434=VERTEX_POINT('',#6639);
#3435=VERTEX_POINT('',#6643);
#3436=VERTEX_POINT('',#6645);
#3437=VERTEX_POINT('',#6658);
#3438=VERTEX_POINT('',#6660);
#3439=VERTEX_POINT('',#6675);
#3440=VERTEX_POINT('',#6677);
#3441=VERTEX_POINT('',#6692);
#3442=VERTEX_POINT('',#6694);
#3443=VERTEX_POINT('',#6709);
#3444=VERTEX_POINT('',#6711);
#3445=VERTEX_POINT('',#6726);
#3446=VERTEX_POINT('',#6728);
#3447=VERTEX_POINT('',#6734);
#3448=VERTEX_POINT('',#6736);
#3449=VERTEX_POINT('',#6747);
#3450=VERTEX_POINT('',#6751);
#3451=VERTEX_POINT('',#6762);
#3452=VERTEX_POINT('',#6775);
#3453=VERTEX_POINT('',#6781);
#3454=VERTEX_POINT('',#6785);
#3455=VERTEX_POINT('',#6789);
#3456=VERTEX_POINT('',#6793);
#3457=VERTEX_POINT('',#6804);
#3458=VERTEX_POINT('',#6817);
#3459=VERTEX_POINT('',#6830);
#3460=VERTEX_POINT('',#6843);
#3461=VERTEX_POINT('',#6856);
#3462=VERTEX_POINT('',#6862);
#3463=VERTEX_POINT('',#6866);
#3464=VERTEX_POINT('',#6870);
#3465=VERTEX_POINT('',#6881);
#3466=VERTEX_POINT('',#6894);
#3467=VERTEX_POINT('',#6907);
#3468=VERTEX_POINT('',#6920);
#3469=VERTEX_POINT('',#6933);
#3470=VERTEX_POINT('',#6946);
#3471=VERTEX_POINT('',#6952);
#3472=VERTEX_POINT('',#6963);
#3473=VERTEX_POINT('',#6993);
#3474=VERTEX_POINT('',#6994);
#3475=VERTEX_POINT('',#6996);
#3476=VERTEX_POINT('',#7000);
#3477=VERTEX_POINT('',#7013);
#3478=VERTEX_POINT('',#7015);
#3479=VERTEX_POINT('',#7030);
#3480=VERTEX_POINT('',#7032);
#3481=VERTEX_POINT('',#7038);
#3482=VERTEX_POINT('',#7040);
#3483=VERTEX_POINT('',#7044);
#3484=VERTEX_POINT('',#7046);
#3485=VERTEX_POINT('',#7050);
#3486=VERTEX_POINT('',#7052);
#3487=VERTEX_POINT('',#7065);
#3488=VERTEX_POINT('',#7067);
#3489=VERTEX_POINT('',#7082);
#3490=VERTEX_POINT('',#7084);
#3491=VERTEX_POINT('',#7099);
#3492=VERTEX_POINT('',#7101);
#3493=VERTEX_POINT('',#7116);
#3494=VERTEX_POINT('',#7118);
#3495=VERTEX_POINT('',#7124);
#3496=VERTEX_POINT('',#7126);
#3497=VERTEX_POINT('',#7130);
#3498=VERTEX_POINT('',#7132);
#3499=VERTEX_POINT('',#7136);
#3500=VERTEX_POINT('',#7138);
#3501=VERTEX_POINT('',#7149);
#3502=VERTEX_POINT('',#7153);
#3503=VERTEX_POINT('',#7164);
#3504=VERTEX_POINT('',#7177);
#3505=VERTEX_POINT('',#7190);
#3506=VERTEX_POINT('',#7196);
#3507=VERTEX_POINT('',#7207);
#3508=VERTEX_POINT('',#7220);
#3509=VERTEX_POINT('',#7233);
#3510=VERTEX_POINT('',#7246);
#3511=VERTEX_POINT('',#7259);
#3512=VERTEX_POINT('',#7272);
#3513=VERTEX_POINT('',#7278);
#3514=VERTEX_POINT('',#7289);
#3515=VERTEX_POINT('',#7330);
#3516=VERTEX_POINT('',#7331);
#3517=VERTEX_POINT('',#7333);
#3518=VERTEX_POINT('',#7337);
#3519=VERTEX_POINT('',#7350);
#3520=VERTEX_POINT('',#7352);
#3521=VERTEX_POINT('',#7367);
#3522=VERTEX_POINT('',#7369);
#3523=VERTEX_POINT('',#7375);
#3524=VERTEX_POINT('',#7377);
#3525=VERTEX_POINT('',#7381);
#3526=VERTEX_POINT('',#7383);
#3527=VERTEX_POINT('',#7387);
#3528=VERTEX_POINT('',#7389);
#3529=VERTEX_POINT('',#7402);
#3530=VERTEX_POINT('',#7404);
#3531=VERTEX_POINT('',#7419);
#3532=VERTEX_POINT('',#7421);
#3533=VERTEX_POINT('',#7436);
#3534=VERTEX_POINT('',#7438);
#3535=VERTEX_POINT('',#7453);
#3536=VERTEX_POINT('',#7455);
#3537=VERTEX_POINT('',#7461);
#3538=VERTEX_POINT('',#7463);
#3539=VERTEX_POINT('',#7467);
#3540=VERTEX_POINT('',#7469);
#3541=VERTEX_POINT('',#7473);
#3542=VERTEX_POINT('',#7475);
#3543=VERTEX_POINT('',#7486);
#3544=VERTEX_POINT('',#7490);
#3545=VERTEX_POINT('',#7501);
#3546=VERTEX_POINT('',#7514);
#3547=VERTEX_POINT('',#7527);
#3548=VERTEX_POINT('',#7533);
#3549=VERTEX_POINT('',#7544);
#3550=VERTEX_POINT('',#7557);
#3551=VERTEX_POINT('',#7570);
#3552=VERTEX_POINT('',#7583);
#3553=VERTEX_POINT('',#7596);
#3554=VERTEX_POINT('',#7609);
#3555=VERTEX_POINT('',#7615);
#3556=VERTEX_POINT('',#7626);
#3557=VERTEX_POINT('',#7658);
#3558=VERTEX_POINT('',#7659);
#3559=VERTEX_POINT('',#7661);
#3560=VERTEX_POINT('',#7663);
#3561=VERTEX_POINT('',#7667);
#3562=VERTEX_POINT('',#7669);
#3563=VERTEX_POINT('',#7673);
#3564=VERTEX_POINT('',#7675);
#3565=VERTEX_POINT('',#7679);
#3566=VERTEX_POINT('',#7683);
#3567=VERTEX_POINT('',#7687);
#3568=VERTEX_POINT('',#7691);
#3569=VERTEX_POINT('',#7695);
#3570=VERTEX_POINT('',#7699);
#3571=VERTEX_POINT('',#7709);
#3572=VERTEX_POINT('',#7711);
#3573=VERTEX_POINT('',#7715);
#3574=VERTEX_POINT('',#7719);
#3575=VERTEX_POINT('',#7730);
#3576=VERTEX_POINT('',#7736);
#3577=VERTEX_POINT('',#7740);
#3578=VERTEX_POINT('',#7744);
#3579=VERTEX_POINT('',#7748);
#3580=VERTEX_POINT('',#7752);
#3581=VERTEX_POINT('',#7756);
#3582=VERTEX_POINT('',#7767);
#3583=VERTEX_POINT('',#7780);
#3584=VERTEX_POINT('',#7786);
#3585=VERTEX_POINT('',#7800);
#3586=VERTEX_POINT('',#7804);
#3587=VERTEX_POINT('',#7815);
#3588=VERTEX_POINT('',#7828);
#3589=VERTEX_POINT('',#7841);
#3590=VERTEX_POINT('',#7847);
#3591=VERTEX_POINT('',#7851);
#3592=VERTEX_POINT('',#7855);
#3593=VERTEX_POINT('',#7859);
#3594=VERTEX_POINT('',#7870);
#3595=VERTEX_POINT('',#7883);
#3596=VERTEX_POINT('',#7896);
#3597=VERTEX_POINT('',#7909);
#3598=VERTEX_POINT('',#7922);
#3599=VERTEX_POINT('',#7928);
#3600=VERTEX_POINT('',#7932);
#3601=VERTEX_POINT('',#7943);
#3602=VERTEX_POINT('',#7956);
#3603=VERTEX_POINT('',#7969);
#3604=VERTEX_POINT('',#7982);
#3605=VERTEX_POINT('',#7988);
#3606=VERTEX_POINT('',#7992);
#3607=VERTEX_POINT('',#7996);
#3608=VERTEX_POINT('',#8000);
#3609=VERTEX_POINT('',#8011);
#3610=VERTEX_POINT('',#8024);
#3611=VERTEX_POINT('',#8037);
#3612=VERTEX_POINT('',#8050);
#3613=VERTEX_POINT('',#8063);
#3614=VERTEX_POINT('',#8076);
#3615=VERTEX_POINT('',#8082);
#3616=VERTEX_POINT('',#8093);
#3617=VERTEX_POINT('',#8118);
#3618=VERTEX_POINT('',#8122);
#3619=VERTEX_POINT('',#8133);
#3620=VERTEX_POINT('',#8139);
#3621=VERTEX_POINT('',#8150);
#3622=VERTEX_POINT('',#8163);
#3623=VERTEX_POINT('',#8169);
#3624=VERTEX_POINT('',#8173);
#3625=VERTEX_POINT('',#8177);
#3626=VERTEX_POINT('',#8188);
#3627=VERTEX_POINT('',#8194);
#3628=VERTEX_POINT('',#8198);
#3629=VERTEX_POINT('',#8209);
#3630=VERTEX_POINT('',#8222);
#3631=VERTEX_POINT('',#8235);
#3632=VERTEX_POINT('',#8241);
#3633=VERTEX_POINT('',#8245);
#3634=VERTEX_POINT('',#8256);
#3635=VERTEX_POINT('',#8269);
#3636=VERTEX_POINT('',#8282);
#3637=VERTEX_POINT('',#8288);
#3638=VERTEX_POINT('',#8299);
#3639=VERTEX_POINT('',#8312);
#3640=VERTEX_POINT('',#8318);
#3641=VERTEX_POINT('',#8322);
#3642=VERTEX_POINT('',#8333);
#3643=VERTEX_POINT('',#8339);
#3644=VERTEX_POINT('',#8350);
#3645=VERTEX_POINT('',#8363);
#3646=VERTEX_POINT('',#8376);
#3647=VERTEX_POINT('',#8389);
#3648=VERTEX_POINT('',#8395);
#3649=VERTEX_POINT('',#8411);
#3650=VERTEX_POINT('',#8413);
#3651=VERTEX_POINT('',#8417);
#3652=VERTEX_POINT('',#8421);
#3653=VERTEX_POINT('',#8425);
#3654=VERTEX_POINT('',#8436);
#3655=VERTEX_POINT('',#8449);
#3656=VERTEX_POINT('',#8462);
#3657=VERTEX_POINT('',#8468);
#3658=VERTEX_POINT('',#8472);
#3659=VERTEX_POINT('',#8476);
#3660=VERTEX_POINT('',#8480);
#3661=VERTEX_POINT('',#8491);
#3662=VERTEX_POINT('',#8504);
#3663=VERTEX_POINT('',#8517);
#3664=VERTEX_POINT('',#8523);
#3665=VERTEX_POINT('',#8527);
#3666=VERTEX_POINT('',#8531);
#3667=VERTEX_POINT('',#8542);
#3668=VERTEX_POINT('',#8555);
#3669=VERTEX_POINT('',#8561);
#3670=VERTEX_POINT('',#8565);
#3671=VERTEX_POINT('',#8576);
#3672=VERTEX_POINT('',#8589);
#3673=VERTEX_POINT('',#8595);
#3674=VERTEX_POINT('',#8599);
#3675=VERTEX_POINT('',#8610);
#3676=VERTEX_POINT('',#8616);
#3677=B_SPLINE_CURVE_WITH_KNOTS('',2,(#5871,#5872,#5873),.UNSPECIFIED.,
 .F.,.F.,(3,3),(0.,1.),.PIECEWISE_BEZIER_KNOTS.);
#3678=B_SPLINE_CURVE_WITH_KNOTS('',2,(#5876,#5877,#5878),.UNSPECIFIED.,
 .F.,.F.,(3,3),(0.,1.),.PIECEWISE_BEZIER_KNOTS.);
#3679=B_SPLINE_CURVE_WITH_KNOTS('',2,(#5882,#5883,#5884),.UNSPECIFIED.,
 .F.,.F.,(3,3),(0.,1.),.PIECEWISE_BEZIER_KNOTS.);
#3680=B_SPLINE_CURVE_WITH_KNOTS('',2,(#5886,#5887,#5888),.UNSPECIFIED.,
 .F.,.F.,(3,3),(0.,1.),.PIECEWISE_BEZIER_KNOTS.);
#3681=B_SPLINE_CURVE_WITH_KNOTS('',2,(#5890,#5891,#5892),.UNSPECIFIED.,
 .F.,.F.,(3,3),(0.,1.),.PIECEWISE_BEZIER_KNOTS.);
#3682=B_SPLINE_CURVE_WITH_KNOTS('',2,(#5894,#5895,#5896),.UNSPECIFIED.,
 .F.,.F.,(3,3),(0.,1.),.PIECEWISE_BEZIER_KNOTS.);
#3683=B_SPLINE_CURVE_WITH_KNOTS('',2,(#5900,#5901,#5902),.UNSPECIFIED.,
 .F.,.F.,(3,3),(0.,1.),.PIECEWISE_BEZIER_KNOTS.);
#3684=B_SPLINE_CURVE_WITH_KNOTS('',2,(#5908,#5909,#5910),.UNSPECIFIED.,
 .F.,.F.,(3,3),(0.,1.),.PIECEWISE_BEZIER_KNOTS.);
#3685=B_SPLINE_CURVE_WITH_KNOTS('',2,(#5912,#5913,#5914),.UNSPECIFIED.,
 .F.,.F.,(3,3),(0.,1.),.PIECEWISE_BEZIER_KNOTS.);
#3686=B_SPLINE_CURVE_WITH_KNOTS('',2,(#5918,#5919,#5920),.UNSPECIFIED.,
 .F.,.F.,(3,3),(0.,1.),.PIECEWISE_BEZIER_KNOTS.);
#3687=B_SPLINE_CURVE_WITH_KNOTS('',2,(#5922,#5923,#5924),.UNSPECIFIED.,
 .F.,.F.,(3,3),(0.,1.),.PIECEWISE_BEZIER_KNOTS.);
#3688=B_SPLINE_CURVE_WITH_KNOTS('',2,(#5926,#5927,#5928),.UNSPECIFIED.,
 .F.,.F.,(3,3),(0.,1.),.PIECEWISE_BEZIER_KNOTS.);
#3689=B_SPLINE_CURVE_WITH_KNOTS('',2,(#5934,#5935,#5936),.UNSPECIFIED.,
 .F.,.F.,(3,3),(0.,1.),.PIECEWISE_BEZIER_KNOTS.);
#3690=B_SPLINE_CURVE_WITH_KNOTS('',2,(#5938,#5939,#5940),.UNSPECIFIED.,
 .F.,.F.,(3,3),(0.,1.),.PIECEWISE_BEZIER_KNOTS.);
#3691=B_SPLINE_CURVE_WITH_KNOTS('',2,(#5942,#5943,#5944),.UNSPECIFIED.,
 .F.,.F.,(3,3),(0.,1.),.PIECEWISE_BEZIER_KNOTS.);
#3692=B_SPLINE_CURVE_WITH_KNOTS('',2,(#5950,#5951,#5952),.UNSPECIFIED.,
 .F.,.F.,(3,3),(0.,1.),.PIECEWISE_BEZIER_KNOTS.);
#3693=B_SPLINE_CURVE_WITH_KNOTS('',2,(#5960,#5961,#5962),.UNSPECIFIED.,
 .F.,.F.,(3,3),(0.,1.),.PIECEWISE_BEZIER_KNOTS.);
#3694=B_SPLINE_CURVE_WITH_KNOTS('',2,(#5964,#5965,#5966),.UNSPECIFIED.,
 .F.,.F.,(3,3),(0.,1.),.PIECEWISE_BEZIER_KNOTS.);
#3695=B_SPLINE_CURVE_WITH_KNOTS('',2,(#5970,#5971,#5972),.UNSPECIFIED.,
 .F.,.F.,(3,3),(0.,1.),.PIECEWISE_BEZIER_KNOTS.);
#3696=B_SPLINE_CURVE_WITH_KNOTS('',2,(#5980,#5981,#5982),.UNSPECIFIED.,
 .F.,.F.,(3,3),(0.,1.),.PIECEWISE_BEZIER_KNOTS.);
#3697=B_SPLINE_CURVE_WITH_KNOTS('',2,(#5984,#5985,#5986),.UNSPECIFIED.,
 .F.,.F.,(3,3),(0.,1.),.PIECEWISE_BEZIER_KNOTS.);
#3698=B_SPLINE_CURVE_WITH_KNOTS('',2,(#6000,#6001,#6002),.UNSPECIFIED.,
 .F.,.F.,(3,3),(0.,1.),.PIECEWISE_BEZIER_KNOTS.);
#3699=B_SPLINE_CURVE_WITH_KNOTS('',2,(#6007,#6008,#6009),.UNSPECIFIED.,
 .F.,.F.,(3,3),(0.,1.),.PIECEWISE_BEZIER_KNOTS.);
#3700=B_SPLINE_CURVE_WITH_KNOTS('',2,(#6012,#6013,#6014),.UNSPECIFIED.,
 .F.,.F.,(3,3),(0.,1.),.PIECEWISE_BEZIER_KNOTS.);
#3701=B_SPLINE_CURVE_WITH_KNOTS('',2,(#6016,#6017,#6018),.UNSPECIFIED.,
 .F.,.F.,(3,3),(0.,1.),.PIECEWISE_BEZIER_KNOTS.);
#3702=B_SPLINE_CURVE_WITH_KNOTS('',2,(#6022,#6023,#6024),.UNSPECIFIED.,
 .F.,.F.,(3,3),(0.,1.),.PIECEWISE_BEZIER_KNOTS.);
#3703=B_SPLINE_CURVE_WITH_KNOTS('',2,(#6026,#6027,#6028),.UNSPECIFIED.,
 .F.,.F.,(3,3),(0.,1.),.PIECEWISE_BEZIER_KNOTS.);
#3704=B_SPLINE_CURVE_WITH_KNOTS('',2,(#6030,#6031,#6032),.UNSPECIFIED.,
 .F.,.F.,(3,3),(0.,1.),.PIECEWISE_BEZIER_KNOTS.);
#3705=B_SPLINE_CURVE_WITH_KNOTS('',2,(#6034,#6035,#6036),.UNSPECIFIED.,
 .F.,.F.,(3,3),(0.,1.),.PIECEWISE_BEZIER_KNOTS.);
#3706=B_SPLINE_CURVE_WITH_KNOTS('',2,(#6038,#6039,#6040),.UNSPECIFIED.,
 .F.,.F.,(3,3),(0.,1.),.PIECEWISE_BEZIER_KNOTS.);
#3707=B_SPLINE_CURVE_WITH_KNOTS('',2,(#6042,#6043,#6044),.UNSPECIFIED.,
 .F.,.F.,(3,3),(0.,1.),.PIECEWISE_BEZIER_KNOTS.);
#3708=B_SPLINE_CURVE_WITH_KNOTS('',2,(#6048,#6049,#6050),.UNSPECIFIED.,
 .F.,.F.,(3,3),(0.,1.),.PIECEWISE_BEZIER_KNOTS.);
#3709=B_SPLINE_CURVE_WITH_KNOTS('',2,(#6052,#6053,#6054),.UNSPECIFIED.,
 .F.,.F.,(3,3),(0.,1.),.PIECEWISE_BEZIER_KNOTS.);
#3710=B_SPLINE_CURVE_WITH_KNOTS('',2,(#6056,#6057,#6058),.UNSPECIFIED.,
 .F.,.F.,(3,3),(0.,1.),.PIECEWISE_BEZIER_KNOTS.);
#3711=B_SPLINE_CURVE_WITH_KNOTS('',2,(#6059,#6060,#6061),.UNSPECIFIED.,
 .F.,.F.,(3,3),(0.,1.),.PIECEWISE_BEZIER_KNOTS.);
#3712=B_SPLINE_CURVE_WITH_KNOTS('',2,(#6064,#6065,#6066),.UNSPECIFIED.,
 .F.,.F.,(3,3),(0.,1.),.PIECEWISE_BEZIER_KNOTS.);
#3713=B_SPLINE_CURVE_WITH_KNOTS('',2,(#6068,#6069,#6070),.UNSPECIFIED.,
 .F.,.F.,(3,3),(0.,1.),.PIECEWISE_BEZIER_KNOTS.);
#3714=B_SPLINE_CURVE_WITH_KNOTS('',2,(#6074,#6075,#6076),.UNSPECIFIED.,
 .F.,.F.,(3,3),(0.,1.),.PIECEWISE_BEZIER_KNOTS.);
#3715=B_SPLINE_CURVE_WITH_KNOTS('',2,(#6078,#6079,#6080),.UNSPECIFIED.,
 .F.,.F.,(3,3),(0.,1.),.PIECEWISE_BEZIER_KNOTS.);
#3716=B_SPLINE_CURVE_WITH_KNOTS('',2,(#6082,#6083,#6084),.UNSPECIFIED.,
 .F.,.F.,(3,3),(0.,1.),.PIECEWISE_BEZIER_KNOTS.);
#3717=B_SPLINE_CURVE_WITH_KNOTS('',2,(#6086,#6087,#6088),.UNSPECIFIED.,
 .F.,.F.,(3,3),(0.,1.),.PIECEWISE_BEZIER_KNOTS.);
#3718=B_SPLINE_CURVE_WITH_KNOTS('',2,(#6090,#6091,#6092),.UNSPECIFIED.,
 .F.,.F.,(3,3),(0.,1.),.PIECEWISE_BEZIER_KNOTS.);
#3719=B_SPLINE_CURVE_WITH_KNOTS('',2,(#6094,#6095,#6096),.UNSPECIFIED.,
 .F.,.F.,(3,3),(0.,1.),.PIECEWISE_BEZIER_KNOTS.);
#3720=B_SPLINE_CURVE_WITH_KNOTS('',2,(#6104,#6105,#6106),.UNSPECIFIED.,
 .F.,.F.,(3,3),(0.,1.),.PIECEWISE_BEZIER_KNOTS.);
#3721=B_SPLINE_CURVE_WITH_KNOTS('',2,(#6108,#6109,#6110),.UNSPECIFIED.,
 .F.,.F.,(3,3),(0.,1.),.PIECEWISE_BEZIER_KNOTS.);
#3722=B_SPLINE_CURVE_WITH_KNOTS('',2,(#6112,#6113,#6114),.UNSPECIFIED.,
 .F.,.F.,(3,3),(0.,1.),.PIECEWISE_BEZIER_KNOTS.);
#3723=B_SPLINE_CURVE_WITH_KNOTS('',2,(#6116,#6117,#6118),.UNSPECIFIED.,
 .F.,.F.,(3,3),(0.,1.),.PIECEWISE_BEZIER_KNOTS.);
#3724=B_SPLINE_CURVE_WITH_KNOTS('',2,(#6120,#6121,#6122),.UNSPECIFIED.,
 .F.,.F.,(3,3),(0.,1.),.PIECEWISE_BEZIER_KNOTS.);
#3725=B_SPLINE_CURVE_WITH_KNOTS('',2,(#6132,#6133,#6134),.UNSPECIFIED.,
 .F.,.F.,(3,3),(0.,1.),.PIECEWISE_BEZIER_KNOTS.);
#3726=B_SPLINE_CURVE_WITH_KNOTS('',2,(#6136,#6137,#6138),.UNSPECIFIED.,
 .F.,.F.,(3,3),(0.,1.),.PIECEWISE_BEZIER_KNOTS.);
#3727=B_SPLINE_CURVE_WITH_KNOTS('',2,(#6155,#6156,#6157),.UNSPECIFIED.,
 .F.,.F.,(3,3),(0.,1.),.PIECEWISE_BEZIER_KNOTS.);
#3728=B_SPLINE_CURVE_WITH_KNOTS('',2,(#6162,#6163,#6164),.UNSPECIFIED.,
 .F.,.F.,(3,3),(0.,1.),.PIECEWISE_BEZIER_KNOTS.);
#3729=B_SPLINE_CURVE_WITH_KNOTS('',2,(#6188,#6189,#6190),.UNSPECIFIED.,
 .F.,.F.,(3,3),(0.,1.),.PIECEWISE_BEZIER_KNOTS.);
#3730=B_SPLINE_CURVE_WITH_KNOTS('',2,(#6192,#6193,#6194),.UNSPECIFIED.,
 .F.,.F.,(3,3),(0.,1.),.PIECEWISE_BEZIER_KNOTS.);
#3731=B_SPLINE_CURVE_WITH_KNOTS('',2,(#6205,#6206,#6207),.UNSPECIFIED.,
 .F.,.F.,(3,3),(0.,1.),.PIECEWISE_BEZIER_KNOTS.);
#3732=B_SPLINE_CURVE_WITH_KNOTS('',2,(#6210,#6211,#6212),.UNSPECIFIED.,
 .F.,.F.,(3,3),(0.,1.),.PIECEWISE_BEZIER_KNOTS.);
#3733=B_SPLINE_CURVE_WITH_KNOTS('',2,(#6214,#6215,#6216),.UNSPECIFIED.,
 .F.,.F.,(3,3),(0.,1.),.PIECEWISE_BEZIER_KNOTS.);
#3734=B_SPLINE_CURVE_WITH_KNOTS('',2,(#6220,#6221,#6222),.UNSPECIFIED.,
 .F.,.F.,(3,3),(0.,1.),.PIECEWISE_BEZIER_KNOTS.);
#3735=B_SPLINE_CURVE_WITH_KNOTS('',2,(#6224,#6225,#6226),.UNSPECIFIED.,
 .F.,.F.,(3,3),(0.,1.),.PIECEWISE_BEZIER_KNOTS.);
#3736=B_SPLINE_CURVE_WITH_KNOTS('',2,(#6228,#6229,#6230),.UNSPECIFIED.,
 .F.,.F.,(3,3),(0.,1.),.PIECEWISE_BEZIER_KNOTS.);
#3737=B_SPLINE_CURVE_WITH_KNOTS('',2,(#6232,#6233,#6234),.UNSPECIFIED.,
 .F.,.F.,(3,3),(0.,1.),.PIECEWISE_BEZIER_KNOTS.);
#3738=B_SPLINE_CURVE_WITH_KNOTS('',2,(#6236,#6237,#6238),.UNSPECIFIED.,
 .F.,.F.,(3,3),(0.,1.),.PIECEWISE_BEZIER_KNOTS.);
#3739=B_SPLINE_CURVE_WITH_KNOTS('',2,(#6240,#6241,#6242),.UNSPECIFIED.,
 .F.,.F.,(3,3),(0.,1.),.PIECEWISE_BEZIER_KNOTS.);
#3740=B_SPLINE_CURVE_WITH_KNOTS('',2,(#6246,#6247,#6248),.UNSPECIFIED.,
 .F.,.F.,(3,3),(0.,1.),.PIECEWISE_BEZIER_KNOTS.);
#3741=B_SPLINE_CURVE_WITH_KNOTS('',2,(#6250,#6251,#6252),.UNSPECIFIED.,
 .F.,.F.,(3,3),(0.,1.),.PIECEWISE_BEZIER_KNOTS.);
#3742=B_SPLINE_CURVE_WITH_KNOTS('',2,(#6254,#6255,#6256),.UNSPECIFIED.,
 .F.,.F.,(3,3),(0.,1.),.PIECEWISE_BEZIER_KNOTS.);
#3743=B_SPLINE_CURVE_WITH_KNOTS('',2,(#6273,#6274,#6275),.UNSPECIFIED.,
 .F.,.F.,(3,3),(0.,1.),.PIECEWISE_BEZIER_KNOTS.);
#3744=B_SPLINE_CURVE_WITH_KNOTS('',2,(#6278,#6279,#6280),.UNSPECIFIED.,
 .F.,.F.,(3,3),(0.,1.),.PIECEWISE_BEZIER_KNOTS.);
#3745=B_SPLINE_CURVE_WITH_KNOTS('',2,(#6282,#6283,#6284),.UNSPECIFIED.,
 .F.,.F.,(3,3),(0.,1.),.PIECEWISE_BEZIER_KNOTS.);
#3746=B_SPLINE_CURVE_WITH_KNOTS('',2,(#6288,#6289,#6290),.UNSPECIFIED.,
 .F.,.F.,(3,3),(0.,1.),.PIECEWISE_BEZIER_KNOTS.);
#3747=B_SPLINE_CURVE_WITH_KNOTS('',2,(#6292,#6293,#6294),.UNSPECIFIED.,
 .F.,.F.,(3,3),(0.,1.),.PIECEWISE_BEZIER_KNOTS.);
#3748=B_SPLINE_CURVE_WITH_KNOTS('',2,(#6296,#6297,#6298),.UNSPECIFIED.,
 .F.,.F.,(3,3),(0.,1.),.PIECEWISE_BEZIER_KNOTS.);
#3749=B_SPLINE_CURVE_WITH_KNOTS('',2,(#6300,#6301,#6302),.UNSPECIFIED.,
 .F.,.F.,(3,3),(0.,1.),.PIECEWISE_BEZIER_KNOTS.);
#3750=B_SPLINE_CURVE_WITH_KNOTS('',2,(#6304,#6305,#6306),.UNSPECIFIED.,
 .F.,.F.,(3,3),(0.,1.),.PIECEWISE_BEZIER_KNOTS.);
#3751=B_SPLINE_CURVE_WITH_KNOTS('',2,(#6308,#6309,#6310),.UNSPECIFIED.,
 .F.,.F.,(3,3),(0.,1.),.PIECEWISE_BEZIER_KNOTS.);
#3752=B_SPLINE_CURVE_WITH_KNOTS('',2,(#6320,#6321,#6322),.UNSPECIFIED.,
 .F.,.F.,(3,3),(0.,1.),.PIECEWISE_BEZIER_KNOTS.);
#3753=B_SPLINE_CURVE_WITH_KNOTS('',2,(#6324,#6325,#6326),.UNSPECIFIED.,
 .F.,.F.,(3,3),(0.,1.),.PIECEWISE_BEZIER_KNOTS.);
#3754=B_SPLINE_CURVE_WITH_KNOTS('',2,(#6328,#6329,#6330),.UNSPECIFIED.,
 .F.,.F.,(3,3),(0.,1.),.PIECEWISE_BEZIER_KNOTS.);
#3755=B_SPLINE_CURVE_WITH_KNOTS('',2,(#6332,#6333,#6334),.UNSPECIFIED.,
 .F.,.F.,(3,3),(0.,1.),.PIECEWISE_BEZIER_KNOTS.);
#3756=B_SPLINE_CURVE_WITH_KNOTS('',2,(#6340,#6341,#6342),.UNSPECIFIED.,
 .F.,.F.,(3,3),(0.,1.),.PIECEWISE_BEZIER_KNOTS.);
#3757=B_SPLINE_CURVE_WITH_KNOTS('',2,(#6344,#6345,#6346),.UNSPECIFIED.,
 .F.,.F.,(3,3),(0.,1.),.PIECEWISE_BEZIER_KNOTS.);
#3758=B_SPLINE_CURVE_WITH_KNOTS('',2,(#6348,#6349,#6350),.UNSPECIFIED.,
 .F.,.F.,(3,3),(0.,1.),.PIECEWISE_BEZIER_KNOTS.);
#3759=B_SPLINE_CURVE_WITH_KNOTS('',2,(#6352,#6353,#6354),.UNSPECIFIED.,
 .F.,.F.,(3,3),(0.,1.),.PIECEWISE_BEZIER_KNOTS.);
#3760=B_SPLINE_CURVE_WITH_KNOTS('',2,(#6356,#6357,#6358),.UNSPECIFIED.,
 .F.,.F.,(3,3),(0.,1.),.PIECEWISE_BEZIER_KNOTS.);
#3761=B_SPLINE_CURVE_WITH_KNOTS('',2,(#6368,#6369,#6370),.UNSPECIFIED.,
 .F.,.F.,(3,3),(0.,1.),.PIECEWISE_BEZIER_KNOTS.);
#3762=B_SPLINE_CURVE_WITH_KNOTS('',2,(#6372,#6373,#6374),.UNSPECIFIED.,
 .F.,.F.,(3,3),(0.,1.),.PIECEWISE_BEZIER_KNOTS.);
#3763=B_SPLINE_CURVE_WITH_KNOTS('',2,(#6376,#6377,#6378),.UNSPECIFIED.,
 .F.,.F.,(3,3),(0.,1.),.PIECEWISE_BEZIER_KNOTS.);
#3764=B_SPLINE_CURVE_WITH_KNOTS('',2,(#6386,#6387,#6388),.UNSPECIFIED.,
 .F.,.F.,(3,3),(0.,1.),.PIECEWISE_BEZIER_KNOTS.);
#3765=B_SPLINE_CURVE_WITH_KNOTS('',2,(#6394,#6395,#6396),.UNSPECIFIED.,
 .F.,.F.,(3,3),(0.,1.),.PIECEWISE_BEZIER_KNOTS.);
#3766=B_SPLINE_CURVE_WITH_KNOTS('',2,(#6398,#6399,#6400),.UNSPECIFIED.,
 .F.,.F.,(3,3),(0.,1.),.PIECEWISE_BEZIER_KNOTS.);
#3767=B_SPLINE_CURVE_WITH_KNOTS('',2,(#6406,#6407,#6408),.UNSPECIFIED.,
 .F.,.F.,(3,3),(0.,1.),.PIECEWISE_BEZIER_KNOTS.);
#3768=B_SPLINE_CURVE_WITH_KNOTS('',2,(#6410,#6411,#6412),.UNSPECIFIED.,
 .F.,.F.,(3,3),(0.,1.),.PIECEWISE_BEZIER_KNOTS.);
#3769=B_SPLINE_CURVE_WITH_KNOTS('',2,(#6420,#6421,#6422),.UNSPECIFIED.,
 .F.,.F.,(3,3),(0.,1.),.PIECEWISE_BEZIER_KNOTS.);
#3770=B_SPLINE_CURVE_WITH_KNOTS('',2,(#6424,#6425,#6426),.UNSPECIFIED.,
 .F.,.F.,(3,3),(0.,1.),.PIECEWISE_BEZIER_KNOTS.);
#3771=B_SPLINE_CURVE_WITH_KNOTS('',2,(#6428,#6429,#6430),.UNSPECIFIED.,
 .F.,.F.,(3,3),(0.,1.),.PIECEWISE_BEZIER_KNOTS.);
#3772=B_SPLINE_CURVE_WITH_KNOTS('',2,(#6440,#6441,#6442),.UNSPECIFIED.,
 .F.,.F.,(3,3),(0.,1.),.PIECEWISE_BEZIER_KNOTS.);
#3773=B_SPLINE_CURVE_WITH_KNOTS('',2,(#6444,#6445,#6446),.UNSPECIFIED.,
 .F.,.F.,(3,3),(0.,1.),.PIECEWISE_BEZIER_KNOTS.);
#3774=B_SPLINE_CURVE_WITH_KNOTS('',2,(#6448,#6449,#6450),.UNSPECIFIED.,
 .F.,.F.,(3,3),(0.,1.),.PIECEWISE_BEZIER_KNOTS.);
#3775=B_SPLINE_CURVE_WITH_KNOTS('',2,(#6521,#6522,#6523),.UNSPECIFIED.,
 .F.,.F.,(3,3),(0.,1.),.PIECEWISE_BEZIER_KNOTS.);
#3776=B_SPLINE_CURVE_WITH_KNOTS('',2,(#6556,#6557,#6558),.UNSPECIFIED.,
 .F.,.F.,(3,3),(0.,1.),.PIECEWISE_BEZIER_KNOTS.);
#3777=B_SPLINE_CURVE_WITH_KNOTS('',2,(#6569,#6570,#6571),.UNSPECIFIED.,
 .F.,.F.,(3,3),(0.,1.),.PIECEWISE_BEZIER_KNOTS.);
#3778=B_SPLINE_CURVE_WITH_KNOTS('',2,(#6626,#6627,#6628),.UNSPECIFIED.,
 .F.,.F.,(3,3),(0.,1.),.PIECEWISE_BEZIER_KNOTS.);
#3779=B_SPLINE_CURVE_WITH_KNOTS('',2,(#6655,#6656,#6657),.UNSPECIFIED.,
 .F.,.F.,(3,3),(0.,1.),.PIECEWISE_BEZIER_KNOTS.);
#3780=B_SPLINE_CURVE_WITH_KNOTS('',2,(#6661,#6662,#6663),.UNSPECIFIED.,
 .F.,.F.,(3,3),(0.,1.),.PIECEWISE_BEZIER_KNOTS.);
#3781=B_SPLINE_CURVE_WITH_KNOTS('',2,(#6672,#6673,#6674),.UNSPECIFIED.,
 .F.,.F.,(3,3),(0.,1.),.PIECEWISE_BEZIER_KNOTS.);
#3782=B_SPLINE_CURVE_WITH_KNOTS('',2,(#6678,#6679,#6680),.UNSPECIFIED.,
 .F.,.F.,(3,3),(0.,1.),.PIECEWISE_BEZIER_KNOTS.);
#3783=B_SPLINE_CURVE_WITH_KNOTS('',2,(#6689,#6690,#6691),.UNSPECIFIED.,
 .F.,.F.,(3,3),(0.,1.),.PIECEWISE_BEZIER_KNOTS.);
#3784=B_SPLINE_CURVE_WITH_KNOTS('',2,(#6695,#6696,#6697),.UNSPECIFIED.,
 .F.,.F.,(3,3),(0.,1.),.PIECEWISE_BEZIER_KNOTS.);
#3785=B_SPLINE_CURVE_WITH_KNOTS('',2,(#6706,#6707,#6708),.UNSPECIFIED.,
 .F.,.F.,(3,3),(0.,1.),.PIECEWISE_BEZIER_KNOTS.);
#3786=B_SPLINE_CURVE_WITH_KNOTS('',2,(#6712,#6713,#6714),.UNSPECIFIED.,
 .F.,.F.,(3,3),(0.,1.),.PIECEWISE_BEZIER_KNOTS.);
#3787=B_SPLINE_CURVE_WITH_KNOTS('',2,(#6723,#6724,#6725),.UNSPECIFIED.,
 .F.,.F.,(3,3),(0.,1.),.PIECEWISE_BEZIER_KNOTS.);
#3788=B_SPLINE_CURVE_WITH_KNOTS('',2,(#6729,#6730,#6731),.UNSPECIFIED.,
 .F.,.F.,(3,3),(0.,1.),.PIECEWISE_BEZIER_KNOTS.);
#3789=B_SPLINE_CURVE_WITH_KNOTS('',2,(#6748,#6749,#6750),.UNSPECIFIED.,
 .F.,.F.,(3,3),(0.,1.),.PIECEWISE_BEZIER_KNOTS.);
#3790=B_SPLINE_CURVE_WITH_KNOTS('',2,(#6763,#6764,#6765),.UNSPECIFIED.,
 .F.,.F.,(3,3),(0.,1.),.PIECEWISE_BEZIER_KNOTS.);
#3791=B_SPLINE_CURVE_WITH_KNOTS('',2,(#6776,#6777,#6778),.UNSPECIFIED.,
 .F.,.F.,(3,3),(0.,1.),.PIECEWISE_BEZIER_KNOTS.);
#3792=B_SPLINE_CURVE_WITH_KNOTS('',2,(#6805,#6806,#6807),.UNSPECIFIED.,
 .F.,.F.,(3,3),(0.,1.),.PIECEWISE_BEZIER_KNOTS.);
#3793=B_SPLINE_CURVE_WITH_KNOTS('',2,(#6818,#6819,#6820),.UNSPECIFIED.,
 .F.,.F.,(3,3),(0.,1.),.PIECEWISE_BEZIER_KNOTS.);
#3794=B_SPLINE_CURVE_WITH_KNOTS('',2,(#6831,#6832,#6833),.UNSPECIFIED.,
 .F.,.F.,(3,3),(0.,1.),.PIECEWISE_BEZIER_KNOTS.);
#3795=B_SPLINE_CURVE_WITH_KNOTS('',2,(#6844,#6845,#6846),.UNSPECIFIED.,
 .F.,.F.,(3,3),(0.,1.),.PIECEWISE_BEZIER_KNOTS.);
#3796=B_SPLINE_CURVE_WITH_KNOTS('',2,(#6857,#6858,#6859),.UNSPECIFIED.,
 .F.,.F.,(3,3),(0.,1.),.PIECEWISE_BEZIER_KNOTS.);
#3797=B_SPLINE_CURVE_WITH_KNOTS('',2,(#6882,#6883,#6884),.UNSPECIFIED.,
 .F.,.F.,(3,3),(0.,1.),.PIECEWISE_BEZIER_KNOTS.);
#3798=B_SPLINE_CURVE_WITH_KNOTS('',2,(#6895,#6896,#6897),.UNSPECIFIED.,
 .F.,.F.,(3,3),(0.,1.),.PIECEWISE_BEZIER_KNOTS.);
#3799=B_SPLINE_CURVE_WITH_KNOTS('',2,(#6908,#6909,#6910),.UNSPECIFIED.,
 .F.,.F.,(3,3),(0.,1.),.PIECEWISE_BEZIER_KNOTS.);
#3800=B_SPLINE_CURVE_WITH_KNOTS('',2,(#6921,#6922,#6923),.UNSPECIFIED.,
 .F.,.F.,(3,3),(0.,1.),.PIECEWISE_BEZIER_KNOTS.);
#3801=B_SPLINE_CURVE_WITH_KNOTS('',2,(#6934,#6935,#6936),.UNSPECIFIED.,
 .F.,.F.,(3,3),(0.,1.),.PIECEWISE_BEZIER_KNOTS.);
#3802=B_SPLINE_CURVE_WITH_KNOTS('',2,(#6947,#6948,#6949),.UNSPECIFIED.,
 .F.,.F.,(3,3),(0.,1.),.PIECEWISE_BEZIER_KNOTS.);
#3803=B_SPLINE_CURVE_WITH_KNOTS('',2,(#6964,#6965,#6966),.UNSPECIFIED.,
 .F.,.F.,(3,3),(0.,1.),.PIECEWISE_BEZIER_KNOTS.);
#3804=B_SPLINE_CURVE_WITH_KNOTS('',2,(#6975,#6976,#6977),.UNSPECIFIED.,
 .F.,.F.,(3,3),(0.,1.),.PIECEWISE_BEZIER_KNOTS.);
#3805=B_SPLINE_CURVE_WITH_KNOTS('',2,(#6990,#6991,#6992),.UNSPECIFIED.,
 .F.,.F.,(3,3),(0.,1.),.PIECEWISE_BEZIER_KNOTS.);
#3806=B_SPLINE_CURVE_WITH_KNOTS('',2,(#6997,#6998,#6999),.UNSPECIFIED.,
 .F.,.F.,(3,3),(0.,1.),.PIECEWISE_BEZIER_KNOTS.);
#3807=B_SPLINE_CURVE_WITH_KNOTS('',2,(#7010,#7011,#7012),.UNSPECIFIED.,
 .F.,.F.,(3,3),(0.,1.),.PIECEWISE_BEZIER_KNOTS.);
#3808=B_SPLINE_CURVE_WITH_KNOTS('',2,(#7016,#7017,#7018),.UNSPECIFIED.,
 .F.,.F.,(3,3),(0.,1.),.PIECEWISE_BEZIER_KNOTS.);
#3809=B_SPLINE_CURVE_WITH_KNOTS('',2,(#7027,#7028,#7029),.UNSPECIFIED.,
 .F.,.F.,(3,3),(0.,1.),.PIECEWISE_BEZIER_KNOTS.);
#3810=B_SPLINE_CURVE_WITH_KNOTS('',2,(#7033,#7034,#7035),.UNSPECIFIED.,
 .F.,.F.,(3,3),(0.,1.),.PIECEWISE_BEZIER_KNOTS.);
#3811=B_SPLINE_CURVE_WITH_KNOTS('',2,(#7062,#7063,#7064),.UNSPECIFIED.,
 .F.,.F.,(3,3),(0.,1.),.PIECEWISE_BEZIER_KNOTS.);
#3812=B_SPLINE_CURVE_WITH_KNOTS('',2,(#7068,#7069,#7070),.UNSPECIFIED.,
 .F.,.F.,(3,3),(0.,1.),.PIECEWISE_BEZIER_KNOTS.);
#3813=B_SPLINE_CURVE_WITH_KNOTS('',2,(#7079,#7080,#7081),.UNSPECIFIED.,
 .F.,.F.,(3,3),(0.,1.),.PIECEWISE_BEZIER_KNOTS.);
#3814=B_SPLINE_CURVE_WITH_KNOTS('',2,(#7085,#7086,#7087),.UNSPECIFIED.,
 .F.,.F.,(3,3),(0.,1.),.PIECEWISE_BEZIER_KNOTS.);
#3815=B_SPLINE_CURVE_WITH_KNOTS('',2,(#7096,#7097,#7098),.UNSPECIFIED.,
 .F.,.F.,(3,3),(0.,1.),.PIECEWISE_BEZIER_KNOTS.);
#3816=B_SPLINE_CURVE_WITH_KNOTS('',2,(#7102,#7103,#7104),.UNSPECIFIED.,
 .F.,.F.,(3,3),(0.,1.),.PIECEWISE_BEZIER_KNOTS.);
#3817=B_SPLINE_CURVE_WITH_KNOTS('',2,(#7113,#7114,#7115),.UNSPECIFIED.,
 .F.,.F.,(3,3),(0.,1.),.PIECEWISE_BEZIER_KNOTS.);
#3818=B_SPLINE_CURVE_WITH_KNOTS('',2,(#7119,#7120,#7121),.UNSPECIFIED.,
 .F.,.F.,(3,3),(0.,1.),.PIECEWISE_BEZIER_KNOTS.);
#3819=B_SPLINE_CURVE_WITH_KNOTS('',2,(#7150,#7151,#7152),.UNSPECIFIED.,
 .F.,.F.,(3,3),(0.,1.),.PIECEWISE_BEZIER_KNOTS.);
#3820=B_SPLINE_CURVE_WITH_KNOTS('',2,(#7165,#7166,#7167),.UNSPECIFIED.,
 .F.,.F.,(3,3),(0.,1.),.PIECEWISE_BEZIER_KNOTS.);
#3821=B_SPLINE_CURVE_WITH_KNOTS('',2,(#7178,#7179,#7180),.UNSPECIFIED.,
 .F.,.F.,(3,3),(0.,1.),.PIECEWISE_BEZIER_KNOTS.);
#3822=B_SPLINE_CURVE_WITH_KNOTS('',2,(#7191,#7192,#7193),.UNSPECIFIED.,
 .F.,.F.,(3,3),(0.,1.),.PIECEWISE_BEZIER_KNOTS.);
#3823=B_SPLINE_CURVE_WITH_KNOTS('',2,(#7208,#7209,#7210),.UNSPECIFIED.,
 .F.,.F.,(3,3),(0.,1.),.PIECEWISE_BEZIER_KNOTS.);
#3824=B_SPLINE_CURVE_WITH_KNOTS('',2,(#7221,#7222,#7223),.UNSPECIFIED.,
 .F.,.F.,(3,3),(0.,1.),.PIECEWISE_BEZIER_KNOTS.);
#3825=B_SPLINE_CURVE_WITH_KNOTS('',2,(#7234,#7235,#7236),.UNSPECIFIED.,
 .F.,.F.,(3,3),(0.,1.),.PIECEWISE_BEZIER_KNOTS.);
#3826=B_SPLINE_CURVE_WITH_KNOTS('',2,(#7247,#7248,#7249),.UNSPECIFIED.,
 .F.,.F.,(3,3),(0.,1.),.PIECEWISE_BEZIER_KNOTS.);
#3827=B_SPLINE_CURVE_WITH_KNOTS('',2,(#7260,#7261,#7262),.UNSPECIFIED.,
 .F.,.F.,(3,3),(0.,1.),.PIECEWISE_BEZIER_KNOTS.);
#3828=B_SPLINE_CURVE_WITH_KNOTS('',2,(#7273,#7274,#7275),.UNSPECIFIED.,
 .F.,.F.,(3,3),(0.,1.),.PIECEWISE_BEZIER_KNOTS.);
#3829=B_SPLINE_CURVE_WITH_KNOTS('',2,(#7290,#7291,#7292),.UNSPECIFIED.,
 .F.,.F.,(3,3),(0.,1.),.PIECEWISE_BEZIER_KNOTS.);
#3830=B_SPLINE_CURVE_WITH_KNOTS('',2,(#7301,#7302,#7303),.UNSPECIFIED.,
 .F.,.F.,(3,3),(0.,1.),.PIECEWISE_BEZIER_KNOTS.);
#3831=B_SPLINE_CURVE_WITH_KNOTS('',2,(#7312,#7313,#7314),.UNSPECIFIED.,
 .F.,.F.,(3,3),(0.,1.),.PIECEWISE_BEZIER_KNOTS.);
#3832=B_SPLINE_CURVE_WITH_KNOTS('',2,(#7315,#7316,#7317),.UNSPECIFIED.,
 .F.,.F.,(3,3),(0.,1.),.PIECEWISE_BEZIER_KNOTS.);
#3833=B_SPLINE_CURVE_WITH_KNOTS('',2,(#7327,#7328,#7329),.UNSPECIFIED.,
 .F.,.F.,(3,3),(0.,1.),.PIECEWISE_BEZIER_KNOTS.);
#3834=B_SPLINE_CURVE_WITH_KNOTS('',2,(#7334,#7335,#7336),.UNSPECIFIED.,
 .F.,.F.,(3,3),(0.,1.),.PIECEWISE_BEZIER_KNOTS.);
#3835=B_SPLINE_CURVE_WITH_KNOTS('',2,(#7347,#7348,#7349),.UNSPECIFIED.,
 .F.,.F.,(3,3),(0.,1.),.PIECEWISE_BEZIER_KNOTS.);
#3836=B_SPLINE_CURVE_WITH_KNOTS('',2,(#7353,#7354,#7355),.UNSPECIFIED.,
 .F.,.F.,(3,3),(0.,1.),.PIECEWISE_BEZIER_KNOTS.);
#3837=B_SPLINE_CURVE_WITH_KNOTS('',2,(#7364,#7365,#7366),.UNSPECIFIED.,
 .F.,.F.,(3,3),(0.,1.),.PIECEWISE_BEZIER_KNOTS.);
#3838=B_SPLINE_CURVE_WITH_KNOTS('',2,(#7370,#7371,#7372),.UNSPECIFIED.,
 .F.,.F.,(3,3),(0.,1.),.PIECEWISE_BEZIER_KNOTS.);
#3839=B_SPLINE_CURVE_WITH_KNOTS('',2,(#7399,#7400,#7401),.UNSPECIFIED.,
 .F.,.F.,(3,3),(0.,1.),.PIECEWISE_BEZIER_KNOTS.);
#3840=B_SPLINE_CURVE_WITH_KNOTS('',2,(#7405,#7406,#7407),.UNSPECIFIED.,
 .F.,.F.,(3,3),(0.,1.),.PIECEWISE_BEZIER_KNOTS.);
#3841=B_SPLINE_CURVE_WITH_KNOTS('',2,(#7416,#7417,#7418),.UNSPECIFIED.,
 .F.,.F.,(3,3),(0.,1.),.PIECEWISE_BEZIER_KNOTS.);
#3842=B_SPLINE_CURVE_WITH_KNOTS('',2,(#7422,#7423,#7424),.UNSPECIFIED.,
 .F.,.F.,(3,3),(0.,1.),.PIECEWISE_BEZIER_KNOTS.);
#3843=B_SPLINE_CURVE_WITH_KNOTS('',2,(#7433,#7434,#7435),.UNSPECIFIED.,
 .F.,.F.,(3,3),(0.,1.),.PIECEWISE_BEZIER_KNOTS.);
#3844=B_SPLINE_CURVE_WITH_KNOTS('',2,(#7439,#7440,#7441),.UNSPECIFIED.,
 .F.,.F.,(3,3),(0.,1.),.PIECEWISE_BEZIER_KNOTS.);
#3845=B_SPLINE_CURVE_WITH_KNOTS('',2,(#7450,#7451,#7452),.UNSPECIFIED.,
 .F.,.F.,(3,3),(0.,1.),.PIECEWISE_BEZIER_KNOTS.);
#3846=B_SPLINE_CURVE_WITH_KNOTS('',2,(#7456,#7457,#7458),.UNSPECIFIED.,
 .F.,.F.,(3,3),(0.,1.),.PIECEWISE_BEZIER_KNOTS.);
#3847=B_SPLINE_CURVE_WITH_KNOTS('',2,(#7487,#7488,#7489),.UNSPECIFIED.,
 .F.,.F.,(3,3),(0.,1.),.PIECEWISE_BEZIER_KNOTS.);
#3848=B_SPLINE_CURVE_WITH_KNOTS('',2,(#7502,#7503,#7504),.UNSPECIFIED.,
 .F.,.F.,(3,3),(0.,1.),.PIECEWISE_BEZIER_KNOTS.);
#3849=B_SPLINE_CURVE_WITH_KNOTS('',2,(#7515,#7516,#7517),.UNSPECIFIED.,
 .F.,.F.,(3,3),(0.,1.),.PIECEWISE_BEZIER_KNOTS.);
#3850=B_SPLINE_CURVE_WITH_KNOTS('',2,(#7528,#7529,#7530),.UNSPECIFIED.,
 .F.,.F.,(3,3),(0.,1.),.PIECEWISE_BEZIER_KNOTS.);
#3851=B_SPLINE_CURVE_WITH_KNOTS('',2,(#7545,#7546,#7547),.UNSPECIFIED.,
 .F.,.F.,(3,3),(0.,1.),.PIECEWISE_BEZIER_KNOTS.);
#3852=B_SPLINE_CURVE_WITH_KNOTS('',2,(#7558,#7559,#7560),.UNSPECIFIED.,
 .F.,.F.,(3,3),(0.,1.),.PIECEWISE_BEZIER_KNOTS.);
#3853=B_SPLINE_CURVE_WITH_KNOTS('',2,(#7571,#7572,#7573),.UNSPECIFIED.,
 .F.,.F.,(3,3),(0.,1.),.PIECEWISE_BEZIER_KNOTS.);
#3854=B_SPLINE_CURVE_WITH_KNOTS('',2,(#7584,#7585,#7586),.UNSPECIFIED.,
 .F.,.F.,(3,3),(0.,1.),.PIECEWISE_BEZIER_KNOTS.);
#3855=B_SPLINE_CURVE_WITH_KNOTS('',2,(#7597,#7598,#7599),.UNSPECIFIED.,
 .F.,.F.,(3,3),(0.,1.),.PIECEWISE_BEZIER_KNOTS.);
#3856=B_SPLINE_CURVE_WITH_KNOTS('',2,(#7610,#7611,#7612),.UNSPECIFIED.,
 .F.,.F.,(3,3),(0.,1.),.PIECEWISE_BEZIER_KNOTS.);
#3857=B_SPLINE_CURVE_WITH_KNOTS('',2,(#7627,#7628,#7629),.UNSPECIFIED.,
 .F.,.F.,(3,3),(0.,1.),.PIECEWISE_BEZIER_KNOTS.);
#3858=B_SPLINE_CURVE_WITH_KNOTS('',2,(#7638,#7639,#7640),.UNSPECIFIED.,
 .F.,.F.,(3,3),(0.,1.),.PIECEWISE_BEZIER_KNOTS.);
#3859=B_SPLINE_CURVE_WITH_KNOTS('',2,(#7649,#7650,#7651),.UNSPECIFIED.,
 .F.,.F.,(3,3),(0.,1.),.PIECEWISE_BEZIER_KNOTS.);
#3860=B_SPLINE_CURVE_WITH_KNOTS('',2,(#7652,#7653,#7654),.UNSPECIFIED.,
 .F.,.F.,(3,3),(0.,1.),.PIECEWISE_BEZIER_KNOTS.);
#3861=B_SPLINE_CURVE_WITH_KNOTS('',2,(#7731,#7732,#7733),.UNSPECIFIED.,
 .F.,.F.,(3,3),(0.,1.),.PIECEWISE_BEZIER_KNOTS.);
#3862=B_SPLINE_CURVE_WITH_KNOTS('',2,(#7768,#7769,#7770),.UNSPECIFIED.,
 .F.,.F.,(3,3),(0.,1.),.PIECEWISE_BEZIER_KNOTS.);
#3863=B_SPLINE_CURVE_WITH_KNOTS('',2,(#7781,#7782,#7783),.UNSPECIFIED.,
 .F.,.F.,(3,3),(0.,1.),.PIECEWISE_BEZIER_KNOTS.);
#3864=B_SPLINE_CURVE_WITH_KNOTS('',2,(#7801,#7802,#7803),.UNSPECIFIED.,
 .F.,.F.,(3,3),(0.,1.),.PIECEWISE_BEZIER_KNOTS.);
#3865=B_SPLINE_CURVE_WITH_KNOTS('',2,(#7816,#7817,#7818),.UNSPECIFIED.,
 .F.,.F.,(3,3),(0.,1.),.PIECEWISE_BEZIER_KNOTS.);
#3866=B_SPLINE_CURVE_WITH_KNOTS('',2,(#7829,#7830,#7831),.UNSPECIFIED.,
 .F.,.F.,(3,3),(0.,1.),.PIECEWISE_BEZIER_KNOTS.);
#3867=B_SPLINE_CURVE_WITH_KNOTS('',2,(#7842,#7843,#7844),.UNSPECIFIED.,
 .F.,.F.,(3,3),(0.,1.),.PIECEWISE_BEZIER_KNOTS.);
#3868=B_SPLINE_CURVE_WITH_KNOTS('',2,(#7871,#7872,#7873),.UNSPECIFIED.,
 .F.,.F.,(3,3),(0.,1.),.PIECEWISE_BEZIER_KNOTS.);
#3869=B_SPLINE_CURVE_WITH_KNOTS('',2,(#7884,#7885,#7886),.UNSPECIFIED.,
 .F.,.F.,(3,3),(0.,1.),.PIECEWISE_BEZIER_KNOTS.);
#3870=B_SPLINE_CURVE_WITH_KNOTS('',2,(#7897,#7898,#7899),.UNSPECIFIED.,
 .F.,.F.,(3,3),(0.,1.),.PIECEWISE_BEZIER_KNOTS.);
#3871=B_SPLINE_CURVE_WITH_KNOTS('',2,(#7910,#7911,#7912),.UNSPECIFIED.,
 .F.,.F.,(3,3),(0.,1.),.PIECEWISE_BEZIER_KNOTS.);
#3872=B_SPLINE_CURVE_WITH_KNOTS('',2,(#7923,#7924,#7925),.UNSPECIFIED.,
 .F.,.F.,(3,3),(0.,1.),.PIECEWISE_BEZIER_KNOTS.);
#3873=B_SPLINE_CURVE_WITH_KNOTS('',2,(#7944,#7945,#7946),.UNSPECIFIED.,
 .F.,.F.,(3,3),(0.,1.),.PIECEWISE_BEZIER_KNOTS.);
#3874=B_SPLINE_CURVE_WITH_KNOTS('',2,(#7957,#7958,#7959),.UNSPECIFIED.,
 .F.,.F.,(3,3),(0.,1.),.PIECEWISE_BEZIER_KNOTS.);
#3875=B_SPLINE_CURVE_WITH_KNOTS('',2,(#7970,#7971,#7972),.UNSPECIFIED.,
 .F.,.F.,(3,3),(0.,1.),.PIECEWISE_BEZIER_KNOTS.);
#3876=B_SPLINE_CURVE_WITH_KNOTS('',2,(#7983,#7984,#7985),.UNSPECIFIED.,
 .F.,.F.,(3,3),(0.,1.),.PIECEWISE_BEZIER_KNOTS.);
#3877=B_SPLINE_CURVE_WITH_KNOTS('',2,(#8012,#8013,#8014),.UNSPECIFIED.,
 .F.,.F.,(3,3),(0.,1.),.PIECEWISE_BEZIER_KNOTS.);
#3878=B_SPLINE_CURVE_WITH_KNOTS('',2,(#8025,#8026,#8027),.UNSPECIFIED.,
 .F.,.F.,(3,3),(0.,1.),.PIECEWISE_BEZIER_KNOTS.);
#3879=B_SPLINE_CURVE_WITH_KNOTS('',2,(#8038,#8039,#8040),.UNSPECIFIED.,
 .F.,.F.,(3,3),(0.,1.),.PIECEWISE_BEZIER_KNOTS.);
#3880=B_SPLINE_CURVE_WITH_KNOTS('',2,(#8051,#8052,#8053),.UNSPECIFIED.,
 .F.,.F.,(3,3),(0.,1.),.PIECEWISE_BEZIER_KNOTS.);
#3881=B_SPLINE_CURVE_WITH_KNOTS('',2,(#8064,#8065,#8066),.UNSPECIFIED.,
 .F.,.F.,(3,3),(0.,1.),.PIECEWISE_BEZIER_KNOTS.);
#3882=B_SPLINE_CURVE_WITH_KNOTS('',2,(#8077,#8078,#8079),.UNSPECIFIED.,
 .F.,.F.,(3,3),(0.,1.),.PIECEWISE_BEZIER_KNOTS.);
#3883=B_SPLINE_CURVE_WITH_KNOTS('',2,(#8094,#8095,#8096),.UNSPECIFIED.,
 .F.,.F.,(3,3),(0.,1.),.PIECEWISE_BEZIER_KNOTS.);
#3884=B_SPLINE_CURVE_WITH_KNOTS('',2,(#8105,#8106,#8107),.UNSPECIFIED.,
 .F.,.F.,(3,3),(0.,1.),.PIECEWISE_BEZIER_KNOTS.);
#3885=B_SPLINE_CURVE_WITH_KNOTS('',2,(#8119,#8120,#8121),.UNSPECIFIED.,
 .F.,.F.,(3,3),(0.,1.),.PIECEWISE_BEZIER_KNOTS.);
#3886=B_SPLINE_CURVE_WITH_KNOTS('',2,(#8134,#8135,#8136),.UNSPECIFIED.,
 .F.,.F.,(3,3),(0.,1.),.PIECEWISE_BEZIER_KNOTS.);
#3887=B_SPLINE_CURVE_WITH_KNOTS('',2,(#8151,#8152,#8153),.UNSPECIFIED.,
 .F.,.F.,(3,3),(0.,1.),.PIECEWISE_BEZIER_KNOTS.);
#3888=B_SPLINE_CURVE_WITH_KNOTS('',2,(#8164,#8165,#8166),.UNSPECIFIED.,
 .F.,.F.,(3,3),(0.,1.),.PIECEWISE_BEZIER_KNOTS.);
#3889=B_SPLINE_CURVE_WITH_KNOTS('',2,(#8189,#8190,#8191),.UNSPECIFIED.,
 .F.,.F.,(3,3),(0.,1.),.PIECEWISE_BEZIER_KNOTS.);
#3890=B_SPLINE_CURVE_WITH_KNOTS('',2,(#8210,#8211,#8212),.UNSPECIFIED.,
 .F.,.F.,(3,3),(0.,1.),.PIECEWISE_BEZIER_KNOTS.);
#3891=B_SPLINE_CURVE_WITH_KNOTS('',2,(#8223,#8224,#8225),.UNSPECIFIED.,
 .F.,.F.,(3,3),(0.,1.),.PIECEWISE_BEZIER_KNOTS.);
#3892=B_SPLINE_CURVE_WITH_KNOTS('',2,(#8236,#8237,#8238),.UNSPECIFIED.,
 .F.,.F.,(3,3),(0.,1.),.PIECEWISE_BEZIER_KNOTS.);
#3893=B_SPLINE_CURVE_WITH_KNOTS('',2,(#8257,#8258,#8259),.UNSPECIFIED.,
 .F.,.F.,(3,3),(0.,1.),.PIECEWISE_BEZIER_KNOTS.);
#3894=B_SPLINE_CURVE_WITH_KNOTS('',2,(#8270,#8271,#8272),.UNSPECIFIED.,
 .F.,.F.,(3,3),(0.,1.),.PIECEWISE_BEZIER_KNOTS.);
#3895=B_SPLINE_CURVE_WITH_KNOTS('',2,(#8283,#8284,#8285),.UNSPECIFIED.,
 .F.,.F.,(3,3),(0.,1.),.PIECEWISE_BEZIER_KNOTS.);
#3896=B_SPLINE_CURVE_WITH_KNOTS('',2,(#8300,#8301,#8302),.UNSPECIFIED.,
 .F.,.F.,(3,3),(0.,1.),.PIECEWISE_BEZIER_KNOTS.);
#3897=B_SPLINE_CURVE_WITH_KNOTS('',2,(#8313,#8314,#8315),.UNSPECIFIED.,
 .F.,.F.,(3,3),(0.,1.),.PIECEWISE_BEZIER_KNOTS.);
#3898=B_SPLINE_CURVE_WITH_KNOTS('',2,(#8334,#8335,#8336),.UNSPECIFIED.,
 .F.,.F.,(3,3),(0.,1.),.PIECEWISE_BEZIER_KNOTS.);
#3899=B_SPLINE_CURVE_WITH_KNOTS('',2,(#8351,#8352,#8353),.UNSPECIFIED.,
 .F.,.F.,(3,3),(0.,1.),.PIECEWISE_BEZIER_KNOTS.);
#3900=B_SPLINE_CURVE_WITH_KNOTS('',2,(#8364,#8365,#8366),.UNSPECIFIED.,
 .F.,.F.,(3,3),(0.,1.),.PIECEWISE_BEZIER_KNOTS.);
#3901=B_SPLINE_CURVE_WITH_KNOTS('',2,(#8377,#8378,#8379),.UNSPECIFIED.,
 .F.,.F.,(3,3),(0.,1.),.PIECEWISE_BEZIER_KNOTS.);
#3902=B_SPLINE_CURVE_WITH_KNOTS('',2,(#8390,#8391,#8392),.UNSPECIFIED.,
 .F.,.F.,(3,3),(0.,1.),.PIECEWISE_BEZIER_KNOTS.);
#3903=B_SPLINE_CURVE_WITH_KNOTS('',2,(#8405,#8406,#8407),.UNSPECIFIED.,
 .F.,.F.,(3,3),(0.,1.),.PIECEWISE_BEZIER_KNOTS.);
#3904=B_SPLINE_CURVE_WITH_KNOTS('',2,(#8437,#8438,#8439),.UNSPECIFIED.,
 .F.,.F.,(3,3),(0.,1.),.PIECEWISE_BEZIER_KNOTS.);
#3905=B_SPLINE_CURVE_WITH_KNOTS('',2,(#8450,#8451,#8452),.UNSPECIFIED.,
 .F.,.F.,(3,3),(0.,1.),.PIECEWISE_BEZIER_KNOTS.);
#3906=B_SPLINE_CURVE_WITH_KNOTS('',2,(#8463,#8464,#8465),.UNSPECIFIED.,
 .F.,.F.,(3,3),(0.,1.),.PIECEWISE_BEZIER_KNOTS.);
#3907=B_SPLINE_CURVE_WITH_KNOTS('',2,(#8492,#8493,#8494),.UNSPECIFIED.,
 .F.,.F.,(3,3),(0.,1.),.PIECEWISE_BEZIER_KNOTS.);
#3908=B_SPLINE_CURVE_WITH_KNOTS('',2,(#8505,#8506,#8507),.UNSPECIFIED.,
 .F.,.F.,(3,3),(0.,1.),.PIECEWISE_BEZIER_KNOTS.);
#3909=B_SPLINE_CURVE_WITH_KNOTS('',2,(#8518,#8519,#8520),.UNSPECIFIED.,
 .F.,.F.,(3,3),(0.,1.),.PIECEWISE_BEZIER_KNOTS.);
#3910=B_SPLINE_CURVE_WITH_KNOTS('',2,(#8543,#8544,#8545),.UNSPECIFIED.,
 .F.,.F.,(3,3),(0.,1.),.PIECEWISE_BEZIER_KNOTS.);
#3911=B_SPLINE_CURVE_WITH_KNOTS('',2,(#8556,#8557,#8558),.UNSPECIFIED.,
 .F.,.F.,(3,3),(0.,1.),.PIECEWISE_BEZIER_KNOTS.);
#3912=B_SPLINE_CURVE_WITH_KNOTS('',2,(#8577,#8578,#8579),.UNSPECIFIED.,
 .F.,.F.,(3,3),(0.,1.),.PIECEWISE_BEZIER_KNOTS.);
#3913=B_SPLINE_CURVE_WITH_KNOTS('',2,(#8590,#8591,#8592),.UNSPECIFIED.,
 .F.,.F.,(3,3),(0.,1.),.PIECEWISE_BEZIER_KNOTS.);
#3914=B_SPLINE_CURVE_WITH_KNOTS('',2,(#8611,#8612,#8613),.UNSPECIFIED.,
 .F.,.F.,(3,3),(0.,1.),.PIECEWISE_BEZIER_KNOTS.);
#3915=EDGE_LOOP('',(#1048,#1049,#1050,#1051,#1052,#1053,#1054,#1055,#1056,
#1057,#1058,#1059,#1060,#1061,#1062,#1063,#1064,#1065,#1066,#1067,#1068,
#1069,#1070,#1071,#1072,#1073,#1074,#1075,#1076,#1077,#1078,#1079));
#3916=EDGE_LOOP('',(#1080,#1081,#1082,#1083,#1084,#1085,#1086,#1087,#1088,
#1089,#1090,#1091,#1092,#1093));
#3917=EDGE_LOOP('',(#1094,#1095,#1096,#1097,#1098,#1099,#1100,#1101,#1102,
#1103,#1104,#1105,#1106,#1107));
#3918=EDGE_LOOP('',(#1108,#1109,#1110,#1111,#1112,#1113,#1114,#1115,#1116,
#1117,#1118,#1119,#1120,#1121,#1122,#1123,#1124,#1125,#1126,#1127,#1128,
#1129,#1130,#1131));
#3919=EDGE_LOOP('',(#1132,#1133,#1134,#1135,#1136,#1137,#1138,#1139));
#3920=EDGE_LOOP('',(#1140,#1141,#1142,#1143,#1144,#1145,#1146,#1147,#1148,
#1149,#1150,#1151,#1152,#1153,#1154,#1155,#1156,#1157,#1158,#1159,#1160));
#3921=EDGE_LOOP('',(#1161,#1162,#1163,#1164,#1165,#1166,#1167,#1168,#1169,
#1170,#1171,#1172,#1173,#1174));
#3922=EDGE_LOOP('',(#1175,#1176,#1177,#1178,#1179,#1180,#1181,#1182));
#3923=EDGE_LOOP('',(#1183,#1184,#1185,#1186,#1187,#1188,#1189,#1190,#1191,
#1192,#1193,#1194,#1195,#1196,#1197,#1198,#1199,#1200,#1201,#1202,#1203,
#1204,#1205,#1206,#1207,#1208,#1209,#1210,#1211,#1212,#1213,#1214));
#3924=EDGE_LOOP('',(#1215,#1216,#1217,#1218,#1219,#1220,#1221,#1222,#1223,
#1224,#1225,#1226,#1227,#1228,#1229,#1230,#1231,#1232,#1233,#1234,#1235,
#1236,#1237,#1238,#1239,#1240,#1241,#1242));
#3925=EDGE_LOOP('',(#1243,#1244,#1245,#1246));
#3926=EDGE_LOOP('',(#1247,#1248,#1249,#1250));
#3927=EDGE_LOOP('',(#1251,#1252,#1253,#1254));
#3928=EDGE_LOOP('',(#1255,#1256,#1257,#1258));
#3929=EDGE_LOOP('',(#1259,#1260,#1261,#1262));
#3930=EDGE_LOOP('',(#1263,#1264,#1265,#1266));
#3931=EDGE_LOOP('',(#1267,#1268,#1269,#1270));
#3932=EDGE_LOOP('',(#1271,#1272,#1273,#1274));
#3933=EDGE_LOOP('',(#1275,#1276,#1277,#1278));
#3934=EDGE_LOOP('',(#1279,#1280,#1281,#1282));
#3935=EDGE_LOOP('',(#1283,#1284,#1285,#1286,#1287,#1288,#1289,#1290));
#3936=EDGE_LOOP('',(#1291,#1292,#1293,#1294));
#3937=EDGE_LOOP('',(#1295,#1296,#1297,#1298));
#3938=EDGE_LOOP('',(#1299,#1300,#1301,#1302));
#3939=EDGE_LOOP('',(#1303,#1304,#1305,#1306));
#3940=EDGE_LOOP('',(#1307,#1308,#1309,#1310));
#3941=EDGE_LOOP('',(#1311,#1312,#1313,#1314));
#3942=EDGE_LOOP('',(#1315,#1316,#1317,#1318));
#3943=EDGE_LOOP('',(#1319,#1320,#1321,#1322));
#3944=EDGE_LOOP('',(#1323,#1324,#1325,#1326));
#3945=EDGE_LOOP('',(#1327,#1328,#1329,#1330));
#3946=EDGE_LOOP('',(#1331,#1332,#1333,#1334));
#3947=EDGE_LOOP('',(#1335,#1336,#1337,#1338));
#3948=EDGE_LOOP('',(#1339,#1340,#1341,#1342));
#3949=EDGE_LOOP('',(#1343,#1344,#1345,#1346));
#3950=EDGE_LOOP('',(#1347,#1348,#1349,#1350));
#3951=EDGE_LOOP('',(#1351,#1352,#1353,#1354));
#3952=EDGE_LOOP('',(#1355,#1356,#1357,#1358));
#3953=EDGE_LOOP('',(#1359,#1360,#1361,#1362));
#3954=EDGE_LOOP('',(#1363,#1364,#1365,#1366));
#3955=EDGE_LOOP('',(#1367,#1368,#1369,#1370));
#3956=EDGE_LOOP('',(#1371,#1372,#1373,#1374));
#3957=EDGE_LOOP('',(#1375,#1376,#1377,#1378,#1379,#1380,#1381,#1382,#1383,
#1384,#1385,#1386,#1387,#1388,#1389,#1390,#1391,#1392,#1393,#1394,#1395));
#3958=EDGE_LOOP('',(#1396,#1397,#1398,#1399));
#3959=EDGE_LOOP('',(#1400,#1401,#1402,#1403));
#3960=EDGE_LOOP('',(#1404,#1405,#1406,#1407));
#3961=EDGE_LOOP('',(#1408,#1409,#1410,#1411));
#3962=EDGE_LOOP('',(#1412,#1413,#1414,#1415));
#3963=EDGE_LOOP('',(#1416,#1417,#1418,#1419));
#3964=EDGE_LOOP('',(#1420,#1421,#1422,#1423));
#3965=EDGE_LOOP('',(#1424,#1425,#1426,#1427));
#3966=EDGE_LOOP('',(#1428,#1429,#1430,#1431));
#3967=EDGE_LOOP('',(#1432,#1433,#1434,#1435));
#3968=EDGE_LOOP('',(#1436,#1437,#1438,#1439));
#3969=EDGE_LOOP('',(#1440,#1441,#1442,#1443));
#3970=EDGE_LOOP('',(#1444,#1445,#1446,#1447));
#3971=EDGE_LOOP('',(#1448,#1449,#1450,#1451));
#3972=EDGE_LOOP('',(#1452,#1453,#1454,#1455));
#3973=EDGE_LOOP('',(#1456,#1457,#1458,#1459));
#3974=EDGE_LOOP('',(#1460,#1461,#1462,#1463));
#3975=EDGE_LOOP('',(#1464,#1465,#1466,#1467));
#3976=EDGE_LOOP('',(#1468,#1469,#1470,#1471));
#3977=EDGE_LOOP('',(#1472,#1473,#1474,#1475));
#3978=EDGE_LOOP('',(#1476,#1477,#1478,#1479));
#3979=EDGE_LOOP('',(#1480,#1481,#1482,#1483));
#3980=EDGE_LOOP('',(#1484,#1485,#1486,#1487));
#3981=EDGE_LOOP('',(#1488,#1489,#1490,#1491));
#3982=EDGE_LOOP('',(#1492,#1493,#1494,#1495));
#3983=EDGE_LOOP('',(#1496,#1497,#1498,#1499));
#3984=EDGE_LOOP('',(#1500,#1501,#1502,#1503));
#3985=EDGE_LOOP('',(#1504,#1505,#1506,#1507));
#3986=EDGE_LOOP('',(#1508,#1509,#1510,#1511));
#3987=EDGE_LOOP('',(#1512,#1513,#1514,#1515));
#3988=EDGE_LOOP('',(#1516,#1517,#1518,#1519));
#3989=EDGE_LOOP('',(#1520,#1521,#1522,#1523));
#3990=EDGE_LOOP('',(#1524,#1525,#1526,#1527));
#3991=EDGE_LOOP('',(#1528,#1529,#1530,#1531,#1532,#1533,#1534,#1535,#1536,
#1537,#1538,#1539,#1540,#1541,#1542,#1543,#1544,#1545,#1546,#1547,#1548,
#1549,#1550,#1551));
#3992=EDGE_LOOP('',(#1552,#1553,#1554,#1555,#1556,#1557,#1558,#1559,#1560));
#3993=EDGE_LOOP('',(#1561,#1562,#1563,#1564));
#3994=EDGE_LOOP('',(#1565,#1566,#1567,#1568));
#3995=EDGE_LOOP('',(#1569,#1570,#1571,#1572));
#3996=EDGE_LOOP('',(#1573,#1574,#1575,#1576));
#3997=EDGE_LOOP('',(#1577,#1578,#1579,#1580));
#3998=EDGE_LOOP('',(#1581,#1582,#1583,#1584));
#3999=EDGE_LOOP('',(#1585,#1586,#1587,#1588));
#4000=EDGE_LOOP('',(#1589,#1590,#1591,#1592));
#4001=EDGE_LOOP('',(#1593,#1594,#1595,#1596));
#4002=EDGE_LOOP('',(#1597,#1598,#1599,#1600));
#4003=EDGE_LOOP('',(#1601,#1602,#1603,#1604));
#4004=EDGE_LOOP('',(#1605,#1606,#1607,#1608));
#4005=EDGE_LOOP('',(#1609,#1610,#1611,#1612));
#4006=EDGE_LOOP('',(#1613,#1614,#1615,#1616));
#4007=EDGE_LOOP('',(#1617,#1618,#1619,#1620));
#4008=EDGE_LOOP('',(#1621,#1622,#1623,#1624));
#4009=EDGE_LOOP('',(#1625,#1626,#1627,#1628));
#4010=EDGE_LOOP('',(#1629,#1630,#1631,#1632));
#4011=EDGE_LOOP('',(#1633,#1634,#1635,#1636));
#4012=EDGE_LOOP('',(#1637,#1638,#1639,#1640));
#4013=EDGE_LOOP('',(#1641,#1642,#1643,#1644));
#4014=EDGE_LOOP('',(#1645,#1646,#1647,#1648));
#4015=EDGE_LOOP('',(#1649,#1650,#1651,#1652));
#4016=EDGE_LOOP('',(#1653,#1654,#1655,#1656));
#4017=EDGE_LOOP('',(#1657,#1658,#1659,#1660));
#4018=EDGE_LOOP('',(#1661,#1662,#1663,#1664));
#4019=EDGE_LOOP('',(#1665,#1666,#1667,#1668));
#4020=EDGE_LOOP('',(#1669,#1670,#1671,#1672));
#4021=EDGE_LOOP('',(#1673,#1674,#1675,#1676,#1677,#1678,#1679,#1680,#1681,
#1682,#1683,#1684,#1685,#1686));
#4022=EDGE_LOOP('',(#1687,#1688,#1689,#1690,#1691,#1692,#1693,#1694,#1695,
#1696,#1697,#1698,#1699,#1700));
#4023=EDGE_LOOP('',(#1701,#1702,#1703,#1704));
#4024=EDGE_LOOP('',(#1705,#1706,#1707,#1708));
#4025=EDGE_LOOP('',(#1709,#1710,#1711,#1712));
#4026=EDGE_LOOP('',(#1713,#1714,#1715,#1716));
#4027=EDGE_LOOP('',(#1717,#1718,#1719,#1720));
#4028=EDGE_LOOP('',(#1721,#1722,#1723,#1724));
#4029=EDGE_LOOP('',(#1725,#1726,#1727,#1728));
#4030=EDGE_LOOP('',(#1729,#1730,#1731,#1732));
#4031=EDGE_LOOP('',(#1733,#1734,#1735,#1736));
#4032=EDGE_LOOP('',(#1737,#1738,#1739,#1740));
#4033=EDGE_LOOP('',(#1741,#1742,#1743,#1744));
#4034=EDGE_LOOP('',(#1745,#1746,#1747,#1748));
#4035=EDGE_LOOP('',(#1749,#1750,#1751,#1752));
#4036=EDGE_LOOP('',(#1753,#1754,#1755,#1756));
#4037=EDGE_LOOP('',(#1757,#1758,#1759,#1760));
#4038=EDGE_LOOP('',(#1761,#1762,#1763,#1764));
#4039=EDGE_LOOP('',(#1765,#1766,#1767,#1768));
#4040=EDGE_LOOP('',(#1769,#1770,#1771,#1772));
#4041=EDGE_LOOP('',(#1773,#1774,#1775,#1776));
#4042=EDGE_LOOP('',(#1777,#1778,#1779,#1780));
#4043=EDGE_LOOP('',(#1781,#1782,#1783,#1784));
#4044=EDGE_LOOP('',(#1785,#1786,#1787,#1788));
#4045=EDGE_LOOP('',(#1789,#1790,#1791,#1792));
#4046=EDGE_LOOP('',(#1793,#1794,#1795,#1796));
#4047=EDGE_LOOP('',(#1797,#1798,#1799,#1800));
#4048=EDGE_LOOP('',(#1801,#1802,#1803,#1804));
#4049=EDGE_LOOP('',(#1805,#1806,#1807,#1808));
#4050=EDGE_LOOP('',(#1809,#1810,#1811,#1812));
#4051=EDGE_LOOP('',(#1813,#1814,#1815,#1816,#1817,#1818,#1819,#1820,#1821,
#1822,#1823,#1824,#1825,#1826));
#4052=EDGE_LOOP('',(#1827,#1828,#1829,#1830,#1831,#1832,#1833,#1834,#1835,
#1836,#1837,#1838,#1839,#1840));
#4053=EDGE_LOOP('',(#1841,#1842,#1843,#1844));
#4054=EDGE_LOOP('',(#1845,#1846,#1847,#1848));
#4055=EDGE_LOOP('',(#1849,#1850,#1851,#1852));
#4056=EDGE_LOOP('',(#1853,#1854,#1855,#1856));
#4057=EDGE_LOOP('',(#1857,#1858,#1859,#1860));
#4058=EDGE_LOOP('',(#1861,#1862,#1863,#1864));
#4059=EDGE_LOOP('',(#1865,#1866,#1867,#1868));
#4060=EDGE_LOOP('',(#1869,#1870,#1871,#1872));
#4061=EDGE_LOOP('',(#1873,#1874,#1875,#1876));
#4062=EDGE_LOOP('',(#1877,#1878,#1879,#1880));
#4063=EDGE_LOOP('',(#1881,#1882,#1883,#1884));
#4064=EDGE_LOOP('',(#1885,#1886,#1887,#1888,#1889,#1890,#1891,#1892));
#4065=EDGE_LOOP('',(#1893,#1894,#1895));
#4066=EDGE_LOOP('',(#1896,#1897,#1898,#1899));
#4067=EDGE_LOOP('',(#1900,#1901,#1902,#1903));
#4068=EDGE_LOOP('',(#1904,#1905,#1906,#1907));
#4069=EDGE_LOOP('',(#1908,#1909,#1910,#1911));
#4070=EDGE_LOOP('',(#1912,#1913,#1914,#1915));
#4071=EDGE_LOOP('',(#1916,#1917,#1918,#1919));
#4072=EDGE_LOOP('',(#1920,#1921,#1922,#1923));
#4073=EDGE_LOOP('',(#1924,#1925,#1926,#1927));
#4074=EDGE_LOOP('',(#1928,#1929,#1930,#1931));
#4075=EDGE_LOOP('',(#1932,#1933,#1934,#1935));
#4076=EDGE_LOOP('',(#1936,#1937,#1938,#1939));
#4077=EDGE_LOOP('',(#1940,#1941,#1942,#1943));
#4078=EDGE_LOOP('',(#1944,#1945,#1946,#1947));
#4079=EDGE_LOOP('',(#1948,#1949,#1950,#1951));
#4080=EDGE_LOOP('',(#1952,#1953,#1954,#1955,#1956,#1957,#1958,#1959,#1960,
#1961,#1962,#1963,#1964,#1965));
#4081=EDGE_LOOP('',(#1966,#1967,#1968,#1969));
#4082=EDGE_LOOP('',(#1970,#1971,#1972,#1973));
#4083=EDGE_LOOP('',(#1974,#1975,#1976,#1977));
#4084=EDGE_LOOP('',(#1978,#1979,#1980,#1981));
#4085=EDGE_LOOP('',(#1982,#1983,#1984,#1985));
#4086=EDGE_LOOP('',(#1986,#1987,#1988,#1989));
#4087=EDGE_LOOP('',(#1990,#1991,#1992,#1993));
#4088=EDGE_LOOP('',(#1994,#1995,#1996,#1997));
#4089=EDGE_LOOP('',(#1998,#1999,#2000,#2001));
#4090=EDGE_LOOP('',(#2002,#2003,#2004,#2005));
#4091=EDGE_LOOP('',(#2006,#2007,#2008,#2009));
#4092=EDGE_LOOP('',(#2010,#2011,#2012,#2013));
#4093=EDGE_LOOP('',(#2014,#2015,#2016,#2017));
#4094=EDGE_LOOP('',(#2018,#2019,#2020,#2021));
#4095=EDGE_LOOP('',(#2022,#2023,#2024,#2025));
#4096=EDGE_LOOP('',(#2026,#2027,#2028,#2029));
#4097=EDGE_LOOP('',(#2030,#2031,#2032,#2033));
#4098=EDGE_LOOP('',(#2034,#2035,#2036,#2037));
#4099=EDGE_LOOP('',(#2038,#2039,#2040,#2041));
#4100=EDGE_LOOP('',(#2042,#2043,#2044,#2045));
#4101=EDGE_LOOP('',(#2046,#2047,#2048,#2049));
#4102=EDGE_LOOP('',(#2050,#2051,#2052,#2053));
#4103=EDGE_LOOP('',(#2054,#2055,#2056,#2057));
#4104=EDGE_LOOP('',(#2058,#2059,#2060,#2061));
#4105=EDGE_LOOP('',(#2062,#2063,#2064,#2065));
#4106=EDGE_LOOP('',(#2066,#2067,#2068,#2069));
#4107=EDGE_LOOP('',(#2070,#2071,#2072,#2073));
#4108=EDGE_LOOP('',(#2074,#2075,#2076,#2077));
#4109=EDGE_LOOP('',(#2078,#2079,#2080,#2081));
#4110=EDGE_LOOP('',(#2082,#2083,#2084,#2085));
#4111=EDGE_LOOP('',(#2086,#2087,#2088,#2089));
#4112=EDGE_LOOP('',(#2090,#2091,#2092,#2093));
#4113=EDGE_LOOP('',(#2094,#2095,#2096,#2097,#2098,#2099,#2100,#2101,#2102,
#2103,#2104,#2105,#2106,#2107,#2108,#2109,#2110,#2111,#2112,#2113,#2114,
#2115,#2116,#2117,#2118,#2119,#2120,#2121,#2122,#2123,#2124,#2125));
#4114=EDGE_LOOP('',(#2126,#2127,#2128,#2129));
#4115=EDGE_LOOP('',(#2130,#2131,#2132,#2133));
#4116=EDGE_LOOP('',(#2134,#2135,#2136,#2137));
#4117=EDGE_LOOP('',(#2138,#2139,#2140,#2141));
#4118=EDGE_LOOP('',(#2142,#2143,#2144,#2145));
#4119=EDGE_LOOP('',(#2146,#2147,#2148,#2149));
#4120=EDGE_LOOP('',(#2150,#2151,#2152,#2153));
#4121=EDGE_LOOP('',(#2154,#2155,#2156,#2157));
#4122=EDGE_LOOP('',(#2158,#2159,#2160,#2161));
#4123=EDGE_LOOP('',(#2162,#2163,#2164,#2165));
#4124=EDGE_LOOP('',(#2166,#2167,#2168,#2169));
#4125=EDGE_LOOP('',(#2170,#2171,#2172,#2173));
#4126=EDGE_LOOP('',(#2174,#2175,#2176,#2177));
#4127=EDGE_LOOP('',(#2178,#2179,#2180,#2181));
#4128=EDGE_LOOP('',(#2182,#2183,#2184,#2185));
#4129=EDGE_LOOP('',(#2186,#2187,#2188,#2189));
#4130=EDGE_LOOP('',(#2190,#2191,#2192,#2193));
#4131=EDGE_LOOP('',(#2194,#2195,#2196,#2197));
#4132=EDGE_LOOP('',(#2198,#2199,#2200,#2201));
#4133=EDGE_LOOP('',(#2202,#2203,#2204,#2205));
#4134=EDGE_LOOP('',(#2206,#2207,#2208,#2209));
#4135=EDGE_LOOP('',(#2210,#2211,#2212,#2213));
#4136=EDGE_LOOP('',(#2214,#2215,#2216,#2217));
#4137=EDGE_LOOP('',(#2218,#2219,#2220,#2221));
#4138=EDGE_LOOP('',(#2222,#2223,#2224,#2225));
#4139=EDGE_LOOP('',(#2226,#2227,#2228,#2229));
#4140=EDGE_LOOP('',(#2230,#2231,#2232,#2233));
#4141=EDGE_LOOP('',(#2234,#2235,#2236,#2237));
#4142=EDGE_LOOP('',(#2238,#2239,#2240,#2241));
#4143=EDGE_LOOP('',(#2242,#2243,#2244,#2245));
#4144=EDGE_LOOP('',(#2246,#2247,#2248,#2249));
#4145=EDGE_LOOP('',(#2250,#2251,#2252,#2253));
#4146=EDGE_LOOP('',(#2254,#2255,#2256,#2257,#2258,#2259,#2260,#2261,#2262,
#2263,#2264,#2265,#2266,#2267,#2268,#2269,#2270,#2271,#2272,#2273,#2274,
#2275,#2276,#2277,#2278,#2279,#2280,#2281,#2282,#2283,#2284,#2285));
#4147=EDGE_LOOP('',(#2286,#2287,#2288,#2289));
#4148=EDGE_LOOP('',(#2290,#2291,#2292,#2293));
#4149=EDGE_LOOP('',(#2294,#2295,#2296,#2297));
#4150=EDGE_LOOP('',(#2298,#2299,#2300,#2301));
#4151=EDGE_LOOP('',(#2302,#2303,#2304,#2305));
#4152=EDGE_LOOP('',(#2306,#2307,#2308,#2309));
#4153=EDGE_LOOP('',(#2310,#2311,#2312,#2313));
#4154=EDGE_LOOP('',(#2314,#2315,#2316,#2317));
#4155=EDGE_LOOP('',(#2318,#2319,#2320,#2321));
#4156=EDGE_LOOP('',(#2322,#2323,#2324,#2325));
#4157=EDGE_LOOP('',(#2326,#2327,#2328,#2329));
#4158=EDGE_LOOP('',(#2330,#2331,#2332,#2333));
#4159=EDGE_LOOP('',(#2334,#2335,#2336,#2337));
#4160=EDGE_LOOP('',(#2338,#2339,#2340,#2341));
#4161=EDGE_LOOP('',(#2342,#2343,#2344,#2345));
#4162=EDGE_LOOP('',(#2346,#2347,#2348,#2349));
#4163=EDGE_LOOP('',(#2350,#2351,#2352,#2353));
#4164=EDGE_LOOP('',(#2354,#2355,#2356,#2357));
#4165=EDGE_LOOP('',(#2358,#2359,#2360,#2361));
#4166=EDGE_LOOP('',(#2362,#2363,#2364,#2365));
#4167=EDGE_LOOP('',(#2366,#2367,#2368,#2369));
#4168=EDGE_LOOP('',(#2370,#2371,#2372,#2373));
#4169=EDGE_LOOP('',(#2374,#2375,#2376,#2377));
#4170=EDGE_LOOP('',(#2378,#2379,#2380,#2381));
#4171=EDGE_LOOP('',(#2382,#2383,#2384,#2385));
#4172=EDGE_LOOP('',(#2386,#2387,#2388,#2389));
#4173=EDGE_LOOP('',(#2390,#2391,#2392,#2393));
#4174=EDGE_LOOP('',(#2394,#2395,#2396,#2397));
#4175=EDGE_LOOP('',(#2398,#2399,#2400,#2401,#2402,#2403,#2404,#2405,#2406,
#2407,#2408,#2409,#2410,#2411,#2412,#2413,#2414,#2415,#2416,#2417,#2418,
#2419,#2420,#2421,#2422,#2423,#2424,#2425));
#4176=EDGE_LOOP('',(#2426,#2427,#2428,#2429,#2430,#2431,#2432,#2433,#2434));
#4177=EDGE_LOOP('',(#2435,#2436,#2437,#2438,#2439,#2440,#2441,#2442,#2443,
#2444,#2445,#2446,#2447,#2448));
#4178=EDGE_LOOP('',(#2449,#2450,#2451,#2452,#2453,#2454,#2455,#2456,#2457,
#2458,#2459,#2460,#2461,#2462));
#4179=EDGE_LOOP('',(#2463,#2464,#2465));
#4180=EDGE_LOOP('',(#2466,#2467,#2468,#2469));
#4181=EDGE_LOOP('',(#2470,#2471,#2472,#2473));
#4182=EDGE_LOOP('',(#2474,#2475,#2476,#2477));
#4183=EDGE_LOOP('',(#2478,#2479,#2480,#2481));
#4184=FACE_BOUND('',#3915,.T.);
#4185=FACE_BOUND('',#3916,.T.);
#4186=FACE_BOUND('',#3917,.T.);
#4187=FACE_BOUND('',#3918,.T.);
#4188=FACE_BOUND('',#3919,.T.);
#4189=FACE_BOUND('',#3920,.T.);
#4190=FACE_BOUND('',#3921,.T.);
#4191=FACE_BOUND('',#3922,.T.);
#4192=FACE_BOUND('',#3923,.T.);
#4193=FACE_BOUND('',#3924,.T.);
#4194=FACE_BOUND('',#3925,.T.);
#4195=FACE_BOUND('',#3926,.T.);
#4196=FACE_BOUND('',#3927,.T.);
#4197=FACE_BOUND('',#3928,.T.);
#4198=FACE_BOUND('',#3929,.T.);
#4199=FACE_BOUND('',#3930,.T.);
#4200=FACE_BOUND('',#3931,.T.);
#4201=FACE_BOUND('',#3932,.T.);
#4202=FACE_BOUND('',#3933,.T.);
#4203=FACE_BOUND('',#3934,.T.);
#4204=FACE_BOUND('',#3935,.T.);
#4205=FACE_BOUND('',#3936,.T.);
#4206=FACE_BOUND('',#3937,.T.);
#4207=FACE_BOUND('',#3938,.T.);
#4208=FACE_BOUND('',#3939,.T.);
#4209=FACE_BOUND('',#3940,.T.);
#4210=FACE_BOUND('',#3941,.T.);
#4211=FACE_BOUND('',#3942,.T.);
#4212=FACE_BOUND('',#3943,.T.);
#4213=FACE_BOUND('',#3944,.T.);
#4214=FACE_BOUND('',#3945,.T.);
#4215=FACE_BOUND('',#3946,.T.);
#4216=FACE_BOUND('',#3947,.T.);
#4217=FACE_BOUND('',#3948,.T.);
#4218=FACE_BOUND('',#3949,.T.);
#4219=FACE_BOUND('',#3950,.T.);
#4220=FACE_BOUND('',#3951,.T.);
#4221=FACE_BOUND('',#3952,.T.);
#4222=FACE_BOUND('',#3953,.T.);
#4223=FACE_BOUND('',#3954,.T.);
#4224=FACE_BOUND('',#3955,.T.);
#4225=FACE_BOUND('',#3956,.T.);
#4226=FACE_BOUND('',#3957,.T.);
#4227=FACE_BOUND('',#3958,.T.);
#4228=FACE_BOUND('',#3959,.T.);
#4229=FACE_BOUND('',#3960,.T.);
#4230=FACE_BOUND('',#3961,.T.);
#4231=FACE_BOUND('',#3962,.T.);
#4232=FACE_BOUND('',#3963,.T.);
#4233=FACE_BOUND('',#3964,.T.);
#4234=FACE_BOUND('',#3965,.T.);
#4235=FACE_BOUND('',#3966,.T.);
#4236=FACE_BOUND('',#3967,.T.);
#4237=FACE_BOUND('',#3968,.T.);
#4238=FACE_BOUND('',#3969,.T.);
#4239=FACE_BOUND('',#3970,.T.);
#4240=FACE_BOUND('',#3971,.T.);
#4241=FACE_BOUND('',#3972,.T.);
#4242=FACE_BOUND('',#3973,.T.);
#4243=FACE_BOUND('',#3974,.T.);
#4244=FACE_BOUND('',#3975,.T.);
#4245=FACE_BOUND('',#3976,.T.);
#4246=FACE_BOUND('',#3977,.T.);
#4247=FACE_BOUND('',#3978,.T.);
#4248=FACE_BOUND('',#3979,.T.);
#4249=FACE_BOUND('',#3980,.T.);
#4250=FACE_BOUND('',#3981,.T.);
#4251=FACE_BOUND('',#3982,.T.);
#4252=FACE_BOUND('',#3983,.T.);
#4253=FACE_BOUND('',#3984,.T.);
#4254=FACE_BOUND('',#3985,.T.);
#4255=FACE_BOUND('',#3986,.T.);
#4256=FACE_BOUND('',#3987,.T.);
#4257=FACE_BOUND('',#3988,.T.);
#4258=FACE_BOUND('',#3989,.T.);
#4259=FACE_BOUND('',#3990,.T.);
#4260=FACE_BOUND('',#3991,.T.);
#4261=FACE_BOUND('',#3992,.T.);
#4262=FACE_BOUND('',#3993,.T.);
#4263=FACE_BOUND('',#3994,.T.);
#4264=FACE_BOUND('',#3995,.T.);
#4265=FACE_BOUND('',#3996,.T.);
#4266=FACE_BOUND('',#3997,.T.);
#4267=FACE_BOUND('',#3998,.T.);
#4268=FACE_BOUND('',#3999,.T.);
#4269=FACE_BOUND('',#4000,.T.);
#4270=FACE_BOUND('',#4001,.T.);
#4271=FACE_BOUND('',#4002,.T.);
#4272=FACE_BOUND('',#4003,.T.);
#4273=FACE_BOUND('',#4004,.T.);
#4274=FACE_BOUND('',#4005,.T.);
#4275=FACE_BOUND('',#4006,.T.);
#4276=FACE_BOUND('',#4007,.T.);
#4277=FACE_BOUND('',#4008,.T.);
#4278=FACE_BOUND('',#4009,.T.);
#4279=FACE_BOUND('',#4010,.T.);
#4280=FACE_BOUND('',#4011,.T.);
#4281=FACE_BOUND('',#4012,.T.);
#4282=FACE_BOUND('',#4013,.T.);
#4283=FACE_BOUND('',#4014,.T.);
#4284=FACE_BOUND('',#4015,.T.);
#4285=FACE_BOUND('',#4016,.T.);
#4286=FACE_BOUND('',#4017,.T.);
#4287=FACE_BOUND('',#4018,.T.);
#4288=FACE_BOUND('',#4019,.T.);
#4289=FACE_BOUND('',#4020,.T.);
#4290=FACE_BOUND('',#4021,.T.);
#4291=FACE_BOUND('',#4022,.T.);
#4292=FACE_BOUND('',#4023,.T.);
#4293=FACE_BOUND('',#4024,.T.);
#4294=FACE_BOUND('',#4025,.T.);
#4295=FACE_BOUND('',#4026,.T.);
#4296=FACE_BOUND('',#4027,.T.);
#4297=FACE_BOUND('',#4028,.T.);
#4298=FACE_BOUND('',#4029,.T.);
#4299=FACE_BOUND('',#4030,.T.);
#4300=FACE_BOUND('',#4031,.T.);
#4301=FACE_BOUND('',#4032,.T.);
#4302=FACE_BOUND('',#4033,.T.);
#4303=FACE_BOUND('',#4034,.T.);
#4304=FACE_BOUND('',#4035,.T.);
#4305=FACE_BOUND('',#4036,.T.);
#4306=FACE_BOUND('',#4037,.T.);
#4307=FACE_BOUND('',#4038,.T.);
#4308=FACE_BOUND('',#4039,.T.);
#4309=FACE_BOUND('',#4040,.T.);
#4310=FACE_BOUND('',#4041,.T.);
#4311=FACE_BOUND('',#4042,.T.);
#4312=FACE_BOUND('',#4043,.T.);
#4313=FACE_BOUND('',#4044,.T.);
#4314=FACE_BOUND('',#4045,.T.);
#4315=FACE_BOUND('',#4046,.T.);
#4316=FACE_BOUND('',#4047,.T.);
#4317=FACE_BOUND('',#4048,.T.);
#4318=FACE_BOUND('',#4049,.T.);
#4319=FACE_BOUND('',#4050,.T.);
#4320=FACE_BOUND('',#4051,.T.);
#4321=FACE_BOUND('',#4052,.T.);
#4322=FACE_BOUND('',#4053,.T.);
#4323=FACE_BOUND('',#4054,.T.);
#4324=FACE_BOUND('',#4055,.T.);
#4325=FACE_BOUND('',#4056,.T.);
#4326=FACE_BOUND('',#4057,.T.);
#4327=FACE_BOUND('',#4058,.T.);
#4328=FACE_BOUND('',#4059,.T.);
#4329=FACE_BOUND('',#4060,.T.);
#4330=FACE_BOUND('',#4061,.T.);
#4331=FACE_BOUND('',#4062,.T.);
#4332=FACE_BOUND('',#4063,.T.);
#4333=FACE_BOUND('',#4064,.T.);
#4334=FACE_BOUND('',#4065,.T.);
#4335=FACE_BOUND('',#4066,.T.);
#4336=FACE_BOUND('',#4067,.T.);
#4337=FACE_BOUND('',#4068,.T.);
#4338=FACE_BOUND('',#4069,.T.);
#4339=FACE_BOUND('',#4070,.T.);
#4340=FACE_BOUND('',#4071,.T.);
#4341=FACE_BOUND('',#4072,.T.);
#4342=FACE_BOUND('',#4073,.T.);
#4343=FACE_BOUND('',#4074,.T.);
#4344=FACE_BOUND('',#4075,.T.);
#4345=FACE_BOUND('',#4076,.T.);
#4346=FACE_BOUND('',#4077,.T.);
#4347=FACE_BOUND('',#4078,.T.);
#4348=FACE_BOUND('',#4079,.T.);
#4349=FACE_BOUND('',#4080,.T.);
#4350=FACE_BOUND('',#4081,.T.);
#4351=FACE_BOUND('',#4082,.T.);
#4352=FACE_BOUND('',#4083,.T.);
#4353=FACE_BOUND('',#4084,.T.);
#4354=FACE_BOUND('',#4085,.T.);
#4355=FACE_BOUND('',#4086,.T.);
#4356=FACE_BOUND('',#4087,.T.);
#4357=FACE_BOUND('',#4088,.T.);
#4358=FACE_BOUND('',#4089,.T.);
#4359=FACE_BOUND('',#4090,.T.);
#4360=FACE_BOUND('',#4091,.T.);
#4361=FACE_BOUND('',#4092,.T.);
#4362=FACE_BOUND('',#4093,.T.);
#4363=FACE_BOUND('',#4094,.T.);
#4364=FACE_BOUND('',#4095,.T.);
#4365=FACE_BOUND('',#4096,.T.);
#4366=FACE_BOUND('',#4097,.T.);
#4367=FACE_BOUND('',#4098,.T.);
#4368=FACE_BOUND('',#4099,.T.);
#4369=FACE_BOUND('',#4100,.T.);
#4370=FACE_BOUND('',#4101,.T.);
#4371=FACE_BOUND('',#4102,.T.);
#4372=FACE_BOUND('',#4103,.T.);
#4373=FACE_BOUND('',#4104,.T.);
#4374=FACE_BOUND('',#4105,.T.);
#4375=FACE_BOUND('',#4106,.T.);
#4376=FACE_BOUND('',#4107,.T.);
#4377=FACE_BOUND('',#4108,.T.);
#4378=FACE_BOUND('',#4109,.T.);
#4379=FACE_BOUND('',#4110,.T.);
#4380=FACE_BOUND('',#4111,.T.);
#4381=FACE_BOUND('',#4112,.T.);
#4382=FACE_BOUND('',#4113,.T.);
#4383=FACE_BOUND('',#4114,.T.);
#4384=FACE_BOUND('',#4115,.T.);
#4385=FACE_BOUND('',#4116,.T.);
#4386=FACE_BOUND('',#4117,.T.);
#4387=FACE_BOUND('',#4118,.T.);
#4388=FACE_BOUND('',#4119,.T.);
#4389=FACE_BOUND('',#4120,.T.);
#4390=FACE_BOUND('',#4121,.T.);
#4391=FACE_BOUND('',#4122,.T.);
#4392=FACE_BOUND('',#4123,.T.);
#4393=FACE_BOUND('',#4124,.T.);
#4394=FACE_BOUND('',#4125,.T.);
#4395=FACE_BOUND('',#4126,.T.);
#4396=FACE_BOUND('',#4127,.T.);
#4397=FACE_BOUND('',#4128,.T.);
#4398=FACE_BOUND('',#4129,.T.);
#4399=FACE_BOUND('',#4130,.T.);
#4400=FACE_BOUND('',#4131,.T.);
#4401=FACE_BOUND('',#4132,.T.);
#4402=FACE_BOUND('',#4133,.T.);
#4403=FACE_BOUND('',#4134,.T.);
#4404=FACE_BOUND('',#4135,.T.);
#4405=FACE_BOUND('',#4136,.T.);
#4406=FACE_BOUND('',#4137,.T.);
#4407=FACE_BOUND('',#4138,.T.);
#4408=FACE_BOUND('',#4139,.T.);
#4409=FACE_BOUND('',#4140,.T.);
#4410=FACE_BOUND('',#4141,.T.);
#4411=FACE_BOUND('',#4142,.T.);
#4412=FACE_BOUND('',#4143,.T.);
#4413=FACE_BOUND('',#4144,.T.);
#4414=FACE_BOUND('',#4145,.T.);
#4415=FACE_BOUND('',#4146,.T.);
#4416=FACE_BOUND('',#4147,.T.);
#4417=FACE_BOUND('',#4148,.T.);
#4418=FACE_BOUND('',#4149,.T.);
#4419=FACE_BOUND('',#4150,.T.);
#4420=FACE_BOUND('',#4151,.T.);
#4421=FACE_BOUND('',#4152,.T.);
#4422=FACE_BOUND('',#4153,.T.);
#4423=FACE_BOUND('',#4154,.T.);
#4424=FACE_BOUND('',#4155,.T.);
#4425=FACE_BOUND('',#4156,.T.);
#4426=FACE_BOUND('',#4157,.T.);
#4427=FACE_BOUND('',#4158,.T.);
#4428=FACE_BOUND('',#4159,.T.);
#4429=FACE_BOUND('',#4160,.T.);
#4430=FACE_BOUND('',#4161,.T.);
#4431=FACE_BOUND('',#4162,.T.);
#4432=FACE_BOUND('',#4163,.T.);
#4433=FACE_BOUND('',#4164,.T.);
#4434=FACE_BOUND('',#4165,.T.);
#4435=FACE_BOUND('',#4166,.T.);
#4436=FACE_BOUND('',#4167,.T.);
#4437=FACE_BOUND('',#4168,.T.);
#4438=FACE_BOUND('',#4169,.T.);
#4439=FACE_BOUND('',#4170,.T.);
#4440=FACE_BOUND('',#4171,.T.);
#4441=FACE_BOUND('',#4172,.T.);
#4442=FACE_BOUND('',#4173,.T.);
#4443=FACE_BOUND('',#4174,.T.);
#4444=FACE_BOUND('',#4175,.T.);
#4445=FACE_BOUND('',#4176,.T.);
#4446=FACE_BOUND('',#4177,.T.);
#4447=FACE_BOUND('',#4178,.T.);
#4448=FACE_BOUND('',#4179,.T.);
#4449=FACE_BOUND('',#4180,.T.);
#4450=FACE_BOUND('',#4181,.T.);
#4451=FACE_BOUND('',#4182,.T.);
#4452=FACE_BOUND('',#4183,.T.);
#4453=PLANE('',#4816);
#4454=PLANE('',#4849);
#4455=PLANE('',#4850);
#4456=PLANE('',#4851);
#4457=PLANE('',#4852);
#4458=PLANE('',#4853);
#4459=PLANE('',#4854);
#4460=PLANE('',#4855);
#4461=PLANE('',#4856);
#4462=PLANE('',#4857);
#4463=PLANE('',#4858);
#4464=PLANE('',#4867);
#4465=PLANE('',#4872);
#4466=PLANE('',#4873);
#4467=PLANE('',#4874);
#4468=PLANE('',#4875);
#4469=PLANE('',#4876);
#4470=PLANE('',#4877);
#4471=PLANE('',#4878);
#4472=PLANE('',#4879);
#4473=PLANE('',#4880);
#4474=PLANE('',#4881);
#4475=PLANE('',#4882);
#4476=PLANE('',#4885);
#4477=PLANE('',#4886);
#4478=PLANE('',#4887);
#4479=PLANE('',#4891);
#4480=PLANE('',#4892);
#4481=PLANE('',#4893);
#4482=PLANE('',#4896);
#4483=PLANE('',#4897);
#4484=PLANE('',#4898);
#4485=PLANE('',#4899);
#4486=PLANE('',#4900);
#4487=PLANE('',#4901);
#4488=PLANE('',#4905);
#4489=PLANE('',#4912);
#4490=PLANE('',#4916);
#4491=PLANE('',#4917);
#4492=PLANE('',#4918);
#4493=PLANE('',#4922);
#4494=PLANE('',#4929);
#4495=PLANE('',#4933);
#4496=PLANE('',#4934);
#4497=PLANE('',#4935);
#4498=PLANE('',#4936);
#4499=PLANE('',#4937);
#4500=PLANE('',#4938);
#4501=PLANE('',#4939);
#4502=PLANE('',#4940);
#4503=PLANE('',#4941);
#4504=PLANE('',#4942);
#4505=PLANE('',#4943);
#4506=PLANE('',#4944);
#4507=PLANE('',#4945);
#4508=PLANE('',#4946);
#4509=PLANE('',#4947);
#4510=PLANE('',#4948);
#4511=PLANE('',#4949);
#4512=PLANE('',#4950);
#4513=PLANE('',#4957);
#4514=PLANE('',#4960);
#4515=PLANE('',#4961);
#4516=PLANE('',#4962);
#4517=PLANE('',#4963);
#4518=PLANE('',#4964);
#4519=PLANE('',#4965);
#4520=PLANE('',#4966);
#4521=PLANE('',#4969);
#4522=PLANE('',#4974);
#4523=PLANE('',#4975);
#4524=PLANE('',#4976);
#4525=PLANE('',#4977);
#4526=PLANE('',#4978);
#4527=PLANE('',#4985);
#4528=PLANE('',#4992);
#4529=PLANE('',#4997);
#4530=PLANE('',#5000);
#4531=PLANE('',#5001);
#4532=PLANE('',#5002);
#4533=PLANE('',#5003);
#4534=PLANE('',#5004);
#4535=PLANE('',#5007);
#4536=PLANE('',#5008);
#4537=PLANE('',#5009);
#4538=PLANE('',#5012);
#4539=PLANE('',#5013);
#4540=PLANE('',#5014);
#4541=PLANE('',#5023);
#4542=PLANE('',#5024);
#4543=PLANE('',#5025);
#4544=PLANE('',#5026);
#4545=PLANE('',#5027);
#4546=PLANE('',#5028);
#4547=PLANE('',#5029);
#4548=ADVANCED_FACE('',(#4184,#4185,#4186,#4187,#4188,#4189,#4190,#4191,
#4192,#4193),#4453,.F.);
#4549=ADVANCED_FACE('',(#4194),#4454,.T.);
#4550=ADVANCED_FACE('',(#4195),#4455,.F.);
#4551=ADVANCED_FACE('',(#4196),#4456,.F.);
#4552=ADVANCED_FACE('',(#4197),#4457,.T.);
#4553=ADVANCED_FACE('',(#4198),#4458,.T.);
#4554=ADVANCED_FACE('',(#4199),#4459,.T.);
#4555=ADVANCED_FACE('',(#4200),#4460,.F.);
#4556=ADVANCED_FACE('',(#4201),#4461,.F.);
#4557=ADVANCED_FACE('',(#4202),#4462,.T.);
#4558=ADVANCED_FACE('',(#4203,#4204),#4463,.T.);
#4559=ADVANCED_FACE('',(#4205),#53,.T.);
#4560=ADVANCED_FACE('',(#4206),#12,.F.);
#4561=ADVANCED_FACE('',(#4207),#13,.F.);
#4562=ADVANCED_FACE('',(#4208),#4464,.T.);
#4563=ADVANCED_FACE('',(#4209),#14,.T.);
#4564=ADVANCED_FACE('',(#4210),#15,.T.);
#4565=ADVANCED_FACE('',(#4211),#54,.T.);
#4566=ADVANCED_FACE('',(#4212),#55,.T.);
#4567=ADVANCED_FACE('',(#4213),#4465,.T.);
#4568=ADVANCED_FACE('',(#4214),#4466,.T.);
#4569=ADVANCED_FACE('',(#4215),#4467,.T.);
#4570=ADVANCED_FACE('',(#4216),#4468,.T.);
#4571=ADVANCED_FACE('',(#4217),#4469,.T.);
#4572=ADVANCED_FACE('',(#4218),#4470,.T.);
#4573=ADVANCED_FACE('',(#4219),#4471,.T.);
#4574=ADVANCED_FACE('',(#4220),#4472,.T.);
#4575=ADVANCED_FACE('',(#4221),#4473,.T.);
#4576=ADVANCED_FACE('',(#4222),#4474,.T.);
#4577=ADVANCED_FACE('',(#4223),#4475,.T.);
#4578=ADVANCED_FACE('',(#4224),#56,.T.);
#4579=ADVANCED_FACE('',(#4225),#16,.F.);
#4580=ADVANCED_FACE('',(#4226),#4476,.T.);
#4581=ADVANCED_FACE('',(#4227),#4477,.T.);
#4582=ADVANCED_FACE('',(#4228),#4478,.T.);
#4583=ADVANCED_FACE('',(#4229),#57,.T.);
#4584=ADVANCED_FACE('',(#4230),#58,.T.);
#4585=ADVANCED_FACE('',(#4231),#59,.T.);
#4586=ADVANCED_FACE('',(#4232),#60,.T.);
#4587=ADVANCED_FACE('',(#4233),#61,.T.);
#4588=ADVANCED_FACE('',(#4234),#17,.T.);
#4589=ADVANCED_FACE('',(#4235),#62,.T.);
#4590=ADVANCED_FACE('',(#4236),#63,.T.);
#4591=ADVANCED_FACE('',(#4237),#64,.T.);
#4592=ADVANCED_FACE('',(#4238),#4479,.T.);
#4593=ADVANCED_FACE('',(#4239),#4480,.T.);
#4594=ADVANCED_FACE('',(#4240),#4481,.T.);
#4595=ADVANCED_FACE('',(#4241),#18,.T.);
#4596=ADVANCED_FACE('',(#4242),#65,.T.);
#4597=ADVANCED_FACE('',(#4243),#66,.T.);
#4598=ADVANCED_FACE('',(#4244),#67,.T.);
#4599=ADVANCED_FACE('',(#4245),#68,.T.);
#4600=ADVANCED_FACE('',(#4246),#69,.T.);
#4601=ADVANCED_FACE('',(#4247),#4482,.T.);
#4602=ADVANCED_FACE('',(#4248),#4483,.T.);
#4603=ADVANCED_FACE('',(#4249),#4484,.T.);
#4604=ADVANCED_FACE('',(#4250),#70,.T.);
#4605=ADVANCED_FACE('',(#4251),#71,.T.);
#4606=ADVANCED_FACE('',(#4252),#72,.T.);
#4607=ADVANCED_FACE('',(#4253),#73,.T.);
#4608=ADVANCED_FACE('',(#4254),#74,.T.);
#4609=ADVANCED_FACE('',(#4255),#75,.T.);
#4610=ADVANCED_FACE('',(#4256),#4485,.T.);
#4611=ADVANCED_FACE('',(#4257),#76,.T.);
#4612=ADVANCED_FACE('',(#4258),#77,.T.);
#4613=ADVANCED_FACE('',(#4259),#4486,.T.);
#4614=ADVANCED_FACE('',(#4260,#4261),#4487,.T.);
#4615=ADVANCED_FACE('',(#4262),#78,.T.);
#4616=ADVANCED_FACE('',(#4263),#79,.T.);
#4617=ADVANCED_FACE('',(#4264),#80,.T.);
#4618=ADVANCED_FACE('',(#4265),#19,.T.);
#4619=ADVANCED_FACE('',(#4266),#4488,.T.);
#4620=ADVANCED_FACE('',(#4267),#20,.T.);
#4621=ADVANCED_FACE('',(#4268),#81,.T.);
#4622=ADVANCED_FACE('',(#4269),#82,.T.);
#4623=ADVANCED_FACE('',(#4270),#83,.T.);
#4624=ADVANCED_FACE('',(#4271),#84,.T.);
#4625=ADVANCED_FACE('',(#4272),#21,.T.);
#4626=ADVANCED_FACE('',(#4273),#4489,.T.);
#4627=ADVANCED_FACE('',(#4274),#22,.T.);
#4628=ADVANCED_FACE('',(#4275),#85,.T.);
#4629=ADVANCED_FACE('',(#4276),#86,.T.);
#4630=ADVANCED_FACE('',(#4277),#87,.T.);
#4631=ADVANCED_FACE('',(#4278),#88,.T.);
#4632=ADVANCED_FACE('',(#4279),#4490,.T.);
#4633=ADVANCED_FACE('',(#4280),#89,.T.);
#4634=ADVANCED_FACE('',(#4281),#90,.T.);
#4635=ADVANCED_FACE('',(#4282),#91,.T.);
#4636=ADVANCED_FACE('',(#4283),#92,.T.);
#4637=ADVANCED_FACE('',(#4284),#93,.T.);
#4638=ADVANCED_FACE('',(#4285),#94,.T.);
#4639=ADVANCED_FACE('',(#4286),#4491,.T.);
#4640=ADVANCED_FACE('',(#4287),#95,.T.);
#4641=ADVANCED_FACE('',(#4288),#96,.T.);
#4642=ADVANCED_FACE('',(#4289),#97,.T.);
#4643=ADVANCED_FACE('',(#4290,#4291),#4492,.T.);
#4644=ADVANCED_FACE('',(#4292),#98,.T.);
#4645=ADVANCED_FACE('',(#4293),#99,.T.);
#4646=ADVANCED_FACE('',(#4294),#100,.T.);
#4647=ADVANCED_FACE('',(#4295),#23,.T.);
#4648=ADVANCED_FACE('',(#4296),#4493,.T.);
#4649=ADVANCED_FACE('',(#4297),#24,.T.);
#4650=ADVANCED_FACE('',(#4298),#101,.T.);
#4651=ADVANCED_FACE('',(#4299),#102,.T.);
#4652=ADVANCED_FACE('',(#4300),#103,.T.);
#4653=ADVANCED_FACE('',(#4301),#104,.T.);
#4654=ADVANCED_FACE('',(#4302),#25,.T.);
#4655=ADVANCED_FACE('',(#4303),#4494,.T.);
#4656=ADVANCED_FACE('',(#4304),#26,.T.);
#4657=ADVANCED_FACE('',(#4305),#105,.T.);
#4658=ADVANCED_FACE('',(#4306),#106,.T.);
#4659=ADVANCED_FACE('',(#4307),#107,.T.);
#4660=ADVANCED_FACE('',(#4308),#108,.T.);
#4661=ADVANCED_FACE('',(#4309),#4495,.T.);
#4662=ADVANCED_FACE('',(#4310),#109,.T.);
#4663=ADVANCED_FACE('',(#4311),#110,.T.);
#4664=ADVANCED_FACE('',(#4312),#111,.T.);
#4665=ADVANCED_FACE('',(#4313),#112,.T.);
#4666=ADVANCED_FACE('',(#4314),#113,.T.);
#4667=ADVANCED_FACE('',(#4315),#114,.T.);
#4668=ADVANCED_FACE('',(#4316),#4496,.T.);
#4669=ADVANCED_FACE('',(#4317),#115,.T.);
#4670=ADVANCED_FACE('',(#4318),#116,.T.);
#4671=ADVANCED_FACE('',(#4319),#117,.T.);
#4672=ADVANCED_FACE('',(#4320,#4321),#4497,.T.);
#4673=ADVANCED_FACE('',(#4322),#4498,.T.);
#4674=ADVANCED_FACE('',(#4323),#4499,.T.);
#4675=ADVANCED_FACE('',(#4324),#4500,.T.);
#4676=ADVANCED_FACE('',(#4325),#4501,.T.);
#4677=ADVANCED_FACE('',(#4326),#4502,.T.);
#4678=ADVANCED_FACE('',(#4327),#4503,.T.);
#4679=ADVANCED_FACE('',(#4328),#4504,.T.);
#4680=ADVANCED_FACE('',(#4329),#4505,.T.);
#4681=ADVANCED_FACE('',(#4330),#4506,.T.);
#4682=ADVANCED_FACE('',(#4331),#4507,.T.);
#4683=ADVANCED_FACE('',(#4332),#4508,.T.);
#4684=ADVANCED_FACE('',(#4333,#4334),#4509,.T.);
#4685=ADVANCED_FACE('',(#4335),#4510,.T.);
#4686=ADVANCED_FACE('',(#4336),#4511,.T.);
#4687=ADVANCED_FACE('',(#4337),#4512,.T.);
#4688=ADVANCED_FACE('',(#4338),#118,.T.);
#4689=ADVANCED_FACE('',(#4339),#27,.T.);
#4690=ADVANCED_FACE('',(#4340),#28,.T.);
#4691=ADVANCED_FACE('',(#4341),#29,.T.);
#4692=ADVANCED_FACE('',(#4342),#4513,.T.);
#4693=ADVANCED_FACE('',(#4343),#30,.F.);
#4694=ADVANCED_FACE('',(#4344),#4514,.T.);
#4695=ADVANCED_FACE('',(#4345),#119,.T.);
#4696=ADVANCED_FACE('',(#4346),#120,.T.);
#4697=ADVANCED_FACE('',(#4347),#4515,.T.);
#4698=ADVANCED_FACE('',(#4348),#4516,.T.);
#4699=ADVANCED_FACE('',(#4349),#4517,.T.);
#4700=ADVANCED_FACE('',(#4350),#121,.T.);
#4701=ADVANCED_FACE('',(#4351),#122,.T.);
#4702=ADVANCED_FACE('',(#4352),#123,.T.);
#4703=ADVANCED_FACE('',(#4353),#124,.T.);
#4704=ADVANCED_FACE('',(#4354),#4518,.T.);
#4705=ADVANCED_FACE('',(#4355),#4519,.T.);
#4706=ADVANCED_FACE('',(#4356),#4520,.T.);
#4707=ADVANCED_FACE('',(#4357),#31,.T.);
#4708=ADVANCED_FACE('',(#4358),#125,.T.);
#4709=ADVANCED_FACE('',(#4359),#126,.T.);
#4710=ADVANCED_FACE('',(#4360),#127,.T.);
#4711=ADVANCED_FACE('',(#4361),#128,.T.);
#4712=ADVANCED_FACE('',(#4362),#129,.T.);
#4713=ADVANCED_FACE('',(#4363),#4521,.T.);
#4714=ADVANCED_FACE('',(#4364),#32,.T.);
#4715=ADVANCED_FACE('',(#4365),#130,.T.);
#4716=ADVANCED_FACE('',(#4366),#131,.T.);
#4717=ADVANCED_FACE('',(#4367),#132,.T.);
#4718=ADVANCED_FACE('',(#4368),#133,.T.);
#4719=ADVANCED_FACE('',(#4369),#33,.T.);
#4720=ADVANCED_FACE('',(#4370),#4522,.T.);
#4721=ADVANCED_FACE('',(#4371),#4523,.T.);
#4722=ADVANCED_FACE('',(#4372),#4524,.T.);
#4723=ADVANCED_FACE('',(#4373),#134,.T.);
#4724=ADVANCED_FACE('',(#4374),#135,.T.);
#4725=ADVANCED_FACE('',(#4375),#136,.T.);
#4726=ADVANCED_FACE('',(#4376),#137,.T.);
#4727=ADVANCED_FACE('',(#4377),#138,.T.);
#4728=ADVANCED_FACE('',(#4378),#139,.T.);
#4729=ADVANCED_FACE('',(#4379),#4525,.T.);
#4730=ADVANCED_FACE('',(#4380),#140,.T.);
#4731=ADVANCED_FACE('',(#4381),#141,.T.);
#4732=ADVANCED_FACE('',(#4382),#4526,.T.);
#4733=ADVANCED_FACE('',(#4383),#142,.T.);
#4734=ADVANCED_FACE('',(#4384),#143,.T.);
#4735=ADVANCED_FACE('',(#4385),#34,.F.);
#4736=ADVANCED_FACE('',(#4386),#144,.T.);
#4737=ADVANCED_FACE('',(#4387),#145,.T.);
#4738=ADVANCED_FACE('',(#4388),#35,.F.);
#4739=ADVANCED_FACE('',(#4389),#36,.F.);
#4740=ADVANCED_FACE('',(#4390),#4527,.T.);
#4741=ADVANCED_FACE('',(#4391),#146,.T.);
#4742=ADVANCED_FACE('',(#4392),#37,.T.);
#4743=ADVANCED_FACE('',(#4393),#38,.T.);
#4744=ADVANCED_FACE('',(#4394),#147,.T.);
#4745=ADVANCED_FACE('',(#4395),#148,.T.);
#4746=ADVANCED_FACE('',(#4396),#149,.T.);
#4747=ADVANCED_FACE('',(#4397),#39,.T.);
#4748=ADVANCED_FACE('',(#4398),#4528,.T.);
#4749=ADVANCED_FACE('',(#4399),#150,.T.);
#4750=ADVANCED_FACE('',(#4400),#151,.T.);
#4751=ADVANCED_FACE('',(#4401),#152,.T.);
#4752=ADVANCED_FACE('',(#4402),#40,.F.);
#4753=ADVANCED_FACE('',(#4403),#153,.T.);
#4754=ADVANCED_FACE('',(#4404),#154,.T.);
#4755=ADVANCED_FACE('',(#4405),#41,.F.);
#4756=ADVANCED_FACE('',(#4406),#4529,.T.);
#4757=ADVANCED_FACE('',(#4407),#155,.T.);
#4758=ADVANCED_FACE('',(#4408),#42,.T.);
#4759=ADVANCED_FACE('',(#4409),#156,.T.);
#4760=ADVANCED_FACE('',(#4410),#157,.T.);
#4761=ADVANCED_FACE('',(#4411),#158,.T.);
#4762=ADVANCED_FACE('',(#4412),#159,.T.);
#4763=ADVANCED_FACE('',(#4413),#4530,.T.);
#4764=ADVANCED_FACE('',(#4414),#160,.T.);
#4765=ADVANCED_FACE('',(#4415),#4531,.T.);
#4766=ADVANCED_FACE('',(#4416),#4532,.T.);
#4767=ADVANCED_FACE('',(#4417),#4533,.T.);
#4768=ADVANCED_FACE('',(#4418),#4534,.T.);
#4769=ADVANCED_FACE('',(#4419),#43,.T.);
#4770=ADVANCED_FACE('',(#4420),#161,.T.);
#4771=ADVANCED_FACE('',(#4421),#162,.T.);
#4772=ADVANCED_FACE('',(#4422),#163,.T.);
#4773=ADVANCED_FACE('',(#4423),#4535,.T.);
#4774=ADVANCED_FACE('',(#4424),#4536,.T.);
#4775=ADVANCED_FACE('',(#4425),#4537,.T.);
#4776=ADVANCED_FACE('',(#4426),#44,.T.);
#4777=ADVANCED_FACE('',(#4427),#164,.T.);
#4778=ADVANCED_FACE('',(#4428),#165,.T.);
#4779=ADVANCED_FACE('',(#4429),#166,.T.);
#4780=ADVANCED_FACE('',(#4430),#4538,.T.);
#4781=ADVANCED_FACE('',(#4431),#4539,.T.);
#4782=ADVANCED_FACE('',(#4432),#4540,.T.);
#4783=ADVANCED_FACE('',(#4433),#167,.T.);
#4784=ADVANCED_FACE('',(#4434),#168,.T.);
#4785=ADVANCED_FACE('',(#4435),#45,.F.);
#4786=ADVANCED_FACE('',(#4436),#46,.F.);
#4787=ADVANCED_FACE('',(#4437),#169,.T.);
#4788=ADVANCED_FACE('',(#4438),#170,.T.);
#4789=ADVANCED_FACE('',(#4439),#47,.F.);
#4790=ADVANCED_FACE('',(#4440),#48,.F.);
#4791=ADVANCED_FACE('',(#4441),#171,.T.);
#4792=ADVANCED_FACE('',(#4442),#4541,.T.);
#4793=ADVANCED_FACE('',(#4443),#4542,.T.);
#4794=ADVANCED_FACE('',(#4444),#4543,.T.);
#4795=ADVANCED_FACE('',(#4445),#4544,.F.);
#4796=ADVANCED_FACE('',(#4446),#4545,.F.);
#4797=ADVANCED_FACE('',(#4447),#4546,.F.);
#4798=ADVANCED_FACE('',(#4448),#4547,.F.);
#4799=ADVANCED_FACE('',(#4449),#49,.T.);
#4800=ADVANCED_FACE('',(#4450),#50,.T.);
#4801=ADVANCED_FACE('',(#4451),#51,.T.);
#4802=ADVANCED_FACE('',(#4452),#52,.T.);
#4803=CLOSED_SHELL('',(#4548,#4549,#4550,#4551,#4552,#4553,#4554,#4555,
#4556,#4557,#4558,#4559,#4560,#4561,#4562,#4563,#4564,#4565,#4566,#4567,
#4568,#4569,#4570,#4571,#4572,#4573,#4574,#4575,#4576,#4577,#4578,#4579,
#4580,#4581,#4582,#4583,#4584,#4585,#4586,#4587,#4588,#4589,#4590,#4591,
#4592,#4593,#4594,#4595,#4596,#4597,#4598,#4599,#4600,#4601,#4602,#4603,
#4604,#4605,#4606,#4607,#4608,#4609,#4610,#4611,#4612,#4613,#4614,#4615,
#4616,#4617,#4618,#4619,#4620,#4621,#4622,#4623,#4624,#4625,#4626,#4627,
#4628,#4629,#4630,#4631,#4632,#4633,#4634,#4635,#4636,#4637,#4638,#4639,
#4640,#4641,#4642,#4643,#4644,#4645,#4646,#4647,#4648,#4649,#4650,#4651,
#4652,#4653,#4654,#4655,#4656,#4657,#4658,#4659,#4660,#4661,#4662,#4663,
#4664,#4665,#4666,#4667,#4668,#4669,#4670,#4671,#4672,#4673,#4674,#4675,
#4676,#4677,#4678,#4679,#4680,#4681,#4682,#4683,#4684,#4685,#4686,#4687,
#4688,#4689,#4690,#4691,#4692,#4693,#4694,#4695,#4696,#4697,#4698,#4699,
#4700,#4701,#4702,#4703,#4704,#4705,#4706,#4707,#4708,#4709,#4710,#4711,
#4712,#4713,#4714,#4715,#4716,#4717,#4718,#4719,#4720,#4721,#4722,#4723,
#4724,#4725,#4726,#4727,#4728,#4729,#4730,#4731,#4732,#4733,#4734,#4735,
#4736,#4737,#4738,#4739,#4740,#4741,#4742,#4743,#4744,#4745,#4746,#4747,
#4748,#4749,#4750,#4751,#4752,#4753,#4754,#4755,#4756,#4757,#4758,#4759,
#4760,#4761,#4762,#4763,#4764,#4765,#4766,#4767,#4768,#4769,#4770,#4771,
#4772,#4773,#4774,#4775,#4776,#4777,#4778,#4779,#4780,#4781,#4782,#4783,
#4784,#4785,#4786,#4787,#4788,#4789,#4790,#4791,#4792,#4793,#4794,#4795,
#4796,#4797,#4798,#4799,#4800,#4801,#4802));
#4804=STYLED_ITEM('',(#4805),#4812);
#4805=PRESENTATION_STYLE_ASSIGNMENT((#4806));
#4806=SURFACE_STYLE_USAGE(.BOTH.,#4807);
#4807=SURFACE_SIDE_STYLE('',(#4808));
#4808=SURFACE_STYLE_FILL_AREA(#4809);
#4809=FILL_AREA_STYLE('',(#4810));
#4810=FILL_AREA_STYLE_COLOUR('',#4811);
#4811=COLOUR_RGB('',0.615686274509804,0.811764705882353,0.929411764705882);
#4812=MANIFOLD_SOLID_BREP('Part 1',#4803);
#4813=SHAPE_DEFINITION_REPRESENTATION(#8635,#4814);
#4814=SHAPE_REPRESENTATION('Part 1',(#4815),#8630);
#4815=AXIS2_PLACEMENT_3D('',#5869,#5034,#5035);
#4816=AXIS2_PLACEMENT_3D('',#5870,#5036,#5037);
#4817=AXIS2_PLACEMENT_3D('',#5898,#5039,#5040);
#4818=AXIS2_PLACEMENT_3D('',#5906,#5042,#5043);
#4819=AXIS2_PLACEMENT_3D('',#5916,#5044,#5045);
#4820=AXIS2_PLACEMENT_3D('',#5932,#5047,#5048);
#4821=AXIS2_PLACEMENT_3D('',#5946,#5049,#5050);
#4822=AXIS2_PLACEMENT_3D('',#5948,#5051,#5052);
#4823=AXIS2_PLACEMENT_3D('',#5956,#5054,#5055);
#4824=AXIS2_PLACEMENT_3D('',#5958,#5056,#5057);
#4825=AXIS2_PLACEMENT_3D('',#5968,#5058,#5059);
#4826=AXIS2_PLACEMENT_3D('',#5990,#5064,#5065);
#4827=AXIS2_PLACEMENT_3D('',#5994,#5067,#5068);
#4828=AXIS2_PLACEMENT_3D('',#5996,#5069,#5070);
#4829=AXIS2_PLACEMENT_3D('',#5998,#5071,#5072);
#4830=AXIS2_PLACEMENT_3D('',#6124,#5081,#5082);
#4831=AXIS2_PLACEMENT_3D('',#6142,#5087,#5088);
#4832=AXIS2_PLACEMENT_3D('',#6146,#5090,#5091);
#4833=AXIS2_PLACEMENT_3D('',#6150,#5093,#5094);
#4834=AXIS2_PLACEMENT_3D('',#6154,#5096,#5097);
#4835=AXIS2_PLACEMENT_3D('',#6160,#5098,#5099);
#4836=AXIS2_PLACEMENT_3D('',#6196,#5111,#5112);
#4837=AXIS2_PLACEMENT_3D('',#6198,#5113,#5114);
#4838=AXIS2_PLACEMENT_3D('',#6202,#5116,#5117);
#4839=AXIS2_PLACEMENT_3D('',#6204,#5118,#5119);
#4840=AXIS2_PLACEMENT_3D('',#6318,#5134,#5135);
#4841=AXIS2_PLACEMENT_3D('',#6336,#5136,#5137);
#4842=AXIS2_PLACEMENT_3D('',#6360,#5139,#5140);
#4843=AXIS2_PLACEMENT_3D('',#6390,#5147,#5148);
#4844=AXIS2_PLACEMENT_3D('',#6392,#5149,#5150);
#4845=AXIS2_PLACEMENT_3D('',#6402,#5151,#5152);
#4846=AXIS2_PLACEMENT_3D('',#6404,#5153,#5154);
#4847=AXIS2_PLACEMENT_3D('',#6432,#5158,#5159);
#4848=AXIS2_PLACEMENT_3D('',#6452,#5163,#5164);
#4849=AXIS2_PLACEMENT_3D('',#6457,#5167,#5168);
#4850=AXIS2_PLACEMENT_3D('',#6466,#5173,#5174);
#4851=AXIS2_PLACEMENT_3D('',#6472,#5178,#5179);
#4852=AXIS2_PLACEMENT_3D('',#6478,#5183,#5184);
#4853=AXIS2_PLACEMENT_3D('',#6481,#5187,#5188);
#4854=AXIS2_PLACEMENT_3D('',#6482,#5189,#5190);
#4855=AXIS2_PLACEMENT_3D('',#6488,#5194,#5195);
#4856=AXIS2_PLACEMENT_3D('',#6494,#5199,#5200);
#4857=AXIS2_PLACEMENT_3D('',#6500,#5204,#5205);
#4858=AXIS2_PLACEMENT_3D('',#6506,#5209,#5210);
#4859=AXIS2_PLACEMENT_3D('',#6507,#5211,#5212);
#4860=AXIS2_PLACEMENT_3D('',#6508,#5213,#5214);
#4861=AXIS2_PLACEMENT_3D('',#6509,#5215,#5216);
#4862=AXIS2_PLACEMENT_3D('',#6510,#5217,#5218);
#4863=AXIS2_PLACEMENT_3D('',#6526,#5221,#5222);
#4864=AXIS2_PLACEMENT_3D('',#6529,#5224,#5225);
#4865=AXIS2_PLACEMENT_3D('',#6530,#5226,#5227);
#4866=AXIS2_PLACEMENT_3D('',#6533,#5229,#5230);
#4867=AXIS2_PLACEMENT_3D('',#6534,#5231,#5232);
#4868=AXIS2_PLACEMENT_3D('',#6538,#5235,#5236);
#4869=AXIS2_PLACEMENT_3D('',#6541,#5238,#5239);
#4870=AXIS2_PLACEMENT_3D('',#6542,#5240,#5241);
#4871=AXIS2_PLACEMENT_3D('',#6545,#5243,#5244);
#4872=AXIS2_PLACEMENT_3D('',#6572,#5247,#5248);
#4873=AXIS2_PLACEMENT_3D('',#6576,#5251,#5252);
#4874=AXIS2_PLACEMENT_3D('',#6580,#5255,#5256);
#4875=AXIS2_PLACEMENT_3D('',#6584,#5259,#5260);
#4876=AXIS2_PLACEMENT_3D('',#6588,#5263,#5264);
#4877=AXIS2_PLACEMENT_3D('',#6592,#5267,#5268);
#4878=AXIS2_PLACEMENT_3D('',#6596,#5271,#5272);
#4879=AXIS2_PLACEMENT_3D('',#6600,#5275,#5276);
#4880=AXIS2_PLACEMENT_3D('',#6604,#5279,#5280);
#4881=AXIS2_PLACEMENT_3D('',#6608,#5283,#5284);
#4882=AXIS2_PLACEMENT_3D('',#6612,#5287,#5288);
#4883=AXIS2_PLACEMENT_3D('',#6629,#5292,#5293);
#4884=AXIS2_PLACEMENT_3D('',#6630,#5294,#5295);
#4885=AXIS2_PLACEMENT_3D('',#6631,#5296,#5297);
#4886=AXIS2_PLACEMENT_3D('',#6632,#5298,#5299);
#4887=AXIS2_PLACEMENT_3D('',#6641,#5304,#5305);
#4888=AXIS2_PLACEMENT_3D('',#6732,#5314,#5315);
#4889=AXIS2_PLACEMENT_3D('',#6733,#5316,#5317);
#4890=AXIS2_PLACEMENT_3D('',#6737,#5319,#5320);
#4891=AXIS2_PLACEMENT_3D('',#6779,#5325,#5326);
#4892=AXIS2_PLACEMENT_3D('',#6783,#5329,#5330);
#4893=AXIS2_PLACEMENT_3D('',#6787,#5333,#5334);
#4894=AXIS2_PLACEMENT_3D('',#6791,#5337,#5338);
#4895=AXIS2_PLACEMENT_3D('',#6794,#5340,#5341);
#4896=AXIS2_PLACEMENT_3D('',#6860,#5347,#5348);
#4897=AXIS2_PLACEMENT_3D('',#6864,#5351,#5352);
#4898=AXIS2_PLACEMENT_3D('',#6868,#5355,#5356);
#4899=AXIS2_PLACEMENT_3D('',#6950,#5365,#5366);
#4900=AXIS2_PLACEMENT_3D('',#6978,#5370,#5371);
#4901=AXIS2_PLACEMENT_3D('',#6981,#5374,#5375);
#4902=AXIS2_PLACEMENT_3D('',#7036,#5380,#5381);
#4903=AXIS2_PLACEMENT_3D('',#7037,#5382,#5383);
#4904=AXIS2_PLACEMENT_3D('',#7041,#5385,#5386);
#4905=AXIS2_PLACEMENT_3D('',#7042,#5387,#5388);
#4906=AXIS2_PLACEMENT_3D('',#7048,#5392,#5393);
#4907=AXIS2_PLACEMENT_3D('',#7049,#5394,#5395);
#4908=AXIS2_PLACEMENT_3D('',#7053,#5397,#5398);
#4909=AXIS2_PLACEMENT_3D('',#7122,#5403,#5404);
#4910=AXIS2_PLACEMENT_3D('',#7123,#5405,#5406);
#4911=AXIS2_PLACEMENT_3D('',#7127,#5408,#5409);
#4912=AXIS2_PLACEMENT_3D('',#7128,#5410,#5411);
#4913=AXIS2_PLACEMENT_3D('',#7134,#5415,#5416);
#4914=AXIS2_PLACEMENT_3D('',#7135,#5417,#5418);
#4915=AXIS2_PLACEMENT_3D('',#7139,#5420,#5421);
#4916=AXIS2_PLACEMENT_3D('',#7194,#5427,#5428);
#4917=AXIS2_PLACEMENT_3D('',#7276,#5437,#5438);
#4918=AXIS2_PLACEMENT_3D('',#7318,#5442,#5443);
#4919=AXIS2_PLACEMENT_3D('',#7373,#5448,#5449);
#4920=AXIS2_PLACEMENT_3D('',#7374,#5450,#5451);
#4921=AXIS2_PLACEMENT_3D('',#7378,#5453,#5454);
#4922=AXIS2_PLACEMENT_3D('',#7379,#5455,#5456);
#4923=AXIS2_PLACEMENT_3D('',#7385,#5460,#5461);
#4924=AXIS2_PLACEMENT_3D('',#7386,#5462,#5463);
#4925=AXIS2_PLACEMENT_3D('',#7390,#5465,#5466);
#4926=AXIS2_PLACEMENT_3D('',#7459,#5471,#5472);
#4927=AXIS2_PLACEMENT_3D('',#7460,#5473,#5474);
#4928=AXIS2_PLACEMENT_3D('',#7464,#5476,#5477);
#4929=AXIS2_PLACEMENT_3D('',#7465,#5478,#5479);
#4930=AXIS2_PLACEMENT_3D('',#7471,#5483,#5484);
#4931=AXIS2_PLACEMENT_3D('',#7472,#5485,#5486);
#4932=AXIS2_PLACEMENT_3D('',#7476,#5488,#5489);
#4933=AXIS2_PLACEMENT_3D('',#7531,#5495,#5496);
#4934=AXIS2_PLACEMENT_3D('',#7613,#5505,#5506);
#4935=AXIS2_PLACEMENT_3D('',#7655,#5510,#5511);
#4936=AXIS2_PLACEMENT_3D('',#7656,#5512,#5513);
#4937=AXIS2_PLACEMENT_3D('',#7665,#5518,#5519);
#4938=AXIS2_PLACEMENT_3D('',#7671,#5523,#5524);
#4939=AXIS2_PLACEMENT_3D('',#7677,#5528,#5529);
#4940=AXIS2_PLACEMENT_3D('',#7681,#5532,#5533);
#4941=AXIS2_PLACEMENT_3D('',#7685,#5536,#5537);
#4942=AXIS2_PLACEMENT_3D('',#7689,#5540,#5541);
#4943=AXIS2_PLACEMENT_3D('',#7693,#5544,#5545);
#4944=AXIS2_PLACEMENT_3D('',#7697,#5548,#5549);
#4945=AXIS2_PLACEMENT_3D('',#7701,#5552,#5553);
#4946=AXIS2_PLACEMENT_3D('',#7703,#5555,#5556);
#4947=AXIS2_PLACEMENT_3D('',#7706,#5559,#5560);
#4948=AXIS2_PLACEMENT_3D('',#7707,#5561,#5562);
#4949=AXIS2_PLACEMENT_3D('',#7713,#5566,#5567);
#4950=AXIS2_PLACEMENT_3D('',#7717,#5570,#5571);
#4951=AXIS2_PLACEMENT_3D('',#7734,#5575,#5576);
#4952=AXIS2_PLACEMENT_3D('',#7737,#5578,#5579);
#4953=AXIS2_PLACEMENT_3D('',#7738,#5580,#5581);
#4954=AXIS2_PLACEMENT_3D('',#7741,#5583,#5584);
#4955=AXIS2_PLACEMENT_3D('',#7742,#5585,#5586);
#4956=AXIS2_PLACEMENT_3D('',#7745,#5588,#5589);
#4957=AXIS2_PLACEMENT_3D('',#7746,#5590,#5591);
#4958=AXIS2_PLACEMENT_3D('',#7750,#5594,#5595);
#4959=AXIS2_PLACEMENT_3D('',#7753,#5597,#5598);
#4960=AXIS2_PLACEMENT_3D('',#7754,#5599,#5600);
#4961=AXIS2_PLACEMENT_3D('',#7784,#5605,#5606);
#4962=AXIS2_PLACEMENT_3D('',#7788,#5609,#5610);
#4963=AXIS2_PLACEMENT_3D('',#7790,#5612,#5613);
#4964=AXIS2_PLACEMENT_3D('',#7845,#5619,#5620);
#4965=AXIS2_PLACEMENT_3D('',#7849,#5623,#5624);
#4966=AXIS2_PLACEMENT_3D('',#7853,#5627,#5628);
#4967=AXIS2_PLACEMENT_3D('',#7857,#5631,#5632);
#4968=AXIS2_PLACEMENT_3D('',#7860,#5634,#5635);
#4969=AXIS2_PLACEMENT_3D('',#7926,#5641,#5642);
#4970=AXIS2_PLACEMENT_3D('',#7930,#5645,#5646);
#4971=AXIS2_PLACEMENT_3D('',#7933,#5648,#5649);
#4972=AXIS2_PLACEMENT_3D('',#7986,#5654,#5655);
#4973=AXIS2_PLACEMENT_3D('',#7989,#5657,#5658);
#4974=AXIS2_PLACEMENT_3D('',#7990,#5659,#5660);
#4975=AXIS2_PLACEMENT_3D('',#7994,#5663,#5664);
#4976=AXIS2_PLACEMENT_3D('',#7998,#5667,#5668);
#4977=AXIS2_PLACEMENT_3D('',#8080,#5677,#5678);
#4978=AXIS2_PLACEMENT_3D('',#8108,#5682,#5683);
#4979=AXIS2_PLACEMENT_3D('',#8137,#5687,#5688);
#4980=AXIS2_PLACEMENT_3D('',#8140,#5690,#5691);
#4981=AXIS2_PLACEMENT_3D('',#8167,#5694,#5695);
#4982=AXIS2_PLACEMENT_3D('',#8170,#5697,#5698);
#4983=AXIS2_PLACEMENT_3D('',#8171,#5699,#5700);
#4984=AXIS2_PLACEMENT_3D('',#8174,#5702,#5703);
#4985=AXIS2_PLACEMENT_3D('',#8175,#5704,#5705);
#4986=AXIS2_PLACEMENT_3D('',#8192,#5709,#5710);
#4987=AXIS2_PLACEMENT_3D('',#8195,#5712,#5713);
#4988=AXIS2_PLACEMENT_3D('',#8196,#5714,#5715);
#4989=AXIS2_PLACEMENT_3D('',#8199,#5717,#5718);
#4990=AXIS2_PLACEMENT_3D('',#8239,#5722,#5723);
#4991=AXIS2_PLACEMENT_3D('',#8242,#5725,#5726);
#4992=AXIS2_PLACEMENT_3D('',#8243,#5727,#5728);
#4993=AXIS2_PLACEMENT_3D('',#8286,#5734,#5735);
#4994=AXIS2_PLACEMENT_3D('',#8289,#5737,#5738);
#4995=AXIS2_PLACEMENT_3D('',#8316,#5741,#5742);
#4996=AXIS2_PLACEMENT_3D('',#8319,#5744,#5745);
#4997=AXIS2_PLACEMENT_3D('',#8320,#5746,#5747);
#4998=AXIS2_PLACEMENT_3D('',#8337,#5751,#5752);
#4999=AXIS2_PLACEMENT_3D('',#8340,#5754,#5755);
#5000=AXIS2_PLACEMENT_3D('',#8393,#5760,#5761);
#5001=AXIS2_PLACEMENT_3D('',#8408,#5764,#5765);
#5002=AXIS2_PLACEMENT_3D('',#8409,#5766,#5767);
#5003=AXIS2_PLACEMENT_3D('',#8415,#5771,#5772);
#5004=AXIS2_PLACEMENT_3D('',#8419,#5775,#5776);
#5005=AXIS2_PLACEMENT_3D('',#8423,#5779,#5780);
#5006=AXIS2_PLACEMENT_3D('',#8426,#5782,#5783);
#5007=AXIS2_PLACEMENT_3D('',#8466,#5787,#5788);
#5008=AXIS2_PLACEMENT_3D('',#8470,#5791,#5792);
#5009=AXIS2_PLACEMENT_3D('',#8474,#5795,#5796);
#5010=AXIS2_PLACEMENT_3D('',#8478,#5799,#5800);
#5011=AXIS2_PLACEMENT_3D('',#8481,#5802,#5803);
#5012=AXIS2_PLACEMENT_3D('',#8521,#5807,#5808);
#5013=AXIS2_PLACEMENT_3D('',#8525,#5811,#5812);
#5014=AXIS2_PLACEMENT_3D('',#8529,#5815,#5816);
#5015=AXIS2_PLACEMENT_3D('',#8559,#5821,#5822);
#5016=AXIS2_PLACEMENT_3D('',#8562,#5824,#5825);
#5017=AXIS2_PLACEMENT_3D('',#8563,#5826,#5827);
#5018=AXIS2_PLACEMENT_3D('',#8566,#5829,#5830);
#5019=AXIS2_PLACEMENT_3D('',#8593,#5833,#5834);
#5020=AXIS2_PLACEMENT_3D('',#8596,#5836,#5837);
#5021=AXIS2_PLACEMENT_3D('',#8597,#5838,#5839);
#5022=AXIS2_PLACEMENT_3D('',#8600,#5841,#5842);
#5023=AXIS2_PLACEMENT_3D('',#8614,#5844,#5845);
#5024=AXIS2_PLACEMENT_3D('',#8618,#5848,#5849);
#5025=AXIS2_PLACEMENT_3D('',#8620,#5851,#5852);
#5026=AXIS2_PLACEMENT_3D('',#8621,#5853,#5854);
#5027=AXIS2_PLACEMENT_3D('',#8622,#5855,#5856);
#5028=AXIS2_PLACEMENT_3D('',#8623,#5857,#5858);
#5029=AXIS2_PLACEMENT_3D('',#8624,#5859,#5860);
#5030=AXIS2_PLACEMENT_3D('',#8625,#5861,#5862);
#5031=AXIS2_PLACEMENT_3D('',#8626,#5863,#5864);
#5032=AXIS2_PLACEMENT_3D('',#8627,#5865,#5866);
#5033=AXIS2_PLACEMENT_3D('',#8628,#5867,#5868);
#5034=DIRECTION('',(0.,0.,1.));
#5035=DIRECTION('',(1.,0.,0.));
#5036=DIRECTION('',(0.,0.,1.));
#5037=DIRECTION('',(1.,0.,0.));
#5038=DIRECTION('',(-0.957362774982219,0.288888416310425,0.));
#5039=DIRECTION('',(0.,0.,-1.));
#5040=DIRECTION('',(-1.,0.,0.));
#5041=DIRECTION('',(0.758918514365324,0.651185602231445,0.));
#5042=DIRECTION('',(0.,0.,-1.));
#5043=DIRECTION('',(-1.,0.,0.));
#5044=DIRECTION('',(0.,0.,-1.));
#5045=DIRECTION('',(-1.,0.,0.));
#5046=DIRECTION('',(0.93624568940314,-0.351345996240229,0.));
#5047=DIRECTION('',(0.,0.,-1.));
#5048=DIRECTION('',(-1.,0.,0.));
#5049=DIRECTION('',(0.,0.,-1.));
#5050=DIRECTION('',(-1.,0.,0.));
#5051=DIRECTION('',(0.,0.,-1.));
#5052=DIRECTION('',(-1.,0.,0.));
#5053=DIRECTION('',(-0.734717033557424,-0.678373702763144,0.));
#5054=DIRECTION('',(0.,0.,-1.));
#5055=DIRECTION('',(-1.,0.,0.));
#5056=DIRECTION('',(0.,0.,-1.));
#5057=DIRECTION('',(-1.,0.,0.));
#5058=DIRECTION('',(0.,0.,-1.));
#5059=DIRECTION('',(-1.,0.,0.));
#5060=DIRECTION('',(0.,1.,0.));
#5061=DIRECTION('',(-1.,0.,0.));
#5062=DIRECTION('',(0.,-1.,0.));
#5063=DIRECTION('',(-1.,0.,0.));
#5064=DIRECTION('',(0.,0.,-1.));
#5065=DIRECTION('',(-1.,0.,0.));
#5066=DIRECTION('',(0.,-1.,0.));
#5067=DIRECTION('',(0.,0.,-1.));
#5068=DIRECTION('',(-1.,0.,0.));
#5069=DIRECTION('',(-6.86239685994974E-18,6.08465854916379E-17,-1.));
#5070=DIRECTION('',(-0.222991133093711,0.974820472990582,6.08447509003593E-17));
#5071=DIRECTION('',(0.,0.,-1.));
#5072=DIRECTION('',(-1.,0.,0.));
#5073=DIRECTION('',(0.,-1.,0.));
#5074=DIRECTION('',(1.,0.,0.));
#5075=DIRECTION('',(0.,1.,0.));
#5076=DIRECTION('',(0.,-1.,0.));
#5077=DIRECTION('',(0.,1.,0.));
#5078=DIRECTION('',(0.,-1.,0.));
#5079=DIRECTION('',(1.,0.,0.));
#5080=DIRECTION('',(0.,-1.,0.));
#5081=DIRECTION('',(0.,0.,-1.));
#5082=DIRECTION('',(-1.,0.,0.));
#5083=DIRECTION('',(0.,1.,0.));
#5084=DIRECTION('',(-1.,0.,0.));
#5085=DIRECTION('',(0.,-1.,0.));
#5086=DIRECTION('',(1.,0.,0.));
#5087=DIRECTION('',(0.,0.,1.));
#5088=DIRECTION('',(1.,0.,0.));
#5089=DIRECTION('',(0.,-1.,0.));
#5090=DIRECTION('',(0.,0.,1.));
#5091=DIRECTION('',(1.,0.,0.));
#5092=DIRECTION('',(1.,0.,0.));
#5093=DIRECTION('',(0.,0.,1.));
#5094=DIRECTION('',(1.,0.,0.));
#5095=DIRECTION('',(0.,-1.,0.));
#5096=DIRECTION('',(0.,0.,1.));
#5097=DIRECTION('',(1.,0.,0.));
#5098=DIRECTION('',(0.,0.,-1.));
#5099=DIRECTION('',(-1.,0.,0.));
#5100=DIRECTION('',(0.,1.,0.));
#5101=DIRECTION('',(1.,0.,0.));
#5102=DIRECTION('',(0.,1.,0.));
#5103=DIRECTION('',(-1.,0.,0.));
#5104=DIRECTION('',(0.,1.,0.));
#5105=DIRECTION('',(-1.,0.,0.));
#5106=DIRECTION('',(0.,-1.,0.));
#5107=DIRECTION('',(-1.,0.,0.));
#5108=DIRECTION('',(0.,-1.,0.));
#5109=DIRECTION('',(1.,0.,0.));
#5110=DIRECTION('',(0.,-1.,0.));
#5111=DIRECTION('',(0.,0.,-1.));
#5112=DIRECTION('',(-1.,0.,0.));
#5113=DIRECTION('',(-6.01790774541531E-18,-6.09359027423268E-17,-1.));
#5114=DIRECTION('',(-0.088093686873433,-0.996112193647405,6.12291354331019E-17));
#5115=DIRECTION('',(0.,-1.,0.));
#5116=DIRECTION('',(0.,0.,-1.));
#5117=DIRECTION('',(-1.,0.,0.));
#5118=DIRECTION('',(0.,0.,-1.));
#5119=DIRECTION('',(-1.,0.,0.));
#5120=DIRECTION('',(0.,1.,0.));
#5121=DIRECTION('',(0.,-1.,0.));
#5122=DIRECTION('',(-0.207569871467311,0.978220194260497,0.));
#5123=DIRECTION('',(-1.,0.,0.));
#5124=DIRECTION('',(-0.208833338673568,-0.97795124452012,0.));
#5125=DIRECTION('',(1.,0.,0.));
#5126=DIRECTION('',(0.177824415652241,0.984062232380625,0.));
#5127=DIRECTION('',(1.,0.,0.));
#5128=DIRECTION('',(0.188010530713609,-0.982167012447877,0.));
#5129=DIRECTION('',(1.,0.,0.));
#5130=DIRECTION('',(0.,1.,0.));
#5131=DIRECTION('',(0.,-1.,0.));
#5132=DIRECTION('',(1.,0.,0.));
#5133=DIRECTION('',(0.,1.,0.));
#5134=DIRECTION('',(0.,0.,-1.));
#5135=DIRECTION('',(-1.,0.,0.));
#5136=DIRECTION('',(0.,0.,-1.));
#5137=DIRECTION('',(-1.,0.,0.));
#5138=DIRECTION('',(0.,-1.,0.));
#5139=DIRECTION('',(0.,0.,-1.));
#5140=DIRECTION('',(-1.,0.,0.));
#5141=DIRECTION('',(0.,1.,0.));
#5142=DIRECTION('',(-1.,0.,0.));
#5143=DIRECTION('',(0.,-1.,0.));
#5144=DIRECTION('',(0.,1.,0.));
#5145=DIRECTION('',(-1.,0.,0.));
#5146=DIRECTION('',(0.,-1.,0.));
#5147=DIRECTION('',(0.,0.,-1.));
#5148=DIRECTION('',(-1.,0.,0.));
#5149=DIRECTION('',(0.,0.,-1.));
#5150=DIRECTION('',(-1.,0.,0.));
#5151=DIRECTION('',(0.,0.,-1.));
#5152=DIRECTION('',(-1.,0.,0.));
#5153=DIRECTION('',(0.,0.,-1.));
#5154=DIRECTION('',(-1.,0.,0.));
#5155=DIRECTION('',(0.,-1.,0.));
#5156=DIRECTION('',(1.,0.,0.));
#5157=DIRECTION('',(0.,1.,0.));
#5158=DIRECTION('',(0.,0.,-1.));
#5159=DIRECTION('',(-1.,0.,0.));
#5160=DIRECTION('',(0.,-1.,0.));
#5161=DIRECTION('',(1.,0.,0.));
#5162=DIRECTION('',(0.,1.,0.));
#5163=DIRECTION('',(0.,0.,-1.));
#5164=DIRECTION('',(-1.,0.,0.));
#5165=DIRECTION('',(0.,-1.,0.));
#5166=DIRECTION('',(1.,0.,0.));
#5167=DIRECTION('',(0.,1.,0.));
#5168=DIRECTION('',(0.,0.,1.));
#5169=DIRECTION('',(1.,0.,0.));
#5170=DIRECTION('',(0.,0.,-1.));
#5171=DIRECTION('',(1.,0.,0.));
#5172=DIRECTION('',(0.,0.,-1.));
#5173=DIRECTION('',(1.,0.,0.));
#5174=DIRECTION('',(0.,0.,-1.));
#5175=DIRECTION('',(0.,-1.,0.));
#5176=DIRECTION('',(0.,0.,-1.));
#5177=DIRECTION('',(0.,-1.,0.));
#5178=DIRECTION('',(0.,1.,0.));
#5179=DIRECTION('',(0.,0.,1.));
#5180=DIRECTION('',(1.,0.,0.));
#5181=DIRECTION('',(0.,0.,-1.));
#5182=DIRECTION('',(1.,0.,0.));
#5183=DIRECTION('',(1.,0.,0.));
#5184=DIRECTION('',(0.,0.,-1.));
#5185=DIRECTION('',(0.,-1.,0.));
#5186=DIRECTION('',(0.,-1.,0.));
#5187=DIRECTION('',(0.,0.,1.));
#5188=DIRECTION('',(1.,0.,0.));
#5189=DIRECTION('',(0.,1.,0.));
#5190=DIRECTION('',(0.,0.,1.));
#5191=DIRECTION('',(1.,0.,0.));
#5192=DIRECTION('',(0.,0.,-1.));
#5193=DIRECTION('',(0.,0.,-1.));
#5194=DIRECTION('',(1.,0.,0.));
#5195=DIRECTION('',(0.,0.,-1.));
#5196=DIRECTION('',(0.,-1.,0.));
#5197=DIRECTION('',(0.,0.,-1.));
#5198=DIRECTION('',(0.,0.,-1.));
#5199=DIRECTION('',(0.,1.,0.));
#5200=DIRECTION('',(0.,0.,1.));
#5201=DIRECTION('',(1.,0.,0.));
#5202=DIRECTION('',(0.,0.,-1.));
#5203=DIRECTION('',(0.,0.,-1.));
#5204=DIRECTION('',(1.,0.,0.));
#5205=DIRECTION('',(0.,0.,-1.));
#5206=DIRECTION('',(0.,0.,-1.));
#5207=DIRECTION('',(0.,-1.,0.));
#5208=DIRECTION('',(0.,0.,-1.));
#5209=DIRECTION('',(0.,0.,1.));
#5210=DIRECTION('',(1.,0.,0.));
#5211=DIRECTION('',(0.,0.,1.));
#5212=DIRECTION('',(1.,0.,0.));
#5213=DIRECTION('',(0.,0.,1.));
#5214=DIRECTION('',(1.,0.,0.));
#5215=DIRECTION('',(0.,0.,1.));
#5216=DIRECTION('',(1.,0.,0.));
#5217=DIRECTION('',(0.,0.,1.));
#5218=DIRECTION('',(1.,0.,0.));
#5219=DIRECTION('',(0.,0.,-1.));
#5220=DIRECTION('',(0.,0.,-1.));
#5221=DIRECTION('',(0.,0.,-1.));
#5222=DIRECTION('',(-0.0411696434732427,-0.999152170820985,0.));
#5223=DIRECTION('',(0.,0.,-1.));
#5224=DIRECTION('',(0.,0.,-1.));
#5225=DIRECTION('',(-1.,0.,0.));
#5226=DIRECTION('',(0.,0.,-1.));
#5227=DIRECTION('',(-0.118569639248317,-0.992945739025312,0.));
#5228=DIRECTION('',(0.,0.,-1.));
#5229=DIRECTION('',(0.,0.,-1.));
#5230=DIRECTION('',(-1.,0.,0.));
#5231=DIRECTION('',(1.,0.,0.));
#5232=DIRECTION('',(0.,0.,-1.));
#5233=DIRECTION('',(0.,0.,-1.));
#5234=DIRECTION('',(0.,-1.,0.));
#5235=DIRECTION('',(0.,0.,-1.));
#5236=DIRECTION('',(-0.0984651151516228,-0.995140503194487,0.));
#5237=DIRECTION('',(0.,0.,-1.));
#5238=DIRECTION('',(-6.01790774541531E-18,-6.09359027423268E-17,-1.));
#5239=DIRECTION('',(-0.088093686873433,-0.996112193647405,8.74411367587202E-17));
#5240=DIRECTION('',(0.,0.,-1.));
#5241=DIRECTION('',(-0.0485494976215971,-0.998820777857915,0.));
#5242=DIRECTION('',(0.,0.,-1.));
#5243=DIRECTION('',(0.,0.,-1.));
#5244=DIRECTION('',(-1.,0.,0.));
#5245=DIRECTION('',(0.,0.,-1.));
#5246=DIRECTION('',(0.,0.,-1.));
#5247=DIRECTION('',(1.,0.,0.));
#5248=DIRECTION('',(0.,0.,-1.));
#5249=DIRECTION('',(0.,0.,-1.));
#5250=DIRECTION('',(0.,-1.,0.));
#5251=DIRECTION('',(0.,1.,0.));
#5252=DIRECTION('',(0.,0.,1.));
#5253=DIRECTION('',(0.,0.,-1.));
#5254=DIRECTION('',(1.,0.,0.));
#5255=DIRECTION('',(1.,0.,0.));
#5256=DIRECTION('',(0.,0.,-1.));
#5257=DIRECTION('',(0.,0.,-1.));
#5258=DIRECTION('',(0.,-1.,0.));
#5259=DIRECTION('',(0.,-1.,0.));
#5260=DIRECTION('',(0.,0.,-1.));
#5261=DIRECTION('',(0.,0.,-1.));
#5262=DIRECTION('',(-1.,0.,0.));
#5263=DIRECTION('',(1.,0.,0.));
#5264=DIRECTION('',(0.,0.,-1.));
#5265=DIRECTION('',(0.,0.,-1.));
#5266=DIRECTION('',(0.,-1.,0.));
#5267=DIRECTION('',(0.,-1.,0.));
#5268=DIRECTION('',(0.,0.,-1.));
#5269=DIRECTION('',(0.,0.,-1.));
#5270=DIRECTION('',(-1.,0.,0.));
#5271=DIRECTION('',(-1.,0.,0.));
#5272=DIRECTION('',(0.,0.,1.));
#5273=DIRECTION('',(0.,0.,-1.));
#5274=DIRECTION('',(0.,1.,0.));
#5275=DIRECTION('',(0.,-1.,0.));
#5276=DIRECTION('',(0.,0.,-1.));
#5277=DIRECTION('',(0.,0.,-1.));
#5278=DIRECTION('',(-1.,0.,0.));
#5279=DIRECTION('',(-1.,0.,0.));
#5280=DIRECTION('',(0.,0.,1.));
#5281=DIRECTION('',(0.,0.,-1.));
#5282=DIRECTION('',(0.,1.,0.));
#5283=DIRECTION('',(0.,1.,0.));
#5284=DIRECTION('',(0.,0.,1.));
#5285=DIRECTION('',(0.,0.,-1.));
#5286=DIRECTION('',(1.,0.,0.));
#5287=DIRECTION('',(-1.,0.,0.));
#5288=DIRECTION('',(0.,0.,1.));
#5289=DIRECTION('',(0.,0.,-1.));
#5290=DIRECTION('',(0.,1.,0.));
#5291=DIRECTION('',(0.,0.,-1.));
#5292=DIRECTION('',(0.,0.,-1.));
#5293=DIRECTION('',(0.766718448734758,-0.641983504748966,0.));
#5294=DIRECTION('',(0.,0.,-1.));
#5295=DIRECTION('',(-1.,0.,0.));
#5296=DIRECTION('',(0.,0.,-1.));
#5297=DIRECTION('',(1.,0.,0.));
#5298=DIRECTION('',(0.,-1.,0.));
#5299=DIRECTION('',(0.,0.,-1.));
#5300=DIRECTION('',(-1.,0.,0.));
#5301=DIRECTION('',(0.,0.,-1.));
#5302=DIRECTION('',(-1.,0.,0.));
#5303=DIRECTION('',(0.,0.,-1.));
#5304=DIRECTION('',(1.,0.,0.));
#5305=DIRECTION('',(0.,0.,-1.));
#5306=DIRECTION('',(0.,-1.,0.));
#5307=DIRECTION('',(0.,0.,-1.));
#5308=DIRECTION('',(0.,-1.,0.));
#5309=DIRECTION('',(0.,0.,-1.));
#5310=DIRECTION('',(0.,0.,-1.));
#5311=DIRECTION('',(0.,0.,-1.));
#5312=DIRECTION('',(0.,0.,-1.));
#5313=DIRECTION('',(0.,0.,-1.));
#5314=DIRECTION('',(0.,0.,-1.));
#5315=DIRECTION('',(-0.99751733989255,0.0704212795516365,0.));
#5316=DIRECTION('',(0.,0.,-1.));
#5317=DIRECTION('',(-1.,0.,0.));
#5318=DIRECTION('',(0.,0.,-1.));
#5319=DIRECTION('',(0.,0.,-1.));
#5320=DIRECTION('',(-1.,0.,0.));
#5321=DIRECTION('',(0.,0.,-1.));
#5322=DIRECTION('',(0.,0.,-1.));
#5323=DIRECTION('',(0.,0.,-1.));
#5324=DIRECTION('',(0.,0.,-1.));
#5325=DIRECTION('',(1.,0.,0.));
#5326=DIRECTION('',(0.,0.,-1.));
#5327=DIRECTION('',(0.,0.,-1.));
#5328=DIRECTION('',(0.,-1.,0.));
#5329=DIRECTION('',(0.,-1.,0.));
#5330=DIRECTION('',(0.,0.,-1.));
#5331=DIRECTION('',(0.,0.,-1.));
#5332=DIRECTION('',(-1.,0.,0.));
#5333=DIRECTION('',(-1.,0.,0.));
#5334=DIRECTION('',(0.,0.,1.));
#5335=DIRECTION('',(0.,0.,-1.));
#5336=DIRECTION('',(0.,1.,0.));
#5337=DIRECTION('',(0.,0.,-1.));
#5338=DIRECTION('',(-0.995705318176879,-0.0925792598494904,0.));
#5339=DIRECTION('',(0.,0.,-1.));
#5340=DIRECTION('',(0.,0.,-1.));
#5341=DIRECTION('',(-1.,0.,0.));
#5342=DIRECTION('',(0.,0.,-1.));
#5343=DIRECTION('',(0.,0.,-1.));
#5344=DIRECTION('',(0.,0.,-1.));
#5345=DIRECTION('',(0.,0.,-1.));
#5346=DIRECTION('',(0.,0.,-1.));
#5347=DIRECTION('',(1.,0.,0.));
#5348=DIRECTION('',(0.,0.,-1.));
#5349=DIRECTION('',(0.,0.,-1.));
#5350=DIRECTION('',(0.,-1.,0.));
#5351=DIRECTION('',(0.,1.,0.));
#5352=DIRECTION('',(0.,0.,1.));
#5353=DIRECTION('',(0.,0.,-1.));
#5354=DIRECTION('',(1.,0.,0.));
#5355=DIRECTION('',(1.,0.,0.));
#5356=DIRECTION('',(0.,0.,-1.));
#5357=DIRECTION('',(0.,0.,-1.));
#5358=DIRECTION('',(0.,-1.,0.));
#5359=DIRECTION('',(0.,0.,-1.));
#5360=DIRECTION('',(0.,0.,-1.));
#5361=DIRECTION('',(0.,0.,-1.));
#5362=DIRECTION('',(0.,0.,-1.));
#5363=DIRECTION('',(0.,0.,-1.));
#5364=DIRECTION('',(0.,0.,-1.));
#5365=DIRECTION('',(-1.,0.,0.));
#5366=DIRECTION('',(0.,0.,1.));
#5367=DIRECTION('',(0.,0.,-1.));
#5368=DIRECTION('',(0.,1.,0.));
#5369=DIRECTION('',(0.,0.,-1.));
#5370=DIRECTION('',(-1.,0.,0.));
#5371=DIRECTION('',(0.,0.,1.));
#5372=DIRECTION('',(0.,1.,0.));
#5373=DIRECTION('',(0.,1.,0.));
#5374=DIRECTION('',(0.,0.,-1.));
#5375=DIRECTION('',(1.,0.,0.));
#5376=DIRECTION('',(0.,0.,-1.));
#5377=DIRECTION('',(0.,0.,-1.));
#5378=DIRECTION('',(0.,0.,-1.));
#5379=DIRECTION('',(0.,0.,-1.));
#5380=DIRECTION('',(0.,0.,-1.));
#5381=DIRECTION('',(0.999151402030922,-0.0411882971199776,0.));
#5382=DIRECTION('',(0.,0.,-1.));
#5383=DIRECTION('',(-1.,0.,0.));
#5384=DIRECTION('',(0.,0.,-1.));
#5385=DIRECTION('',(0.,0.,-1.));
#5386=DIRECTION('',(-1.,0.,0.));
#5387=DIRECTION('',(1.,0.,0.));
#5388=DIRECTION('',(0.,0.,-1.));
#5389=DIRECTION('',(0.,-1.,0.));
#5390=DIRECTION('',(0.,0.,-1.));
#5391=DIRECTION('',(0.,-1.,0.));
#5392=DIRECTION('',(0.,0.,-1.));
#5393=DIRECTION('',(0.999150708919997,0.0412051072643618,0.));
#5394=DIRECTION('',(0.,0.,-1.));
#5395=DIRECTION('',(-1.,0.,0.));
#5396=DIRECTION('',(0.,0.,-1.));
#5397=DIRECTION('',(0.,0.,-1.));
#5398=DIRECTION('',(-1.,0.,0.));
#5399=DIRECTION('',(0.,0.,-1.));
#5400=DIRECTION('',(0.,0.,-1.));
#5401=DIRECTION('',(0.,0.,-1.));
#5402=DIRECTION('',(0.,0.,-1.));
#5403=DIRECTION('',(0.,0.,-1.));
#5404=DIRECTION('',(-0.999150708920127,0.041205107261212,0.));
#5405=DIRECTION('',(0.,0.,-1.));
#5406=DIRECTION('',(-1.,0.,0.));
#5407=DIRECTION('',(0.,0.,-1.));
#5408=DIRECTION('',(0.,0.,-1.));
#5409=DIRECTION('',(-1.,0.,0.));
#5410=DIRECTION('',(-1.,0.,0.));
#5411=DIRECTION('',(0.,0.,1.));
#5412=DIRECTION('',(0.,1.,0.));
#5413=DIRECTION('',(0.,0.,-1.));
#5414=DIRECTION('',(0.,1.,0.));
#5415=DIRECTION('',(0.,0.,-1.));
#5416=DIRECTION('',(-0.999151402030921,-0.0411882971199807,0.));
#5417=DIRECTION('',(0.,0.,-1.));
#5418=DIRECTION('',(-1.,0.,0.));
#5419=DIRECTION('',(0.,0.,-1.));
#5420=DIRECTION('',(0.,0.,-1.));
#5421=DIRECTION('',(-1.,0.,0.));
#5422=DIRECTION('',(0.,0.,-1.));
#5423=DIRECTION('',(0.,0.,-1.));
#5424=DIRECTION('',(0.,0.,-1.));
#5425=DIRECTION('',(0.,0.,-1.));
#5426=DIRECTION('',(0.,0.,-1.));
#5427=DIRECTION('',(1.,0.,0.));
#5428=DIRECTION('',(0.,0.,-1.));
#5429=DIRECTION('',(0.,0.,-1.));
#5430=DIRECTION('',(0.,-1.,0.));
#5431=DIRECTION('',(0.,0.,-1.));
#5432=DIRECTION('',(0.,0.,-1.));
#5433=DIRECTION('',(0.,0.,-1.));
#5434=DIRECTION('',(0.,0.,-1.));
#5435=DIRECTION('',(0.,0.,-1.));
#5436=DIRECTION('',(0.,0.,-1.));
#5437=DIRECTION('',(-1.,0.,0.));
#5438=DIRECTION('',(0.,0.,1.));
#5439=DIRECTION('',(0.,0.,-1.));
#5440=DIRECTION('',(0.,1.,0.));
#5441=DIRECTION('',(0.,0.,-1.));
#5442=DIRECTION('',(0.,0.,-1.));
#5443=DIRECTION('',(1.,0.,0.));
#5444=DIRECTION('',(0.,0.,-1.));
#5445=DIRECTION('',(0.,0.,-1.));
#5446=DIRECTION('',(0.,0.,-1.));
#5447=DIRECTION('',(0.,0.,-1.));
#5448=DIRECTION('',(0.,0.,-1.));
#5449=DIRECTION('',(0.999151402030922,-0.0411882971199653,0.));
#5450=DIRECTION('',(0.,0.,-1.));
#5451=DIRECTION('',(-1.,0.,0.));
#5452=DIRECTION('',(0.,0.,-1.));
#5453=DIRECTION('',(0.,0.,-1.));
#5454=DIRECTION('',(-1.,0.,0.));
#5455=DIRECTION('',(1.,0.,0.));
#5456=DIRECTION('',(0.,0.,-1.));
#5457=DIRECTION('',(0.,-1.,0.));
#5458=DIRECTION('',(0.,0.,-1.));
#5459=DIRECTION('',(0.,-1.,0.));
#5460=DIRECTION('',(0.,0.,-1.));
#5461=DIRECTION('',(0.999150708920127,0.0412051072612018,0.));
#5462=DIRECTION('',(0.,0.,-1.));
#5463=DIRECTION('',(-1.,0.,0.));
#5464=DIRECTION('',(0.,0.,-1.));
#5465=DIRECTION('',(0.,0.,-1.));
#5466=DIRECTION('',(-1.,0.,0.));
#5467=DIRECTION('',(0.,0.,-1.));
#5468=DIRECTION('',(0.,0.,-1.));
#5469=DIRECTION('',(0.,0.,-1.));
#5470=DIRECTION('',(0.,0.,-1.));
#5471=DIRECTION('',(0.,0.,-1.));
#5472=DIRECTION('',(-0.999150708920123,0.041205107261303,0.));
#5473=DIRECTION('',(0.,0.,-1.));
#5474=DIRECTION('',(-1.,0.,0.));
#5475=DIRECTION('',(0.,0.,-1.));
#5476=DIRECTION('',(0.,0.,-1.));
#5477=DIRECTION('',(-1.,0.,0.));
#5478=DIRECTION('',(-1.,0.,0.));
#5479=DIRECTION('',(0.,0.,1.));
#5480=DIRECTION('',(0.,1.,0.));
#5481=DIRECTION('',(0.,0.,-1.));
#5482=DIRECTION('',(0.,1.,0.));
#5483=DIRECTION('',(0.,0.,-1.));
#5484=DIRECTION('',(-0.999151402030918,-0.04118829712007,0.));
#5485=DIRECTION('',(0.,0.,-1.));
#5486=DIRECTION('',(-1.,0.,0.));
#5487=DIRECTION('',(0.,0.,-1.));
#5488=DIRECTION('',(0.,0.,-1.));
#5489=DIRECTION('',(-1.,0.,0.));
#5490=DIRECTION('',(0.,0.,-1.));
#5491=DIRECTION('',(0.,0.,-1.));
#5492=DIRECTION('',(0.,0.,-1.));
#5493=DIRECTION('',(0.,0.,-1.));
#5494=DIRECTION('',(0.,0.,-1.));
#5495=DIRECTION('',(1.,0.,0.));
#5496=DIRECTION('',(0.,0.,-1.));
#5497=DIRECTION('',(0.,0.,-1.));
#5498=DIRECTION('',(0.,-1.,0.));
#5499=DIRECTION('',(0.,0.,-1.));
#5500=DIRECTION('',(0.,0.,-1.));
#5501=DIRECTION('',(0.,0.,-1.));
#5502=DIRECTION('',(0.,0.,-1.));
#5503=DIRECTION('',(0.,0.,-1.));
#5504=DIRECTION('',(0.,0.,-1.));
#5505=DIRECTION('',(-1.,0.,0.));
#5506=DIRECTION('',(0.,0.,1.));
#5507=DIRECTION('',(0.,0.,-1.));
#5508=DIRECTION('',(0.,1.,0.));
#5509=DIRECTION('',(0.,0.,-1.));
#5510=DIRECTION('',(0.,0.,-1.));
#5511=DIRECTION('',(1.,0.,0.));
#5512=DIRECTION('',(0.,-1.,0.));
#5513=DIRECTION('',(0.,0.,-1.));
#5514=DIRECTION('',(-1.,0.,0.));
#5515=DIRECTION('',(0.,0.,-1.));
#5516=DIRECTION('',(-1.,0.,0.));
#5517=DIRECTION('',(0.,0.,-1.));
#5518=DIRECTION('',(0.983626467756192,0.18021923296218,0.));
#5519=DIRECTION('',(-0.18021923296218,0.983626467756193,0.));
#5520=DIRECTION('',(0.18021923296218,-0.983626467756192,0.));
#5521=DIRECTION('',(0.,0.,-1.));
#5522=DIRECTION('',(0.18021923296218,-0.983626467756192,0.));
#5523=DIRECTION('',(-0.978220194260497,-0.207569871467311,0.));
#5524=DIRECTION('',(0.207569871467311,-0.978220194260497,0.));
#5525=DIRECTION('',(0.,0.,-1.));
#5526=DIRECTION('',(-0.207569871467311,0.978220194260497,0.));
#5527=DIRECTION('',(0.,0.,-1.));
#5528=DIRECTION('',(0.,1.,0.));
#5529=DIRECTION('',(0.,0.,1.));
#5530=DIRECTION('',(0.,0.,-1.));
#5531=DIRECTION('',(1.,0.,0.));
#5532=DIRECTION('',(0.982167012447876,0.188010530713609,0.));
#5533=DIRECTION('',(-0.188010530713609,0.982167012447877,0.));
#5534=DIRECTION('',(0.,0.,-1.));
#5535=DIRECTION('',(0.188010530713609,-0.982167012447877,0.));
#5536=DIRECTION('',(0.,1.,0.));
#5537=DIRECTION('',(0.,0.,1.));
#5538=DIRECTION('',(0.,0.,-1.));
#5539=DIRECTION('',(1.,0.,0.));
#5540=DIRECTION('',(-0.984062232380625,0.177824415652241,0.));
#5541=DIRECTION('',(-0.177824415652241,-0.984062232380625,0.));
#5542=DIRECTION('',(0.,0.,-1.));
#5543=DIRECTION('',(0.177824415652241,0.984062232380625,0.));
#5544=DIRECTION('',(0.,1.,0.));
#5545=DIRECTION('',(0.,0.,1.));
#5546=DIRECTION('',(0.,0.,-1.));
#5547=DIRECTION('',(1.,0.,0.));
#5548=DIRECTION('',(0.97795124452012,-0.208833338673568,0.));
#5549=DIRECTION('',(0.208833338673568,0.97795124452012,0.));
#5550=DIRECTION('',(0.,0.,-1.));
#5551=DIRECTION('',(-0.208833338673568,-0.97795124452012,0.));
#5552=DIRECTION('',(0.,-1.,0.));
#5553=DIRECTION('',(0.,0.,-1.));
#5554=DIRECTION('',(-1.,0.,0.));
#5555=DIRECTION('',(-0.983024296911538,0.183475425279724,0.));
#5556=DIRECTION('',(-0.183475425279724,-0.983024296911539,0.));
#5557=DIRECTION('',(0.183475425279724,0.983024296911538,0.));
#5558=DIRECTION('',(0.183475425279724,0.983024296911538,0.));
#5559=DIRECTION('',(0.,0.,-1.));
#5560=DIRECTION('',(1.,0.,0.));
#5561=DIRECTION('',(-1.,0.,0.));
#5562=DIRECTION('',(0.,0.,1.));
#5563=DIRECTION('',(0.,0.,-1.));
#5564=DIRECTION('',(0.,1.,0.));
#5565=DIRECTION('',(0.,0.,-1.));
#5566=DIRECTION('',(0.,1.,0.));
#5567=DIRECTION('',(0.,0.,1.));
#5568=DIRECTION('',(0.,0.,-1.));
#5569=DIRECTION('',(1.,0.,0.));
#5570=DIRECTION('',(1.,0.,0.));
#5571=DIRECTION('',(0.,0.,-1.));
#5572=DIRECTION('',(0.,0.,-1.));
#5573=DIRECTION('',(0.,-1.,0.));
#5574=DIRECTION('',(0.,0.,-1.));
#5575=DIRECTION('',(0.,0.,-1.));
#5576=DIRECTION('',(0.247660455981199,0.968846891176921,0.));
#5577=DIRECTION('',(0.,0.,-1.));
#5578=DIRECTION('',(0.,0.,-1.));
#5579=DIRECTION('',(-1.,0.,0.));
#5580=DIRECTION('',(0.,0.,-1.));
#5581=DIRECTION('',(-0.11097061700241,0.993823687664016,0.));
#5582=DIRECTION('',(0.,0.,-1.));
#5583=DIRECTION('',(-6.86239685994974E-18,6.08465854916379E-17,-1.));
#5584=DIRECTION('',(-0.222991133093711,0.974820472990582,0.));
#5585=DIRECTION('',(0.,0.,-1.));
#5586=DIRECTION('',(-0.297742995904973,0.954646064460296,0.));
#5587=DIRECTION('',(0.,0.,-1.));
#5588=DIRECTION('',(0.,0.,-1.));
#5589=DIRECTION('',(-1.,0.,0.));
#5590=DIRECTION('',(1.,0.,0.));
#5591=DIRECTION('',(0.,0.,-1.));
#5592=DIRECTION('',(0.,0.,-1.));
#5593=DIRECTION('',(0.,-1.,0.));
#5594=DIRECTION('',(0.,0.,-1.));
#5595=DIRECTION('',(-0.0908234768405059,0.995867007212611,0.));
#5596=DIRECTION('',(0.,0.,-1.));
#5597=DIRECTION('',(0.,0.,-1.));
#5598=DIRECTION('',(-1.,0.,0.));
#5599=DIRECTION('',(0.,-1.,0.));
#5600=DIRECTION('',(0.,0.,-1.));
#5601=DIRECTION('',(0.,0.,-1.));
#5602=DIRECTION('',(-1.,0.,0.));
#5603=DIRECTION('',(0.,0.,-1.));
#5604=DIRECTION('',(0.,0.,-1.));
#5605=DIRECTION('',(1.,0.,0.));
#5606=DIRECTION('',(0.,0.,-1.));
#5607=DIRECTION('',(0.,0.,-1.));
#5608=DIRECTION('',(0.,-1.,0.));
#5609=DIRECTION('',(0.,-1.,0.));
#5610=DIRECTION('',(0.,0.,-1.));
#5611=DIRECTION('',(-1.,0.,0.));
#5612=DIRECTION('',(0.,0.,-1.));
#5613=DIRECTION('',(1.,0.,0.));
#5614=DIRECTION('',(0.,0.,-1.));
#5615=DIRECTION('',(0.,0.,-1.));
#5616=DIRECTION('',(0.,0.,-1.));
#5617=DIRECTION('',(0.,0.,-1.));
#5618=DIRECTION('',(0.,0.,-1.));
#5619=DIRECTION('',(1.,0.,0.));
#5620=DIRECTION('',(0.,0.,-1.));
#5621=DIRECTION('',(0.,0.,-1.));
#5622=DIRECTION('',(0.,-1.,0.));
#5623=DIRECTION('',(0.,-1.,0.));
#5624=DIRECTION('',(0.,0.,-1.));
#5625=DIRECTION('',(0.,0.,-1.));
#5626=DIRECTION('',(-1.,0.,0.));
#5627=DIRECTION('',(-1.,0.,0.));
#5628=DIRECTION('',(0.,0.,1.));
#5629=DIRECTION('',(0.,0.,-1.));
#5630=DIRECTION('',(0.,1.,0.));
#5631=DIRECTION('',(0.,0.,-1.));
#5632=DIRECTION('',(-0.998044760892891,-0.062503241949931,0.));
#5633=DIRECTION('',(0.,0.,-1.));
#5634=DIRECTION('',(0.,0.,-1.));
#5635=DIRECTION('',(-1.,0.,0.));
#5636=DIRECTION('',(0.,0.,-1.));
#5637=DIRECTION('',(0.,0.,-1.));
#5638=DIRECTION('',(0.,0.,-1.));
#5639=DIRECTION('',(0.,0.,-1.));
#5640=DIRECTION('',(0.,0.,-1.));
#5641=DIRECTION('',(1.,0.,0.));
#5642=DIRECTION('',(0.,0.,-1.));
#5643=DIRECTION('',(0.,0.,-1.));
#5644=DIRECTION('',(0.,-1.,0.));
#5645=DIRECTION('',(0.,0.,-1.));
#5646=DIRECTION('',(0.996978899669415,0.0776728627897934,0.));
#5647=DIRECTION('',(0.,0.,-1.));
#5648=DIRECTION('',(0.,0.,-1.));
#5649=DIRECTION('',(-1.,0.,0.));
#5650=DIRECTION('',(0.,0.,-1.));
#5651=DIRECTION('',(0.,0.,-1.));
#5652=DIRECTION('',(0.,0.,-1.));
#5653=DIRECTION('',(0.,0.,-1.));
#5654=DIRECTION('',(0.,0.,-1.));
#5655=DIRECTION('',(-0.998278985643808,0.0586435573781913,0.));
#5656=DIRECTION('',(0.,0.,-1.));
#5657=DIRECTION('',(0.,0.,-1.));
#5658=DIRECTION('',(-1.,0.,0.));
#5659=DIRECTION('',(-1.,0.,0.));
#5660=DIRECTION('',(0.,0.,1.));
#5661=DIRECTION('',(0.,0.,-1.));
#5662=DIRECTION('',(0.,1.,0.));
#5663=DIRECTION('',(0.,1.,0.));
#5664=DIRECTION('',(0.,0.,1.));
#5665=DIRECTION('',(0.,0.,-1.));
#5666=DIRECTION('',(1.,0.,0.));
#5667=DIRECTION('',(1.,0.,0.));
#5668=DIRECTION('',(0.,0.,-1.));
#5669=DIRECTION('',(0.,0.,-1.));
#5670=DIRECTION('',(0.,-1.,0.));
#5671=DIRECTION('',(0.,0.,-1.));
#5672=DIRECTION('',(0.,0.,-1.));
#5673=DIRECTION('',(0.,0.,-1.));
#5674=DIRECTION('',(0.,0.,-1.));
#5675=DIRECTION('',(0.,0.,-1.));
#5676=DIRECTION('',(0.,0.,-1.));
#5677=DIRECTION('',(-1.,0.,0.));
#5678=DIRECTION('',(0.,0.,1.));
#5679=DIRECTION('',(0.,0.,-1.));
#5680=DIRECTION('',(0.,1.,0.));
#5681=DIRECTION('',(0.,0.,-1.));
#5682=DIRECTION('',(0.,0.,-1.));
#5683=DIRECTION('',(1.,0.,0.));
#5684=DIRECTION('',(0.,0.,-1.));
#5685=DIRECTION('',(0.,0.,-1.));
#5686=DIRECTION('',(0.,0.,-1.));
#5687=DIRECTION('',(0.,0.,-1.));
#5688=DIRECTION('',(-0.662920726505743,-0.748689595472715,0.));
#5689=DIRECTION('',(0.,0.,-1.));
#5690=DIRECTION('',(0.,0.,-1.));
#5691=DIRECTION('',(-1.,0.,0.));
#5692=DIRECTION('',(0.,0.,-1.));
#5693=DIRECTION('',(0.,0.,-1.));
#5694=DIRECTION('',(0.,0.,-1.));
#5695=DIRECTION('',(-0.853221985144975,0.521547930745841,0.));
#5696=DIRECTION('',(0.,0.,-1.));
#5697=DIRECTION('',(0.,0.,-1.));
#5698=DIRECTION('',(-1.,0.,0.));
#5699=DIRECTION('',(0.,0.,-1.));
#5700=DIRECTION('',(-0.718539416777993,0.69548623748881,0.));
#5701=DIRECTION('',(0.,0.,-1.));
#5702=DIRECTION('',(0.,0.,-1.));
#5703=DIRECTION('',(-1.,0.,0.));
#5704=DIRECTION('',(0.678373702763144,-0.734717033557424,0.));
#5705=DIRECTION('',(0.734717033557424,0.678373702763144,0.));
#5706=DIRECTION('',(0.,0.,-1.));
#5707=DIRECTION('',(-0.734717033557424,-0.678373702763144,0.));
#5708=DIRECTION('',(0.,0.,-1.));
#5709=DIRECTION('',(0.,0.,-1.));
#5710=DIRECTION('',(0.977038616929192,-0.213062293776001,0.));
#5711=DIRECTION('',(0.,0.,-1.));
#5712=DIRECTION('',(0.,0.,-1.));
#5713=DIRECTION('',(-1.,0.,0.));
#5714=DIRECTION('',(0.,0.,-1.));
#5715=DIRECTION('',(0.936474984287797,0.350734377846213,0.));
#5716=DIRECTION('',(0.,0.,-1.));
#5717=DIRECTION('',(0.,0.,-1.));
#5718=DIRECTION('',(-1.,0.,0.));
#5719=DIRECTION('',(0.,0.,-1.));
#5720=DIRECTION('',(0.,0.,-1.));
#5721=DIRECTION('',(0.,0.,-1.));
#5722=DIRECTION('',(0.,0.,-1.));
#5723=DIRECTION('',(-0.974121922010929,0.226023186991366,0.));
#5724=DIRECTION('',(0.,0.,-1.));
#5725=DIRECTION('',(0.,0.,-1.));
#5726=DIRECTION('',(-1.,0.,0.));
#5727=DIRECTION('',(0.351345996240229,0.93624568940314,0.));
#5728=DIRECTION('',(-0.93624568940314,0.351345996240229,0.));
#5729=DIRECTION('',(0.,0.,-1.));
#5730=DIRECTION('',(0.93624568940314,-0.351345996240229,0.));
#5731=DIRECTION('',(0.,0.,-1.));
#5732=DIRECTION('',(0.,0.,-1.));
#5733=DIRECTION('',(0.,0.,-1.));
#5734=DIRECTION('',(0.,0.,-1.));
#5735=DIRECTION('',(0.679283201235595,0.733876237876062,0.));
#5736=DIRECTION('',(0.,0.,-1.));
#5737=DIRECTION('',(0.,0.,-1.));
#5738=DIRECTION('',(-1.,0.,0.));
#5739=DIRECTION('',(0.,0.,-1.));
#5740=DIRECTION('',(0.,0.,-1.));
#5741=DIRECTION('',(0.,0.,-1.));
#5742=DIRECTION('',(0.755386123105138,-0.65527994400881,0.));
#5743=DIRECTION('',(0.,0.,-1.));
#5744=DIRECTION('',(0.,0.,-1.));
#5745=DIRECTION('',(-1.,0.,0.));
#5746=DIRECTION('',(-0.651185602231445,0.758918514365324,0.));
#5747=DIRECTION('',(-0.758918514365324,-0.651185602231445,0.));
#5748=DIRECTION('',(0.,0.,-1.));
#5749=DIRECTION('',(0.758918514365324,0.651185602231445,0.));
#5750=DIRECTION('',(0.,0.,-1.));
#5751=DIRECTION('',(0.,0.,-1.));
#5752=DIRECTION('',(-0.970738852762668,0.240137626658169,0.));
#5753=DIRECTION('',(0.,0.,-1.));
#5754=DIRECTION('',(0.,0.,-1.));
#5755=DIRECTION('',(-1.,0.,0.));
#5756=DIRECTION('',(0.,0.,-1.));
#5757=DIRECTION('',(0.,0.,-1.));
#5758=DIRECTION('',(0.,0.,-1.));
#5759=DIRECTION('',(0.,0.,-1.));
#5760=DIRECTION('',(-0.288888416310425,-0.957362774982219,0.));
#5761=DIRECTION('',(0.957362774982219,-0.288888416310425,0.));
#5762=DIRECTION('',(0.,0.,-1.));
#5763=DIRECTION('',(-0.957362774982219,0.288888416310425,0.));
#5764=DIRECTION('',(0.,0.,-1.));
#5765=DIRECTION('',(1.,0.,0.));
#5766=DIRECTION('',(-1.,0.,0.));
#5767=DIRECTION('',(0.,0.,1.));
#5768=DIRECTION('',(0.,0.,-1.));
#5769=DIRECTION('',(0.,1.,0.));
#5770=DIRECTION('',(0.,0.,-1.));
#5771=DIRECTION('',(0.,1.,0.));
#5772=DIRECTION('',(0.,0.,1.));
#5773=DIRECTION('',(0.,0.,-1.));
#5774=DIRECTION('',(1.,0.,0.));
#5775=DIRECTION('',(1.,0.,0.));
#5776=DIRECTION('',(0.,0.,-1.));
#5777=DIRECTION('',(0.,0.,-1.));
#5778=DIRECTION('',(0.,-1.,0.));
#5779=DIRECTION('',(0.,0.,-1.));
#5780=DIRECTION('',(0.609863157358189,0.792506737698237,0.));
#5781=DIRECTION('',(0.,0.,-1.));
#5782=DIRECTION('',(0.,0.,-1.));
#5783=DIRECTION('',(-1.,0.,0.));
#5784=DIRECTION('',(0.,0.,-1.));
#5785=DIRECTION('',(0.,0.,-1.));
#5786=DIRECTION('',(0.,0.,-1.));
#5787=DIRECTION('',(-1.,0.,0.));
#5788=DIRECTION('',(0.,0.,1.));
#5789=DIRECTION('',(0.,0.,-1.));
#5790=DIRECTION('',(0.,1.,0.));
#5791=DIRECTION('',(0.,1.,0.));
#5792=DIRECTION('',(0.,0.,1.));
#5793=DIRECTION('',(0.,0.,-1.));
#5794=DIRECTION('',(1.,0.,0.));
#5795=DIRECTION('',(1.,0.,0.));
#5796=DIRECTION('',(0.,0.,-1.));
#5797=DIRECTION('',(0.,0.,-1.));
#5798=DIRECTION('',(0.,-1.,0.));
#5799=DIRECTION('',(0.,0.,-1.));
#5800=DIRECTION('',(0.614622859359552,0.788821108206854,0.));
#5801=DIRECTION('',(0.,0.,-1.));
#5802=DIRECTION('',(0.,0.,-1.));
#5803=DIRECTION('',(-1.,0.,0.));
#5804=DIRECTION('',(0.,0.,-1.));
#5805=DIRECTION('',(0.,0.,-1.));
#5806=DIRECTION('',(0.,0.,-1.));
#5807=DIRECTION('',(-1.,0.,0.));
#5808=DIRECTION('',(0.,0.,1.));
#5809=DIRECTION('',(0.,0.,-1.));
#5810=DIRECTION('',(0.,1.,0.));
#5811=DIRECTION('',(0.,1.,0.));
#5812=DIRECTION('',(0.,0.,1.));
#5813=DIRECTION('',(0.,0.,-1.));
#5814=DIRECTION('',(1.,0.,0.));
#5815=DIRECTION('',(1.,0.,0.));
#5816=DIRECTION('',(0.,0.,-1.));
#5817=DIRECTION('',(0.,0.,-1.));
#5818=DIRECTION('',(0.,-1.,0.));
#5819=DIRECTION('',(0.,0.,-1.));
#5820=DIRECTION('',(0.,0.,-1.));
#5821=DIRECTION('',(0.,0.,-1.));
#5822=DIRECTION('',(-0.258677809981478,0.965963659059277,0.));
#5823=DIRECTION('',(0.,0.,-1.));
#5824=DIRECTION('',(0.,0.,-1.));
#5825=DIRECTION('',(-1.,0.,0.));
#5826=DIRECTION('',(0.,0.,-1.));
#5827=DIRECTION('',(0.222601825174479,0.97490944575842,0.));
#5828=DIRECTION('',(0.,0.,-1.));
#5829=DIRECTION('',(0.,0.,-1.));
#5830=DIRECTION('',(-1.,0.,0.));
#5831=DIRECTION('',(0.,0.,-1.));
#5832=DIRECTION('',(0.,0.,-1.));
#5833=DIRECTION('',(0.,0.,-1.));
#5834=DIRECTION('',(-0.271353637116152,0.96247971595449,0.));
#5835=DIRECTION('',(0.,0.,-1.));
#5836=DIRECTION('',(0.,0.,-1.));
#5837=DIRECTION('',(-1.,0.,0.));
#5838=DIRECTION('',(0.,0.,-1.));
#5839=DIRECTION('',(0.215636097884447,0.976473795495388,0.));
#5840=DIRECTION('',(0.,0.,-1.));
#5841=DIRECTION('',(0.,0.,-1.));
#5842=DIRECTION('',(-1.,0.,0.));
#5843=DIRECTION('',(0.,0.,-1.));
#5844=DIRECTION('',(1.,0.,0.));
#5845=DIRECTION('',(0.,0.,-1.));
#5846=DIRECTION('',(0.,0.,-1.));
#5847=DIRECTION('',(0.,-1.,0.));
#5848=DIRECTION('',(0.,-1.,0.));
#5849=DIRECTION('',(0.,0.,-1.));
#5850=DIRECTION('',(-1.,0.,0.));
#5851=DIRECTION('',(0.,0.,-1.));
#5852=DIRECTION('',(1.,0.,0.));
#5853=DIRECTION('',(0.,0.,1.));
#5854=DIRECTION('',(1.,0.,0.));
#5855=DIRECTION('',(0.,0.,1.));
#5856=DIRECTION('',(1.,0.,0.));
#5857=DIRECTION('',(0.,0.,1.));
#5858=DIRECTION('',(1.,0.,0.));
#5859=DIRECTION('',(0.,0.,1.));
#5860=DIRECTION('',(1.,0.,0.));
#5861=DIRECTION('',(0.,0.,-1.));
#5862=DIRECTION('',(-1.,0.,0.));
#5863=DIRECTION('',(0.,0.,1.));
#5864=DIRECTION('',(1.,0.,0.));
#5865=DIRECTION('',(0.,0.,-1.));
#5866=DIRECTION('',(-1.,0.,0.));
#5867=DIRECTION('',(0.,0.,1.));
#5868=DIRECTION('',(1.,0.,0.));
#5869=CARTESIAN_POINT('',(0.,0.,0.));
#5870=CARTESIAN_POINT('',(-0.00065469124820083,-0.000467636593384668,0.));
#5871=CARTESIAN_POINT('',(0.0274801085695538,-0.0340451748695545,0.));
#5872=CARTESIAN_POINT('',(0.0281703512633006,-0.0340451748695545,0.));
#5873=CARTESIAN_POINT('',(0.0285892099904532,-0.0336126329171955,0.));
#5874=CARTESIAN_POINT('',(0.0274801085695538,-0.0340451748695545,0.));
#5875=CARTESIAN_POINT('',(0.0285892099904532,-0.0336126329171955,0.));
#5876=CARTESIAN_POINT('',(0.0285892099904532,-0.0336126329171955,0.));
#5877=CARTESIAN_POINT('',(0.0290080687176058,-0.0331800909648364,0.));
#5878=CARTESIAN_POINT('',(0.029065842335144,-0.0324685632541018,0.));
#5879=CARTESIAN_POINT('',(0.029065842335144,-0.0324685632541018,0.));
#5880=CARTESIAN_POINT('',(0.0286325402036069,-0.0323378124354625,0.));
#5881=CARTESIAN_POINT('',(0.0281992380720698,-0.0322070616168233,0.));
#5882=CARTESIAN_POINT('',(0.0281992380720698,-0.0322070616168233,0.));
#5883=CARTESIAN_POINT('',(0.0281216997959,-0.0327422277582305,0.));
#5884=CARTESIAN_POINT('',(0.0279369762556131,-0.0330098108289341,0.));
#5885=CARTESIAN_POINT('',(0.0279369762556131,-0.0330098108289341,0.));
#5886=CARTESIAN_POINT('',(0.0279369762556131,-0.0330098108289341,0.));
#5887=CARTESIAN_POINT('',(0.0277522527153262,-0.0332773938996378,0.));
#5888=CARTESIAN_POINT('',(0.02739192778489,-0.0332773938996378,0.));
#5889=CARTESIAN_POINT('',(0.02739192778489,-0.0332773938996378,0.));
#5890=CARTESIAN_POINT('',(0.02739192778489,-0.0332773938996378,0.));
#5891=CARTESIAN_POINT('',(0.02711066148898,-0.0332773938996378,0.));
#5892=CARTESIAN_POINT('',(0.026964707086778,-0.0331162359138731,0.));
#5893=CARTESIAN_POINT('',(0.026964707086778,-0.0331162359138731,0.));
#5894=CARTESIAN_POINT('',(0.026964707086778,-0.0331162359138731,0.));
#5895=CARTESIAN_POINT('',(0.026818752684576,-0.0329550779281084,0.));
#5896=CARTESIAN_POINT('',(0.026818752684576,-0.032682933782336,0.));
#5897=CARTESIAN_POINT('',(0.026818752684576,-0.032682933782336,0.));
#5898=CARTESIAN_POINT('',(0.0277165474095023,-0.0326673505457613,0.));
#5899=CARTESIAN_POINT('',(0.0269251777695149,-0.03224507057573,0.));
#5900=CARTESIAN_POINT('',(0.0269251777695149,-0.03224507057573,0.));
#5901=CARTESIAN_POINT('',(0.0270316028544539,-0.0320504647061274,0.));
#5902=CARTESIAN_POINT('',(0.0272748601914572,-0.0318467366863871,0.));
#5903=CARTESIAN_POINT('',(0.0272748601914572,-0.0318467366863871,0.));
#5904=CARTESIAN_POINT('',(0.027756813790395,-0.0314331992134815,0.));
#5905=CARTESIAN_POINT('',(0.0282386903133146,-0.0310195722987133,0.));
#5906=CARTESIAN_POINT('',(0.0265277346154917,-0.0290341160187326,0.));
#5907=CARTESIAN_POINT('',(0.0287298431384082,-0.0304548486112213,0.));
#5908=CARTESIAN_POINT('',(0.0287298431384082,-0.0304548486112213,0.));
#5909=CARTESIAN_POINT('',(0.0289290100830797,-0.030143935327364,0.));
#5910=CARTESIAN_POINT('',(0.0289290100830797,-0.0296467781448634,0.));
#5911=CARTESIAN_POINT('',(0.0289290100830797,-0.0296467781448634,0.));
#5912=CARTESIAN_POINT('',(0.0289290100830797,-0.0296467781448634,0.));
#5913=CARTESIAN_POINT('',(0.0289290100830797,-0.0291997927881199,0.));
#5914=CARTESIAN_POINT('',(0.0287496077970398,-0.0288934405793313,0.));
#5915=CARTESIAN_POINT('',(0.0287496077970398,-0.0288934405793313,0.));
#5916=CARTESIAN_POINT('',(0.0277393365301249,-0.0294815952682278,0.));
#5917=CARTESIAN_POINT('',(0.0282440886435798,-0.0284266905639563,0.));
#5918=CARTESIAN_POINT('',(0.0282440886435798,-0.0284266905639563,0.));
#5919=CARTESIAN_POINT('',(0.0279179717761597,-0.0282662927573697,0.));
#5920=CARTESIAN_POINT('',(0.0274801085695538,-0.0282662927573697,0.));
#5921=CARTESIAN_POINT('',(0.0274801085695538,-0.0282662927573697,0.));
#5922=CARTESIAN_POINT('',(0.0274801085695538,-0.0282662927573697,0.));
#5923=CARTESIAN_POINT('',(0.0268081101760821,-0.0282662927573697,0.));
#5924=CARTESIAN_POINT('',(0.0264531064998929,-0.0286988347097287,0.));
#5925=CARTESIAN_POINT('',(0.0264531064998929,-0.0286988347097287,0.));
#5926=CARTESIAN_POINT('',(0.0264531064998929,-0.0286988347097287,0.));
#5927=CARTESIAN_POINT('',(0.0260981028237037,-0.0291313766620877,0.));
#5928=CARTESIAN_POINT('',(0.026049451356303,-0.0297440810796648,0.));
#5929=CARTESIAN_POINT('',(0.026049451356303,-0.0297440810796648,0.));
#5930=CARTESIAN_POINT('',(0.0263998939574235,-0.0298755920774822,0.));
#5931=CARTESIAN_POINT('',(0.0267503365585438,-0.0300071030752996,0.));
#5932=CARTESIAN_POINT('',(0.0292204745288602,-0.0302954225978786,0.));
#5933=CARTESIAN_POINT('',(0.0268666439727985,-0.0294962626675927,0.));
#5934=CARTESIAN_POINT('',(0.0268666439727985,-0.0294962626675927,0.));
#5935=CARTESIAN_POINT('',(0.0269449424281465,-0.0292773310642897,0.));
#5936=CARTESIAN_POINT('',(0.0270810145010327,-0.0291557023957881,0.));
#5937=CARTESIAN_POINT('',(0.0270810145010327,-0.0291557023957881,0.));
#5938=CARTESIAN_POINT('',(0.0270810145010327,-0.0291557023957881,0.));
#5939=CARTESIAN_POINT('',(0.027217086573919,-0.0290340737272864,0.));
#5940=CARTESIAN_POINT('',(0.0274405792522907,-0.0290340737272864,0.));
#5941=CARTESIAN_POINT('',(0.0274405792522907,-0.0290340737272864,0.));
#5942=CARTESIAN_POINT('',(0.0274405792522907,-0.0290340737272864,0.));
#5943=CARTESIAN_POINT('',(0.0276944790977879,-0.0290340737272864,0.));
#5944=CARTESIAN_POINT('',(0.0278449945750587,-0.0292043538631887,0.));
#5945=CARTESIAN_POINT('',(0.0278449948835401,-0.0292043535870562,0.));
#5946=CARTESIAN_POINT('',(0.0274060414910003,-0.0295972761614644,0.));
#5947=CARTESIAN_POINT('',(0.0279953439561635,-0.0296087645672446,0.));
#5948=CARTESIAN_POINT('',(0.0273021662770945,-0.0296056359310299,0.));
#5949=CARTESIAN_POINT('',(0.0279324151805442,-0.0298953567361137,0.));
#5950=CARTESIAN_POINT('',(0.0279324151805442,-0.0298953567361137,0.));
#5951=CARTESIAN_POINT('',(0.027869320308759,-0.0300359898840687,0.));
#5952=CARTESIAN_POINT('',(0.0277127233980632,-0.0301728221361331,0.));
#5953=CARTESIAN_POINT('',(0.0277127233980632,-0.0301728221361331,0.));
#5954=CARTESIAN_POINT('',(0.0272170865739189,-0.0306304500013706,0.));
#5955=CARTESIAN_POINT('',(0.0267214415772639,-0.0310880687589018,1.30104260673625E-18));
#5956=CARTESIAN_POINT('',(0.0293434176012667,-0.0340100823043615,0.));
#5957=CARTESIAN_POINT('',(0.0263359785774641,-0.0314863617370062,0.));
#5958=CARTESIAN_POINT('',(0.0278175184166126,-0.0327211773417315,0.));
#5959=CARTESIAN_POINT('',(0.0260395690269873,-0.0319729264299575,0.));
#5960=CARTESIAN_POINT('',(0.0260395690269873,-0.0319729264299575,0.));
#5961=CARTESIAN_POINT('',(0.0259232616127326,-0.03224507057573,0.));
#5962=CARTESIAN_POINT('',(0.0259232616127326,-0.0326053955061662,0.));
#5963=CARTESIAN_POINT('',(0.0259232616127326,-0.0326053955061662,0.));
#5964=CARTESIAN_POINT('',(0.0259232616127326,-0.0326053955061662,0.));
#5965=CARTESIAN_POINT('',(0.0259232616127326,-0.0330827880300351,0.));
#5966=CARTESIAN_POINT('',(0.0261178674823353,-0.0334035836432083,0.));
#5967=CARTESIAN_POINT('',(0.0261178674823353,-0.0334035836432083,0.));
#5968=CARTESIAN_POINT('',(0.0271532773542442,-0.0327786920783516,0.));
#5969=CARTESIAN_POINT('',(0.0266629159530582,-0.0338847770629679,0.));
#5970=CARTESIAN_POINT('',(0.0266629159530582,-0.0338847770629679,0.));
#5971=CARTESIAN_POINT('',(0.0270133585541787,-0.0340451748695545,0.));
#5972=CARTESIAN_POINT('',(0.0274801085695538,-0.0340451748695545,0.));
#5973=CARTESIAN_POINT('',(0.0159679550958724,-0.0311557338134621,0.));
#5974=CARTESIAN_POINT('',(0.0159679550958724,-0.0339676365933846,0.));
#5975=CARTESIAN_POINT('',(0.0159679550958724,-0.0283438310335395,0.));
#5976=CARTESIAN_POINT('',(0.0154472323588496,-0.0283438310335395,0.));
#5977=CARTESIAN_POINT('',(0.0149265096218269,-0.0283438310335395,0.));
#5978=CARTESIAN_POINT('',(0.0149265096218269,-0.0287429251020606,0.));
#5979=CARTESIAN_POINT('',(0.0149265096218269,-0.0291420191705816,0.));
#5980=CARTESIAN_POINT('',(0.0149265096218269,-0.0291420191705816,0.));
#5981=CARTESIAN_POINT('',(0.0146163565171477,-0.0286250973294496,0.));
#5982=CARTESIAN_POINT('',(0.0143046830541122,-0.0284502561184785,0.));
#5983=CARTESIAN_POINT('',(0.0143046830541122,-0.0284502561184785,0.));
#5984=CARTESIAN_POINT('',(0.0143046830541122,-0.0284502561184785,0.));
#5985=CARTESIAN_POINT('',(0.0139930095910768,-0.0282754149075073,0.));
#5986=CARTESIAN_POINT('',(0.0136813361280413,-0.0282754149075073,0.));
#5987=CARTESIAN_POINT('',(0.0136813361280413,-0.0282754149075073,0.));
#5988=CARTESIAN_POINT('',(0.0136442773931072,-0.0282754149075073,0.));
#5989=CARTESIAN_POINT('',(0.0136091164782167,-0.0282753296593941,0.));
#5990=CARTESIAN_POINT('',(0.0136298938854272,-0.0289493406958244,0.));
#5991=CARTESIAN_POINT('',(0.0135156170672078,-0.0282846765554405,0.));
#5992=CARTESIAN_POINT('',(0.0135156170672078,-0.0288592325163152,0.));
#5993=CARTESIAN_POINT('',(0.0135156170672078,-0.0294337005442598,0.));
#5994=CARTESIAN_POINT('',(0.0141344337270854,-0.0309702129647271,0.));
#5995=CARTESIAN_POINT('',(0.0137839812703643,-0.0293511652204323,0.));
#5996=CARTESIAN_POINT('',(0.0140899425006107,-0.0307026001701565,-8.43149952562094E-20));
#5997=CARTESIAN_POINT('',(0.0140903153767541,-0.0293170662814198,0.));
#5998=CARTESIAN_POINT('',(0.0141026121729122,-0.0302051823241587,0.));
#5999=CARTESIAN_POINT('',(0.0145327368075528,-0.0294286067207386,0.));
#6000=CARTESIAN_POINT('',(0.0145327368075528,-0.0294286067207386,0.));
#6001=CARTESIAN_POINT('',(0.0147319037522243,-0.0295403530599245,0.));
#6002=CARTESIAN_POINT('',(0.0149265096218269,-0.0298611486730976,0.));
#6003=CARTESIAN_POINT('',(0.0149265096218269,-0.0298611486730976,0.));
#6004=CARTESIAN_POINT('',(0.0149265096218269,-0.0319143926332412,0.));
#6005=CARTESIAN_POINT('',(0.0149265096218269,-0.0339676365933846,0.));
#6006=CARTESIAN_POINT('',(0.0154472323588496,-0.0339676365933846,0.));
#6007=CARTESIAN_POINT('',(0.0313722259616066,-0.0340451748695545,0.));
#6008=CARTESIAN_POINT('',(0.0319940525293213,-0.0340451748695545,0.));
#6009=CARTESIAN_POINT('',(0.0323543774597575,-0.0337920352032354,0.));
#6010=CARTESIAN_POINT('',(0.0313722259616066,-0.0340451748695545,0.));
#6011=CARTESIAN_POINT('',(0.0323543774597575,-0.0337920352032354,0.));
#6012=CARTESIAN_POINT('',(0.0323543774597575,-0.0337920352032354,0.));
#6013=CARTESIAN_POINT('',(0.0327147023901936,-0.0335388955369164,0.));
#6014=CARTESIAN_POINT('',(0.0328652178674644,-0.0330721455215412,0.));
#6015=CARTESIAN_POINT('',(0.0328652178674644,-0.0330721455215412,0.));
#6016=CARTESIAN_POINT('',(0.0328652178674644,-0.0330721455215412,0.));
#6017=CARTESIAN_POINT('',(0.0330157333447352,-0.0326053955061662,0.));
#6018=CARTESIAN_POINT('',(0.0330157333447352,-0.0319729264299575,0.));
#6019=CARTESIAN_POINT('',(0.0330157333447352,-0.0319729264299575,0.));
#6020=CARTESIAN_POINT('',(0.0330157333447352,-0.0311557338134621,0.));
#6021=CARTESIAN_POINT('',(0.0330157333447352,-0.0303385411969666,0.));
#6022=CARTESIAN_POINT('',(0.0330157333447352,-0.0303385411969666,0.));
#6023=CARTESIAN_POINT('',(0.0330157333447352,-0.029706072120758,0.));
#6024=CARTESIAN_POINT('',(0.0328652178674644,-0.0292385619262048,0.));
#6025=CARTESIAN_POINT('',(0.0328652178674644,-0.0292385619262048,0.));
#6026=CARTESIAN_POINT('',(0.0328652178674644,-0.0292385619262048,0.));
#6027=CARTESIAN_POINT('',(0.0327147023901936,-0.0287710517316516,0.));
#6028=CARTESIAN_POINT('',(0.0323543774597575,-0.0285186722445106,0.));
#6029=CARTESIAN_POINT('',(0.0323543774597575,-0.0285186722445106,0.));
#6030=CARTESIAN_POINT('',(0.0323543774597575,-0.0285186722445106,0.));
#6031=CARTESIAN_POINT('',(0.0319940525293213,-0.0282662927573697,0.));
#6032=CARTESIAN_POINT('',(0.0313722259616067,-0.0282662927573697,0.));
#6033=CARTESIAN_POINT('',(0.0313722259616067,-0.0282662927573697,0.));
#6034=CARTESIAN_POINT('',(0.0313722259616067,-0.0282662927573697,0.));
#6035=CARTESIAN_POINT('',(0.0307488790355357,-0.0282662927573697,0.));
#6036=CARTESIAN_POINT('',(0.0303938753593465,-0.0285186722445106,0.));
#6037=CARTESIAN_POINT('',(0.0303938753593465,-0.0285186722445106,0.));
#6038=CARTESIAN_POINT('',(0.0303938753593465,-0.0285186722445106,0.));
#6039=CARTESIAN_POINT('',(0.0300388716831572,-0.0287710517316516,0.));
#6040=CARTESIAN_POINT('',(0.0298883562058865,-0.0292385619262048,0.));
#6041=CARTESIAN_POINT('',(0.0298883562058865,-0.0292385619262048,0.));
#6042=CARTESIAN_POINT('',(0.0298883562058865,-0.0292385619262048,0.));
#6043=CARTESIAN_POINT('',(0.0297378407286157,-0.029706072120758,0.));
#6044=CARTESIAN_POINT('',(0.0297378407286157,-0.0303385411969666,0.));
#6045=CARTESIAN_POINT('',(0.0297378407286157,-0.0303385411969666,0.));
#6046=CARTESIAN_POINT('',(0.0297378407286157,-0.0311557338134621,0.));
#6047=CARTESIAN_POINT('',(0.0297378407286157,-0.0319729264299575,0.));
#6048=CARTESIAN_POINT('',(0.0297378407286157,-0.0319729264299575,0.));
#6049=CARTESIAN_POINT('',(0.0297378407286157,-0.0326053955061662,0.));
#6050=CARTESIAN_POINT('',(0.0298883562058865,-0.0330721455215412,0.));
#6051=CARTESIAN_POINT('',(0.0298883562058865,-0.0330721455215412,0.));
#6052=CARTESIAN_POINT('',(0.0298883562058865,-0.0330721455215412,0.));
#6053=CARTESIAN_POINT('',(0.0300388716831572,-0.0335388955369164,0.));
#6054=CARTESIAN_POINT('',(0.0303938753593465,-0.0337920352032354,0.));
#6055=CARTESIAN_POINT('',(0.0303938753593465,-0.0337920352032354,0.));
#6056=CARTESIAN_POINT('',(0.0303938753593465,-0.0337920352032354,0.));
#6057=CARTESIAN_POINT('',(0.0307488790355357,-0.0340451748695545,0.));
#6058=CARTESIAN_POINT('',(0.0313722259616066,-0.0340451748695545,0.));
#6059=CARTESIAN_POINT('',(0.0113171788840404,-0.0340451748695545,0.));
#6060=CARTESIAN_POINT('',(0.0119800551273744,-0.0340451748695545,0.));
#6061=CARTESIAN_POINT('',(0.0123396198786324,-0.0337874741281666,0.));
#6062=CARTESIAN_POINT('',(0.0113171788840404,-0.0340451748695545,0.));
#6063=CARTESIAN_POINT('',(0.0123396198786324,-0.0337874741281666,0.));
#6064=CARTESIAN_POINT('',(0.0123396198786324,-0.0337874741281666,0.));
#6065=CARTESIAN_POINT('',(0.0126991846298904,-0.0335297733867787,0.));
#6066=CARTESIAN_POINT('',(0.0128405779570236,-0.0330288153083875,0.));
#6067=CARTESIAN_POINT('',(0.0128405779570236,-0.0330288153083875,0.));
#6068=CARTESIAN_POINT('',(0.0128405779570236,-0.0330288153083875,0.));
#6069=CARTESIAN_POINT('',(0.0129819712841568,-0.0325278572299964,0.));
#6070=CARTESIAN_POINT('',(0.0129819712841568,-0.0317980852189865,0.));
#6071=CARTESIAN_POINT('',(0.0129819712841568,-0.0317980852189865,0.));
#6072=CARTESIAN_POINT('',(0.0129819712841568,-0.0311557338134621,0.));
#6073=CARTESIAN_POINT('',(0.0129819712841568,-0.0305133824079378,0.));
#6074=CARTESIAN_POINT('',(0.0129819712841568,-0.0305133824079378,0.));
#6075=CARTESIAN_POINT('',(0.0129819712841568,-0.0297638457382963,0.));
#6076=CARTESIAN_POINT('',(0.0128360168819548,-0.029267448734974,0.));
#6077=CARTESIAN_POINT('',(0.0128360168819548,-0.029267448734974,0.));
#6078=CARTESIAN_POINT('',(0.0128360168819548,-0.029267448734974,0.));
#6079=CARTESIAN_POINT('',(0.0126900624797528,-0.0287710517316516,0.));
#6080=CARTESIAN_POINT('',(0.0123251764742479,-0.0285186722445106,0.));
#6081=CARTESIAN_POINT('',(0.0123251764742479,-0.0285186722445106,0.));
#6082=CARTESIAN_POINT('',(0.0123251764742479,-0.0285186722445106,0.));
#6083=CARTESIAN_POINT('',(0.0119602904687429,-0.0282662927573697,0.));
#6084=CARTESIAN_POINT('',(0.0113171788840404,-0.0282662927573697,0.));
#6085=CARTESIAN_POINT('',(0.0113171788840404,-0.0282662927573697,0.));
#6086=CARTESIAN_POINT('',(0.0113171788840404,-0.0282662927573697,0.));
#6087=CARTESIAN_POINT('',(0.010607171531662,-0.0282662927573697,0.));
#6088=CARTESIAN_POINT('',(0.0102719325141043,-0.0285582015617737,0.));
#6089=CARTESIAN_POINT('',(0.0102719325141043,-0.0285582015617737,0.));
#6090=CARTESIAN_POINT('',(0.0102719325141043,-0.0285582015617737,0.));
#6091=CARTESIAN_POINT('',(0.00993669349654665,-0.0288501103661776,0.));
#6092=CARTESIAN_POINT('',(0.00982950823242958,-0.0293997199119695,0.));
#6093=CARTESIAN_POINT('',(0.00982950823242958,-0.0293997199119695,0.));
#6094=CARTESIAN_POINT('',(0.00982950823242958,-0.0293997199119695,0.));
#6095=CARTESIAN_POINT('',(0.00972232296831249,-0.0299493294577613,0.));
#6096=CARTESIAN_POINT('',(0.00972232296831249,-0.030717110427678,0.));
#6097=CARTESIAN_POINT('',(0.00972232296831249,-0.030717110427678,0.));
#6098=CARTESIAN_POINT('',(0.00972232296831249,-0.0309459243602968,0.));
#6099=CARTESIAN_POINT('',(0.00972232296831249,-0.0311747382929154,0.));
#6100=CARTESIAN_POINT('',(0.0108314243892119,-0.0311747382929154,0.));
#6101=CARTESIAN_POINT('',(0.0119405258101114,-0.0311747382929154,0.));
#6102=CARTESIAN_POINT('',(0.0119405258101114,-0.03173955142227,0.));
#6103=CARTESIAN_POINT('',(0.0119405258101114,-0.0323043645516246,0.));
#6104=CARTESIAN_POINT('',(0.0119405258101114,-0.0323043645516246,0.));
#6105=CARTESIAN_POINT('',(0.0119405258101114,-0.0326449248234292,0.));
#6106=CARTESIAN_POINT('',(0.0118774309383261,-0.0328585351724852,0.));
#6107=CARTESIAN_POINT('',(0.0118774309383261,-0.0328585351724852,0.));
#6108=CARTESIAN_POINT('',(0.0118774309383261,-0.0328585351724852,0.));
#6109=CARTESIAN_POINT('',(0.0118143360665409,-0.0330721455215412,0.));
#6110=CARTESIAN_POINT('',(0.0116729427394077,-0.0331747697105895,0.));
#6111=CARTESIAN_POINT('',(0.0116729427394077,-0.0331747697105895,0.));
#6112=CARTESIAN_POINT('',(0.0116729427394077,-0.0331747697105895,0.));
#6113=CARTESIAN_POINT('',(0.0115315494122746,-0.0332773938996378,0.));
#6114=CARTESIAN_POINT('',(0.0113080567339028,-0.0332773938996378,0.));
#6115=CARTESIAN_POINT('',(0.0113080567339028,-0.0332773938996378,0.));
#6116=CARTESIAN_POINT('',(0.0113080567339028,-0.0332773938996378,0.));
#6117=CARTESIAN_POINT('',(0.0110739215470371,-0.0332773938996378,0.));
#6118=CARTESIAN_POINT('',(0.0109522928785355,-0.0331648873812738,0.));
#6119=CARTESIAN_POINT('',(0.0109522928785355,-0.0331648873812738,0.));
#6120=CARTESIAN_POINT('',(0.0109522928785355,-0.0331648873812738,0.));
#6121=CARTESIAN_POINT('',(0.0108306642100338,-0.0330523808629097,0.));
#6122=CARTESIAN_POINT('',(0.0107873339968801,-0.0328433315889225,0.));
#6123=CARTESIAN_POINT('',(0.0107873339968801,-0.0328433315889225,0.));
#6124=CARTESIAN_POINT('',(0.0132050516276595,-0.0323884105376047,0.));
#6125=CARTESIAN_POINT('',(0.0107442798320553,-0.0323530199891218,0.));
#6126=CARTESIAN_POINT('',(0.0107440037837264,-0.0321827358831229,0.));
#6127=CARTESIAN_POINT('',(0.0107440037837264,-0.0320124557472206,0.));
#6128=CARTESIAN_POINT('',(0.0102377244510882,-0.0320124557472206,0.));
#6129=CARTESIAN_POINT('',(0.00973144511845012,-0.0320124557472206,0.));
#6130=CARTESIAN_POINT('',(0.00973144511845012,-0.0321188808321596,0.));
#6131=CARTESIAN_POINT('',(0.00973144511845012,-0.0322253059170985,0.));
#6132=CARTESIAN_POINT('',(0.00973144511845012,-0.0322253059170985,0.));
#6133=CARTESIAN_POINT('',(0.00973144511845012,-0.0330721455215412,0.));
#6134=CARTESIAN_POINT('',(0.0100917700488863,-0.0335586601955478,0.));
#6135=CARTESIAN_POINT('',(0.0100917700488863,-0.0335586601955478,0.));
#6136=CARTESIAN_POINT('',(0.0100917700488863,-0.0335586601955478,0.));
#6137=CARTESIAN_POINT('',(0.0104520949793224,-0.0340451748695545,0.));
#6138=CARTESIAN_POINT('',(0.0113171788840404,-0.0340451748695545,0.));
#6139=CARTESIAN_POINT('',(-0.000654691248200834,0.0350323634066153,0.));
#6140=CARTESIAN_POINT('',(-0.0491546912482008,0.0350323634066153,0.));
#6141=CARTESIAN_POINT('',(0.0478453087517992,0.0350323634066153,0.));
#6142=CARTESIAN_POINT('',(0.0478453087517992,0.0330323634066153,0.));
#6143=CARTESIAN_POINT('',(0.0498453087517992,0.0330323634066153,0.));
#6144=CARTESIAN_POINT('',(0.0498453087517992,-0.000467636593384668,0.));
#6145=CARTESIAN_POINT('',(0.0498453087517992,-0.0339676365933846,0.));
#6146=CARTESIAN_POINT('',(0.0478453087517992,-0.0339676365933846,0.));
#6147=CARTESIAN_POINT('',(0.0478453087517992,-0.0359676365933846,0.));
#6148=CARTESIAN_POINT('',(-0.000654691248200834,-0.0359676365933846,0.));
#6149=CARTESIAN_POINT('',(-0.0491546912482008,-0.0359676365933846,0.));
#6150=CARTESIAN_POINT('',(-0.0491546912482008,-0.0339676365933846,0.));
#6151=CARTESIAN_POINT('',(-0.0511546912482008,-0.0339676365933846,0.));
#6152=CARTESIAN_POINT('',(-0.0511546912482008,-0.000467636593384668,0.));
#6153=CARTESIAN_POINT('',(-0.0511546912482008,0.0330323634066153,0.));
#6154=CARTESIAN_POINT('',(-0.0491546912482008,0.0330323634066153,0.));
#6155=CARTESIAN_POINT('',(0.0410341033157067,-0.0340451748695545,0.));
#6156=CARTESIAN_POINT('',(0.0414719665223126,-0.0340451748695545,0.));
#6157=CARTESIAN_POINT('',(0.0417395495930162,-0.0338802159878991,0.));
#6158=CARTESIAN_POINT('',(0.0410341033157067,-0.0340451748695545,0.));
#6159=CARTESIAN_POINT('',(0.0417395495930162,-0.0338802159878991,0.));
#6160=CARTESIAN_POINT('',(0.0412436593564925,-0.0330723351265853,0.));
#6161=CARTESIAN_POINT('',(0.0421287613322215,-0.033413465972524,0.));
#6162=CARTESIAN_POINT('',(0.0421287613322215,-0.033413465972524,0.));
#6163=CARTESIAN_POINT('',(0.0422503900007231,-0.0331116748388043,0.));
#6164=CARTESIAN_POINT('',(0.0422503900007231,-0.0327026984409675,0.));
#6165=CARTESIAN_POINT('',(0.0422503900007231,-0.0327026984409675,0.));
#6166=CARTESIAN_POINT('',(0.0422503900007231,-0.0308683860841269,0.));
#6167=CARTESIAN_POINT('',(0.0422503900007231,-0.0290340737272864,0.));
#6168=CARTESIAN_POINT('',(0.042546859880196,-0.0290340737272864,0.));
#6169=CARTESIAN_POINT('',(0.0428433297596687,-0.0290340737272864,0.));
#6170=CARTESIAN_POINT('',(0.0428433297596687,-0.028688952380413,0.));
#6171=CARTESIAN_POINT('',(0.0428433297596687,-0.0283438310335395,0.));
#6172=CARTESIAN_POINT('',(0.042546859880196,-0.0283438310335395,0.));
#6173=CARTESIAN_POINT('',(0.0422503900007231,-0.0283438310335395,0.));
#6174=CARTESIAN_POINT('',(0.0422503900007231,-0.0275213171627971,0.));
#6175=CARTESIAN_POINT('',(0.0422503900007231,-0.0266988032920546,0.));
#6176=CARTESIAN_POINT('',(0.0417296672637004,-0.0266988032920546,0.));
#6177=CARTESIAN_POINT('',(0.0412089445266777,-0.0266988032920546,0.));
#6178=CARTESIAN_POINT('',(0.0412089445266777,-0.0275213171627971,0.));
#6179=CARTESIAN_POINT('',(0.0412089445266777,-0.0283438310335395,0.));
#6180=CARTESIAN_POINT('',(0.0407566379156873,-0.0283438310335395,0.));
#6181=CARTESIAN_POINT('',(0.0403043313046967,-0.0283438310335395,0.));
#6182=CARTESIAN_POINT('',(0.0403043313046967,-0.028688952380413,0.));
#6183=CARTESIAN_POINT('',(0.0403043313046967,-0.0290340737272864,0.));
#6184=CARTESIAN_POINT('',(0.0407566379156873,-0.0290340737272864,0.));
#6185=CARTESIAN_POINT('',(0.0412089445266777,-0.0290340737272864,0.));
#6186=CARTESIAN_POINT('',(0.0412089445266777,-0.0308341780211108,0.));
#6187=CARTESIAN_POINT('',(0.0412089445266777,-0.0326342823149353,0.));
#6188=CARTESIAN_POINT('',(0.0412089445266777,-0.0326342823149353,0.));
#6189=CARTESIAN_POINT('',(0.0412089445266777,-0.0329657204366023,0.));
#6190=CARTESIAN_POINT('',(0.0411017592625607,-0.0331063535845573,0.));
#6191=CARTESIAN_POINT('',(0.0411017592625607,-0.0331063535845573,0.));
#6192=CARTESIAN_POINT('',(0.0411017592625607,-0.0331063535845573,0.));
#6193=CARTESIAN_POINT('',(0.0409945739984436,-0.0332469867325124,0.));
#6194=CARTESIAN_POINT('',(0.040693543043902,-0.0332469867325124,0.));
#6195=CARTESIAN_POINT('',(0.040693543043902,-0.0332469867325124,0.));
#6196=CARTESIAN_POINT('',(0.0407108814608596,-0.0311637599415024,0.));
#6197=CARTESIAN_POINT('',(0.0405133847801911,-0.0332378204212361,0.));
#6198=CARTESIAN_POINT('',(0.0413892676920762,-0.0233572330796771,-6.07354973795973E-19));
#6199=CARTESIAN_POINT('',(0.0403134534548343,-0.0332180999237432,0.));
#6200=CARTESIAN_POINT('',(0.0403134534548343,-0.0336027505878797,0.));
#6201=CARTESIAN_POINT('',(0.0403134534548343,-0.0339873255893537,0.));
#6202=CARTESIAN_POINT('',(0.0412188651167651,-0.0279996510614535,0.));
#6203=CARTESIAN_POINT('',(0.0406737739316553,-0.0340307845326439,0.));
#6204=CARTESIAN_POINT('',(0.0410187077204119,-0.0298675479063837,0.));
#6205=CARTESIAN_POINT('',(0.0185860121853704,-0.0340451748695545,0.));
#6206=CARTESIAN_POINT('',(0.0192078387530851,-0.0340451748695545,0.));
#6207=CARTESIAN_POINT('',(0.0195681636835212,-0.0337920352032354,0.));
#6208=CARTESIAN_POINT('',(0.0185860121853704,-0.0340451748695545,0.));
#6209=CARTESIAN_POINT('',(0.0195681636835212,-0.0337920352032354,0.));
#6210=CARTESIAN_POINT('',(0.0195681636835212,-0.0337920352032354,0.));
#6211=CARTESIAN_POINT('',(0.0199284886139574,-0.0335388955369164,0.));
#6212=CARTESIAN_POINT('',(0.0200790040912282,-0.0330721455215412,0.));
#6213=CARTESIAN_POINT('',(0.0200790040912282,-0.0330721455215412,0.));
#6214=CARTESIAN_POINT('',(0.0200790040912282,-0.0330721455215412,0.));
#6215=CARTESIAN_POINT('',(0.020229519568499,-0.0326053955061662,0.));
#6216=CARTESIAN_POINT('',(0.020229519568499,-0.0319729264299575,0.));
#6217=CARTESIAN_POINT('',(0.020229519568499,-0.0319729264299575,0.));
#6218=CARTESIAN_POINT('',(0.020229519568499,-0.0311557338134621,0.));
#6219=CARTESIAN_POINT('',(0.020229519568499,-0.0303385411969666,0.));
#6220=CARTESIAN_POINT('',(0.020229519568499,-0.0303385411969666,0.));
#6221=CARTESIAN_POINT('',(0.020229519568499,-0.029706072120758,0.));
#6222=CARTESIAN_POINT('',(0.0200790040912282,-0.0292385619262048,0.));
#6223=CARTESIAN_POINT('',(0.0200790040912282,-0.0292385619262048,0.));
#6224=CARTESIAN_POINT('',(0.0200790040912282,-0.0292385619262048,0.));
#6225=CARTESIAN_POINT('',(0.0199284886139574,-0.0287710517316516,0.));
#6226=CARTESIAN_POINT('',(0.0195681636835212,-0.0285186722445106,0.));
#6227=CARTESIAN_POINT('',(0.0195681636835212,-0.0285186722445106,0.));
#6228=CARTESIAN_POINT('',(0.0195681636835212,-0.0285186722445106,0.));
#6229=CARTESIAN_POINT('',(0.0192078387530851,-0.0282662927573697,0.));
#6230=CARTESIAN_POINT('',(0.0185860121853704,-0.0282662927573697,0.));
#6231=CARTESIAN_POINT('',(0.0185860121853704,-0.0282662927573697,0.));
#6232=CARTESIAN_POINT('',(0.0185860121853704,-0.0282662927573697,0.));
#6233=CARTESIAN_POINT('',(0.0179626652592994,-0.0282662927573697,0.));
#6234=CARTESIAN_POINT('',(0.0176076615831103,-0.0285186722445106,0.));
#6235=CARTESIAN_POINT('',(0.0176076615831103,-0.0285186722445106,0.));
#6236=CARTESIAN_POINT('',(0.0176076615831103,-0.0285186722445106,0.));
#6237=CARTESIAN_POINT('',(0.017252657906921,-0.0287710517316516,0.));
#6238=CARTESIAN_POINT('',(0.0171021424296503,-0.0292385619262048,0.));
#6239=CARTESIAN_POINT('',(0.0171021424296503,-0.0292385619262048,0.));
#6240=CARTESIAN_POINT('',(0.0171021424296503,-0.0292385619262048,0.));
#6241=CARTESIAN_POINT('',(0.0169516269523795,-0.029706072120758,0.));
#6242=CARTESIAN_POINT('',(0.0169516269523795,-0.0303385411969666,0.));
#6243=CARTESIAN_POINT('',(0.0169516269523795,-0.0303385411969666,0.));
#6244=CARTESIAN_POINT('',(0.0169516269523795,-0.0311557338134621,0.));
#6245=CARTESIAN_POINT('',(0.0169516269523795,-0.0319729264299575,0.));
#6246=CARTESIAN_POINT('',(0.0169516269523795,-0.0319729264299575,0.));
#6247=CARTESIAN_POINT('',(0.0169516269523795,-0.0326053955061662,0.));
#6248=CARTESIAN_POINT('',(0.0171021424296503,-0.0330721455215412,0.));
#6249=CARTESIAN_POINT('',(0.0171021424296503,-0.0330721455215412,0.));
#6250=CARTESIAN_POINT('',(0.0171021424296503,-0.0330721455215412,0.));
#6251=CARTESIAN_POINT('',(0.017252657906921,-0.0335388955369164,0.));
#6252=CARTESIAN_POINT('',(0.0176076615831103,-0.0337920352032354,0.));
#6253=CARTESIAN_POINT('',(0.0176076615831103,-0.0337920352032354,0.));
#6254=CARTESIAN_POINT('',(0.0176076615831103,-0.0337920352032354,0.));
#6255=CARTESIAN_POINT('',(0.0179626652592994,-0.0340451748695545,0.));
#6256=CARTESIAN_POINT('',(0.0185860121853704,-0.0340451748695545,0.));
#6257=CARTESIAN_POINT('',(0.0468236279363853,-0.0300268677339312,0.));
#6258=CARTESIAN_POINT('',(0.0476598250323342,-0.0339676365933846,0.));
#6259=CARTESIAN_POINT('',(0.0459874308404364,-0.0260860988744776,0.));
#6260=CARTESIAN_POINT('',(0.045456825774098,-0.0260860988744776,0.));
#6261=CARTESIAN_POINT('',(0.0449262207077595,-0.0260860988744776,0.));
#6262=CARTESIAN_POINT('',(0.0440847023575637,-0.0300268677339312,0.));
#6263=CARTESIAN_POINT('',(0.0432431840073679,-0.0339676365933846,0.));
#6264=CARTESIAN_POINT('',(0.0437639067443906,-0.0339676365933846,0.));
#6265=CARTESIAN_POINT('',(0.0442846294814133,-0.0339676365933846,0.));
#6266=CARTESIAN_POINT('',(0.0444640317674532,-0.0329748425867399,0.));
#6267=CARTESIAN_POINT('',(0.0446434340534932,-0.0319820485800952,0.));
#6268=CARTESIAN_POINT('',(0.0454461832656041,-0.0319820485800952,0.));
#6269=CARTESIAN_POINT('',(0.046248932477715,-0.0319820485800952,0.));
#6270=CARTESIAN_POINT('',(0.0464389772722488,-0.0329748425867399,0.));
#6271=CARTESIAN_POINT('',(0.0466290220667826,-0.0339676365933846,0.));
#6272=CARTESIAN_POINT('',(0.0471444235495584,-0.0339676365933846,0.));
#6273=CARTESIAN_POINT('',(0.0230817118448628,-0.0340558173780484,0.));
#6274=CARTESIAN_POINT('',(0.0239179089408116,-0.0340558173780484,0.));
#6275=CARTESIAN_POINT('',(0.0243800978811179,-0.033705374776928,0.));
#6276=CARTESIAN_POINT('',(0.0230817118448628,-0.0340558173780484,0.));
#6277=CARTESIAN_POINT('',(0.0243800978811179,-0.033705374776928,0.));
#6278=CARTESIAN_POINT('',(0.0243800978811179,-0.033705374776928,0.));
#6279=CARTESIAN_POINT('',(0.0248422868214241,-0.0333549321758076,0.));
#6280=CARTESIAN_POINT('',(0.0250224492866423,-0.0327612322376839,0.));
#6281=CARTESIAN_POINT('',(0.0250224492866423,-0.0327612322376839,0.));
#6282=CARTESIAN_POINT('',(0.0250224492866423,-0.0327612322376839,0.));
#6283=CARTESIAN_POINT('',(0.0252026117518603,-0.0321675322995602,0.));
#6284=CARTESIAN_POINT('',(0.0252026117518603,-0.0314377602885503,0.));
#6285=CARTESIAN_POINT('',(0.0252026117518603,-0.0314377602885503,0.));
#6286=CARTESIAN_POINT('',(0.0252026117518603,-0.0300466323925626,0.));
#6287=CARTESIAN_POINT('',(0.0252026117518603,-0.028655504496575,0.));
#6288=CARTESIAN_POINT('',(0.0252026117518603,-0.028655504496575,0.));
#6289=CARTESIAN_POINT('',(0.0252026117518603,-0.0278573163595329,0.));
#6290=CARTESIAN_POINT('',(0.0250224492866423,-0.0272636164214092,0.));
#6291=CARTESIAN_POINT('',(0.0250224492866423,-0.0272636164214092,0.));
#6292=CARTESIAN_POINT('',(0.0250224492866423,-0.0272636164214092,0.));
#6293=CARTESIAN_POINT('',(0.0248422868214241,-0.0266699164832855,0.));
#6294=CARTESIAN_POINT('',(0.0243800978811179,-0.0263437996158654,0.));
#6295=CARTESIAN_POINT('',(0.0243800978811179,-0.0263437996158654,0.));
#6296=CARTESIAN_POINT('',(0.0243800978811179,-0.0263437996158654,0.));
#6297=CARTESIAN_POINT('',(0.0239179089408116,-0.0260176827484454,0.));
#6298=CARTESIAN_POINT('',(0.0230817118448628,-0.0260176827484454,0.));
#6299=CARTESIAN_POINT('',(0.0230817118448628,-0.0260176827484454,0.));
#6300=CARTESIAN_POINT('',(0.0230817118448628,-0.0260176827484454,0.));
#6301=CARTESIAN_POINT('',(0.022341297325359,-0.0260176827484454,0.));
#6302=CARTESIAN_POINT('',(0.0219087553729999,-0.026290587073396,0.));
#6303=CARTESIAN_POINT('',(0.0219087553729999,-0.026290587073396,0.));
#6304=CARTESIAN_POINT('',(0.0219087553729999,-0.026290587073396,0.));
#6305=CARTESIAN_POINT('',(0.021476213420641,-0.0265634913983466,0.));
#6306=CARTESIAN_POINT('',(0.0212861686261071,-0.0270690105518065,0.));
#6307=CARTESIAN_POINT('',(0.0212861686261071,-0.0270690105518065,0.));
#6308=CARTESIAN_POINT('',(0.0212861686261071,-0.0270690105518065,0.));
#6309=CARTESIAN_POINT('',(0.0210961238315732,-0.0275745297052666,0.));
#6310=CARTESIAN_POINT('',(0.0210961238315732,-0.0282845370576449,0.));
#6311=CARTESIAN_POINT('',(0.0210961238315732,-0.0282845370576449,0.));
#6312=CARTESIAN_POINT('',(0.0210961238315732,-0.0285962105206805,0.));
#6313=CARTESIAN_POINT('',(0.0210961238315732,-0.0289078839837159,0.));
#6314=CARTESIAN_POINT('',(0.0216168465685959,-0.0289078839837159,0.));
#6315=CARTESIAN_POINT('',(0.0221375693056187,-0.0289078839837159,0.));
#6316=CARTESIAN_POINT('',(0.0221375693056187,-0.0286304185836966,0.));
#6317=CARTESIAN_POINT('',(0.0221378243290598,-0.0283529510234853,0.));
#6318=CARTESIAN_POINT('',(0.0282796828849506,-0.0283009260299463,0.));
#6319=CARTESIAN_POINT('',(0.0221808995187724,-0.0275798509595135,0.));
#6320=CARTESIAN_POINT('',(0.0221808995187724,-0.0275798509595135,0.));
#6321=CARTESIAN_POINT('',(0.0222242297319261,-0.0272446119419558,0.));
#6322=CARTESIAN_POINT('',(0.0224188356015287,-0.0270591282224908,0.));
#6323=CARTESIAN_POINT('',(0.0224188356015287,-0.0270591282224908,0.));
#6324=CARTESIAN_POINT('',(0.0224188356015287,-0.0270591282224908,0.));
#6325=CARTESIAN_POINT('',(0.0226134414711314,-0.0268736445030258,0.));
#6326=CARTESIAN_POINT('',(0.0230710693363688,-0.0268736445030258,0.));
#6327=CARTESIAN_POINT('',(0.0230710693363688,-0.0268736445030258,0.));
#6328=CARTESIAN_POINT('',(0.0230710693363688,-0.0268736445030258,0.));
#6329=CARTESIAN_POINT('',(0.0235378193517439,-0.0268736445030258,0.));
#6330=CARTESIAN_POINT('',(0.0237521898799781,-0.0270735716268754,0.));
#6331=CARTESIAN_POINT('',(0.0237521898799781,-0.0270735716268754,0.));
#6332=CARTESIAN_POINT('',(0.0237521898799781,-0.0270735716268754,0.));
#6333=CARTESIAN_POINT('',(0.0239665604082123,-0.0272734987507249,0.));
#6334=CARTESIAN_POINT('',(0.0240296552799975,-0.02763838475623,0.));
#6335=CARTESIAN_POINT('',(0.0240296552799975,-0.02763838475623,0.));
#6336=CARTESIAN_POINT('',(0.0189987843163448,-0.0284293108953082,0.));
#6337=CARTESIAN_POINT('',(0.0240923549307051,-0.0284897807437562,0.));
#6338=CARTESIAN_POINT('',(0.0240927501517828,-0.0300511934676314,0.));
#6339=CARTESIAN_POINT('',(0.0240927501517828,-0.0316126014995214,0.));
#6340=CARTESIAN_POINT('',(0.0240927501517828,-0.0316126014995214,0.));
#6341=CARTESIAN_POINT('',(0.0240927501517828,-0.0322070616168233,0.));
#6342=CARTESIAN_POINT('',(0.0239954472169814,-0.0325521829636967,0.));
#6343=CARTESIAN_POINT('',(0.0239954472169814,-0.0325521829636967,0.));
#6344=CARTESIAN_POINT('',(0.0239954472169814,-0.0325521829636967,0.));
#6345=CARTESIAN_POINT('',(0.0238981442821801,-0.0328973043105701,0.));
#6346=CARTESIAN_POINT('',(0.0236746516038083,-0.0330432587127721,0.));
#6347=CARTESIAN_POINT('',(0.0236746516038083,-0.0330432587127721,0.));
#6348=CARTESIAN_POINT('',(0.0236746516038083,-0.0330432587127721,0.));
#6349=CARTESIAN_POINT('',(0.0234511589254365,-0.0331892131149741,0.));
#6350=CARTESIAN_POINT('',(0.0230710693363688,-0.0331892131149741,0.));
#6351=CARTESIAN_POINT('',(0.0230710693363688,-0.0331892131149741,0.));
#6352=CARTESIAN_POINT('',(0.0230710693363688,-0.0331892131149741,0.));
#6353=CARTESIAN_POINT('',(0.0226240839796253,-0.0331892131149741,0.));
#6354=CARTESIAN_POINT('',(0.0224294781100226,-0.0329900461703027,0.));
#6355=CARTESIAN_POINT('',(0.0224294781100226,-0.0329900461703027,0.));
#6356=CARTESIAN_POINT('',(0.0224294781100226,-0.0329900461703027,0.));
#6357=CARTESIAN_POINT('',(0.02223487224042,-0.0327908792256312,0.));
#6358=CARTESIAN_POINT('',(0.0221862207730193,-0.0324404366245108,0.));
#6359=CARTESIAN_POINT('',(0.0221862207730193,-0.0324404366245108,0.));
#6360=CARTESIAN_POINT('',(0.0282055911368373,-0.0316816648227417,0.));
#6361=CARTESIAN_POINT('',(0.0221378771585371,-0.0316232469719167,0.));
#6362=CARTESIAN_POINT('',(0.0221375693056187,-0.0313313352036113,0.));
#6363=CARTESIAN_POINT('',(0.0221375693056187,-0.0310394263992074,0.));
#6364=CARTESIAN_POINT('',(0.0216168465685959,-0.0310394263992074,0.));
#6365=CARTESIAN_POINT('',(0.0210961238315732,-0.0310394263992074,0.));
#6366=CARTESIAN_POINT('',(0.0210961238315732,-0.0313313352036113,0.));
#6367=CARTESIAN_POINT('',(0.0210961238315732,-0.0316232440080153,0.));
#6368=CARTESIAN_POINT('',(0.0210961238315732,-0.0316232440080153,0.));
#6369=CARTESIAN_POINT('',(0.0210961238315732,-0.0323423735105313,0.));
#6370=CARTESIAN_POINT('',(0.0212709650425444,-0.0328919830563232,0.));
#6371=CARTESIAN_POINT('',(0.0212709650425444,-0.0328919830563232,0.));
#6372=CARTESIAN_POINT('',(0.0212709650425444,-0.0328919830563232,0.));
#6373=CARTESIAN_POINT('',(0.0214458062535155,-0.033441592602115,0.));
#6374=CARTESIAN_POINT('',(0.0218745473099839,-0.0337487049900817,0.));
#6375=CARTESIAN_POINT('',(0.0218745473099839,-0.0337487049900817,0.));
#6376=CARTESIAN_POINT('',(0.0218745473099839,-0.0337487049900817,0.));
#6377=CARTESIAN_POINT('',(0.0223032883664522,-0.0340558173780484,0.));
#6378=CARTESIAN_POINT('',(0.0230817118448628,-0.0340558173780484,0.));
#6379=CARTESIAN_POINT('',(0.0395350299764237,-0.0311557338134621,0.));
#6380=CARTESIAN_POINT('',(0.0395350299764237,-0.0339676365933846,0.));
#6381=CARTESIAN_POINT('',(0.0395350299764237,-0.0283438310335395,0.));
#6382=CARTESIAN_POINT('',(0.0390538365566641,-0.0283438310335395,0.));
#6383=CARTESIAN_POINT('',(0.0385726431369044,-0.0283438310335395,0.));
#6384=CARTESIAN_POINT('',(0.0385726431369044,-0.0286114141042432,0.));
#6385=CARTESIAN_POINT('',(0.0385726431369044,-0.0288789971749468,0.));
#6386=CARTESIAN_POINT('',(0.0385726431369044,-0.0288789971749468,0.));
#6387=CARTESIAN_POINT('',(0.0382898564826381,-0.0285582015617737,0.));
#6388=CARTESIAN_POINT('',(0.0379492962108335,-0.028402364830256,0.));
#6389=CARTESIAN_POINT('',(0.0379492962108335,-0.028402364830256,0.));
#6390=CARTESIAN_POINT('',(0.0372444414258111,-0.029912761803995,0.));
#6391=CARTESIAN_POINT('',(0.0372484053828634,-0.0282467060262626,0.));
#6392=CARTESIAN_POINT('',(0.0372329452968235,-0.0292761302891389,0.));
#6393=CARTESIAN_POINT('',(0.0366896793126633,-0.028402364830256,0.));
#6394=CARTESIAN_POINT('',(0.0366896793126633,-0.028402364830256,0.));
#6395=CARTESIAN_POINT('',(0.036441100721413,-0.0285582015617737,0.));
#6396=CARTESIAN_POINT('',(0.0363346756364741,-0.0289565354511166,0.));
#6397=CARTESIAN_POINT('',(0.0363346756364741,-0.0289565354511166,0.));
#6398=CARTESIAN_POINT('',(0.0363346756364741,-0.0289565354511166,0.));
#6399=CARTESIAN_POINT('',(0.0360321243235762,-0.0285870883705428,0.));
#6400=CARTESIAN_POINT('',(0.035677120647387,-0.0284168082346405,0.));
#6401=CARTESIAN_POINT('',(0.035677120647387,-0.0284168082346405,0.));
#6402=CARTESIAN_POINT('',(0.0349353770082986,-0.0299454143001794,0.));
#6403=CARTESIAN_POINT('',(0.0349329013118384,-0.028246728935994,0.));
#6404=CARTESIAN_POINT('',(0.0349208402272547,-0.0292051834066494,0.));
#6405=CARTESIAN_POINT('',(0.0344372684078482,-0.0283780390965556,0.));
#6406=CARTESIAN_POINT('',(0.0344372684078482,-0.0283780390965556,0.));
#6407=CARTESIAN_POINT('',(0.0342137757294765,-0.028509550094373,0.));
#6408=CARTESIAN_POINT('',(0.0340769434774121,-0.0287961376445301,0.));
#6409=CARTESIAN_POINT('',(0.0340769434774121,-0.0287961376445301,0.));
#6410=CARTESIAN_POINT('',(0.0340769434774121,-0.0287961376445301,0.));
#6411=CARTESIAN_POINT('',(0.0339401112253477,-0.0290827251946871,0.));
#6412=CARTESIAN_POINT('',(0.0339401112253477,-0.0295494752100622,0.));
#6413=CARTESIAN_POINT('',(0.0339401112253477,-0.0295494752100622,0.));
#6414=CARTESIAN_POINT('',(0.0339401112253477,-0.0317585559017234,0.));
#6415=CARTESIAN_POINT('',(0.0339401112253477,-0.0339676365933846,0.));
#6416=CARTESIAN_POINT('',(0.0344175037492167,-0.0339676365933846,0.));
#6417=CARTESIAN_POINT('',(0.0348948962730858,-0.0339676365933846,0.));
#6418=CARTESIAN_POINT('',(0.0348948962730858,-0.0317927639647395,0.));
#6419=CARTESIAN_POINT('',(0.0348948962730858,-0.0296178913360944,0.));
#6420=CARTESIAN_POINT('',(0.0348948962730858,-0.0296178913360944,0.));
#6421=CARTESIAN_POINT('',(0.0348948962730858,-0.0292089149382575,0.));
#6422=CARTESIAN_POINT('',(0.035025647091725,-0.0290682817903025,0.));
#6423=CARTESIAN_POINT('',(0.035025647091725,-0.0290682817903025,0.));
#6424=CARTESIAN_POINT('',(0.035025647091725,-0.0290682817903025,0.));
#6425=CARTESIAN_POINT('',(0.0351563979103643,-0.0289276486423474,0.));
#6426=CARTESIAN_POINT('',(0.0353814109470924,-0.0289276486423474,0.));
#6427=CARTESIAN_POINT('',(0.0353814109470924,-0.0289276486423474,0.));
#6428=CARTESIAN_POINT('',(0.0353814109470924,-0.0289276486423474,0.));
#6429=CARTESIAN_POINT('',(0.0355942611169703,-0.0289276486423474,0.));
#6430=CARTESIAN_POINT('',(0.0358283963038359,-0.0290492773108491,0.));
#6431=CARTESIAN_POINT('',(0.0358283963038359,-0.0290492773108491,0.));
#6432=CARTESIAN_POINT('',(0.0351088541808359,-0.0304053796206677,0.));
#6433=CARTESIAN_POINT('',(0.0362571373603042,-0.0293859036679924,0.));
#6434=CARTESIAN_POINT('',(0.0362571373603042,-0.0317585559017234,0.));
#6435=CARTESIAN_POINT('',(0.0362571373603042,-0.0339676365933846,0.));
#6436=CARTESIAN_POINT('',(0.0367337697049951,-0.0339676365933846,0.));
#6437=CARTESIAN_POINT('',(0.0372104020496859,-0.0339676365933846,0.));
#6438=CARTESIAN_POINT('',(0.0372104020496859,-0.0317927639647395,0.));
#6439=CARTESIAN_POINT('',(0.0372104020496859,-0.0296178913360944,0.));
#6440=CARTESIAN_POINT('',(0.0372104020496859,-0.0296178913360944,0.));
#6441=CARTESIAN_POINT('',(0.0372104020496859,-0.0292089149382575,0.));
#6442=CARTESIAN_POINT('',(0.0373419130475033,-0.0290682817903025,0.));
#6443=CARTESIAN_POINT('',(0.0373419130475033,-0.0290682817903025,0.));
#6444=CARTESIAN_POINT('',(0.0373419130475033,-0.0290682817903025,0.));
#6445=CARTESIAN_POINT('',(0.0374734240453207,-0.0289276486423474,0.));
#6446=CARTESIAN_POINT('',(0.0376969167236925,-0.0289276486423474,0.));
#6447=CARTESIAN_POINT('',(0.0376969167236925,-0.0289276486423474,0.));
#6448=CARTESIAN_POINT('',(0.0376969167236925,-0.0289276486423474,0.));
#6449=CARTESIAN_POINT('',(0.0379112872519267,-0.0289276486423474,0.));
#6450=CARTESIAN_POINT('',(0.0381393410053673,-0.0290492773108491,0.));
#6451=CARTESIAN_POINT('',(0.0381393410053673,-0.0290492773108491,0.));
#6452=CARTESIAN_POINT('',(0.0373039217266019,-0.0305686476539277,0.));
#6453=CARTESIAN_POINT('',(0.0385726431369044,-0.0293860509775678,0.));
#6454=CARTESIAN_POINT('',(0.0385726431369044,-0.0316764565504848,0.));
#6455=CARTESIAN_POINT('',(0.0385726431369044,-0.0339676365933846,0.));
#6456=CARTESIAN_POINT('',(0.0390538365566641,-0.0339676365933846,0.));
#6457=CARTESIAN_POINT('',(-0.000654691248200834,0.0245323634066154,0.008));
#6458=CARTESIAN_POINT('',(-0.000654691248200834,0.0245323634066154,0.006));
#6459=CARTESIAN_POINT('',(-0.0406546912482009,0.0245323634066154,0.006));
#6460=CARTESIAN_POINT('',(0.0393453087517991,0.0245323634066154,0.006));
#6461=CARTESIAN_POINT('',(-0.0406546912482009,0.0245323634066154,0.008));
#6462=CARTESIAN_POINT('',(-0.0406546912482009,0.0245323634066154,0.008));
#6463=CARTESIAN_POINT('',(-0.000654691248200834,0.0245323634066154,0.008));
#6464=CARTESIAN_POINT('',(0.0393453087517991,0.0245323634066154,0.008));
#6465=CARTESIAN_POINT('',(0.0393453087517991,0.0245323634066154,0.008));
#6466=CARTESIAN_POINT('',(-0.0406546912482009,-0.000467636593384668,0.008));
#6467=CARTESIAN_POINT('',(-0.0406546912482009,-0.000467636593384668,0.006));
#6468=CARTESIAN_POINT('',(-0.0406546912482009,-0.0254676365933847,0.006));
#6469=CARTESIAN_POINT('',(-0.0406546912482009,-0.0254676365933847,0.008));
#6470=CARTESIAN_POINT('',(-0.0406546912482009,-0.0254676365933847,0.008));
#6471=CARTESIAN_POINT('',(-0.0406546912482009,-0.000467636593384668,0.008));
#6472=CARTESIAN_POINT('',(-0.000654691248200834,-0.0254676365933847,0.008));
#6473=CARTESIAN_POINT('',(-0.000654691248200834,-0.0254676365933847,0.006));
#6474=CARTESIAN_POINT('',(0.0393453087517991,-0.0254676365933847,0.006));
#6475=CARTESIAN_POINT('',(0.0393453087517991,-0.0254676365933847,0.008));
#6476=CARTESIAN_POINT('',(0.0393453087517991,-0.0254676365933847,0.008));
#6477=CARTESIAN_POINT('',(-0.000654691248200834,-0.0254676365933847,0.008));
#6478=CARTESIAN_POINT('',(0.0393453087517991,-0.000467636593384668,0.008));
#6479=CARTESIAN_POINT('',(0.0393453087517991,-0.000467636593384668,0.006));
#6480=CARTESIAN_POINT('',(0.0393453087517991,-0.000467636593384668,0.008));
#6481=CARTESIAN_POINT('',(-0.00065469124820083,-0.000467636593384668,0.008));
#6482=CARTESIAN_POINT('',(-0.000654691248200834,0.0350323634066153,0.006));
#6483=CARTESIAN_POINT('',(-0.000654691248200834,0.0350323634066153,0.006));
#6484=CARTESIAN_POINT('',(-0.0491546912482008,0.0350323634066153,0.006));
#6485=CARTESIAN_POINT('',(0.0478453087517992,0.0350323634066153,0.006));
#6486=CARTESIAN_POINT('',(0.0478453087517992,0.0350323634066153,0.006));
#6487=CARTESIAN_POINT('',(-0.0491546912482008,0.0350323634066153,0.006));
#6488=CARTESIAN_POINT('',(-0.0511546912482008,-0.000467636593384668,0.006));
#6489=CARTESIAN_POINT('',(-0.0511546912482008,-0.000467636593384668,0.006));
#6490=CARTESIAN_POINT('',(-0.0511546912482008,0.0330323634066153,0.006));
#6491=CARTESIAN_POINT('',(-0.0511546912482008,-0.0339676365933846,0.006));
#6492=CARTESIAN_POINT('',(-0.0511546912482008,0.0330323634066153,0.));
#6493=CARTESIAN_POINT('',(-0.0511546912482008,-0.0339676365933846,0.006));
#6494=CARTESIAN_POINT('',(-0.000654691248200834,-0.0359676365933846,0.006));
#6495=CARTESIAN_POINT('',(-0.000654691248200834,-0.0359676365933846,0.006));
#6496=CARTESIAN_POINT('',(-0.0491546912482008,-0.0359676365933846,0.006));
#6497=CARTESIAN_POINT('',(0.0478453087517992,-0.0359676365933846,0.006));
#6498=CARTESIAN_POINT('',(-0.0491546912482008,-0.0359676365933846,0.006));
#6499=CARTESIAN_POINT('',(0.0478453087517992,-0.0359676365933846,0.006));
#6500=CARTESIAN_POINT('',(0.0498453087517992,-0.000467636593384668,0.006));
#6501=CARTESIAN_POINT('',(0.0498453087517992,0.0330323634066153,0.006));
#6502=CARTESIAN_POINT('',(0.0498453087517992,0.0330323634066153,0.006));
#6503=CARTESIAN_POINT('',(0.0498453087517992,-0.000467636593384668,0.006));
#6504=CARTESIAN_POINT('',(0.0498453087517992,-0.0339676365933846,0.006));
#6505=CARTESIAN_POINT('',(0.0498453087517992,-0.0339676365933846,0.));
#6506=CARTESIAN_POINT('',(-0.00065469124820083,-0.000467636593384668,0.006));
#6507=CARTESIAN_POINT('',(0.0478453087517992,0.0330323634066153,0.006));
#6508=CARTESIAN_POINT('',(-0.0491546912482008,0.0330323634066153,0.006));
#6509=CARTESIAN_POINT('',(-0.0491546912482008,-0.0339676365933846,0.006));
#6510=CARTESIAN_POINT('',(0.0478453087517992,-0.0339676365933846,0.006));
#6511=CARTESIAN_POINT('',(0.0410341033157067,-0.0340451748695545,0.004));
#6512=CARTESIAN_POINT('',(0.0410341033157067,-0.0340451748695545,0.));
#6513=CARTESIAN_POINT('',(0.0413260121201106,-0.0340451748695545,0.004));
#6514=CARTESIAN_POINT('',(0.0413260121201106,-0.0340451748695545,0.));
#6515=CARTESIAN_POINT('',(0.0415611608792138,-0.0339901885756694,0.004));
#6516=CARTESIAN_POINT('',(0.0415611608792138,-0.0339901885756694,0.));
#6517=CARTESIAN_POINT('',(0.0417395495930162,-0.0338802159878991,0.004));
#6518=CARTESIAN_POINT('',(0.0417395495930162,-0.0338802159878991,0.));
#6519=CARTESIAN_POINT('',(0.0410341033157067,-0.0340451748695545,0.004));
#6520=CARTESIAN_POINT('',(0.0410341033157067,-0.0340451748695545,0.004));
#6521=CARTESIAN_POINT('',(0.0410341033157067,-0.0340451748695545,0.004));
#6522=CARTESIAN_POINT('',(0.0414719665223126,-0.0340451748695545,0.004));
#6523=CARTESIAN_POINT('',(0.0417395495930162,-0.0338802159878991,0.004));
#6524=CARTESIAN_POINT('',(0.0417395495930162,-0.0338802159878991,0.004));
#6525=CARTESIAN_POINT('',(0.0417395495930162,-0.0338802159878991,0.004));
#6526=CARTESIAN_POINT('',(0.0410187077204119,-0.0298675479063837,0.004));
#6527=CARTESIAN_POINT('',(0.0406737783852705,-0.0340307314651699,0.004));
#6528=CARTESIAN_POINT('',(0.0406737739316553,-0.0340307845326439,0.004));
#6529=CARTESIAN_POINT('',(0.0410187077204119,-0.0298675479063837,0.004));
#6530=CARTESIAN_POINT('',(0.0412188651167651,-0.0279996510614535,0.004));
#6531=CARTESIAN_POINT('',(0.0403134534548343,-0.0339873255893537,0.004));
#6532=CARTESIAN_POINT('',(0.0403134534548343,-0.0339873255893537,0.004));
#6533=CARTESIAN_POINT('',(0.0412188651167651,-0.0279996510614535,0.004));
#6534=CARTESIAN_POINT('',(0.0403134534548343,-0.0336027505878797,0.004));
#6535=CARTESIAN_POINT('',(0.0403134534548343,-0.0332180999237432,0.004));
#6536=CARTESIAN_POINT('',(0.0403134534548343,-0.0332180999237432,0.004));
#6537=CARTESIAN_POINT('',(0.0403134534548343,-0.0336027505878797,0.004));
#6538=CARTESIAN_POINT('',(0.0413879763036817,-0.0233655061768603,0.004));
#6539=CARTESIAN_POINT('',(0.0405133805786839,-0.0332378645823748,0.004));
#6540=CARTESIAN_POINT('',(0.0405133847801911,-0.0332378204212361,0.004));
#6541=CARTESIAN_POINT('',(0.0413892676920762,-0.0233572330796771,0.004));
#6542=CARTESIAN_POINT('',(0.0407108814608596,-0.0311637599415024,0.004));
#6543=CARTESIAN_POINT('',(0.040693543043902,-0.0332469867325124,0.004));
#6544=CARTESIAN_POINT('',(0.040693543043902,-0.0332469867325124,0.004));
#6545=CARTESIAN_POINT('',(0.0407108814608596,-0.0311637599415024,0.004));
#6546=CARTESIAN_POINT('',(0.0411017592625607,-0.0331063535845573,0.004));
#6547=CARTESIAN_POINT('',(0.0411017592625607,-0.0331063535845573,0.));
#6548=CARTESIAN_POINT('',(0.041030302419816,-0.0332001090165274,0.004));
#6549=CARTESIAN_POINT('',(0.041030302419816,-0.0332001090165274,0.));
#6550=CARTESIAN_POINT('',(0.0408942303469297,-0.0332469867325124,0.004));
#6551=CARTESIAN_POINT('',(0.0408942303469297,-0.0332469867325124,0.));
#6552=CARTESIAN_POINT('',(0.040693543043902,-0.0332469867325124,0.004));
#6553=CARTESIAN_POINT('',(0.040693543043902,-0.0332469867325124,0.));
#6554=CARTESIAN_POINT('',(0.0411017592625607,-0.0331063535845573,0.004));
#6555=CARTESIAN_POINT('',(0.0411017592625607,-0.0331063535845573,0.004));
#6556=CARTESIAN_POINT('',(0.0411017592625607,-0.0331063535845573,0.004));
#6557=CARTESIAN_POINT('',(0.0409945739984436,-0.0332469867325124,0.004));
#6558=CARTESIAN_POINT('',(0.040693543043902,-0.0332469867325124,0.004));
#6559=CARTESIAN_POINT('',(0.0412089445266777,-0.0326342823149353,0.004));
#6560=CARTESIAN_POINT('',(0.0412089445266777,-0.0326342823149353,0.));
#6561=CARTESIAN_POINT('',(0.0412089445266777,-0.0328552410627133,0.004));
#6562=CARTESIAN_POINT('',(0.0412089445266777,-0.0328552410627133,0.));
#6563=CARTESIAN_POINT('',(0.0411732161053054,-0.0330125981525873,0.004));
#6564=CARTESIAN_POINT('',(0.0411732161053054,-0.0330125981525873,0.));
#6565=CARTESIAN_POINT('',(0.0411017592625607,-0.0331063535845573,0.004));
#6566=CARTESIAN_POINT('',(0.0411017592625607,-0.0331063535845573,0.));
#6567=CARTESIAN_POINT('',(0.0412089445266777,-0.0326342823149353,0.004));
#6568=CARTESIAN_POINT('',(0.0412089445266777,-0.0326342823149353,0.004));
#6569=CARTESIAN_POINT('',(0.0412089445266777,-0.0326342823149353,0.004));
#6570=CARTESIAN_POINT('',(0.0412089445266777,-0.0329657204366023,0.004));
#6571=CARTESIAN_POINT('',(0.0411017592625607,-0.0331063535845573,0.004));
#6572=CARTESIAN_POINT('',(0.0412089445266777,-0.0308341780211108,0.004));
#6573=CARTESIAN_POINT('',(0.0412089445266777,-0.0290340737272864,0.004));
#6574=CARTESIAN_POINT('',(0.0412089445266777,-0.0290340737272864,0.004));
#6575=CARTESIAN_POINT('',(0.0412089445266777,-0.0308341780211108,0.004));
#6576=CARTESIAN_POINT('',(0.0407566379156873,-0.0290340737272864,0.004));
#6577=CARTESIAN_POINT('',(0.0403043313046967,-0.0290340737272864,0.004));
#6578=CARTESIAN_POINT('',(0.0403043313046967,-0.0290340737272864,0.004));
#6579=CARTESIAN_POINT('',(0.0407566379156873,-0.0290340737272864,0.004));
#6580=CARTESIAN_POINT('',(0.0403043313046967,-0.028688952380413,0.004));
#6581=CARTESIAN_POINT('',(0.0403043313046967,-0.0283438310335395,0.004));
#6582=CARTESIAN_POINT('',(0.0403043313046967,-0.0283438310335395,0.004));
#6583=CARTESIAN_POINT('',(0.0403043313046967,-0.028688952380413,0.004));
#6584=CARTESIAN_POINT('',(0.0407566379156873,-0.0283438310335395,0.004));
#6585=CARTESIAN_POINT('',(0.0412089445266777,-0.0283438310335395,0.004));
#6586=CARTESIAN_POINT('',(0.0412089445266777,-0.0283438310335395,0.004));
#6587=CARTESIAN_POINT('',(0.0407566379156873,-0.0283438310335395,0.004));
#6588=CARTESIAN_POINT('',(0.0412089445266777,-0.0275213171627971,0.004));
#6589=CARTESIAN_POINT('',(0.0412089445266777,-0.0266988032920546,0.004));
#6590=CARTESIAN_POINT('',(0.0412089445266777,-0.0266988032920546,0.004));
#6591=CARTESIAN_POINT('',(0.0412089445266777,-0.0275213171627971,0.004));
#6592=CARTESIAN_POINT('',(0.0417296672637004,-0.0266988032920546,0.004));
#6593=CARTESIAN_POINT('',(0.0422503900007231,-0.0266988032920546,0.004));
#6594=CARTESIAN_POINT('',(0.0422503900007231,-0.0266988032920546,0.004));
#6595=CARTESIAN_POINT('',(0.0417296672637004,-0.0266988032920546,0.004));
#6596=CARTESIAN_POINT('',(0.0422503900007231,-0.0275213171627971,0.004));
#6597=CARTESIAN_POINT('',(0.0422503900007231,-0.0283438310335395,0.004));
#6598=CARTESIAN_POINT('',(0.0422503900007231,-0.0283438310335395,0.004));
#6599=CARTESIAN_POINT('',(0.0422503900007231,-0.0275213171627971,0.004));
#6600=CARTESIAN_POINT('',(0.042546859880196,-0.0283438310335395,0.004));
#6601=CARTESIAN_POINT('',(0.0428433297596687,-0.0283438310335395,0.004));
#6602=CARTESIAN_POINT('',(0.0428433297596687,-0.0283438310335395,0.004));
#6603=CARTESIAN_POINT('',(0.042546859880196,-0.0283438310335395,0.004));
#6604=CARTESIAN_POINT('',(0.0428433297596687,-0.028688952380413,0.004));
#6605=CARTESIAN_POINT('',(0.0428433297596687,-0.0290340737272864,0.004));
#6606=CARTESIAN_POINT('',(0.0428433297596687,-0.0290340737272864,0.004));
#6607=CARTESIAN_POINT('',(0.0428433297596687,-0.028688952380413,0.004));
#6608=CARTESIAN_POINT('',(0.042546859880196,-0.0290340737272864,0.004));
#6609=CARTESIAN_POINT('',(0.0422503900007231,-0.0290340737272864,0.004));
#6610=CARTESIAN_POINT('',(0.0422503900007231,-0.0290340737272864,0.004));
#6611=CARTESIAN_POINT('',(0.042546859880196,-0.0290340737272864,0.004));
#6612=CARTESIAN_POINT('',(0.0422503900007231,-0.0308683860841269,0.004));
#6613=CARTESIAN_POINT('',(0.0422503900007231,-0.0327026984409675,0.004));
#6614=CARTESIAN_POINT('',(0.0422503900007231,-0.0327026984409675,0.004));
#6615=CARTESIAN_POINT('',(0.0422503900007231,-0.0308683860841269,0.004));
#6616=CARTESIAN_POINT('',(0.0421287613322215,-0.033413465972524,0.004));
#6617=CARTESIAN_POINT('',(0.0421287613322215,-0.033413465972524,0.));
#6618=CARTESIAN_POINT('',(0.0422098471112226,-0.0332122718833775,0.004));
#6619=CARTESIAN_POINT('',(0.0422098471112226,-0.0332122718833775,0.));
#6620=CARTESIAN_POINT('',(0.0422503900007231,-0.0329753493728587,0.004));
#6621=CARTESIAN_POINT('',(0.0422503900007231,-0.0329753493728587,0.));
#6622=CARTESIAN_POINT('',(0.0422503900007231,-0.0327026984409675,0.004));
#6623=CARTESIAN_POINT('',(0.0422503900007231,-0.0327026984409675,0.));
#6624=CARTESIAN_POINT('',(0.0421287613322215,-0.033413465972524,0.004));
#6625=CARTESIAN_POINT('',(0.0421287613322215,-0.033413465972524,0.004));
#6626=CARTESIAN_POINT('',(0.0421287613322215,-0.033413465972524,0.004));
#6627=CARTESIAN_POINT('',(0.0422503900007231,-0.0331116748388043,0.004));
#6628=CARTESIAN_POINT('',(0.0422503900007231,-0.0327026984409675,0.004));
#6629=CARTESIAN_POINT('',(0.0412436593564925,-0.0330723351265853,0.004));
#6630=CARTESIAN_POINT('',(0.0412436593564925,-0.0330723351265853,0.004));
#6631=CARTESIAN_POINT('',(-0.00065469124820083,-0.000467636593384668,0.004));
#6632=CARTESIAN_POINT('',(0.0113422647969189,-0.030610685342739,0.004));
#6633=CARTESIAN_POINT('',(0.0113422647969189,-0.030610685342739,0.));
#6634=CARTESIAN_POINT('',(0.0119405258101114,-0.030610685342739,0.));
#6635=CARTESIAN_POINT('',(0.0107440037837264,-0.030610685342739,0.));
#6636=CARTESIAN_POINT('',(0.0119405258101114,-0.030610685342739,0.004));
#6637=CARTESIAN_POINT('',(0.0119405258101114,-0.030610685342739,0.004));
#6638=CARTESIAN_POINT('',(0.0113422647969189,-0.030610685342739,0.004));
#6639=CARTESIAN_POINT('',(0.0107440037837264,-0.030610685342739,0.004));
#6640=CARTESIAN_POINT('',(0.0107440037837264,-0.030610685342739,0.004));
#6641=CARTESIAN_POINT('',(0.0119405258101114,-0.0304601698654682,0.004));
#6642=CARTESIAN_POINT('',(0.0119405258101114,-0.0304601698654682,0.));
#6643=CARTESIAN_POINT('',(0.0119405258101114,-0.0303096543881974,0.));
#6644=CARTESIAN_POINT('',(0.0119405258101114,-0.0303096543881974,0.004));
#6645=CARTESIAN_POINT('',(0.0119405258101114,-0.0303096543881974,0.004));
#6646=CARTESIAN_POINT('',(0.0119405258101114,-0.0304601698654682,0.004));
#6647=CARTESIAN_POINT('',(0.0118918743427107,-0.0295456743141715,0.004));
#6648=CARTESIAN_POINT('',(0.0118918743427107,-0.0295456743141715,0.));
#6649=CARTESIAN_POINT('',(0.0119243086543112,-0.0297306512475177,0.004));
#6650=CARTESIAN_POINT('',(0.0119243086543112,-0.0297306512475177,0.));
#6651=CARTESIAN_POINT('',(0.0119405258101114,-0.029985311272193,0.004));
#6652=CARTESIAN_POINT('',(0.0119405258101114,-0.029985311272193,0.));
#6653=CARTESIAN_POINT('',(0.0119405258101114,-0.0303096543881974,0.004));
#6654=CARTESIAN_POINT('',(0.0119405258101114,-0.0303096543881974,0.));
#6655=CARTESIAN_POINT('',(0.0118918743427107,-0.0295456743141715,0.));
#6656=CARTESIAN_POINT('',(0.0119405258101114,-0.0298231397141909,0.));
#6657=CARTESIAN_POINT('',(0.0119405258101114,-0.0303096543881974,0.));
#6658=CARTESIAN_POINT('',(0.0118918743427107,-0.0295456743141715,0.));
#6659=CARTESIAN_POINT('',(0.0118918743427107,-0.0295456743141715,0.004));
#6660=CARTESIAN_POINT('',(0.0118918743427107,-0.0295456743141715,0.004));
#6661=CARTESIAN_POINT('',(0.0118918743427107,-0.0295456743141715,0.004));
#6662=CARTESIAN_POINT('',(0.0119405258101114,-0.0298231397141909,0.004));
#6663=CARTESIAN_POINT('',(0.0119405258101114,-0.0303096543881974,0.004));
#6664=CARTESIAN_POINT('',(0.0117117118774926,-0.0291511413207192,0.004));
#6665=CARTESIAN_POINT('',(0.0117117118774926,-0.0291511413207192,0.));
#6666=CARTESIAN_POINT('',(0.0117993858760376,-0.0292291863830078,0.004));
#6667=CARTESIAN_POINT('',(0.0117993858760376,-0.0292291863830078,0.));
#6668=CARTESIAN_POINT('',(0.0118594400311103,-0.0293606973808252,0.004));
#6669=CARTESIAN_POINT('',(0.0118594400311103,-0.0293606973808252,0.));
#6670=CARTESIAN_POINT('',(0.0118918743427107,-0.0295456743141715,0.004));
#6671=CARTESIAN_POINT('',(0.0118918743427107,-0.0295456743141715,0.));
#6672=CARTESIAN_POINT('',(0.0117117118774926,-0.0291511413207192,0.));
#6673=CARTESIAN_POINT('',(0.0118432228753101,-0.029268208914152,0.));
#6674=CARTESIAN_POINT('',(0.0118918743427107,-0.0295456743141715,0.));
#6675=CARTESIAN_POINT('',(0.0117117118774926,-0.0291511413207192,0.));
#6676=CARTESIAN_POINT('',(0.0117117118774926,-0.0291511413207192,0.004));
#6677=CARTESIAN_POINT('',(0.0117117118774926,-0.0291511413207192,0.004));
#6678=CARTESIAN_POINT('',(0.0117117118774926,-0.0291511413207192,0.004));
#6679=CARTESIAN_POINT('',(0.0118432228753101,-0.029268208914152,0.004));
#6680=CARTESIAN_POINT('',(0.0118918743427107,-0.0295456743141715,0.004));
#6681=CARTESIAN_POINT('',(0.0113278213925343,-0.0290340737272864,0.004));
#6682=CARTESIAN_POINT('',(0.0113278213925343,-0.0290340737272864,0.));
#6683=CARTESIAN_POINT('',(0.0114960743839616,-0.0290340737272864,0.004));
#6684=CARTESIAN_POINT('',(0.0114960743839616,-0.0290340737272864,0.));
#6685=CARTESIAN_POINT('',(0.0116240378789477,-0.0290730962584307,0.004));
#6686=CARTESIAN_POINT('',(0.0116240378789477,-0.0290730962584307,0.));
#6687=CARTESIAN_POINT('',(0.0117117118774926,-0.0291511413207192,0.004));
#6688=CARTESIAN_POINT('',(0.0117117118774926,-0.0291511413207192,0.));
#6689=CARTESIAN_POINT('',(0.0113278213925343,-0.0290340737272864,0.));
#6690=CARTESIAN_POINT('',(0.0115802008796752,-0.0290340737272864,0.));
#6691=CARTESIAN_POINT('',(0.0117117118774926,-0.0291511413207192,0.));
#6692=CARTESIAN_POINT('',(0.0113278213925343,-0.0290340737272864,0.));
#6693=CARTESIAN_POINT('',(0.0113278213925343,-0.0290340737272864,0.004));
#6694=CARTESIAN_POINT('',(0.0113278213925343,-0.0290340737272864,0.004));
#6695=CARTESIAN_POINT('',(0.0113278213925343,-0.0290340737272864,0.004));
#6696=CARTESIAN_POINT('',(0.0115802008796752,-0.0290340737272864,0.004));
#6697=CARTESIAN_POINT('',(0.0117117118774926,-0.0291511413207192,0.004));
#6698=CARTESIAN_POINT('',(0.0109431707283978,-0.0291557023957881,0.004));
#6699=CARTESIAN_POINT('',(0.0109431707283978,-0.0291557023957881,0.));
#6700=CARTESIAN_POINT('',(0.0110242565073989,-0.029074616616787,0.004));
#6701=CARTESIAN_POINT('',(0.0110242565073989,-0.029074616616787,0.));
#6702=CARTESIAN_POINT('',(0.0111524733954444,-0.0290340737272864,0.004));
#6703=CARTESIAN_POINT('',(0.0111524733954444,-0.0290340737272864,0.));
#6704=CARTESIAN_POINT('',(0.0113278213925343,-0.0290340737272864,0.004));
#6705=CARTESIAN_POINT('',(0.0113278213925343,-0.0290340737272864,0.));
#6706=CARTESIAN_POINT('',(0.0109431707283978,-0.0291557023957881,0.));
#6707=CARTESIAN_POINT('',(0.0110647993968995,-0.0290340737272864,0.));
#6708=CARTESIAN_POINT('',(0.0113278213925343,-0.0290340737272864,0.));
#6709=CARTESIAN_POINT('',(0.0109431707283978,-0.0291557023957881,0.));
#6710=CARTESIAN_POINT('',(0.0109431707283978,-0.0291557023957881,0.004));
#6711=CARTESIAN_POINT('',(0.0109431707283978,-0.0291557023957881,0.004));
#6712=CARTESIAN_POINT('',(0.0109431707283978,-0.0291557023957881,0.004));
#6713=CARTESIAN_POINT('',(0.0110647993968995,-0.0290340737272864,0.004));
#6714=CARTESIAN_POINT('',(0.0113278213925343,-0.0290340737272864,0.004));
#6715=CARTESIAN_POINT('',(0.0107827729218113,-0.0295160273262242,0.004));
#6716=CARTESIAN_POINT('',(0.0107827729218113,-0.0295160273262242,0.));
#6717=CARTESIAN_POINT('',(0.0108086190138679,-0.0293568964849345,0.004));
#6718=CARTESIAN_POINT('',(0.0108086190138679,-0.0293568964849345,0.));
#6719=CARTESIAN_POINT('',(0.0108620849493967,-0.0292367881747892,0.004));
#6720=CARTESIAN_POINT('',(0.0108620849493967,-0.0292367881747892,0.));
#6721=CARTESIAN_POINT('',(0.0109431707283978,-0.0291557023957881,0.004));
#6722=CARTESIAN_POINT('',(0.0109431707283978,-0.0291557023957881,0.));
#6723=CARTESIAN_POINT('',(0.0107827729218113,-0.0295160273262242,0.));
#6724=CARTESIAN_POINT('',(0.0108215420598962,-0.0292773310642897,0.));
#6725=CARTESIAN_POINT('',(0.0109431707283978,-0.0291557023957881,0.));
#6726=CARTESIAN_POINT('',(0.0107827729218113,-0.0295160273262242,0.));
#6727=CARTESIAN_POINT('',(0.0107827729218113,-0.0295160273262242,0.004));
#6728=CARTESIAN_POINT('',(0.0107827729218113,-0.0295160273262242,0.004));
#6729=CARTESIAN_POINT('',(0.0107827729218113,-0.0295160273262242,0.004));
#6730=CARTESIAN_POINT('',(0.0108215420598962,-0.0292773310642897,0.004));
#6731=CARTESIAN_POINT('',(0.0109431707283978,-0.0291557023957881,0.004));
#6732=CARTESIAN_POINT('',(0.0145537804670567,-0.0300507429641969,0.004));
#6733=CARTESIAN_POINT('',(0.0145537804670567,-0.0300507429641969,0.));
#6734=CARTESIAN_POINT('',(0.0107443354995263,-0.0301044013376801,0.));
#6735=CARTESIAN_POINT('',(0.0107440037837264,-0.030104406010101,0.004));
#6736=CARTESIAN_POINT('',(0.0107443354995263,-0.0301044013376801,0.00399999975));
#6737=CARTESIAN_POINT('',(0.0145537804670567,-0.0300507429641969,0.004));
#6738=CARTESIAN_POINT('',(0.0113171788840404,-0.0340451748695545,0.004));
#6739=CARTESIAN_POINT('',(0.0113171788840404,-0.0340451748695545,0.));
#6740=CARTESIAN_POINT('',(0.0117590963795964,-0.0340451748695545,0.004));
#6741=CARTESIAN_POINT('',(0.0117590963795964,-0.0340451748695545,0.));
#6742=CARTESIAN_POINT('',(0.0120999100444604,-0.0339592746224252,0.004));
#6743=CARTESIAN_POINT('',(0.0120999100444604,-0.0339592746224252,0.));
#6744=CARTESIAN_POINT('',(0.0123396198786324,-0.0337874741281666,0.004));
#6745=CARTESIAN_POINT('',(0.0123396198786324,-0.0337874741281666,0.));
#6746=CARTESIAN_POINT('',(0.0113171788840404,-0.0340451748695545,0.004));
#6747=CARTESIAN_POINT('',(0.0113171788840404,-0.0340451748695545,0.004));
#6748=CARTESIAN_POINT('',(0.0113171788840404,-0.0340451748695545,0.004));
#6749=CARTESIAN_POINT('',(0.0119800551273744,-0.0340451748695545,0.004));
#6750=CARTESIAN_POINT('',(0.0123396198786324,-0.0337874741281666,0.004));
#6751=CARTESIAN_POINT('',(0.0123396198786324,-0.0337874741281666,0.004));
#6752=CARTESIAN_POINT('',(0.0123396198786324,-0.0337874741281666,0.004));
#6753=CARTESIAN_POINT('',(0.0100917700488863,-0.0335586601955478,0.004));
#6754=CARTESIAN_POINT('',(0.0100917700488863,-0.0335586601955478,0.));
#6755=CARTESIAN_POINT('',(0.010331986669177,-0.0338830033115523,0.004));
#6756=CARTESIAN_POINT('',(0.010331986669177,-0.0338830033115523,0.));
#6757=CARTESIAN_POINT('',(0.0107404562808951,-0.0340451748695545,0.004));
#6758=CARTESIAN_POINT('',(0.0107404562808951,-0.0340451748695545,0.));
#6759=CARTESIAN_POINT('',(0.0113171788840404,-0.0340451748695545,0.004));
#6760=CARTESIAN_POINT('',(0.0113171788840404,-0.0340451748695545,0.));
#6761=CARTESIAN_POINT('',(0.0100917700488863,-0.0335586601955478,0.004));
#6762=CARTESIAN_POINT('',(0.0100917700488863,-0.0335586601955478,0.004));
#6763=CARTESIAN_POINT('',(0.0100917700488863,-0.0335586601955478,0.004));
#6764=CARTESIAN_POINT('',(0.0104520949793224,-0.0340451748695545,0.004));
#6765=CARTESIAN_POINT('',(0.0113171788840404,-0.0340451748695545,0.004));
#6766=CARTESIAN_POINT('',(0.00973144511845012,-0.0322253059170985,0.004));
#6767=CARTESIAN_POINT('',(0.00973144511845012,-0.0322253059170985,0.));
#6768=CARTESIAN_POINT('',(0.00973144511845012,-0.0327898656533937,0.004));
#6769=CARTESIAN_POINT('',(0.00973144511845012,-0.0327898656533937,0.));
#6770=CARTESIAN_POINT('',(0.0098515534285955,-0.0332343170795434,0.004));
#6771=CARTESIAN_POINT('',(0.0098515534285955,-0.0332343170795434,0.));
#6772=CARTESIAN_POINT('',(0.0100917700488863,-0.0335586601955478,0.004));
#6773=CARTESIAN_POINT('',(0.0100917700488863,-0.0335586601955478,0.));
#6774=CARTESIAN_POINT('',(0.00973144511845012,-0.0322253059170985,0.004));
#6775=CARTESIAN_POINT('',(0.00973144511845012,-0.0322253059170985,0.004));
#6776=CARTESIAN_POINT('',(0.00973144511845012,-0.0322253059170985,0.004));
#6777=CARTESIAN_POINT('',(0.00973144511845012,-0.0330721455215412,0.004));
#6778=CARTESIAN_POINT('',(0.0100917700488863,-0.0335586601955478,0.004));
#6779=CARTESIAN_POINT('',(0.00973144511845012,-0.0321188808321596,0.004));
#6780=CARTESIAN_POINT('',(0.00973144511845012,-0.0320124557472206,0.004));
#6781=CARTESIAN_POINT('',(0.00973144511845012,-0.0320124557472206,0.004));
#6782=CARTESIAN_POINT('',(0.00973144511845012,-0.0321188808321596,0.004));
#6783=CARTESIAN_POINT('',(0.0102377244510882,-0.0320124557472206,0.004));
#6784=CARTESIAN_POINT('',(0.0107440037837264,-0.0320124557472206,0.004));
#6785=CARTESIAN_POINT('',(0.0107440037837264,-0.0320124557472206,0.004));
#6786=CARTESIAN_POINT('',(0.0102377244510882,-0.0320124557472206,0.004));
#6787=CARTESIAN_POINT('',(0.0107440037837264,-0.0321827358831229,0.004));
#6788=CARTESIAN_POINT('',(0.0107440037837264,-0.0323530160190252,0.004));
#6789=CARTESIAN_POINT('',(0.0107442798320553,-0.0323530199891218,0.004));
#6790=CARTESIAN_POINT('',(0.0107440037837264,-0.0321827358831229,0.004));
#6791=CARTESIAN_POINT('',(0.0132050516276595,-0.0323884105376047,0.004));
#6792=CARTESIAN_POINT('',(0.0107873339968801,-0.0328433315889225,0.004));
#6793=CARTESIAN_POINT('',(0.0107873339968801,-0.0328433315889225,0.004));
#6794=CARTESIAN_POINT('',(0.0132050516276595,-0.0323884105376047,0.004));
#6795=CARTESIAN_POINT('',(0.0109522928785355,-0.0331648873812738,0.004));
#6796=CARTESIAN_POINT('',(0.0109522928785355,-0.0331648873812738,0.));
#6797=CARTESIAN_POINT('',(0.0108712070995344,-0.0330898830356977,0.004));
#6798=CARTESIAN_POINT('',(0.0108712070995344,-0.0330898830356977,0.));
#6799=CARTESIAN_POINT('',(0.0108162208056492,-0.0329826977715806,0.004));
#6800=CARTESIAN_POINT('',(0.0108162208056492,-0.0329826977715806,0.));
#6801=CARTESIAN_POINT('',(0.0107873339968801,-0.0328433315889225,0.004));
#6802=CARTESIAN_POINT('',(0.0107873339968801,-0.0328433315889225,0.));
#6803=CARTESIAN_POINT('',(0.0109522928785355,-0.0331648873812738,0.004));
#6804=CARTESIAN_POINT('',(0.0109522928785355,-0.0331648873812738,0.004));
#6805=CARTESIAN_POINT('',(0.0109522928785355,-0.0331648873812738,0.004));
#6806=CARTESIAN_POINT('',(0.0108306642100338,-0.0330523808629097,0.004));
#6807=CARTESIAN_POINT('',(0.0107873339968801,-0.0328433315889225,0.004));
#6808=CARTESIAN_POINT('',(0.0113080567339028,-0.0332773938996378,0.004));
#6809=CARTESIAN_POINT('',(0.0113080567339028,-0.0332773938996378,0.));
#6810=CARTESIAN_POINT('',(0.0111519666093257,-0.0332773938996378,0.004));
#6811=CARTESIAN_POINT('',(0.0111519666093257,-0.0332773938996378,0.));
#6812=CARTESIAN_POINT('',(0.0110333786575366,-0.0332398917268498,0.004));
#6813=CARTESIAN_POINT('',(0.0110333786575366,-0.0332398917268498,0.));
#6814=CARTESIAN_POINT('',(0.0109522928785355,-0.0331648873812738,0.004));
#6815=CARTESIAN_POINT('',(0.0109522928785355,-0.0331648873812738,0.));
#6816=CARTESIAN_POINT('',(0.0113080567339028,-0.0332773938996378,0.004));
#6817=CARTESIAN_POINT('',(0.0113080567339028,-0.0332773938996378,0.004));
#6818=CARTESIAN_POINT('',(0.0113080567339028,-0.0332773938996378,0.004));
#6819=CARTESIAN_POINT('',(0.0110739215470371,-0.0332773938996378,0.004));
#6820=CARTESIAN_POINT('',(0.0109522928785355,-0.0331648873812738,0.004));
#6821=CARTESIAN_POINT('',(0.0116729427394077,-0.0331747697105895,0.004));
#6822=CARTESIAN_POINT('',(0.0116729427394077,-0.0331747697105895,0.));
#6823=CARTESIAN_POINT('',(0.011578680521319,-0.0332431858366217,0.004));
#6824=CARTESIAN_POINT('',(0.011578680521319,-0.0332431858366217,0.));
#6825=CARTESIAN_POINT('',(0.0114570518528173,-0.0332773938996378,0.004));
#6826=CARTESIAN_POINT('',(0.0114570518528173,-0.0332773938996378,0.));
#6827=CARTESIAN_POINT('',(0.0113080567339028,-0.0332773938996378,0.004));
#6828=CARTESIAN_POINT('',(0.0113080567339028,-0.0332773938996378,0.));
#6829=CARTESIAN_POINT('',(0.0116729427394077,-0.0331747697105895,0.004));
#6830=CARTESIAN_POINT('',(0.0116729427394077,-0.0331747697105895,0.004));
#6831=CARTESIAN_POINT('',(0.0116729427394077,-0.0331747697105895,0.004));
#6832=CARTESIAN_POINT('',(0.0115315494122746,-0.0332773938996378,0.004));
#6833=CARTESIAN_POINT('',(0.0113080567339028,-0.0332773938996378,0.004));
#6834=CARTESIAN_POINT('',(0.0118774309383261,-0.0328585351724852,0.004));
#6835=CARTESIAN_POINT('',(0.0118774309383261,-0.0328585351724852,0.));
#6836=CARTESIAN_POINT('',(0.0118353676904693,-0.0330009420718559,0.004));
#6837=CARTESIAN_POINT('',(0.0118353676904693,-0.0330009420718559,0.));
#6838=CARTESIAN_POINT('',(0.0117672049574965,-0.0331063535845573,0.004));
#6839=CARTESIAN_POINT('',(0.0117672049574965,-0.0331063535845573,0.));
#6840=CARTESIAN_POINT('',(0.0116729427394077,-0.0331747697105895,0.004));
#6841=CARTESIAN_POINT('',(0.0116729427394077,-0.0331747697105895,0.));
#6842=CARTESIAN_POINT('',(0.0118774309383261,-0.0328585351724852,0.004));
#6843=CARTESIAN_POINT('',(0.0118774309383261,-0.0328585351724852,0.004));
#6844=CARTESIAN_POINT('',(0.0118774309383261,-0.0328585351724852,0.004));
#6845=CARTESIAN_POINT('',(0.0118143360665409,-0.0330721455215412,0.004));
#6846=CARTESIAN_POINT('',(0.0116729427394077,-0.0331747697105895,0.004));
#6847=CARTESIAN_POINT('',(0.0119405258101114,-0.0323043645516246,0.004));
#6848=CARTESIAN_POINT('',(0.0119405258101114,-0.0323043645516246,0.));
#6849=CARTESIAN_POINT('',(0.0119405258101114,-0.0325314047328277,0.004));
#6850=CARTESIAN_POINT('',(0.0119405258101114,-0.0325314047328277,0.));
#6851=CARTESIAN_POINT('',(0.011919494186183,-0.0327161282731145,0.004));
#6852=CARTESIAN_POINT('',(0.011919494186183,-0.0327161282731145,0.));
#6853=CARTESIAN_POINT('',(0.0118774309383261,-0.0328585351724852,0.004));
#6854=CARTESIAN_POINT('',(0.0118774309383261,-0.0328585351724852,0.));
#6855=CARTESIAN_POINT('',(0.0119405258101114,-0.0323043645516246,0.004));
#6856=CARTESIAN_POINT('',(0.0119405258101114,-0.0323043645516246,0.004));
#6857=CARTESIAN_POINT('',(0.0119405258101114,-0.0323043645516246,0.004));
#6858=CARTESIAN_POINT('',(0.0119405258101114,-0.0326449248234292,0.004));
#6859=CARTESIAN_POINT('',(0.0118774309383261,-0.0328585351724852,0.004));
#6860=CARTESIAN_POINT('',(0.0119405258101114,-0.03173955142227,0.004));
#6861=CARTESIAN_POINT('',(0.0119405258101114,-0.0311747382929154,0.004));
#6862=CARTESIAN_POINT('',(0.0119405258101114,-0.0311747382929154,0.004));
#6863=CARTESIAN_POINT('',(0.0119405258101114,-0.03173955142227,0.004));
#6864=CARTESIAN_POINT('',(0.0108314243892119,-0.0311747382929154,0.004));
#6865=CARTESIAN_POINT('',(0.00972232296831249,-0.0311747382929154,0.004));
#6866=CARTESIAN_POINT('',(0.00972232296831249,-0.0311747382929154,0.004));
#6867=CARTESIAN_POINT('',(0.0108314243892119,-0.0311747382929154,0.004));
#6868=CARTESIAN_POINT('',(0.00972232296831249,-0.0309459243602968,0.004));
#6869=CARTESIAN_POINT('',(0.00972232296831249,-0.030717110427678,0.004));
#6870=CARTESIAN_POINT('',(0.00972232296831249,-0.030717110427678,0.004));
#6871=CARTESIAN_POINT('',(0.00972232296831249,-0.0309459243602968,0.004));
#6872=CARTESIAN_POINT('',(0.00982950823242958,-0.0293997199119695,0.004));
#6873=CARTESIAN_POINT('',(0.00982950823242958,-0.0293997199119695,0.));
#6874=CARTESIAN_POINT('',(0.00975805138968485,-0.0297661262758307,0.004));
#6875=CARTESIAN_POINT('',(0.00975805138968485,-0.0297661262758307,0.));
#6876=CARTESIAN_POINT('',(0.00972232296831249,-0.0302052564477335,0.004));
#6877=CARTESIAN_POINT('',(0.00972232296831249,-0.0302052564477335,0.));
#6878=CARTESIAN_POINT('',(0.00972232296831249,-0.030717110427678,0.004));
#6879=CARTESIAN_POINT('',(0.00972232296831249,-0.030717110427678,0.));
#6880=CARTESIAN_POINT('',(0.00982950823242958,-0.0293997199119695,0.004));
#6881=CARTESIAN_POINT('',(0.00982950823242958,-0.0293997199119695,0.004));
#6882=CARTESIAN_POINT('',(0.00982950823242958,-0.0293997199119695,0.004));
#6883=CARTESIAN_POINT('',(0.00972232296831249,-0.0299493294577613,0.004));
#6884=CARTESIAN_POINT('',(0.00972232296831249,-0.030717110427678,0.004));
#6885=CARTESIAN_POINT('',(0.0102719325141043,-0.0285582015617737,0.004));
#6886=CARTESIAN_POINT('',(0.0102719325141043,-0.0285582015617737,0.));
#6887=CARTESIAN_POINT('',(0.0100484398357325,-0.0287528074313763,0.004));
#6888=CARTESIAN_POINT('',(0.0100484398357325,-0.0287528074313763,0.));
#6889=CARTESIAN_POINT('',(0.00990096507517429,-0.0290333135481083,0.004));
#6890=CARTESIAN_POINT('',(0.00990096507517429,-0.0290333135481083,0.));
#6891=CARTESIAN_POINT('',(0.00982950823242958,-0.0293997199119695,0.004));
#6892=CARTESIAN_POINT('',(0.00982950823242958,-0.0293997199119695,0.));
#6893=CARTESIAN_POINT('',(0.0102719325141043,-0.0285582015617737,0.004));
#6894=CARTESIAN_POINT('',(0.0102719325141043,-0.0285582015617737,0.004));
#6895=CARTESIAN_POINT('',(0.0102719325141043,-0.0285582015617737,0.004));
#6896=CARTESIAN_POINT('',(0.00993669349654665,-0.0288501103661776,0.004));
#6897=CARTESIAN_POINT('',(0.00982950823242958,-0.0293997199119695,0.004));
#6898=CARTESIAN_POINT('',(0.0113171788840404,-0.0282662927573697,0.004));
#6899=CARTESIAN_POINT('',(0.0113171788840404,-0.0282662927573697,0.));
#6900=CARTESIAN_POINT('',(0.0108438406491215,-0.0282662927573697,0.004));
#6901=CARTESIAN_POINT('',(0.0108438406491215,-0.0282662927573697,0.));
#6902=CARTESIAN_POINT('',(0.0104954251924761,-0.028363595692171,0.004));
#6903=CARTESIAN_POINT('',(0.0104954251924761,-0.028363595692171,0.));
#6904=CARTESIAN_POINT('',(0.0102719325141043,-0.0285582015617737,0.004));
#6905=CARTESIAN_POINT('',(0.0102719325141043,-0.0285582015617737,0.));
#6906=CARTESIAN_POINT('',(0.0113171788840404,-0.0282662927573697,0.004));
#6907=CARTESIAN_POINT('',(0.0113171788840404,-0.0282662927573697,0.004));
#6908=CARTESIAN_POINT('',(0.0113171788840404,-0.0282662927573697,0.004));
#6909=CARTESIAN_POINT('',(0.010607171531662,-0.0282662927573697,0.004));
#6910=CARTESIAN_POINT('',(0.0102719325141043,-0.0285582015617737,0.004));
#6911=CARTESIAN_POINT('',(0.0123251764742479,-0.0285186722445106,0.004));
#6912=CARTESIAN_POINT('',(0.0123251764742479,-0.0285186722445106,0.));
#6913=CARTESIAN_POINT('',(0.0120819191372446,-0.0283504192530833,0.004));
#6914=CARTESIAN_POINT('',(0.0120819191372446,-0.0283504192530833,0.));
#6915=CARTESIAN_POINT('',(0.0117459199405087,-0.0282662927573697,0.004));
#6916=CARTESIAN_POINT('',(0.0117459199405087,-0.0282662927573697,0.));
#6917=CARTESIAN_POINT('',(0.0113171788840404,-0.0282662927573697,0.004));
#6918=CARTESIAN_POINT('',(0.0113171788840404,-0.0282662927573697,0.));
#6919=CARTESIAN_POINT('',(0.0123251764742479,-0.0285186722445106,0.004));
#6920=CARTESIAN_POINT('',(0.0123251764742479,-0.0285186722445106,0.004));
#6921=CARTESIAN_POINT('',(0.0123251764742479,-0.0285186722445106,0.004));
#6922=CARTESIAN_POINT('',(0.0119602904687429,-0.0282662927573697,0.004));
#6923=CARTESIAN_POINT('',(0.0113171788840404,-0.0282662927573697,0.004));
#6924=CARTESIAN_POINT('',(0.0128360168819548,-0.029267448734974,0.004));
#6925=CARTESIAN_POINT('',(0.0128360168819548,-0.029267448734974,0.));
#6926=CARTESIAN_POINT('',(0.0127387139471535,-0.0289365173994257,0.004));
#6927=CARTESIAN_POINT('',(0.0127387139471535,-0.0289365173994257,0.));
#6928=CARTESIAN_POINT('',(0.0125684338112512,-0.0286869252359379,0.004));
#6929=CARTESIAN_POINT('',(0.0125684338112512,-0.0286869252359379,0.));
#6930=CARTESIAN_POINT('',(0.0123251764742479,-0.0285186722445106,0.004));
#6931=CARTESIAN_POINT('',(0.0123251764742479,-0.0285186722445106,0.));
#6932=CARTESIAN_POINT('',(0.0128360168819548,-0.029267448734974,0.004));
#6933=CARTESIAN_POINT('',(0.0128360168819548,-0.029267448734974,0.004));
#6934=CARTESIAN_POINT('',(0.0128360168819548,-0.029267448734974,0.004));
#6935=CARTESIAN_POINT('',(0.0126900624797528,-0.0287710517316516,0.004));
#6936=CARTESIAN_POINT('',(0.0123251764742479,-0.0285186722445106,0.004));
#6937=CARTESIAN_POINT('',(0.0129819712841568,-0.0305133824079378,0.004));
#6938=CARTESIAN_POINT('',(0.0129819712841568,-0.0305133824079378,0.));
#6939=CARTESIAN_POINT('',(0.0129819712841568,-0.0300136912948435,0.004));
#6940=CARTESIAN_POINT('',(0.0129819712841568,-0.0300136912948435,0.));
#6941=CARTESIAN_POINT('',(0.0129333198167561,-0.0295983800705222,0.004));
#6942=CARTESIAN_POINT('',(0.0129333198167561,-0.0295983800705222,0.));
#6943=CARTESIAN_POINT('',(0.0128360168819548,-0.029267448734974,0.004));
#6944=CARTESIAN_POINT('',(0.0128360168819548,-0.029267448734974,0.));
#6945=CARTESIAN_POINT('',(0.0129819712841568,-0.0305133824079378,0.004));
#6946=CARTESIAN_POINT('',(0.0129819712841568,-0.0305133824079378,0.004));
#6947=CARTESIAN_POINT('',(0.0129819712841568,-0.0305133824079378,0.004));
#6948=CARTESIAN_POINT('',(0.0129819712841568,-0.0297638457382963,0.004));
#6949=CARTESIAN_POINT('',(0.0128360168819548,-0.029267448734974,0.004));
#6950=CARTESIAN_POINT('',(0.0129819712841568,-0.0311557338134621,0.004));
#6951=CARTESIAN_POINT('',(0.0129819712841568,-0.0317980852189865,0.004));
#6952=CARTESIAN_POINT('',(0.0129819712841568,-0.0317980852189865,0.004));
#6953=CARTESIAN_POINT('',(0.0129819712841568,-0.0311557338134621,0.004));
#6954=CARTESIAN_POINT('',(0.0128405779570236,-0.0330288153083875,0.004));
#6955=CARTESIAN_POINT('',(0.0128405779570236,-0.0330288153083875,0.));
#6956=CARTESIAN_POINT('',(0.0129348401751124,-0.0326948432561268,0.004));
#6957=CARTESIAN_POINT('',(0.0129348401751124,-0.0326948432561268,0.));
#6958=CARTESIAN_POINT('',(0.0129819712841568,-0.0322845998929931,0.004));
#6959=CARTESIAN_POINT('',(0.0129819712841568,-0.0322845998929931,0.));
#6960=CARTESIAN_POINT('',(0.0129819712841568,-0.0317980852189865,0.004));
#6961=CARTESIAN_POINT('',(0.0129819712841568,-0.0317980852189865,0.));
#6962=CARTESIAN_POINT('',(0.0128405779570236,-0.0330288153083875,0.004));
#6963=CARTESIAN_POINT('',(0.0128405779570236,-0.0330288153083875,0.004));
#6964=CARTESIAN_POINT('',(0.0128405779570236,-0.0330288153083875,0.004));
#6965=CARTESIAN_POINT('',(0.0129819712841568,-0.0325278572299964,0.004));
#6966=CARTESIAN_POINT('',(0.0129819712841568,-0.0317980852189865,0.004));
#6967=CARTESIAN_POINT('',(0.0123396198786324,-0.0337874741281666,0.004));
#6968=CARTESIAN_POINT('',(0.0123396198786324,-0.0337874741281666,0.));
#6969=CARTESIAN_POINT('',(0.0125793297128044,-0.033615673633908,0.004));
#6970=CARTESIAN_POINT('',(0.0125793297128044,-0.033615673633908,0.));
#6971=CARTESIAN_POINT('',(0.0127463157389348,-0.0333627873606483,0.004));
#6972=CARTESIAN_POINT('',(0.0127463157389348,-0.0333627873606483,0.));
#6973=CARTESIAN_POINT('',(0.0128405779570236,-0.0330288153083875,0.004));
#6974=CARTESIAN_POINT('',(0.0128405779570236,-0.0330288153083875,0.));
#6975=CARTESIAN_POINT('',(0.0123396198786324,-0.0337874741281666,0.004));
#6976=CARTESIAN_POINT('',(0.0126991846298904,-0.0335297733867787,0.004));
#6977=CARTESIAN_POINT('',(0.0128405779570236,-0.0330288153083875,0.004));
#6978=CARTESIAN_POINT('',(0.0107440037837264,-0.03035754567642,0.004));
#6979=CARTESIAN_POINT('',(0.0107440037837264,-0.03035754567642,0.));
#6980=CARTESIAN_POINT('',(0.0107440037837264,-0.03035754567642,0.004));
#6981=CARTESIAN_POINT('',(-0.00065469124820083,-0.000467636593384668,0.004));
#6982=CARTESIAN_POINT('',(0.0185860121853704,-0.0332773938996378,0.004));
#6983=CARTESIAN_POINT('',(0.0185860121853704,-0.0332773938996378,0.));
#6984=CARTESIAN_POINT('',(0.0183843113101052,-0.0332773938996378,0.004));
#6985=CARTESIAN_POINT('',(0.0183843113101052,-0.0332773938996378,0.));
#6986=CARTESIAN_POINT('',(0.018242917982972,-0.0332188601029214,0.004));
#6987=CARTESIAN_POINT('',(0.018242917982972,-0.0332188601029214,0.));
#6988=CARTESIAN_POINT('',(0.0181618322039709,-0.0331017925094885,0.004));
#6989=CARTESIAN_POINT('',(0.0181618322039709,-0.0331017925094885,0.));
#6990=CARTESIAN_POINT('',(0.0185860121853704,-0.0332773938996378,0.));
#6991=CARTESIAN_POINT('',(0.0182834608724726,-0.0332773938996378,0.));
#6992=CARTESIAN_POINT('',(0.0181618322039709,-0.0331017925094885,0.));
#6993=CARTESIAN_POINT('',(0.0185860121853704,-0.0332773938996378,0.));
#6994=CARTESIAN_POINT('',(0.0181618322039709,-0.0331017925094885,0.));
#6995=CARTESIAN_POINT('',(0.0185860121853704,-0.0332773938996378,0.004));
#6996=CARTESIAN_POINT('',(0.0185860121853704,-0.0332773938996378,0.004));
#6997=CARTESIAN_POINT('',(0.0185860121853704,-0.0332773938996378,0.004));
#6998=CARTESIAN_POINT('',(0.0182834608724726,-0.0332773938996378,0.004));
#6999=CARTESIAN_POINT('',(0.0181618322039709,-0.0331017925094885,0.004));
#7000=CARTESIAN_POINT('',(0.0181618322039709,-0.0331017925094885,0.004));
#7001=CARTESIAN_POINT('',(0.0181618322039709,-0.0331017925094885,0.004));
#7002=CARTESIAN_POINT('',(0.0190139930626606,-0.0331017925094885,0.004));
#7003=CARTESIAN_POINT('',(0.0190139930626606,-0.0331017925094885,0.));
#7004=CARTESIAN_POINT('',(0.0189293597808282,-0.0332188601029214,0.004));
#7005=CARTESIAN_POINT('',(0.0189293597808282,-0.0332188601029214,0.));
#7006=CARTESIAN_POINT('',(0.0187866994883981,-0.0332773938996378,0.004));
#7007=CARTESIAN_POINT('',(0.0187866994883981,-0.0332773938996378,0.));
#7008=CARTESIAN_POINT('',(0.0185860121853704,-0.0332773938996378,0.004));
#7009=CARTESIAN_POINT('',(0.0185860121853704,-0.0332773938996378,0.));
#7010=CARTESIAN_POINT('',(0.0190139930626606,-0.0331017925094885,0.));
#7011=CARTESIAN_POINT('',(0.018887043139912,-0.0332773938996378,0.));
#7012=CARTESIAN_POINT('',(0.0185860121853704,-0.0332773938996378,0.));
#7013=CARTESIAN_POINT('',(0.0190139930626606,-0.0331017925094885,0.));
#7014=CARTESIAN_POINT('',(0.0190139930626606,-0.0331017925094885,0.004));
#7015=CARTESIAN_POINT('',(0.0190139930626606,-0.0331017925094885,0.004));
#7016=CARTESIAN_POINT('',(0.0190139930626606,-0.0331017925094885,0.004));
#7017=CARTESIAN_POINT('',(0.018887043139912,-0.0332773938996378,0.004));
#7018=CARTESIAN_POINT('',(0.0185860121853704,-0.0332773938996378,0.004));
#7019=CARTESIAN_POINT('',(0.0191652687191095,-0.0326396035691823,0.004));
#7020=CARTESIAN_POINT('',(0.0191652687191095,-0.0326396035691823,0.));
#7021=CARTESIAN_POINT('',(0.0191490515633093,-0.0328306619359536,0.004));
#7022=CARTESIAN_POINT('',(0.0191490515633093,-0.0328306619359536,0.));
#7023=CARTESIAN_POINT('',(0.019098626344493,-0.0329847249160557,0.004));
#7024=CARTESIAN_POINT('',(0.019098626344493,-0.0329847249160557,0.));
#7025=CARTESIAN_POINT('',(0.0190139930626606,-0.0331017925094885,0.004));
#7026=CARTESIAN_POINT('',(0.0190139930626606,-0.0331017925094885,0.));
#7027=CARTESIAN_POINT('',(0.0191652687191095,-0.0326396035691823,0.));
#7028=CARTESIAN_POINT('',(0.0191409429854092,-0.0329261911193393,0.));
#7029=CARTESIAN_POINT('',(0.0190139930626606,-0.0331017925094885,0.));
#7030=CARTESIAN_POINT('',(0.0191652687191095,-0.0326396035691823,0.));
#7031=CARTESIAN_POINT('',(0.0191652687191095,-0.0326396035691823,0.004));
#7032=CARTESIAN_POINT('',(0.0191652687191095,-0.0326396035691823,0.004));
#7033=CARTESIAN_POINT('',(0.0191652687191095,-0.0326396035691823,0.004));
#7034=CARTESIAN_POINT('',(0.0191409429854092,-0.0329261911193393,0.004));
#7035=CARTESIAN_POINT('',(0.0190139930626606,-0.0331017925094885,0.004));
#7036=CARTESIAN_POINT('',(0.0121062630718094,-0.032054997090879,0.004));
#7037=CARTESIAN_POINT('',(0.0121062630718094,-0.032054997090879,0.));
#7038=CARTESIAN_POINT('',(0.0191895517751566,-0.0320413426382594,0.));
#7039=CARTESIAN_POINT('',(0.0191895944528098,-0.0320413425559897,0.004));
#7040=CARTESIAN_POINT('',(0.0191895517751566,-0.0320413426382594,0.00399999975));
#7041=CARTESIAN_POINT('',(0.0121062630718094,-0.032054997090879,0.004));
#7042=CARTESIAN_POINT('',(0.0191895944528098,-0.0311602948885309,0.004));
#7043=CARTESIAN_POINT('',(0.0191895944528098,-0.0311602948885309,0.));
#7044=CARTESIAN_POINT('',(0.0191895273509626,-0.0302792470220855,0.));
#7045=CARTESIAN_POINT('',(0.0191895944528098,-0.0302792472210721,0.004));
#7046=CARTESIAN_POINT('',(0.0191895273509626,-0.0302792470220855,0.004));
#7047=CARTESIAN_POINT('',(0.0191895944528098,-0.0311602948885309,0.004));
#7048=CARTESIAN_POINT('',(0.012146271385079,-0.0302583606673252,0.004));
#7049=CARTESIAN_POINT('',(0.012146271385079,-0.0302583606673252,0.));
#7050=CARTESIAN_POINT('',(0.0191652687191095,-0.0296764251328108,0.));
#7051=CARTESIAN_POINT('',(0.0191652687191095,-0.0296764251328108,0.004));
#7052=CARTESIAN_POINT('',(0.0191652687191095,-0.0296764251328108,0.004));
#7053=CARTESIAN_POINT('',(0.012146271385079,-0.0302583606673252,0.004));
#7054=CARTESIAN_POINT('',(0.0190139930626606,-0.0292142361925044,0.004));
#7055=CARTESIAN_POINT('',(0.0190139930626606,-0.0292142361925044,0.));
#7056=CARTESIAN_POINT('',(0.019098626344493,-0.0293343445026499,0.004));
#7057=CARTESIAN_POINT('',(0.019098626344493,-0.0293343445026499,0.));
#7058=CARTESIAN_POINT('',(0.0191490515633093,-0.0294884074827519,0.004));
#7059=CARTESIAN_POINT('',(0.0191490515633093,-0.0294884074827519,0.));
#7060=CARTESIAN_POINT('',(0.0191652687191095,-0.0296764251328108,0.004));
#7061=CARTESIAN_POINT('',(0.0191652687191095,-0.0296764251328108,0.));
#7062=CARTESIAN_POINT('',(0.0190139930626606,-0.0292142361925044,0.));
#7063=CARTESIAN_POINT('',(0.0191409429854092,-0.0293943986577225,0.));
#7064=CARTESIAN_POINT('',(0.0191652687191095,-0.0296764251328108,0.));
#7065=CARTESIAN_POINT('',(0.0190139930626606,-0.0292142361925044,0.));
#7066=CARTESIAN_POINT('',(0.0190139930626606,-0.0292142361925044,0.004));
#7067=CARTESIAN_POINT('',(0.0190139930626606,-0.0292142361925044,0.004));
#7068=CARTESIAN_POINT('',(0.0190139930626606,-0.0292142361925044,0.004));
#7069=CARTESIAN_POINT('',(0.0191409429854092,-0.0293943986577225,0.004));
#7070=CARTESIAN_POINT('',(0.0191652687191095,-0.0296764251328108,0.004));
#7071=CARTESIAN_POINT('',(0.0185860121853704,-0.0290340737272864,0.004));
#7072=CARTESIAN_POINT('',(0.0185860121853704,-0.0290340737272864,0.));
#7073=CARTESIAN_POINT('',(0.0187866994883981,-0.0290340737272864,0.004));
#7074=CARTESIAN_POINT('',(0.0187866994883981,-0.0290340737272864,0.));
#7075=CARTESIAN_POINT('',(0.0189293597808282,-0.0290941278823591,0.004));
#7076=CARTESIAN_POINT('',(0.0189293597808282,-0.0290941278823591,0.));
#7077=CARTESIAN_POINT('',(0.0190139930626606,-0.0292142361925044,0.004));
#7078=CARTESIAN_POINT('',(0.0190139930626606,-0.0292142361925044,0.));
#7079=CARTESIAN_POINT('',(0.0185860121853704,-0.0290340737272864,0.));
#7080=CARTESIAN_POINT('',(0.018887043139912,-0.0290340737272864,0.));
#7081=CARTESIAN_POINT('',(0.0190139930626606,-0.0292142361925044,0.));
#7082=CARTESIAN_POINT('',(0.0185860121853704,-0.0290340737272864,0.));
#7083=CARTESIAN_POINT('',(0.0185860121853704,-0.0290340737272864,0.004));
#7084=CARTESIAN_POINT('',(0.0185860121853704,-0.0290340737272864,0.004));
#7085=CARTESIAN_POINT('',(0.0185860121853704,-0.0290340737272864,0.004));
#7086=CARTESIAN_POINT('',(0.018887043139912,-0.0290340737272864,0.004));
#7087=CARTESIAN_POINT('',(0.0190139930626606,-0.0292142361925044,0.004));
#7088=CARTESIAN_POINT('',(0.0181618322039709,-0.0292142361925044,0.004));
#7089=CARTESIAN_POINT('',(0.0181618322039709,-0.0292142361925044,0.));
#7090=CARTESIAN_POINT('',(0.018242917982972,-0.0290941278823591,0.004));
#7091=CARTESIAN_POINT('',(0.018242917982972,-0.0290941278823591,0.));
#7092=CARTESIAN_POINT('',(0.0183843113101052,-0.0290340737272864,0.004));
#7093=CARTESIAN_POINT('',(0.0183843113101052,-0.0290340737272864,0.));
#7094=CARTESIAN_POINT('',(0.0185860121853704,-0.0290340737272864,0.004));
#7095=CARTESIAN_POINT('',(0.0185860121853704,-0.0290340737272864,0.));
#7096=CARTESIAN_POINT('',(0.0181618322039709,-0.0292142361925044,0.));
#7097=CARTESIAN_POINT('',(0.0182834608724726,-0.0290340737272864,0.));
#7098=CARTESIAN_POINT('',(0.0185860121853704,-0.0290340737272864,0.));
#7099=CARTESIAN_POINT('',(0.0181618322039709,-0.0292142361925044,0.));
#7100=CARTESIAN_POINT('',(0.0181618322039709,-0.0292142361925044,0.004));
#7101=CARTESIAN_POINT('',(0.0181618322039709,-0.0292142361925044,0.004));
#7102=CARTESIAN_POINT('',(0.0181618322039709,-0.0292142361925044,0.004));
#7103=CARTESIAN_POINT('',(0.0182834608724726,-0.0290340737272864,0.004));
#7104=CARTESIAN_POINT('',(0.0185860121853704,-0.0290340737272864,0.004));
#7105=CARTESIAN_POINT('',(0.0180158778017689,-0.0296764251328108,0.004));
#7106=CARTESIAN_POINT('',(0.0180158778017689,-0.0296764251328108,0.));
#7107=CARTESIAN_POINT('',(0.0180320949575691,-0.0294884074827519,0.004));
#7108=CARTESIAN_POINT('',(0.0180320949575691,-0.0294884074827519,0.));
#7109=CARTESIAN_POINT('',(0.0180807464249698,-0.0293343445026499,0.004));
#7110=CARTESIAN_POINT('',(0.0180807464249698,-0.0293343445026499,0.));
#7111=CARTESIAN_POINT('',(0.0181618322039709,-0.0292142361925044,0.004));
#7112=CARTESIAN_POINT('',(0.0181618322039709,-0.0292142361925044,0.));
#7113=CARTESIAN_POINT('',(0.0180158778017689,-0.0296764251328108,0.));
#7114=CARTESIAN_POINT('',(0.0180402035354692,-0.0293943986577225,0.));
#7115=CARTESIAN_POINT('',(0.0181618322039709,-0.0292142361925044,0.));
#7116=CARTESIAN_POINT('',(0.0180158778017689,-0.0296764251328108,0.));
#7117=CARTESIAN_POINT('',(0.0180158778017689,-0.0296764251328108,0.004));
#7118=CARTESIAN_POINT('',(0.0180158778017689,-0.0296764251328108,0.004));
#7119=CARTESIAN_POINT('',(0.0180158778017689,-0.0296764251328108,0.004));
#7120=CARTESIAN_POINT('',(0.0180402035354692,-0.0293943986577225,0.004));
#7121=CARTESIAN_POINT('',(0.0181618322039709,-0.0292142361925044,0.004));
#7122=CARTESIAN_POINT('',(0.0250348751562436,-0.0302583606681461,0.004));
#7123=CARTESIAN_POINT('',(0.0250348751562436,-0.0302583606681461,0.));
#7124=CARTESIAN_POINT('',(0.0179916191699098,-0.0302792470220856,0.));
#7125=CARTESIAN_POINT('',(0.0179915520680686,-0.0302792472210721,0.004));
#7126=CARTESIAN_POINT('',(0.0179916191699099,-0.0302792470220856,0.00399999975));
#7127=CARTESIAN_POINT('',(0.0250348751562436,-0.0302583606681461,0.004));
#7128=CARTESIAN_POINT('',(0.0179915520680686,-0.0311602948885309,0.004));
#7129=CARTESIAN_POINT('',(0.0179915520680686,-0.0311602948885309,0.));
#7130=CARTESIAN_POINT('',(0.0179915947457218,-0.0320413426382594,0.));
#7131=CARTESIAN_POINT('',(0.0179915520680686,-0.0320413425559897,0.004));
#7132=CARTESIAN_POINT('',(0.0179915947457218,-0.0320413426382594,0.004));
#7133=CARTESIAN_POINT('',(0.0179915520680686,-0.0311602948885309,0.004));
#7134=CARTESIAN_POINT('',(0.0250748834490683,-0.0320549970908791,0.004));
#7135=CARTESIAN_POINT('',(0.0250748834490683,-0.0320549970908791,0.));
#7136=CARTESIAN_POINT('',(0.0180158778017689,-0.0326396035691823,0.));
#7137=CARTESIAN_POINT('',(0.0180158778017689,-0.0326396035691823,0.004));
#7138=CARTESIAN_POINT('',(0.0180158778017689,-0.0326396035691823,0.004));
#7139=CARTESIAN_POINT('',(0.0250748834490683,-0.0320549970908791,0.004));
#7140=CARTESIAN_POINT('',(0.0185860121853704,-0.0340451748695545,0.004));
#7141=CARTESIAN_POINT('',(0.0185860121853704,-0.0340451748695545,0.));
#7142=CARTESIAN_POINT('',(0.0190005632305135,-0.0340451748695545,0.004));
#7143=CARTESIAN_POINT('',(0.0190005632305135,-0.0340451748695545,0.));
#7144=CARTESIAN_POINT('',(0.0193279470632305,-0.0339607949807814,0.004));
#7145=CARTESIAN_POINT('',(0.0193279470632305,-0.0339607949807814,0.));
#7146=CARTESIAN_POINT('',(0.0195681636835212,-0.0337920352032354,0.004));
#7147=CARTESIAN_POINT('',(0.0195681636835212,-0.0337920352032354,0.));
#7148=CARTESIAN_POINT('',(0.0185860121853704,-0.0340451748695545,0.004));
#7149=CARTESIAN_POINT('',(0.0185860121853704,-0.0340451748695545,0.004));
#7150=CARTESIAN_POINT('',(0.0185860121853704,-0.0340451748695545,0.004));
#7151=CARTESIAN_POINT('',(0.0192078387530851,-0.0340451748695545,0.004));
#7152=CARTESIAN_POINT('',(0.0195681636835212,-0.0337920352032354,0.004));
#7153=CARTESIAN_POINT('',(0.0195681636835212,-0.0337920352032354,0.004));
#7154=CARTESIAN_POINT('',(0.0195681636835212,-0.0337920352032354,0.004));
#7155=CARTESIAN_POINT('',(0.0176076615831103,-0.0337920352032354,0.004));
#7156=CARTESIAN_POINT('',(0.0176076615831103,-0.0337920352032354,0.));
#7157=CARTESIAN_POINT('',(0.0178443307005697,-0.0339607949807814,0.004));
#7158=CARTESIAN_POINT('',(0.0178443307005697,-0.0339607949807814,0.));
#7159=CARTESIAN_POINT('',(0.0181704475679898,-0.0340451748695545,0.004));
#7160=CARTESIAN_POINT('',(0.0181704475679898,-0.0340451748695545,0.));
#7161=CARTESIAN_POINT('',(0.0185860121853704,-0.0340451748695545,0.004));
#7162=CARTESIAN_POINT('',(0.0185860121853704,-0.0340451748695545,0.));
#7163=CARTESIAN_POINT('',(0.0176076615831103,-0.0337920352032354,0.004));
#7164=CARTESIAN_POINT('',(0.0176076615831103,-0.0337920352032354,0.004));
#7165=CARTESIAN_POINT('',(0.0176076615831103,-0.0337920352032354,0.004));
#7166=CARTESIAN_POINT('',(0.0179626652592994,-0.0340451748695545,0.004));
#7167=CARTESIAN_POINT('',(0.0185860121853704,-0.0340451748695545,0.004));
#7168=CARTESIAN_POINT('',(0.0171021424296503,-0.0330721455215412,0.004));
#7169=CARTESIAN_POINT('',(0.0171021424296503,-0.0330721455215412,0.));
#7170=CARTESIAN_POINT('',(0.0172024860811641,-0.033383312198458,0.004));
#7171=CARTESIAN_POINT('',(0.0172024860811641,-0.033383312198458,0.));
#7172=CARTESIAN_POINT('',(0.0173709924656508,-0.0336232754256894,0.004));
#7173=CARTESIAN_POINT('',(0.0173709924656508,-0.0336232754256894,0.));
#7174=CARTESIAN_POINT('',(0.0176076615831103,-0.0337920352032354,0.004));
#7175=CARTESIAN_POINT('',(0.0176076615831103,-0.0337920352032354,0.));
#7176=CARTESIAN_POINT('',(0.0171021424296503,-0.0330721455215412,0.004));
#7177=CARTESIAN_POINT('',(0.0171021424296503,-0.0330721455215412,0.004));
#7178=CARTESIAN_POINT('',(0.0171021424296503,-0.0330721455215412,0.004));
#7179=CARTESIAN_POINT('',(0.017252657906921,-0.0335388955369164,0.004));
#7180=CARTESIAN_POINT('',(0.0176076615831103,-0.0337920352032354,0.004));
#7181=CARTESIAN_POINT('',(0.0169516269523795,-0.0319729264299575,0.004));
#7182=CARTESIAN_POINT('',(0.0169516269523795,-0.0319729264299575,0.));
#7183=CARTESIAN_POINT('',(0.0169516269523795,-0.0323945724807633,0.004));
#7184=CARTESIAN_POINT('',(0.0169516269523795,-0.0323945724807633,0.));
#7185=CARTESIAN_POINT('',(0.0170017987781364,-0.0327609788446245,0.004));
#7186=CARTESIAN_POINT('',(0.0170017987781364,-0.0327609788446245,0.));
#7187=CARTESIAN_POINT('',(0.0171021424296503,-0.0330721455215412,0.004));
#7188=CARTESIAN_POINT('',(0.0171021424296503,-0.0330721455215412,0.));
#7189=CARTESIAN_POINT('',(0.0169516269523795,-0.0319729264299575,0.004));
#7190=CARTESIAN_POINT('',(0.0169516269523795,-0.0319729264299575,0.004));
#7191=CARTESIAN_POINT('',(0.0169516269523795,-0.0319729264299575,0.004));
#7192=CARTESIAN_POINT('',(0.0169516269523795,-0.0326053955061662,0.004));
#7193=CARTESIAN_POINT('',(0.0171021424296503,-0.0330721455215412,0.004));
#7194=CARTESIAN_POINT('',(0.0169516269523795,-0.0311557338134621,0.004));
#7195=CARTESIAN_POINT('',(0.0169516269523795,-0.0303385411969666,0.004));
#7196=CARTESIAN_POINT('',(0.0169516269523795,-0.0303385411969666,0.004));
#7197=CARTESIAN_POINT('',(0.0169516269523795,-0.0311557338134621,0.004));
#7198=CARTESIAN_POINT('',(0.0171021424296503,-0.0292385619262048,0.004));
#7199=CARTESIAN_POINT('',(0.0171021424296503,-0.0292385619262048,0.));
#7200=CARTESIAN_POINT('',(0.0170017987781364,-0.0295502353892403,0.004));
#7201=CARTESIAN_POINT('',(0.0170017987781364,-0.0295502353892403,0.));
#7202=CARTESIAN_POINT('',(0.0169516269523795,-0.0299168951461609,0.004));
#7203=CARTESIAN_POINT('',(0.0169516269523795,-0.0299168951461609,0.));
#7204=CARTESIAN_POINT('',(0.0169516269523795,-0.0303385411969666,0.004));
#7205=CARTESIAN_POINT('',(0.0169516269523795,-0.0303385411969666,0.));
#7206=CARTESIAN_POINT('',(0.0171021424296503,-0.0292385619262048,0.004));
#7207=CARTESIAN_POINT('',(0.0171021424296503,-0.0292385619262048,0.004));
#7208=CARTESIAN_POINT('',(0.0171021424296503,-0.0292385619262048,0.004));
#7209=CARTESIAN_POINT('',(0.0169516269523795,-0.029706072120758,0.004));
#7210=CARTESIAN_POINT('',(0.0169516269523795,-0.0303385411969666,0.004));
#7211=CARTESIAN_POINT('',(0.0176076615831103,-0.0285186722445106,0.004));
#7212=CARTESIAN_POINT('',(0.0176076615831103,-0.0285186722445106,0.));
#7213=CARTESIAN_POINT('',(0.0173709924656508,-0.0286869252359379,0.004));
#7214=CARTESIAN_POINT('',(0.0173709924656508,-0.0286869252359379,0.));
#7215=CARTESIAN_POINT('',(0.0172024860811641,-0.0289268884631693,0.004));
#7216=CARTESIAN_POINT('',(0.0172024860811641,-0.0289268884631693,0.));
#7217=CARTESIAN_POINT('',(0.0171021424296503,-0.0292385619262048,0.004));
#7218=CARTESIAN_POINT('',(0.0171021424296503,-0.0292385619262048,0.));
#7219=CARTESIAN_POINT('',(0.0176076615831103,-0.0285186722445106,0.004));
#7220=CARTESIAN_POINT('',(0.0176076615831103,-0.0285186722445106,0.004));
#7221=CARTESIAN_POINT('',(0.0176076615831103,-0.0285186722445106,0.004));
#7222=CARTESIAN_POINT('',(0.017252657906921,-0.0287710517316516,0.004));
#7223=CARTESIAN_POINT('',(0.0171021424296503,-0.0292385619262048,0.004));
#7224=CARTESIAN_POINT('',(0.0185860121853704,-0.0282662927573697,0.004));
#7225=CARTESIAN_POINT('',(0.0185860121853704,-0.0282662927573697,0.));
#7226=CARTESIAN_POINT('',(0.0181704475679898,-0.0282662927573697,0.004));
#7227=CARTESIAN_POINT('',(0.0181704475679898,-0.0282662927573697,0.));
#7228=CARTESIAN_POINT('',(0.0178443307005697,-0.0283504192530833,0.004));
#7229=CARTESIAN_POINT('',(0.0178443307005697,-0.0283504192530833,0.));
#7230=CARTESIAN_POINT('',(0.0176076615831103,-0.0285186722445106,0.004));
#7231=CARTESIAN_POINT('',(0.0176076615831103,-0.0285186722445106,0.));
#7232=CARTESIAN_POINT('',(0.0185860121853704,-0.0282662927573697,0.004));
#7233=CARTESIAN_POINT('',(0.0185860121853704,-0.0282662927573697,0.004));
#7234=CARTESIAN_POINT('',(0.0185860121853704,-0.0282662927573697,0.004));
#7235=CARTESIAN_POINT('',(0.0179626652592994,-0.0282662927573697,0.004));
#7236=CARTESIAN_POINT('',(0.0176076615831103,-0.0285186722445106,0.004));
#7237=CARTESIAN_POINT('',(0.0195681636835212,-0.0285186722445106,0.004));
#7238=CARTESIAN_POINT('',(0.0195681636835212,-0.0285186722445106,0.));
#7239=CARTESIAN_POINT('',(0.0193279470632305,-0.0283504192530833,0.004));
#7240=CARTESIAN_POINT('',(0.0193279470632305,-0.0283504192530833,0.));
#7241=CARTESIAN_POINT('',(0.0190005632305135,-0.0282662927573697,0.004));
#7242=CARTESIAN_POINT('',(0.0190005632305135,-0.0282662927573697,0.));
#7243=CARTESIAN_POINT('',(0.0185860121853704,-0.0282662927573697,0.004));
#7244=CARTESIAN_POINT('',(0.0185860121853704,-0.0282662927573697,0.));
#7245=CARTESIAN_POINT('',(0.0195681636835212,-0.0285186722445106,0.004));
#7246=CARTESIAN_POINT('',(0.0195681636835212,-0.0285186722445106,0.004));
#7247=CARTESIAN_POINT('',(0.0195681636835212,-0.0285186722445106,0.004));
#7248=CARTESIAN_POINT('',(0.0192078387530851,-0.0282662927573697,0.004));
#7249=CARTESIAN_POINT('',(0.0185860121853704,-0.0282662927573697,0.004));
#7250=CARTESIAN_POINT('',(0.0200790040912282,-0.0292385619262048,0.004));
#7251=CARTESIAN_POINT('',(0.0200790040912282,-0.0292385619262048,0.));
#7252=CARTESIAN_POINT('',(0.0199786604397143,-0.0289268884631693,0.004));
#7253=CARTESIAN_POINT('',(0.0199786604397143,-0.0289268884631693,0.));
#7254=CARTESIAN_POINT('',(0.019808380303812,-0.0286869252359379,0.004));
#7255=CARTESIAN_POINT('',(0.019808380303812,-0.0286869252359379,0.));
#7256=CARTESIAN_POINT('',(0.0195681636835212,-0.0285186722445106,0.004));
#7257=CARTESIAN_POINT('',(0.0195681636835212,-0.0285186722445106,0.));
#7258=CARTESIAN_POINT('',(0.0200790040912282,-0.0292385619262048,0.004));
#7259=CARTESIAN_POINT('',(0.0200790040912282,-0.0292385619262048,0.004));
#7260=CARTESIAN_POINT('',(0.0200790040912282,-0.0292385619262048,0.004));
#7261=CARTESIAN_POINT('',(0.0199284886139574,-0.0287710517316516,0.004));
#7262=CARTESIAN_POINT('',(0.0195681636835212,-0.0285186722445106,0.004));
#7263=CARTESIAN_POINT('',(0.020229519568499,-0.0303385411969666,0.004));
#7264=CARTESIAN_POINT('',(0.020229519568499,-0.0303385411969666,0.));
#7265=CARTESIAN_POINT('',(0.020229519568499,-0.0299168951461609,0.004));
#7266=CARTESIAN_POINT('',(0.020229519568499,-0.0299168951461609,0.));
#7267=CARTESIAN_POINT('',(0.0201793477427421,-0.0295502353892403,0.004));
#7268=CARTESIAN_POINT('',(0.0201793477427421,-0.0295502353892403,0.));
#7269=CARTESIAN_POINT('',(0.0200790040912282,-0.0292385619262048,0.004));
#7270=CARTESIAN_POINT('',(0.0200790040912282,-0.0292385619262048,0.));
#7271=CARTESIAN_POINT('',(0.020229519568499,-0.0303385411969666,0.004));
#7272=CARTESIAN_POINT('',(0.020229519568499,-0.0303385411969666,0.004));
#7273=CARTESIAN_POINT('',(0.020229519568499,-0.0303385411969666,0.004));
#7274=CARTESIAN_POINT('',(0.020229519568499,-0.029706072120758,0.004));
#7275=CARTESIAN_POINT('',(0.0200790040912282,-0.0292385619262048,0.004));
#7276=CARTESIAN_POINT('',(0.020229519568499,-0.0311557338134621,0.004));
#7277=CARTESIAN_POINT('',(0.020229519568499,-0.0319729264299575,0.004));
#7278=CARTESIAN_POINT('',(0.020229519568499,-0.0319729264299575,0.004));
#7279=CARTESIAN_POINT('',(0.020229519568499,-0.0311557338134621,0.004));
#7280=CARTESIAN_POINT('',(0.0200790040912282,-0.0330721455215412,0.004));
#7281=CARTESIAN_POINT('',(0.0200790040912282,-0.0330721455215412,0.));
#7282=CARTESIAN_POINT('',(0.0201793477427421,-0.0327609788446245,0.004));
#7283=CARTESIAN_POINT('',(0.0201793477427421,-0.0327609788446245,0.));
#7284=CARTESIAN_POINT('',(0.020229519568499,-0.0323945724807633,0.004));
#7285=CARTESIAN_POINT('',(0.020229519568499,-0.0323945724807633,0.));
#7286=CARTESIAN_POINT('',(0.020229519568499,-0.0319729264299575,0.004));
#7287=CARTESIAN_POINT('',(0.020229519568499,-0.0319729264299575,0.));
#7288=CARTESIAN_POINT('',(0.0200790040912282,-0.0330721455215412,0.004));
#7289=CARTESIAN_POINT('',(0.0200790040912282,-0.0330721455215412,0.004));
#7290=CARTESIAN_POINT('',(0.0200790040912282,-0.0330721455215412,0.004));
#7291=CARTESIAN_POINT('',(0.020229519568499,-0.0326053955061662,0.004));
#7292=CARTESIAN_POINT('',(0.020229519568499,-0.0319729264299575,0.004));
#7293=CARTESIAN_POINT('',(0.0195681636835212,-0.0337920352032354,0.004));
#7294=CARTESIAN_POINT('',(0.0195681636835212,-0.0337920352032354,0.));
#7295=CARTESIAN_POINT('',(0.019808380303812,-0.0336232754256894,0.004));
#7296=CARTESIAN_POINT('',(0.019808380303812,-0.0336232754256894,0.));
#7297=CARTESIAN_POINT('',(0.0199786604397143,-0.033383312198458,0.004));
#7298=CARTESIAN_POINT('',(0.0199786604397143,-0.033383312198458,0.));
#7299=CARTESIAN_POINT('',(0.0200790040912282,-0.0330721455215412,0.004));
#7300=CARTESIAN_POINT('',(0.0200790040912282,-0.0330721455215412,0.));
#7301=CARTESIAN_POINT('',(0.0195681636835212,-0.0337920352032354,0.004));
#7302=CARTESIAN_POINT('',(0.0199284886139574,-0.0335388955369164,0.004));
#7303=CARTESIAN_POINT('',(0.0200790040912282,-0.0330721455215412,0.004));
#7304=CARTESIAN_POINT('',(0.0181618322039709,-0.0331017925094885,0.004));
#7305=CARTESIAN_POINT('',(0.0181618322039709,-0.0331017925094885,0.));
#7306=CARTESIAN_POINT('',(0.0180807464249698,-0.0329847249160557,0.004));
#7307=CARTESIAN_POINT('',(0.0180807464249698,-0.0329847249160557,0.));
#7308=CARTESIAN_POINT('',(0.0180320949575691,-0.0328306619359536,0.004));
#7309=CARTESIAN_POINT('',(0.0180320949575691,-0.0328306619359536,0.));
#7310=CARTESIAN_POINT('',(0.0180158778017689,-0.0326396035691823,0.004));
#7311=CARTESIAN_POINT('',(0.0180158778017689,-0.0326396035691823,0.));
#7312=CARTESIAN_POINT('',(0.0181618322039709,-0.0331017925094885,0.));
#7313=CARTESIAN_POINT('',(0.0180402035354692,-0.0329261911193393,0.));
#7314=CARTESIAN_POINT('',(0.0180158778017689,-0.0326396035691823,0.));
#7315=CARTESIAN_POINT('',(0.0181618322039709,-0.0331017925094885,0.004));
#7316=CARTESIAN_POINT('',(0.0180402035354692,-0.0329261911193393,0.004));
#7317=CARTESIAN_POINT('',(0.0180158778017689,-0.0326396035691823,0.004));
#7318=CARTESIAN_POINT('',(-0.00065469124820083,-0.000467636593384668,0.004));
#7319=CARTESIAN_POINT('',(0.0313722259616066,-0.0332773938996378,0.004));
#7320=CARTESIAN_POINT('',(0.0313722259616066,-0.0332773938996378,0.));
#7321=CARTESIAN_POINT('',(0.0311705250863414,-0.0332773938996378,0.004));
#7322=CARTESIAN_POINT('',(0.0311705250863414,-0.0332773938996378,0.));
#7323=CARTESIAN_POINT('',(0.0310291317592082,-0.0332188601029214,0.004));
#7324=CARTESIAN_POINT('',(0.0310291317592082,-0.0332188601029214,0.));
#7325=CARTESIAN_POINT('',(0.0309480459802071,-0.0331017925094885,0.004));
#7326=CARTESIAN_POINT('',(0.0309480459802071,-0.0331017925094885,0.));
#7327=CARTESIAN_POINT('',(0.0313722259616066,-0.0332773938996378,0.));
#7328=CARTESIAN_POINT('',(0.0310696746487087,-0.0332773938996378,0.));
#7329=CARTESIAN_POINT('',(0.0309480459802071,-0.0331017925094885,0.));
#7330=CARTESIAN_POINT('',(0.0313722259616066,-0.0332773938996378,0.));
#7331=CARTESIAN_POINT('',(0.0309480459802071,-0.0331017925094885,0.));
#7332=CARTESIAN_POINT('',(0.0313722259616066,-0.0332773938996378,0.004));
#7333=CARTESIAN_POINT('',(0.0313722259616066,-0.0332773938996378,0.004));
#7334=CARTESIAN_POINT('',(0.0313722259616066,-0.0332773938996378,0.004));
#7335=CARTESIAN_POINT('',(0.0310696746487087,-0.0332773938996378,0.004));
#7336=CARTESIAN_POINT('',(0.0309480459802071,-0.0331017925094885,0.004));
#7337=CARTESIAN_POINT('',(0.0309480459802071,-0.0331017925094885,0.004));
#7338=CARTESIAN_POINT('',(0.0309480459802071,-0.0331017925094885,0.004));
#7339=CARTESIAN_POINT('',(0.0318002068388968,-0.0331017925094885,0.004));
#7340=CARTESIAN_POINT('',(0.0318002068388968,-0.0331017925094885,0.));
#7341=CARTESIAN_POINT('',(0.0317155735570644,-0.0332188601029214,0.004));
#7342=CARTESIAN_POINT('',(0.0317155735570644,-0.0332188601029214,0.));
#7343=CARTESIAN_POINT('',(0.0315729132646343,-0.0332773938996378,0.004));
#7344=CARTESIAN_POINT('',(0.0315729132646343,-0.0332773938996378,0.));
#7345=CARTESIAN_POINT('',(0.0313722259616066,-0.0332773938996378,0.004));
#7346=CARTESIAN_POINT('',(0.0313722259616066,-0.0332773938996378,0.));
#7347=CARTESIAN_POINT('',(0.0318002068388968,-0.0331017925094885,0.));
#7348=CARTESIAN_POINT('',(0.0316732569161482,-0.0332773938996378,0.));
#7349=CARTESIAN_POINT('',(0.0313722259616066,-0.0332773938996378,0.));
#7350=CARTESIAN_POINT('',(0.0318002068388968,-0.0331017925094885,0.));
#7351=CARTESIAN_POINT('',(0.0318002068388968,-0.0331017925094885,0.004));
#7352=CARTESIAN_POINT('',(0.0318002068388968,-0.0331017925094885,0.004));
#7353=CARTESIAN_POINT('',(0.0318002068388968,-0.0331017925094885,0.004));
#7354=CARTESIAN_POINT('',(0.0316732569161482,-0.0332773938996378,0.004));
#7355=CARTESIAN_POINT('',(0.0313722259616066,-0.0332773938996378,0.004));
#7356=CARTESIAN_POINT('',(0.0319514824953458,-0.0326396035691823,0.004));
#7357=CARTESIAN_POINT('',(0.0319514824953458,-0.0326396035691823,0.));
#7358=CARTESIAN_POINT('',(0.0319352653395455,-0.0328306619359536,0.004));
#7359=CARTESIAN_POINT('',(0.0319352653395455,-0.0328306619359536,0.));
#7360=CARTESIAN_POINT('',(0.0318848401207292,-0.0329847249160557,0.004));
#7361=CARTESIAN_POINT('',(0.0318848401207292,-0.0329847249160557,0.));
#7362=CARTESIAN_POINT('',(0.0318002068388968,-0.0331017925094885,0.004));
#7363=CARTESIAN_POINT('',(0.0318002068388968,-0.0331017925094885,0.));
#7364=CARTESIAN_POINT('',(0.0319514824953458,-0.0326396035691823,0.));
#7365=CARTESIAN_POINT('',(0.0319271567616454,-0.0329261911193393,0.));
#7366=CARTESIAN_POINT('',(0.0318002068388968,-0.0331017925094885,0.));
#7367=CARTESIAN_POINT('',(0.0319514824953458,-0.0326396035691823,0.));
#7368=CARTESIAN_POINT('',(0.0319514824953458,-0.0326396035691823,0.004));
#7369=CARTESIAN_POINT('',(0.0319514824953458,-0.0326396035691823,0.004));
#7370=CARTESIAN_POINT('',(0.0319514824953458,-0.0326396035691823,0.004));
#7371=CARTESIAN_POINT('',(0.0319271567616454,-0.0329261911193393,0.004));
#7372=CARTESIAN_POINT('',(0.0318002068388968,-0.0331017925094885,0.004));
#7373=CARTESIAN_POINT('',(0.0248924768480477,-0.0320549970908792,0.004));
#7374=CARTESIAN_POINT('',(0.0248924768480477,-0.0320549970908792,0.));
#7375=CARTESIAN_POINT('',(0.0319757655513928,-0.0320413426382594,0.));
#7376=CARTESIAN_POINT('',(0.031975808229046,-0.0320413425559897,0.004));
#7377=CARTESIAN_POINT('',(0.0319757655513928,-0.0320413426382594,0.00399999975));
#7378=CARTESIAN_POINT('',(0.0248924768480477,-0.0320549970908792,0.004));
#7379=CARTESIAN_POINT('',(0.031975808229046,-0.0311602948885309,0.004));
#7380=CARTESIAN_POINT('',(0.031975808229046,-0.0311602948885309,0.));
#7381=CARTESIAN_POINT('',(0.0319757411272048,-0.0302792470220856,0.));
#7382=CARTESIAN_POINT('',(0.031975808229046,-0.0302792472210721,0.004));
#7383=CARTESIAN_POINT('',(0.0319757411272048,-0.0302792470220856,0.004));
#7384=CARTESIAN_POINT('',(0.031975808229046,-0.0311602948885309,0.004));
#7385=CARTESIAN_POINT('',(0.0249324851408696,-0.0302583606681461,0.004));
#7386=CARTESIAN_POINT('',(0.0249324851408696,-0.0302583606681461,0.));
#7387=CARTESIAN_POINT('',(0.0319514824953458,-0.0296764251328108,0.));
#7388=CARTESIAN_POINT('',(0.0319514824953458,-0.0296764251328108,0.004));
#7389=CARTESIAN_POINT('',(0.0319514824953458,-0.0296764251328108,0.004));
#7390=CARTESIAN_POINT('',(0.0249324851408696,-0.0302583606681461,0.004));
#7391=CARTESIAN_POINT('',(0.0318002068388968,-0.0292142361925044,0.004));
#7392=CARTESIAN_POINT('',(0.0318002068388968,-0.0292142361925044,0.));
#7393=CARTESIAN_POINT('',(0.0318848401207292,-0.0293343445026499,0.004));
#7394=CARTESIAN_POINT('',(0.0318848401207292,-0.0293343445026499,0.));
#7395=CARTESIAN_POINT('',(0.0319352653395455,-0.0294884074827519,0.004));
#7396=CARTESIAN_POINT('',(0.0319352653395455,-0.0294884074827519,0.));
#7397=CARTESIAN_POINT('',(0.0319514824953458,-0.0296764251328108,0.004));
#7398=CARTESIAN_POINT('',(0.0319514824953458,-0.0296764251328108,0.));
#7399=CARTESIAN_POINT('',(0.0318002068388968,-0.0292142361925044,0.));
#7400=CARTESIAN_POINT('',(0.0319271567616454,-0.0293943986577225,0.));
#7401=CARTESIAN_POINT('',(0.0319514824953458,-0.0296764251328108,0.));
#7402=CARTESIAN_POINT('',(0.0318002068388968,-0.0292142361925044,0.));
#7403=CARTESIAN_POINT('',(0.0318002068388968,-0.0292142361925044,0.004));
#7404=CARTESIAN_POINT('',(0.0318002068388968,-0.0292142361925044,0.004));
#7405=CARTESIAN_POINT('',(0.0318002068388968,-0.0292142361925044,0.004));
#7406=CARTESIAN_POINT('',(0.0319271567616454,-0.0293943986577225,0.004));
#7407=CARTESIAN_POINT('',(0.0319514824953458,-0.0296764251328108,0.004));
#7408=CARTESIAN_POINT('',(0.0313722259616067,-0.0290340737272864,0.004));
#7409=CARTESIAN_POINT('',(0.0313722259616067,-0.0290340737272864,0.));
#7410=CARTESIAN_POINT('',(0.0315729132646344,-0.0290340737272864,0.004));
#7411=CARTESIAN_POINT('',(0.0315729132646344,-0.0290340737272864,0.));
#7412=CARTESIAN_POINT('',(0.0317155735570644,-0.0290941278823591,0.004));
#7413=CARTESIAN_POINT('',(0.0317155735570644,-0.0290941278823591,0.));
#7414=CARTESIAN_POINT('',(0.0318002068388968,-0.0292142361925044,0.004));
#7415=CARTESIAN_POINT('',(0.0318002068388968,-0.0292142361925044,0.));
#7416=CARTESIAN_POINT('',(0.0313722259616067,-0.0290340737272864,0.));
#7417=CARTESIAN_POINT('',(0.0316732569161482,-0.0290340737272864,0.));
#7418=CARTESIAN_POINT('',(0.0318002068388968,-0.0292142361925044,0.));
#7419=CARTESIAN_POINT('',(0.0313722259616067,-0.0290340737272864,0.));
#7420=CARTESIAN_POINT('',(0.0313722259616067,-0.0290340737272864,0.004));
#7421=CARTESIAN_POINT('',(0.0313722259616067,-0.0290340737272864,0.004));
#7422=CARTESIAN_POINT('',(0.0313722259616067,-0.0290340737272864,0.004));
#7423=CARTESIAN_POINT('',(0.0316732569161482,-0.0290340737272864,0.004));
#7424=CARTESIAN_POINT('',(0.0318002068388968,-0.0292142361925044,0.004));
#7425=CARTESIAN_POINT('',(0.0309480459802071,-0.0292142361925044,0.004));
#7426=CARTESIAN_POINT('',(0.0309480459802071,-0.0292142361925044,0.));
#7427=CARTESIAN_POINT('',(0.0310291317592082,-0.0290941278823591,0.004));
#7428=CARTESIAN_POINT('',(0.0310291317592082,-0.0290941278823591,0.));
#7429=CARTESIAN_POINT('',(0.0311705250863414,-0.0290340737272864,0.004));
#7430=CARTESIAN_POINT('',(0.0311705250863414,-0.0290340737272864,0.));
#7431=CARTESIAN_POINT('',(0.0313722259616067,-0.0290340737272864,0.004));
#7432=CARTESIAN_POINT('',(0.0313722259616067,-0.0290340737272864,0.));
#7433=CARTESIAN_POINT('',(0.0309480459802071,-0.0292142361925044,0.));
#7434=CARTESIAN_POINT('',(0.0310696746487087,-0.0290340737272864,0.));
#7435=CARTESIAN_POINT('',(0.0313722259616067,-0.0290340737272864,0.));
#7436=CARTESIAN_POINT('',(0.0309480459802071,-0.0292142361925044,0.));
#7437=CARTESIAN_POINT('',(0.0309480459802071,-0.0292142361925044,0.004));
#7438=CARTESIAN_POINT('',(0.0309480459802071,-0.0292142361925044,0.004));
#7439=CARTESIAN_POINT('',(0.0309480459802071,-0.0292142361925044,0.004));
#7440=CARTESIAN_POINT('',(0.0310696746487087,-0.0290340737272864,0.004));
#7441=CARTESIAN_POINT('',(0.0313722259616067,-0.0290340737272864,0.004));
#7442=CARTESIAN_POINT('',(0.0308020915780052,-0.0296764251328108,0.004));
#7443=CARTESIAN_POINT('',(0.0308020915780052,-0.0296764251328108,0.));
#7444=CARTESIAN_POINT('',(0.0308183087338053,-0.0294884074827519,0.004));
#7445=CARTESIAN_POINT('',(0.0308183087338053,-0.0294884074827519,0.));
#7446=CARTESIAN_POINT('',(0.030866960201206,-0.0293343445026499,0.004));
#7447=CARTESIAN_POINT('',(0.030866960201206,-0.0293343445026499,0.));
#7448=CARTESIAN_POINT('',(0.0309480459802071,-0.0292142361925044,0.004));
#7449=CARTESIAN_POINT('',(0.0309480459802071,-0.0292142361925044,0.));
#7450=CARTESIAN_POINT('',(0.0308020915780052,-0.0296764251328108,0.));
#7451=CARTESIAN_POINT('',(0.0308264173117054,-0.0293943986577225,0.));
#7452=CARTESIAN_POINT('',(0.0309480459802071,-0.0292142361925044,0.));
#7453=CARTESIAN_POINT('',(0.0308020915780052,-0.0296764251328108,0.));
#7454=CARTESIAN_POINT('',(0.0308020915780052,-0.0296764251328108,0.004));
#7455=CARTESIAN_POINT('',(0.0308020915780052,-0.0296764251328108,0.004));
#7456=CARTESIAN_POINT('',(0.0308020915780052,-0.0296764251328108,0.004));
#7457=CARTESIAN_POINT('',(0.0308264173117054,-0.0293943986577225,0.004));
#7458=CARTESIAN_POINT('',(0.0309480459802071,-0.0292142361925044,0.004));
#7459=CARTESIAN_POINT('',(0.0378210889324641,-0.0302583606681461,0.004));
#7460=CARTESIAN_POINT('',(0.0378210889324641,-0.0302583606681461,0.));
#7461=CARTESIAN_POINT('',(0.030777832946146,-0.0302792470220856,0.));
#7462=CARTESIAN_POINT('',(0.0307777658443048,-0.0302792472210721,0.004));
#7463=CARTESIAN_POINT('',(0.0307778329461461,-0.0302792470220856,0.00399999975));
#7464=CARTESIAN_POINT('',(0.0378210889324641,-0.0302583606681461,0.004));
#7465=CARTESIAN_POINT('',(0.0307777658443048,-0.0311602948885309,0.004));
#7466=CARTESIAN_POINT('',(0.0307777658443048,-0.0311602948885309,0.));
#7467=CARTESIAN_POINT('',(0.030777808521958,-0.0320413426382594,0.));
#7468=CARTESIAN_POINT('',(0.0307777658443048,-0.0320413425559897,0.004));
#7469=CARTESIAN_POINT('',(0.030777808521958,-0.0320413426382594,0.004));
#7470=CARTESIAN_POINT('',(0.0307777658443048,-0.0311602948885309,0.004));
#7471=CARTESIAN_POINT('',(0.0378610972252903,-0.032054997090879,0.004));
#7472=CARTESIAN_POINT('',(0.0378610972252903,-0.032054997090879,0.));
#7473=CARTESIAN_POINT('',(0.0308020915780052,-0.0326396035691823,0.));
#7474=CARTESIAN_POINT('',(0.0308020915780052,-0.0326396035691823,0.004));
#7475=CARTESIAN_POINT('',(0.0308020915780052,-0.0326396035691823,0.004));
#7476=CARTESIAN_POINT('',(0.0378610972252903,-0.032054997090879,0.004));
#7477=CARTESIAN_POINT('',(0.0313722259616066,-0.0340451748695545,0.004));
#7478=CARTESIAN_POINT('',(0.0313722259616066,-0.0340451748695545,0.));
#7479=CARTESIAN_POINT('',(0.0317867770067497,-0.0340451748695545,0.004));
#7480=CARTESIAN_POINT('',(0.0317867770067497,-0.0340451748695545,0.));
#7481=CARTESIAN_POINT('',(0.0321141608394667,-0.0339607949807814,0.004));
#7482=CARTESIAN_POINT('',(0.0321141608394667,-0.0339607949807814,0.));
#7483=CARTESIAN_POINT('',(0.0323543774597575,-0.0337920352032354,0.004));
#7484=CARTESIAN_POINT('',(0.0323543774597575,-0.0337920352032354,0.));
#7485=CARTESIAN_POINT('',(0.0313722259616066,-0.0340451748695545,0.004));
#7486=CARTESIAN_POINT('',(0.0313722259616066,-0.0340451748695545,0.004));
#7487=CARTESIAN_POINT('',(0.0313722259616066,-0.0340451748695545,0.004));
#7488=CARTESIAN_POINT('',(0.0319940525293213,-0.0340451748695545,0.004));
#7489=CARTESIAN_POINT('',(0.0323543774597575,-0.0337920352032354,0.004));
#7490=CARTESIAN_POINT('',(0.0323543774597575,-0.0337920352032354,0.004));
#7491=CARTESIAN_POINT('',(0.0323543774597575,-0.0337920352032354,0.004));
#7492=CARTESIAN_POINT('',(0.0303938753593465,-0.0337920352032354,0.004));
#7493=CARTESIAN_POINT('',(0.0303938753593465,-0.0337920352032354,0.));
#7494=CARTESIAN_POINT('',(0.0306305444768059,-0.0339607949807814,0.004));
#7495=CARTESIAN_POINT('',(0.0306305444768059,-0.0339607949807814,0.));
#7496=CARTESIAN_POINT('',(0.030956661344226,-0.0340451748695545,0.004));
#7497=CARTESIAN_POINT('',(0.030956661344226,-0.0340451748695545,0.));
#7498=CARTESIAN_POINT('',(0.0313722259616066,-0.0340451748695545,0.004));
#7499=CARTESIAN_POINT('',(0.0313722259616066,-0.0340451748695545,0.));
#7500=CARTESIAN_POINT('',(0.0303938753593465,-0.0337920352032354,0.004));
#7501=CARTESIAN_POINT('',(0.0303938753593465,-0.0337920352032354,0.004));
#7502=CARTESIAN_POINT('',(0.0303938753593465,-0.0337920352032354,0.004));
#7503=CARTESIAN_POINT('',(0.0307488790355357,-0.0340451748695545,0.004));
#7504=CARTESIAN_POINT('',(0.0313722259616066,-0.0340451748695545,0.004));
#7505=CARTESIAN_POINT('',(0.0298883562058865,-0.0330721455215412,0.004));
#7506=CARTESIAN_POINT('',(0.0298883562058865,-0.0330721455215412,0.));
#7507=CARTESIAN_POINT('',(0.0299886998574003,-0.033383312198458,0.004));
#7508=CARTESIAN_POINT('',(0.0299886998574003,-0.033383312198458,0.));
#7509=CARTESIAN_POINT('',(0.030157206241887,-0.0336232754256894,0.004));
#7510=CARTESIAN_POINT('',(0.030157206241887,-0.0336232754256894,0.));
#7511=CARTESIAN_POINT('',(0.0303938753593465,-0.0337920352032354,0.004));
#7512=CARTESIAN_POINT('',(0.0303938753593465,-0.0337920352032354,0.));
#7513=CARTESIAN_POINT('',(0.0298883562058865,-0.0330721455215412,0.004));
#7514=CARTESIAN_POINT('',(0.0298883562058865,-0.0330721455215412,0.004));
#7515=CARTESIAN_POINT('',(0.0298883562058865,-0.0330721455215412,0.004));
#7516=CARTESIAN_POINT('',(0.0300388716831572,-0.0335388955369164,0.004));
#7517=CARTESIAN_POINT('',(0.0303938753593465,-0.0337920352032354,0.004));
#7518=CARTESIAN_POINT('',(0.0297378407286157,-0.0319729264299575,0.004));
#7519=CARTESIAN_POINT('',(0.0297378407286157,-0.0319729264299575,0.));
#7520=CARTESIAN_POINT('',(0.0297378407286157,-0.0323945724807633,0.004));
#7521=CARTESIAN_POINT('',(0.0297378407286157,-0.0323945724807633,0.));
#7522=CARTESIAN_POINT('',(0.0297880125543726,-0.0327609788446245,0.004));
#7523=CARTESIAN_POINT('',(0.0297880125543726,-0.0327609788446245,0.));
#7524=CARTESIAN_POINT('',(0.0298883562058865,-0.0330721455215412,0.004));
#7525=CARTESIAN_POINT('',(0.0298883562058865,-0.0330721455215412,0.));
#7526=CARTESIAN_POINT('',(0.0297378407286157,-0.0319729264299575,0.004));
#7527=CARTESIAN_POINT('',(0.0297378407286157,-0.0319729264299575,0.004));
#7528=CARTESIAN_POINT('',(0.0297378407286157,-0.0319729264299575,0.004));
#7529=CARTESIAN_POINT('',(0.0297378407286157,-0.0326053955061662,0.004));
#7530=CARTESIAN_POINT('',(0.0298883562058865,-0.0330721455215412,0.004));
#7531=CARTESIAN_POINT('',(0.0297378407286157,-0.0311557338134621,0.004));
#7532=CARTESIAN_POINT('',(0.0297378407286157,-0.0303385411969666,0.004));
#7533=CARTESIAN_POINT('',(0.0297378407286157,-0.0303385411969666,0.004));
#7534=CARTESIAN_POINT('',(0.0297378407286157,-0.0311557338134621,0.004));
#7535=CARTESIAN_POINT('',(0.0298883562058865,-0.0292385619262048,0.004));
#7536=CARTESIAN_POINT('',(0.0298883562058865,-0.0292385619262048,0.));
#7537=CARTESIAN_POINT('',(0.0297880125543726,-0.0295502353892403,0.004));
#7538=CARTESIAN_POINT('',(0.0297880125543726,-0.0295502353892403,0.));
#7539=CARTESIAN_POINT('',(0.0297378407286157,-0.0299168951461609,0.004));
#7540=CARTESIAN_POINT('',(0.0297378407286157,-0.0299168951461609,0.));
#7541=CARTESIAN_POINT('',(0.0297378407286157,-0.0303385411969666,0.004));
#7542=CARTESIAN_POINT('',(0.0297378407286157,-0.0303385411969666,0.));
#7543=CARTESIAN_POINT('',(0.0298883562058865,-0.0292385619262048,0.004));
#7544=CARTESIAN_POINT('',(0.0298883562058865,-0.0292385619262048,0.004));
#7545=CARTESIAN_POINT('',(0.0298883562058865,-0.0292385619262048,0.004));
#7546=CARTESIAN_POINT('',(0.0297378407286157,-0.029706072120758,0.004));
#7547=CARTESIAN_POINT('',(0.0297378407286157,-0.0303385411969666,0.004));
#7548=CARTESIAN_POINT('',(0.0303938753593465,-0.0285186722445106,0.004));
#7549=CARTESIAN_POINT('',(0.0303938753593465,-0.0285186722445106,0.));
#7550=CARTESIAN_POINT('',(0.030157206241887,-0.0286869252359379,0.004));
#7551=CARTESIAN_POINT('',(0.030157206241887,-0.0286869252359379,0.));
#7552=CARTESIAN_POINT('',(0.0299886998574003,-0.0289268884631693,0.004));
#7553=CARTESIAN_POINT('',(0.0299886998574003,-0.0289268884631693,0.));
#7554=CARTESIAN_POINT('',(0.0298883562058865,-0.0292385619262048,0.004));
#7555=CARTESIAN_POINT('',(0.0298883562058865,-0.0292385619262048,0.));
#7556=CARTESIAN_POINT('',(0.0303938753593465,-0.0285186722445106,0.004));
#7557=CARTESIAN_POINT('',(0.0303938753593465,-0.0285186722445106,0.004));
#7558=CARTESIAN_POINT('',(0.0303938753593465,-0.0285186722445106,0.004));
#7559=CARTESIAN_POINT('',(0.0300388716831572,-0.0287710517316516,0.004));
#7560=CARTESIAN_POINT('',(0.0298883562058865,-0.0292385619262048,0.004));
#7561=CARTESIAN_POINT('',(0.0313722259616067,-0.0282662927573697,0.004));
#7562=CARTESIAN_POINT('',(0.0313722259616067,-0.0282662927573697,0.));
#7563=CARTESIAN_POINT('',(0.030956661344226,-0.0282662927573697,0.004));
#7564=CARTESIAN_POINT('',(0.030956661344226,-0.0282662927573697,0.));
#7565=CARTESIAN_POINT('',(0.0306305444768059,-0.0283504192530833,0.004));
#7566=CARTESIAN_POINT('',(0.0306305444768059,-0.0283504192530833,0.));
#7567=CARTESIAN_POINT('',(0.0303938753593465,-0.0285186722445106,0.004));
#7568=CARTESIAN_POINT('',(0.0303938753593465,-0.0285186722445106,0.));
#7569=CARTESIAN_POINT('',(0.0313722259616067,-0.0282662927573697,0.004));
#7570=CARTESIAN_POINT('',(0.0313722259616067,-0.0282662927573697,0.004));
#7571=CARTESIAN_POINT('',(0.0313722259616067,-0.0282662927573697,0.004));
#7572=CARTESIAN_POINT('',(0.0307488790355357,-0.0282662927573697,0.004));
#7573=CARTESIAN_POINT('',(0.0303938753593465,-0.0285186722445106,0.004));
#7574=CARTESIAN_POINT('',(0.0323543774597575,-0.0285186722445106,0.004));
#7575=CARTESIAN_POINT('',(0.0323543774597575,-0.0285186722445106,0.));
#7576=CARTESIAN_POINT('',(0.0321141608394667,-0.0283504192530833,0.004));
#7577=CARTESIAN_POINT('',(0.0321141608394667,-0.0283504192530833,0.));
#7578=CARTESIAN_POINT('',(0.0317867770067497,-0.0282662927573697,0.004));
#7579=CARTESIAN_POINT('',(0.0317867770067497,-0.0282662927573697,0.));
#7580=CARTESIAN_POINT('',(0.0313722259616067,-0.0282662927573697,0.004));
#7581=CARTESIAN_POINT('',(0.0313722259616067,-0.0282662927573697,0.));
#7582=CARTESIAN_POINT('',(0.0323543774597575,-0.0285186722445106,0.004));
#7583=CARTESIAN_POINT('',(0.0323543774597575,-0.0285186722445106,0.004));
#7584=CARTESIAN_POINT('',(0.0323543774597575,-0.0285186722445106,0.004));
#7585=CARTESIAN_POINT('',(0.0319940525293213,-0.0282662927573697,0.004));
#7586=CARTESIAN_POINT('',(0.0313722259616067,-0.0282662927573697,0.004));
#7587=CARTESIAN_POINT('',(0.0328652178674644,-0.0292385619262048,0.004));
#7588=CARTESIAN_POINT('',(0.0328652178674644,-0.0292385619262048,0.));
#7589=CARTESIAN_POINT('',(0.0327648742159505,-0.0289268884631693,0.004));
#7590=CARTESIAN_POINT('',(0.0327648742159505,-0.0289268884631693,0.));
#7591=CARTESIAN_POINT('',(0.0325945940800482,-0.0286869252359379,0.004));
#7592=CARTESIAN_POINT('',(0.0325945940800482,-0.0286869252359379,0.));
#7593=CARTESIAN_POINT('',(0.0323543774597575,-0.0285186722445106,0.004));
#7594=CARTESIAN_POINT('',(0.0323543774597575,-0.0285186722445106,0.));
#7595=CARTESIAN_POINT('',(0.0328652178674644,-0.0292385619262048,0.004));
#7596=CARTESIAN_POINT('',(0.0328652178674644,-0.0292385619262048,0.004));
#7597=CARTESIAN_POINT('',(0.0328652178674644,-0.0292385619262048,0.004));
#7598=CARTESIAN_POINT('',(0.0327147023901936,-0.0287710517316516,0.004));
#7599=CARTESIAN_POINT('',(0.0323543774597575,-0.0285186722445106,0.004));
#7600=CARTESIAN_POINT('',(0.0330157333447352,-0.0303385411969666,0.004));
#7601=CARTESIAN_POINT('',(0.0330157333447352,-0.0303385411969666,0.));
#7602=CARTESIAN_POINT('',(0.0330157333447352,-0.0299168951461609,0.004));
#7603=CARTESIAN_POINT('',(0.0330157333447352,-0.0299168951461609,0.));
#7604=CARTESIAN_POINT('',(0.0329655615189783,-0.0295502353892403,0.004));
#7605=CARTESIAN_POINT('',(0.0329655615189783,-0.0295502353892403,0.));
#7606=CARTESIAN_POINT('',(0.0328652178674644,-0.0292385619262048,0.004));
#7607=CARTESIAN_POINT('',(0.0328652178674644,-0.0292385619262048,0.));
#7608=CARTESIAN_POINT('',(0.0330157333447352,-0.0303385411969666,0.004));
#7609=CARTESIAN_POINT('',(0.0330157333447352,-0.0303385411969666,0.004));
#7610=CARTESIAN_POINT('',(0.0330157333447352,-0.0303385411969666,0.004));
#7611=CARTESIAN_POINT('',(0.0330157333447352,-0.029706072120758,0.004));
#7612=CARTESIAN_POINT('',(0.0328652178674644,-0.0292385619262048,0.004));
#7613=CARTESIAN_POINT('',(0.0330157333447352,-0.0311557338134621,0.004));
#7614=CARTESIAN_POINT('',(0.0330157333447352,-0.0319729264299575,0.004));
#7615=CARTESIAN_POINT('',(0.0330157333447352,-0.0319729264299575,0.004));
#7616=CARTESIAN_POINT('',(0.0330157333447352,-0.0311557338134621,0.004));
#7617=CARTESIAN_POINT('',(0.0328652178674644,-0.0330721455215412,0.004));
#7618=CARTESIAN_POINT('',(0.0328652178674644,-0.0330721455215412,0.));
#7619=CARTESIAN_POINT('',(0.0329655615189783,-0.0327609788446245,0.004));
#7620=CARTESIAN_POINT('',(0.0329655615189783,-0.0327609788446245,0.));
#7621=CARTESIAN_POINT('',(0.0330157333447352,-0.0323945724807633,0.004));
#7622=CARTESIAN_POINT('',(0.0330157333447352,-0.0323945724807633,0.));
#7623=CARTESIAN_POINT('',(0.0330157333447352,-0.0319729264299575,0.004));
#7624=CARTESIAN_POINT('',(0.0330157333447352,-0.0319729264299575,0.));
#7625=CARTESIAN_POINT('',(0.0328652178674644,-0.0330721455215412,0.004));
#7626=CARTESIAN_POINT('',(0.0328652178674644,-0.0330721455215412,0.004));
#7627=CARTESIAN_POINT('',(0.0328652178674644,-0.0330721455215412,0.004));
#7628=CARTESIAN_POINT('',(0.0330157333447352,-0.0326053955061662,0.004));
#7629=CARTESIAN_POINT('',(0.0330157333447352,-0.0319729264299575,0.004));
#7630=CARTESIAN_POINT('',(0.0323543774597575,-0.0337920352032354,0.004));
#7631=CARTESIAN_POINT('',(0.0323543774597575,-0.0337920352032354,0.));
#7632=CARTESIAN_POINT('',(0.0325945940800482,-0.0336232754256894,0.004));
#7633=CARTESIAN_POINT('',(0.0325945940800482,-0.0336232754256894,0.));
#7634=CARTESIAN_POINT('',(0.0327648742159505,-0.033383312198458,0.004));
#7635=CARTESIAN_POINT('',(0.0327648742159505,-0.033383312198458,0.));
#7636=CARTESIAN_POINT('',(0.0328652178674644,-0.0330721455215412,0.004));
#7637=CARTESIAN_POINT('',(0.0328652178674644,-0.0330721455215412,0.));
#7638=CARTESIAN_POINT('',(0.0323543774597575,-0.0337920352032354,0.004));
#7639=CARTESIAN_POINT('',(0.0327147023901936,-0.0335388955369164,0.004));
#7640=CARTESIAN_POINT('',(0.0328652178674644,-0.0330721455215412,0.004));
#7641=CARTESIAN_POINT('',(0.0309480459802071,-0.0331017925094885,0.004));
#7642=CARTESIAN_POINT('',(0.0309480459802071,-0.0331017925094885,0.));
#7643=CARTESIAN_POINT('',(0.030866960201206,-0.0329847249160557,0.004));
#7644=CARTESIAN_POINT('',(0.030866960201206,-0.0329847249160557,0.));
#7645=CARTESIAN_POINT('',(0.0308183087338053,-0.0328306619359536,0.004));
#7646=CARTESIAN_POINT('',(0.0308183087338053,-0.0328306619359536,0.));
#7647=CARTESIAN_POINT('',(0.0308020915780052,-0.0326396035691823,0.004));
#7648=CARTESIAN_POINT('',(0.0308020915780052,-0.0326396035691823,0.));
#7649=CARTESIAN_POINT('',(0.0309480459802071,-0.0331017925094885,0.));
#7650=CARTESIAN_POINT('',(0.0308264173117054,-0.0329261911193393,0.));
#7651=CARTESIAN_POINT('',(0.0308020915780052,-0.0326396035691823,0.));
#7652=CARTESIAN_POINT('',(0.0309480459802071,-0.0331017925094885,0.004));
#7653=CARTESIAN_POINT('',(0.0308264173117054,-0.0329261911193393,0.004));
#7654=CARTESIAN_POINT('',(0.0308020915780052,-0.0326396035691823,0.004));
#7655=CARTESIAN_POINT('',(-0.00065469124820083,-0.000467636593384668,0.004));
#7656=CARTESIAN_POINT('',(0.0454461832656041,-0.031194502951547,0.004));
#7657=CARTESIAN_POINT('',(0.0454461832656041,-0.031194502951547,0.));
#7658=CARTESIAN_POINT('',(0.046102978075513,-0.031194502951547,0.));
#7659=CARTESIAN_POINT('',(0.0447893884556951,-0.031194502951547,0.));
#7660=CARTESIAN_POINT('',(0.046102978075513,-0.031194502951547,0.004));
#7661=CARTESIAN_POINT('',(0.046102978075513,-0.031194502951547,0.004));
#7662=CARTESIAN_POINT('',(0.0454461832656041,-0.031194502951547,0.004));
#7663=CARTESIAN_POINT('',(0.0447893884556951,-0.031194502951547,0.004));
#7664=CARTESIAN_POINT('',(0.0447893884556951,-0.031194502951547,0.004));
#7665=CARTESIAN_POINT('',(0.0457776213872711,-0.0294187243914229,0.004));
#7666=CARTESIAN_POINT('',(0.0457776213872711,-0.0294187243914229,0.));
#7667=CARTESIAN_POINT('',(0.0454522646990292,-0.0276429458312987,0.));
#7668=CARTESIAN_POINT('',(0.0454522646990292,-0.0276429458312987,0.004));
#7669=CARTESIAN_POINT('',(0.0454522646990292,-0.0276429458312987,0.004));
#7670=CARTESIAN_POINT('',(0.0457776213872711,-0.0294187243914229,0.004));
#7671=CARTESIAN_POINT('',(0.0468236279363853,-0.0300268677339312,0.004));
#7672=CARTESIAN_POINT('',(0.0476598250323342,-0.0339676365933846,0.004));
#7673=CARTESIAN_POINT('',(0.0476598250323342,-0.0339676365933846,0.004));
#7674=CARTESIAN_POINT('',(0.0468236279363853,-0.0300268677339312,0.004));
#7675=CARTESIAN_POINT('',(0.0459874308404364,-0.0260860988744776,0.004));
#7676=CARTESIAN_POINT('',(0.0459874308404364,-0.0260860988744776,0.004));
#7677=CARTESIAN_POINT('',(0.0471444235495584,-0.0339676365933846,0.004));
#7678=CARTESIAN_POINT('',(0.0466290220667826,-0.0339676365933846,0.004));
#7679=CARTESIAN_POINT('',(0.0466290220667826,-0.0339676365933846,0.004));
#7680=CARTESIAN_POINT('',(0.0471444235495584,-0.0339676365933846,0.004));
#7681=CARTESIAN_POINT('',(0.0464389772722488,-0.0329748425867399,0.004));
#7682=CARTESIAN_POINT('',(0.046248932477715,-0.0319820485800952,0.004));
#7683=CARTESIAN_POINT('',(0.046248932477715,-0.0319820485800952,0.004));
#7684=CARTESIAN_POINT('',(0.0464389772722488,-0.0329748425867399,0.004));
#7685=CARTESIAN_POINT('',(0.0454461832656041,-0.0319820485800952,0.004));
#7686=CARTESIAN_POINT('',(0.0446434340534932,-0.0319820485800952,0.004));
#7687=CARTESIAN_POINT('',(0.0446434340534932,-0.0319820485800952,0.004));
#7688=CARTESIAN_POINT('',(0.0454461832656041,-0.0319820485800952,0.004));
#7689=CARTESIAN_POINT('',(0.0444640317674532,-0.0329748425867399,0.004));
#7690=CARTESIAN_POINT('',(0.0442846294814133,-0.0339676365933846,0.004));
#7691=CARTESIAN_POINT('',(0.0442846294814133,-0.0339676365933846,0.004));
#7692=CARTESIAN_POINT('',(0.0444640317674532,-0.0329748425867399,0.004));
#7693=CARTESIAN_POINT('',(0.0437639067443906,-0.0339676365933846,0.004));
#7694=CARTESIAN_POINT('',(0.0432431840073679,-0.0339676365933846,0.004));
#7695=CARTESIAN_POINT('',(0.0432431840073679,-0.0339676365933846,0.004));
#7696=CARTESIAN_POINT('',(0.0437639067443906,-0.0339676365933846,0.004));
#7697=CARTESIAN_POINT('',(0.0440847023575637,-0.0300268677339312,0.004));
#7698=CARTESIAN_POINT('',(0.0449262207077595,-0.0260860988744776,0.004));
#7699=CARTESIAN_POINT('',(0.0449262207077595,-0.0260860988744776,0.004));
#7700=CARTESIAN_POINT('',(0.0440847023575637,-0.0300268677339312,0.004));
#7701=CARTESIAN_POINT('',(0.045456825774098,-0.0260860988744776,0.004));
#7702=CARTESIAN_POINT('',(0.045456825774098,-0.0260860988744776,0.004));
#7703=CARTESIAN_POINT('',(0.0451208265773622,-0.0294187243914229,0.004));
#7704=CARTESIAN_POINT('',(0.0451208265773622,-0.0294187243914229,0.));
#7705=CARTESIAN_POINT('',(0.0451208265773622,-0.0294187243914229,0.004));
#7706=CARTESIAN_POINT('',(-0.00065469124820083,-0.000467636593384668,0.004));
#7707=CARTESIAN_POINT('',(0.0159679550958724,-0.0311557338134621,0.004));
#7708=CARTESIAN_POINT('',(0.0159679550958724,-0.0339676365933846,0.004));
#7709=CARTESIAN_POINT('',(0.0159679550958724,-0.0339676365933846,0.004));
#7710=CARTESIAN_POINT('',(0.0159679550958724,-0.0311557338134621,0.004));
#7711=CARTESIAN_POINT('',(0.0159679550958724,-0.0283438310335395,0.004));
#7712=CARTESIAN_POINT('',(0.0159679550958724,-0.0283438310335395,0.004));
#7713=CARTESIAN_POINT('',(0.0154472323588496,-0.0339676365933846,0.004));
#7714=CARTESIAN_POINT('',(0.0149265096218269,-0.0339676365933846,0.004));
#7715=CARTESIAN_POINT('',(0.0149265096218269,-0.0339676365933846,0.004));
#7716=CARTESIAN_POINT('',(0.0154472323588496,-0.0339676365933846,0.004));
#7717=CARTESIAN_POINT('',(0.0149265096218269,-0.0319143926332412,0.004));
#7718=CARTESIAN_POINT('',(0.0149265096218269,-0.0298611486730976,0.004));
#7719=CARTESIAN_POINT('',(0.0149265096218269,-0.0298611486730976,0.004));
#7720=CARTESIAN_POINT('',(0.0149265096218269,-0.0319143926332412,0.004));
#7721=CARTESIAN_POINT('',(0.0145327368075528,-0.0294286067207386,0.004));
#7722=CARTESIAN_POINT('',(0.0145327368075528,-0.0294286067207386,0.));
#7723=CARTESIAN_POINT('',(0.0146655147706671,-0.0295031042801959,0.004));
#7724=CARTESIAN_POINT('',(0.0146655147706671,-0.0295031042801959,0.));
#7725=CARTESIAN_POINT('',(0.0147967723754252,-0.0296472849309822,0.004));
#7726=CARTESIAN_POINT('',(0.0147967723754252,-0.0296472849309822,0.));
#7727=CARTESIAN_POINT('',(0.0149265096218269,-0.0298611486730976,0.004));
#7728=CARTESIAN_POINT('',(0.0149265096218269,-0.0298611486730976,0.));
#7729=CARTESIAN_POINT('',(0.0145327368075528,-0.0294286067207386,0.004));
#7730=CARTESIAN_POINT('',(0.0145327368075528,-0.0294286067207386,0.004));
#7731=CARTESIAN_POINT('',(0.0145327368075528,-0.0294286067207386,0.004));
#7732=CARTESIAN_POINT('',(0.0147319037522243,-0.0295403530599245,0.004));
#7733=CARTESIAN_POINT('',(0.0149265096218269,-0.0298611486730976,0.004));
#7734=CARTESIAN_POINT('',(0.0141026121729122,-0.0302051823241587,0.004));
#7735=CARTESIAN_POINT('',(0.0140903125258781,-0.0293168603815528,0.004));
#7736=CARTESIAN_POINT('',(0.0140903153767541,-0.0293170662814198,0.004));
#7737=CARTESIAN_POINT('',(0.0141026121729122,-0.0302051823241587,0.004));
#7738=CARTESIAN_POINT('',(0.0140898171843352,-0.03070129114782,0.004));
#7739=CARTESIAN_POINT('',(0.0137839603170895,-0.0293510684445688,0.004));
#7740=CARTESIAN_POINT('',(0.0137839812703643,-0.0293511652204323,0.004));
#7741=CARTESIAN_POINT('',(0.0140899425006107,-0.0307026001701565,0.004));
#7742=CARTESIAN_POINT('',(0.0141344337270854,-0.0309702129647271,0.004));
#7743=CARTESIAN_POINT('',(0.0135156170672078,-0.0294337005442598,0.004));
#7744=CARTESIAN_POINT('',(0.0135156170672078,-0.0294337005442598,0.004));
#7745=CARTESIAN_POINT('',(0.0141344337270854,-0.0309702129647271,0.004));
#7746=CARTESIAN_POINT('',(0.0135156170672078,-0.0288592325163152,0.004));
#7747=CARTESIAN_POINT('',(0.0135156170672078,-0.0282846765554405,0.004));
#7748=CARTESIAN_POINT('',(0.0135156170672078,-0.0282846765554405,0.004));
#7749=CARTESIAN_POINT('',(0.0135156170672078,-0.0288592325163152,0.004));
#7750=CARTESIAN_POINT('',(0.0136298938854272,-0.0289493406958244,0.004));
#7751=CARTESIAN_POINT('',(0.0136091191061184,-0.0282754149075073,0.004));
#7752=CARTESIAN_POINT('',(0.0136091164782167,-0.0282753296593941,0.00399999975));
#7753=CARTESIAN_POINT('',(0.0136298938854272,-0.0289493406958244,0.004));
#7754=CARTESIAN_POINT('',(0.0136442773931072,-0.0282754149075073,0.004));
#7755=CARTESIAN_POINT('',(0.0136813361280413,-0.0282754149075073,0.004));
#7756=CARTESIAN_POINT('',(0.0136813361280413,-0.0282754149075073,0.004));
#7757=CARTESIAN_POINT('',(0.0136442773931072,-0.0282754149075073,0.004));
#7758=CARTESIAN_POINT('',(0.0143046830541122,-0.0284502561184785,0.004));
#7759=CARTESIAN_POINT('',(0.0143046830541122,-0.0284502561184785,0.));
#7760=CARTESIAN_POINT('',(0.0140969007454219,-0.0283336953111644,0.004));
#7761=CARTESIAN_POINT('',(0.0140969007454219,-0.0283336953111644,0.));
#7762=CARTESIAN_POINT('',(0.0138891184367316,-0.0282754149075073,0.004));
#7763=CARTESIAN_POINT('',(0.0138891184367316,-0.0282754149075073,0.));
#7764=CARTESIAN_POINT('',(0.0136813361280413,-0.0282754149075073,0.004));
#7765=CARTESIAN_POINT('',(0.0136813361280413,-0.0282754149075073,0.));
#7766=CARTESIAN_POINT('',(0.0143046830541122,-0.0284502561184785,0.004));
#7767=CARTESIAN_POINT('',(0.0143046830541122,-0.0284502561184785,0.004));
#7768=CARTESIAN_POINT('',(0.0143046830541122,-0.0284502561184785,0.004));
#7769=CARTESIAN_POINT('',(0.0139930095910768,-0.0282754149075073,0.004));
#7770=CARTESIAN_POINT('',(0.0136813361280413,-0.0282754149075073,0.004));
#7771=CARTESIAN_POINT('',(0.0149265096218269,-0.0291420191705816,0.004));
#7772=CARTESIAN_POINT('',(0.0149265096218269,-0.0291420191705816,0.));
#7773=CARTESIAN_POINT('',(0.0147197408853741,-0.0287974046098269,0.004));
#7774=CARTESIAN_POINT('',(0.0147197408853741,-0.0287974046098269,0.));
#7775=CARTESIAN_POINT('',(0.0145124653628026,-0.0285668169257925,0.004));
#7776=CARTESIAN_POINT('',(0.0145124653628026,-0.0285668169257925,0.));
#7777=CARTESIAN_POINT('',(0.0143046830541122,-0.0284502561184785,0.004));
#7778=CARTESIAN_POINT('',(0.0143046830541122,-0.0284502561184785,0.));
#7779=CARTESIAN_POINT('',(0.0149265096218269,-0.0291420191705816,0.004));
#7780=CARTESIAN_POINT('',(0.0149265096218269,-0.0291420191705816,0.004));
#7781=CARTESIAN_POINT('',(0.0149265096218269,-0.0291420191705816,0.004));
#7782=CARTESIAN_POINT('',(0.0146163565171477,-0.0286250973294496,0.004));
#7783=CARTESIAN_POINT('',(0.0143046830541122,-0.0284502561184785,0.004));
#7784=CARTESIAN_POINT('',(0.0149265096218269,-0.0287429251020606,0.004));
#7785=CARTESIAN_POINT('',(0.0149265096218269,-0.0283438310335395,0.004));
#7786=CARTESIAN_POINT('',(0.0149265096218269,-0.0283438310335395,0.004));
#7787=CARTESIAN_POINT('',(0.0149265096218269,-0.0287429251020606,0.004));
#7788=CARTESIAN_POINT('',(0.0154472323588496,-0.0283438310335395,0.004));
#7789=CARTESIAN_POINT('',(0.0154472323588496,-0.0283438310335395,0.004));
#7790=CARTESIAN_POINT('',(-0.00065469124820083,-0.000467636593384668,0.004));
#7791=CARTESIAN_POINT('',(0.0230817118448628,-0.0340558173780484,0.004));
#7792=CARTESIAN_POINT('',(0.0230817118448628,-0.0340558173780484,0.));
#7793=CARTESIAN_POINT('',(0.0236391765754953,-0.0340558173780484,0.004));
#7794=CARTESIAN_POINT('',(0.0236391765754953,-0.0340558173780484,0.));
#7795=CARTESIAN_POINT('',(0.0240719719209137,-0.0339390031776749,0.004));
#7796=CARTESIAN_POINT('',(0.0240719719209137,-0.0339390031776749,0.));
#7797=CARTESIAN_POINT('',(0.0243800978811179,-0.033705374776928,0.004));
#7798=CARTESIAN_POINT('',(0.0243800978811179,-0.033705374776928,0.));
#7799=CARTESIAN_POINT('',(0.0230817118448628,-0.0340558173780484,0.004));
#7800=CARTESIAN_POINT('',(0.0230817118448628,-0.0340558173780484,0.004));
#7801=CARTESIAN_POINT('',(0.0230817118448628,-0.0340558173780484,0.004));
#7802=CARTESIAN_POINT('',(0.0239179089408116,-0.0340558173780484,0.004));
#7803=CARTESIAN_POINT('',(0.0243800978811179,-0.033705374776928,0.004));
#7804=CARTESIAN_POINT('',(0.0243800978811179,-0.033705374776928,0.004));
#7805=CARTESIAN_POINT('',(0.0243800978811179,-0.033705374776928,0.004));
#7806=CARTESIAN_POINT('',(0.0218745473099839,-0.0337487049900817,0.004));
#7807=CARTESIAN_POINT('',(0.0218745473099839,-0.0337487049900817,0.));
#7808=CARTESIAN_POINT('',(0.0221603746809627,-0.0339534465820595,0.004));
#7809=CARTESIAN_POINT('',(0.0221603746809627,-0.0339534465820595,0.));
#7810=CARTESIAN_POINT('',(0.0225627628592557,-0.0340558173780484,0.004));
#7811=CARTESIAN_POINT('',(0.0225627628592557,-0.0340558173780484,0.));
#7812=CARTESIAN_POINT('',(0.0230817118448628,-0.0340558173780484,0.004));
#7813=CARTESIAN_POINT('',(0.0230817118448628,-0.0340558173780484,0.));
#7814=CARTESIAN_POINT('',(0.0218745473099839,-0.0337487049900817,0.004));
#7815=CARTESIAN_POINT('',(0.0218745473099839,-0.0337487049900817,0.004));
#7816=CARTESIAN_POINT('',(0.0218745473099839,-0.0337487049900817,0.004));
#7817=CARTESIAN_POINT('',(0.0223032883664522,-0.0340558173780484,0.004));
#7818=CARTESIAN_POINT('',(0.0230817118448628,-0.0340558173780484,0.004));
#7819=CARTESIAN_POINT('',(0.0212709650425444,-0.0328919830563232,0.004));
#7820=CARTESIAN_POINT('',(0.0212709650425444,-0.0328919830563232,0.));
#7821=CARTESIAN_POINT('',(0.0213875258498585,-0.0332583894201844,0.004));
#7822=CARTESIAN_POINT('',(0.0213875258498585,-0.0332583894201844,0.));
#7823=CARTESIAN_POINT('',(0.021588719939005,-0.0335439633981039,0.004));
#7824=CARTESIAN_POINT('',(0.021588719939005,-0.0335439633981039,0.));
#7825=CARTESIAN_POINT('',(0.0218745473099839,-0.0337487049900817,0.004));
#7826=CARTESIAN_POINT('',(0.0218745473099839,-0.0337487049900817,0.));
#7827=CARTESIAN_POINT('',(0.0212709650425444,-0.0328919830563232,0.004));
#7828=CARTESIAN_POINT('',(0.0212709650425444,-0.0328919830563232,0.004));
#7829=CARTESIAN_POINT('',(0.0212709650425444,-0.0328919830563232,0.004));
#7830=CARTESIAN_POINT('',(0.0214458062535155,-0.033441592602115,0.004));
#7831=CARTESIAN_POINT('',(0.0218745473099839,-0.0337487049900817,0.004));
#7832=CARTESIAN_POINT('',(0.0210961238315732,-0.0316232440080153,0.004));
#7833=CARTESIAN_POINT('',(0.0210961238315732,-0.0316232440080153,0.));
#7834=CARTESIAN_POINT('',(0.0210961238315732,-0.0321026636763593,0.004));
#7835=CARTESIAN_POINT('',(0.0210961238315732,-0.0321026636763593,0.));
#7836=CARTESIAN_POINT('',(0.0211544042352303,-0.032525576692462,0.004));
#7837=CARTESIAN_POINT('',(0.0211544042352303,-0.032525576692462,0.));
#7838=CARTESIAN_POINT('',(0.0212709650425444,-0.0328919830563232,0.004));
#7839=CARTESIAN_POINT('',(0.0212709650425444,-0.0328919830563232,0.));
#7840=CARTESIAN_POINT('',(0.0210961238315732,-0.0316232440080153,0.004));
#7841=CARTESIAN_POINT('',(0.0210961238315732,-0.0316232440080153,0.004));
#7842=CARTESIAN_POINT('',(0.0210961238315732,-0.0316232440080153,0.004));
#7843=CARTESIAN_POINT('',(0.0210961238315732,-0.0323423735105313,0.004));
#7844=CARTESIAN_POINT('',(0.0212709650425444,-0.0328919830563232,0.004));
#7845=CARTESIAN_POINT('',(0.0210961238315732,-0.0313313352036113,0.004));
#7846=CARTESIAN_POINT('',(0.0210961238315732,-0.0310394263992074,0.004));
#7847=CARTESIAN_POINT('',(0.0210961238315732,-0.0310394263992074,0.004));
#7848=CARTESIAN_POINT('',(0.0210961238315732,-0.0313313352036113,0.004));
#7849=CARTESIAN_POINT('',(0.0216168465685959,-0.0310394263992074,0.004));
#7850=CARTESIAN_POINT('',(0.0221375693056187,-0.0310394263992074,0.004));
#7851=CARTESIAN_POINT('',(0.0221375693056187,-0.0310394263992074,0.004));
#7852=CARTESIAN_POINT('',(0.0216168465685959,-0.0310394263992074,0.004));
#7853=CARTESIAN_POINT('',(0.0221375693056187,-0.0313313352036113,0.004));
#7854=CARTESIAN_POINT('',(0.0221375693056187,-0.0316232440080153,0.004));
#7855=CARTESIAN_POINT('',(0.0221378771585371,-0.0316232469719167,0.004));
#7856=CARTESIAN_POINT('',(0.0221375693056187,-0.0313313352036113,0.004));
#7857=CARTESIAN_POINT('',(0.0282055911368373,-0.0316816648227417,0.004));
#7858=CARTESIAN_POINT('',(0.0221862207730193,-0.0324404366245108,0.004));
#7859=CARTESIAN_POINT('',(0.0221862207730193,-0.0324404366245108,0.004));
#7860=CARTESIAN_POINT('',(0.0282055911368373,-0.0316816648227417,0.004));
#7861=CARTESIAN_POINT('',(0.0224294781100226,-0.0329900461703027,0.004));
#7862=CARTESIAN_POINT('',(0.0224294781100226,-0.0329900461703027,0.));
#7863=CARTESIAN_POINT('',(0.0222997408636209,-0.0328572682071884,0.004));
#7864=CARTESIAN_POINT('',(0.0222997408636209,-0.0328572682071884,0.));
#7865=CARTESIAN_POINT('',(0.0222186550846198,-0.0326740650252577,0.004));
#7866=CARTESIAN_POINT('',(0.0222186550846198,-0.0326740650252577,0.));
#7867=CARTESIAN_POINT('',(0.0221862207730193,-0.0324404366245108,0.004));
#7868=CARTESIAN_POINT('',(0.0221862207730193,-0.0324404366245108,0.));
#7869=CARTESIAN_POINT('',(0.0224294781100226,-0.0329900461703027,0.004));
#7870=CARTESIAN_POINT('',(0.0224294781100226,-0.0329900461703027,0.004));
#7871=CARTESIAN_POINT('',(0.0224294781100226,-0.0329900461703027,0.004));
#7872=CARTESIAN_POINT('',(0.02223487224042,-0.0327908792256312,0.004));
#7873=CARTESIAN_POINT('',(0.0221862207730193,-0.0324404366245108,0.004));
#7874=CARTESIAN_POINT('',(0.0230710693363688,-0.0331892131149741,0.004));
#7875=CARTESIAN_POINT('',(0.0230710693363688,-0.0331892131149741,0.));
#7876=CARTESIAN_POINT('',(0.0227730790985398,-0.0331892131149741,0.004));
#7877=CARTESIAN_POINT('',(0.0227730790985398,-0.0331892131149741,0.));
#7878=CARTESIAN_POINT('',(0.0225592153564244,-0.033122824133417,0.004));
#7879=CARTESIAN_POINT('',(0.0225592153564244,-0.033122824133417,0.));
#7880=CARTESIAN_POINT('',(0.0224294781100226,-0.0329900461703027,0.004));
#7881=CARTESIAN_POINT('',(0.0224294781100226,-0.0329900461703027,0.));
#7882=CARTESIAN_POINT('',(0.0230710693363688,-0.0331892131149741,0.004));
#7883=CARTESIAN_POINT('',(0.0230710693363688,-0.0331892131149741,0.004));
#7884=CARTESIAN_POINT('',(0.0230710693363688,-0.0331892131149741,0.004));
#7885=CARTESIAN_POINT('',(0.0226240839796253,-0.0331892131149741,0.004));
#7886=CARTESIAN_POINT('',(0.0224294781100226,-0.0329900461703027,0.004));
#7887=CARTESIAN_POINT('',(0.0236746516038083,-0.0330432587127721,0.004));
#7888=CARTESIAN_POINT('',(0.0236746516038083,-0.0330432587127721,0.));
#7889=CARTESIAN_POINT('',(0.0235256564848938,-0.0331405616475734,0.004));
#7890=CARTESIAN_POINT('',(0.0235256564848938,-0.0331405616475734,0.));
#7891=CARTESIAN_POINT('',(0.0233244623957473,-0.0331892131149741,0.004));
#7892=CARTESIAN_POINT('',(0.0233244623957473,-0.0331892131149741,0.));
#7893=CARTESIAN_POINT('',(0.0230710693363688,-0.0331892131149741,0.004));
#7894=CARTESIAN_POINT('',(0.0230710693363688,-0.0331892131149741,0.));
#7895=CARTESIAN_POINT('',(0.0236746516038083,-0.0330432587127721,0.004));
#7896=CARTESIAN_POINT('',(0.0236746516038083,-0.0330432587127721,0.004));
#7897=CARTESIAN_POINT('',(0.0236746516038083,-0.0330432587127721,0.004));
#7898=CARTESIAN_POINT('',(0.0234511589254365,-0.0331892131149741,0.004));
#7899=CARTESIAN_POINT('',(0.0230710693363688,-0.0331892131149741,0.004));
#7900=CARTESIAN_POINT('',(0.0239954472169814,-0.0325521829636967,0.004));
#7901=CARTESIAN_POINT('',(0.0239954472169814,-0.0325521829636967,0.));
#7902=CARTESIAN_POINT('',(0.0239305785937805,-0.0327822638616123,0.004));
#7903=CARTESIAN_POINT('',(0.0239305785937805,-0.0327822638616123,0.));
#7904=CARTESIAN_POINT('',(0.0238236467227228,-0.0329459557779708,0.004));
#7905=CARTESIAN_POINT('',(0.0238236467227228,-0.0329459557779708,0.));
#7906=CARTESIAN_POINT('',(0.0236746516038083,-0.0330432587127721,0.004));
#7907=CARTESIAN_POINT('',(0.0236746516038083,-0.0330432587127721,0.));
#7908=CARTESIAN_POINT('',(0.0239954472169814,-0.0325521829636967,0.004));
#7909=CARTESIAN_POINT('',(0.0239954472169814,-0.0325521829636967,0.004));
#7910=CARTESIAN_POINT('',(0.0239954472169814,-0.0325521829636967,0.004));
#7911=CARTESIAN_POINT('',(0.0238981442821801,-0.0328973043105701,0.004));
#7912=CARTESIAN_POINT('',(0.0236746516038083,-0.0330432587127721,0.004));
#7913=CARTESIAN_POINT('',(0.0240927501517828,-0.0316126014995214,0.004));
#7914=CARTESIAN_POINT('',(0.0240927501517828,-0.0316126014995214,0.));
#7915=CARTESIAN_POINT('',(0.0240927501517828,-0.0320089082443893,0.004));
#7916=CARTESIAN_POINT('',(0.0240927501517828,-0.0320089082443893,0.));
#7917=CARTESIAN_POINT('',(0.0240603158401823,-0.0323221020657811,0.004));
#7918=CARTESIAN_POINT('',(0.0240603158401823,-0.0323221020657811,0.));
#7919=CARTESIAN_POINT('',(0.0239954472169814,-0.0325521829636967,0.004));
#7920=CARTESIAN_POINT('',(0.0239954472169814,-0.0325521829636967,0.));
#7921=CARTESIAN_POINT('',(0.0240927501517828,-0.0316126014995214,0.004));
#7922=CARTESIAN_POINT('',(0.0240927501517828,-0.0316126014995214,0.004));
#7923=CARTESIAN_POINT('',(0.0240927501517828,-0.0316126014995214,0.004));
#7924=CARTESIAN_POINT('',(0.0240927501517828,-0.0322070616168233,0.004));
#7925=CARTESIAN_POINT('',(0.0239954472169814,-0.0325521829636967,0.004));
#7926=CARTESIAN_POINT('',(0.0240927501517828,-0.0300511934676314,0.004));
#7927=CARTESIAN_POINT('',(0.0240927501517828,-0.0284897854357415,0.004));
#7928=CARTESIAN_POINT('',(0.0240923549307051,-0.0284897807437562,0.004));
#7929=CARTESIAN_POINT('',(0.0240927501517828,-0.0300511934676314,0.004));
#7930=CARTESIAN_POINT('',(0.0189987843163448,-0.0284293108953082,0.004));
#7931=CARTESIAN_POINT('',(0.0240296552799975,-0.02763838475623,0.004));
#7932=CARTESIAN_POINT('',(0.0240296552799975,-0.02763838475623,0.004));
#7933=CARTESIAN_POINT('',(0.0189987843163448,-0.0284293108953082,0.004));
#7934=CARTESIAN_POINT('',(0.0237521898799781,-0.0270735716268754,0.004));
#7935=CARTESIAN_POINT('',(0.0237521898799781,-0.0270735716268754,0.));
#7936=CARTESIAN_POINT('',(0.0238951035654675,-0.0272068563761084,0.004));
#7937=CARTESIAN_POINT('',(0.0238951035654675,-0.0272068563761084,0.));
#7938=CARTESIAN_POINT('',(0.0239875920321407,-0.0273951274192266,0.004));
#7939=CARTESIAN_POINT('',(0.0239875920321407,-0.0273951274192266,0.));
#7940=CARTESIAN_POINT('',(0.0240296552799975,-0.02763838475623,0.004));
#7941=CARTESIAN_POINT('',(0.0240296552799975,-0.02763838475623,0.));
#7942=CARTESIAN_POINT('',(0.0237521898799781,-0.0270735716268754,0.004));
#7943=CARTESIAN_POINT('',(0.0237521898799781,-0.0270735716268754,0.004));
#7944=CARTESIAN_POINT('',(0.0237521898799781,-0.0270735716268754,0.004));
#7945=CARTESIAN_POINT('',(0.0239665604082123,-0.0272734987507249,0.004));
#7946=CARTESIAN_POINT('',(0.0240296552799975,-0.02763838475623,0.004));
#7947=CARTESIAN_POINT('',(0.0230710693363688,-0.0268736445030258,0.004));
#7948=CARTESIAN_POINT('',(0.0230710693363688,-0.0268736445030258,0.));
#7949=CARTESIAN_POINT('',(0.0233822360132856,-0.0268736445030258,0.004));
#7950=CARTESIAN_POINT('',(0.0233822360132856,-0.0268736445030258,0.));
#7951=CARTESIAN_POINT('',(0.0236092761944887,-0.0269402868776423,0.004));
#7952=CARTESIAN_POINT('',(0.0236092761944887,-0.0269402868776423,0.));
#7953=CARTESIAN_POINT('',(0.0237521898799781,-0.0270735716268754,0.004));
#7954=CARTESIAN_POINT('',(0.0237521898799781,-0.0270735716268754,0.));
#7955=CARTESIAN_POINT('',(0.0230710693363688,-0.0268736445030258,0.004));
#7956=CARTESIAN_POINT('',(0.0230710693363688,-0.0268736445030258,0.004));
#7957=CARTESIAN_POINT('',(0.0230710693363688,-0.0268736445030258,0.004));
#7958=CARTESIAN_POINT('',(0.0235378193517439,-0.0268736445030258,0.004));
#7959=CARTESIAN_POINT('',(0.0237521898799781,-0.0270735716268754,0.004));
#7960=CARTESIAN_POINT('',(0.0224188356015287,-0.0270591282224908,0.004));
#7961=CARTESIAN_POINT('',(0.0224188356015287,-0.0270591282224908,0.));
#7962=CARTESIAN_POINT('',(0.0225485728479305,-0.0269354724095141,0.004));
#7963=CARTESIAN_POINT('',(0.0225485728479305,-0.0269354724095141,0.));
#7964=CARTESIAN_POINT('',(0.0227659840928772,-0.0268736445030258,0.004));
#7965=CARTESIAN_POINT('',(0.0227659840928772,-0.0268736445030258,0.));
#7966=CARTESIAN_POINT('',(0.0230710693363688,-0.0268736445030258,0.004));
#7967=CARTESIAN_POINT('',(0.0230710693363688,-0.0268736445030258,0.));
#7968=CARTESIAN_POINT('',(0.0224188356015287,-0.0270591282224908,0.004));
#7969=CARTESIAN_POINT('',(0.0224188356015287,-0.0270591282224908,0.004));
#7970=CARTESIAN_POINT('',(0.0224188356015287,-0.0270591282224908,0.004));
#7971=CARTESIAN_POINT('',(0.0226134414711314,-0.0268736445030258,0.004));
#7972=CARTESIAN_POINT('',(0.0230710693363688,-0.0268736445030258,0.004));
#7973=CARTESIAN_POINT('',(0.0221808995187724,-0.0275798509595135,0.004));
#7974=CARTESIAN_POINT('',(0.0221808995187724,-0.0275798509595135,0.));
#7975=CARTESIAN_POINT('',(0.0222097863275415,-0.0273563582811417,0.004));
#7976=CARTESIAN_POINT('',(0.0222097863275415,-0.0273563582811417,0.));
#7977=CARTESIAN_POINT('',(0.022289098355127,-0.0271827840354675,0.004));
#7978=CARTESIAN_POINT('',(0.022289098355127,-0.0271827840354675,0.));
#7979=CARTESIAN_POINT('',(0.0224188356015287,-0.0270591282224908,0.004));
#7980=CARTESIAN_POINT('',(0.0224188356015287,-0.0270591282224908,0.));
#7981=CARTESIAN_POINT('',(0.0221808995187724,-0.0275798509595135,0.004));
#7982=CARTESIAN_POINT('',(0.0221808995187724,-0.0275798509595135,0.004));
#7983=CARTESIAN_POINT('',(0.0221808995187724,-0.0275798509595135,0.004));
#7984=CARTESIAN_POINT('',(0.0222242297319261,-0.0272446119419558,0.004));
#7985=CARTESIAN_POINT('',(0.0224188356015287,-0.0270591282224908,0.004));
#7986=CARTESIAN_POINT('',(0.0282796828849506,-0.0283009260299463,0.004));
#7987=CARTESIAN_POINT('',(0.0221375693056187,-0.0283529531836772,0.004));
#7988=CARTESIAN_POINT('',(0.0221378243290598,-0.0283529510234853,0.00399999975));
#7989=CARTESIAN_POINT('',(0.0282796828849506,-0.0283009260299463,0.004));
#7990=CARTESIAN_POINT('',(0.0221375693056187,-0.0286304185836966,0.004));
#7991=CARTESIAN_POINT('',(0.0221375693056187,-0.0289078839837159,0.004));
#7992=CARTESIAN_POINT('',(0.0221375693056187,-0.0289078839837159,0.004));
#7993=CARTESIAN_POINT('',(0.0221375693056187,-0.0286304185836966,0.004));
#7994=CARTESIAN_POINT('',(0.0216168465685959,-0.0289078839837159,0.004));
#7995=CARTESIAN_POINT('',(0.0210961238315732,-0.0289078839837159,0.004));
#7996=CARTESIAN_POINT('',(0.0210961238315732,-0.0289078839837159,0.004));
#7997=CARTESIAN_POINT('',(0.0216168465685959,-0.0289078839837159,0.004));
#7998=CARTESIAN_POINT('',(0.0210961238315732,-0.0285962105206805,0.004));
#7999=CARTESIAN_POINT('',(0.0210961238315732,-0.0282845370576449,0.004));
#8000=CARTESIAN_POINT('',(0.0210961238315732,-0.0282845370576449,0.004));
#8001=CARTESIAN_POINT('',(0.0210961238315732,-0.0285962105206805,0.004));
#8002=CARTESIAN_POINT('',(0.0212861686261071,-0.0270690105518065,0.004));
#8003=CARTESIAN_POINT('',(0.0212861686261071,-0.0270690105518065,0.));
#8004=CARTESIAN_POINT('',(0.0211594720964179,-0.0274060233207799,0.004));
#8005=CARTESIAN_POINT('',(0.0211594720964179,-0.0274060233207799,0.));
#8006=CARTESIAN_POINT('',(0.0210961238315732,-0.027811198822726,0.004));
#8007=CARTESIAN_POINT('',(0.0210961238315732,-0.027811198822726,0.));
#8008=CARTESIAN_POINT('',(0.0210961238315732,-0.0282845370576449,0.004));
#8009=CARTESIAN_POINT('',(0.0210961238315732,-0.0282845370576449,0.));
#8010=CARTESIAN_POINT('',(0.0212861686261071,-0.0270690105518065,0.004));
#8011=CARTESIAN_POINT('',(0.0212861686261071,-0.0270690105518065,0.004));
#8012=CARTESIAN_POINT('',(0.0212861686261071,-0.0270690105518065,0.004));
#8013=CARTESIAN_POINT('',(0.0210961238315732,-0.0275745297052666,0.004));
#8014=CARTESIAN_POINT('',(0.0210961238315732,-0.0282845370576449,0.004));
#8015=CARTESIAN_POINT('',(0.0219087553729999,-0.026290587073396,0.004));
#8016=CARTESIAN_POINT('',(0.0219087553729999,-0.026290587073396,0.));
#8017=CARTESIAN_POINT('',(0.0216203940714273,-0.0264725232900297,0.004));
#8018=CARTESIAN_POINT('',(0.0216203940714273,-0.0264725232900297,0.));
#8019=CARTESIAN_POINT('',(0.0214128651557963,-0.0267319977828333,0.004));
#8020=CARTESIAN_POINT('',(0.0214128651557963,-0.0267319977828333,0.));
#8021=CARTESIAN_POINT('',(0.0212861686261071,-0.0270690105518065,0.004));
#8022=CARTESIAN_POINT('',(0.0212861686261071,-0.0270690105518065,0.));
#8023=CARTESIAN_POINT('',(0.0219087553729999,-0.026290587073396,0.004));
#8024=CARTESIAN_POINT('',(0.0219087553729999,-0.026290587073396,0.004));
#8025=CARTESIAN_POINT('',(0.0219087553729999,-0.026290587073396,0.004));
#8026=CARTESIAN_POINT('',(0.021476213420641,-0.0265634913983466,0.004));
#8027=CARTESIAN_POINT('',(0.0212861686261071,-0.0270690105518065,0.004));
#8028=CARTESIAN_POINT('',(0.0230817118448628,-0.0260176827484454,0.004));
#8029=CARTESIAN_POINT('',(0.0230817118448628,-0.0260176827484454,0.));
#8030=CARTESIAN_POINT('',(0.0225881021651936,-0.0260176827484454,0.004));
#8031=CARTESIAN_POINT('',(0.0225881021651936,-0.0260176827484454,0.));
#8032=CARTESIAN_POINT('',(0.0221971166745726,-0.0261086508567623,0.004));
#8033=CARTESIAN_POINT('',(0.0221971166745726,-0.0261086508567623,0.));
#8034=CARTESIAN_POINT('',(0.0219087553729999,-0.026290587073396,0.004));
#8035=CARTESIAN_POINT('',(0.0219087553729999,-0.026290587073396,0.));
#8036=CARTESIAN_POINT('',(0.0230817118448628,-0.0260176827484454,0.004));
#8037=CARTESIAN_POINT('',(0.0230817118448628,-0.0260176827484454,0.004));
#8038=CARTESIAN_POINT('',(0.0230817118448628,-0.0260176827484454,0.004));
#8039=CARTESIAN_POINT('',(0.022341297325359,-0.0260176827484454,0.004));
#8040=CARTESIAN_POINT('',(0.0219087553729999,-0.026290587073396,0.004));
#8041=CARTESIAN_POINT('',(0.0243800978811179,-0.0263437996158654,0.004));
#8042=CARTESIAN_POINT('',(0.0243800978811179,-0.0263437996158654,0.));
#8043=CARTESIAN_POINT('',(0.0240719719209137,-0.0261263883709188,0.004));
#8044=CARTESIAN_POINT('',(0.0240719719209137,-0.0261263883709188,0.));
#8045=CARTESIAN_POINT('',(0.0236391765754953,-0.0260176827484454,0.004));
#8046=CARTESIAN_POINT('',(0.0236391765754953,-0.0260176827484454,0.));
#8047=CARTESIAN_POINT('',(0.0230817118448628,-0.0260176827484454,0.004));
#8048=CARTESIAN_POINT('',(0.0230817118448628,-0.0260176827484454,0.));
#8049=CARTESIAN_POINT('',(0.0243800978811179,-0.0263437996158654,0.004));
#8050=CARTESIAN_POINT('',(0.0243800978811179,-0.0263437996158654,0.004));
#8051=CARTESIAN_POINT('',(0.0243800978811179,-0.0263437996158654,0.004));
#8052=CARTESIAN_POINT('',(0.0239179089408116,-0.0260176827484454,0.004));
#8053=CARTESIAN_POINT('',(0.0230817118448628,-0.0260176827484454,0.004));
#8054=CARTESIAN_POINT('',(0.0250224492866423,-0.0272636164214092,0.004));
#8055=CARTESIAN_POINT('',(0.0250224492866423,-0.0272636164214092,0.));
#8056=CARTESIAN_POINT('',(0.0249023409764969,-0.0268678164626601,0.004));
#8057=CARTESIAN_POINT('',(0.0249023409764969,-0.0268678164626601,0.));
#8058=CARTESIAN_POINT('',(0.0246882238413221,-0.0265612108608122,0.004));
#8059=CARTESIAN_POINT('',(0.0246882238413221,-0.0265612108608122,0.));
#8060=CARTESIAN_POINT('',(0.0243800978811179,-0.0263437996158654,0.004));
#8061=CARTESIAN_POINT('',(0.0243800978811179,-0.0263437996158654,0.));
#8062=CARTESIAN_POINT('',(0.0250224492866423,-0.0272636164214092,0.004));
#8063=CARTESIAN_POINT('',(0.0250224492866423,-0.0272636164214092,0.004));
#8064=CARTESIAN_POINT('',(0.0250224492866423,-0.0272636164214092,0.004));
#8065=CARTESIAN_POINT('',(0.0248422868214241,-0.0266699164832855,0.004));
#8066=CARTESIAN_POINT('',(0.0243800978811179,-0.0263437996158654,0.004));
#8067=CARTESIAN_POINT('',(0.0252026117518603,-0.028655504496575,0.004));
#8068=CARTESIAN_POINT('',(0.0252026117518603,-0.028655504496575,0.));
#8069=CARTESIAN_POINT('',(0.0252026117518603,-0.0281233790718803,0.004));
#8070=CARTESIAN_POINT('',(0.0252026117518603,-0.0281233790718803,0.));
#8071=CARTESIAN_POINT('',(0.0251425575967876,-0.0276594163801583,0.004));
#8072=CARTESIAN_POINT('',(0.0251425575967876,-0.0276594163801583,0.));
#8073=CARTESIAN_POINT('',(0.0250224492866423,-0.0272636164214092,0.004));
#8074=CARTESIAN_POINT('',(0.0250224492866423,-0.0272636164214092,0.));
#8075=CARTESIAN_POINT('',(0.0252026117518603,-0.028655504496575,0.004));
#8076=CARTESIAN_POINT('',(0.0252026117518603,-0.028655504496575,0.004));
#8077=CARTESIAN_POINT('',(0.0252026117518603,-0.028655504496575,0.004));
#8078=CARTESIAN_POINT('',(0.0252026117518603,-0.0278573163595329,0.004));
#8079=CARTESIAN_POINT('',(0.0250224492866423,-0.0272636164214092,0.004));
#8080=CARTESIAN_POINT('',(0.0252026117518603,-0.0300466323925626,0.004));
#8081=CARTESIAN_POINT('',(0.0252026117518603,-0.0314377602885503,0.004));
#8082=CARTESIAN_POINT('',(0.0252026117518603,-0.0314377602885503,0.004));
#8083=CARTESIAN_POINT('',(0.0252026117518603,-0.0300466323925626,0.004));
#8084=CARTESIAN_POINT('',(0.0250224492866423,-0.0327612322376839,0.004));
#8085=CARTESIAN_POINT('',(0.0250224492866423,-0.0327612322376839,0.));
#8086=CARTESIAN_POINT('',(0.0251425575967876,-0.0323654322789348,0.004));
#8087=CARTESIAN_POINT('',(0.0251425575967876,-0.0323654322789348,0.));
#8088=CARTESIAN_POINT('',(0.0252026117518603,-0.0319242749625569,0.004));
#8089=CARTESIAN_POINT('',(0.0252026117518603,-0.0319242749625569,0.));
#8090=CARTESIAN_POINT('',(0.0252026117518603,-0.0314377602885503,0.004));
#8091=CARTESIAN_POINT('',(0.0252026117518603,-0.0314377602885503,0.));
#8092=CARTESIAN_POINT('',(0.0250224492866423,-0.0327612322376839,0.004));
#8093=CARTESIAN_POINT('',(0.0250224492866423,-0.0327612322376839,0.004));
#8094=CARTESIAN_POINT('',(0.0250224492866423,-0.0327612322376839,0.004));
#8095=CARTESIAN_POINT('',(0.0252026117518603,-0.0321675322995602,0.004));
#8096=CARTESIAN_POINT('',(0.0252026117518603,-0.0314377602885503,0.004));
#8097=CARTESIAN_POINT('',(0.0243800978811179,-0.033705374776928,0.004));
#8098=CARTESIAN_POINT('',(0.0243800978811179,-0.033705374776928,0.));
#8099=CARTESIAN_POINT('',(0.0246882238413221,-0.0334717463761811,0.004));
#8100=CARTESIAN_POINT('',(0.0246882238413221,-0.0334717463761811,0.));
#8101=CARTESIAN_POINT('',(0.0249023409764969,-0.033157032196433,0.004));
#8102=CARTESIAN_POINT('',(0.0249023409764969,-0.033157032196433,0.));
#8103=CARTESIAN_POINT('',(0.0250224492866423,-0.0327612322376839,0.004));
#8104=CARTESIAN_POINT('',(0.0250224492866423,-0.0327612322376839,0.));
#8105=CARTESIAN_POINT('',(0.0243800978811179,-0.033705374776928,0.004));
#8106=CARTESIAN_POINT('',(0.0248422868214241,-0.0333549321758076,0.004));
#8107=CARTESIAN_POINT('',(0.0250224492866423,-0.0327612322376839,0.004));
#8108=CARTESIAN_POINT('',(-0.00065469124820083,-0.000467636593384668,0.004));
#8109=CARTESIAN_POINT('',(0.0274801085695538,-0.0340451748695545,0.004));
#8110=CARTESIAN_POINT('',(0.0274801085695538,-0.0340451748695545,0.));
#8111=CARTESIAN_POINT('',(0.027940270365385,-0.0340451748695545,0.004));
#8112=CARTESIAN_POINT('',(0.027940270365385,-0.0340451748695545,0.));
#8113=CARTESIAN_POINT('',(0.0283099708390181,-0.0339009942187681,0.004));
#8114=CARTESIAN_POINT('',(0.0283099708390181,-0.0339009942187681,0.));
#8115=CARTESIAN_POINT('',(0.0285892099904532,-0.0336126329171955,0.004));
#8116=CARTESIAN_POINT('',(0.0285892099904532,-0.0336126329171955,0.));
#8117=CARTESIAN_POINT('',(0.0274801085695538,-0.0340451748695545,0.004));
#8118=CARTESIAN_POINT('',(0.0274801085695538,-0.0340451748695545,0.004));
#8119=CARTESIAN_POINT('',(0.0274801085695538,-0.0340451748695545,0.004));
#8120=CARTESIAN_POINT('',(0.0281703512633006,-0.0340451748695545,0.004));
#8121=CARTESIAN_POINT('',(0.0285892099904532,-0.0336126329171955,0.004));
#8122=CARTESIAN_POINT('',(0.0285892099904532,-0.0336126329171955,0.004));
#8123=CARTESIAN_POINT('',(0.0285892099904532,-0.0336126329171955,0.004));
#8124=CARTESIAN_POINT('',(0.0266629159530582,-0.0338847770629679,0.004));
#8125=CARTESIAN_POINT('',(0.0266629159530582,-0.0338847770629679,0.));
#8126=CARTESIAN_POINT('',(0.0268965443538052,-0.0339917089340256,0.004));
#8127=CARTESIAN_POINT('',(0.0268965443538052,-0.0339917089340256,0.));
#8128=CARTESIAN_POINT('',(0.027168941892637,-0.0340451748695545,0.004));
#8129=CARTESIAN_POINT('',(0.027168941892637,-0.0340451748695545,0.));
#8130=CARTESIAN_POINT('',(0.0274801085695538,-0.0340451748695545,0.004));
#8131=CARTESIAN_POINT('',(0.0274801085695538,-0.0340451748695545,0.));
#8132=CARTESIAN_POINT('',(0.0266629159530582,-0.0338847770629679,0.004));
#8133=CARTESIAN_POINT('',(0.0266629159530582,-0.0338847770629679,0.004));
#8134=CARTESIAN_POINT('',(0.0266629159530582,-0.0338847770629679,0.004));
#8135=CARTESIAN_POINT('',(0.0270133585541787,-0.0340451748695545,0.004));
#8136=CARTESIAN_POINT('',(0.0274801085695538,-0.0340451748695545,0.004));
#8137=CARTESIAN_POINT('',(0.0271532773542442,-0.0327786920783516,0.004));
#8138=CARTESIAN_POINT('',(0.0261178674823353,-0.0334035836432083,0.004));
#8139=CARTESIAN_POINT('',(0.0261178674823353,-0.0334035836432083,0.004));
#8140=CARTESIAN_POINT('',(0.0271532773542442,-0.0327786920783516,0.004));
#8141=CARTESIAN_POINT('',(0.0259232616127326,-0.0326053955061662,0.004));
#8142=CARTESIAN_POINT('',(0.0259232616127326,-0.0326053955061662,0.));
#8143=CARTESIAN_POINT('',(0.0259232616127326,-0.0329236571887455,0.004));
#8144=CARTESIAN_POINT('',(0.0259232616127326,-0.0329236571887455,0.));
#8145=CARTESIAN_POINT('',(0.0259881302359335,-0.0331897199010929,0.004));
#8146=CARTESIAN_POINT('',(0.0259881302359335,-0.0331897199010929,0.));
#8147=CARTESIAN_POINT('',(0.0261178674823353,-0.0334035836432083,0.004));
#8148=CARTESIAN_POINT('',(0.0261178674823353,-0.0334035836432083,0.));
#8149=CARTESIAN_POINT('',(0.0259232616127326,-0.0326053955061662,0.004));
#8150=CARTESIAN_POINT('',(0.0259232616127326,-0.0326053955061662,0.004));
#8151=CARTESIAN_POINT('',(0.0259232616127326,-0.0326053955061662,0.004));
#8152=CARTESIAN_POINT('',(0.0259232616127326,-0.0330827880300351,0.004));
#8153=CARTESIAN_POINT('',(0.0261178674823353,-0.0334035836432083,0.004));
#8154=CARTESIAN_POINT('',(0.0260395690269873,-0.0319729264299575,0.004));
#8155=CARTESIAN_POINT('',(0.0260395690269873,-0.0319729264299575,0.));
#8156=CARTESIAN_POINT('',(0.0259620307508175,-0.0321543558604725,0.004));
#8157=CARTESIAN_POINT('',(0.0259620307508175,-0.0321543558604725,0.));
#8158=CARTESIAN_POINT('',(0.0259232616127326,-0.0323651788858754,0.004));
#8159=CARTESIAN_POINT('',(0.0259232616127326,-0.0323651788858754,0.));
#8160=CARTESIAN_POINT('',(0.0259232616127326,-0.0326053955061662,0.004));
#8161=CARTESIAN_POINT('',(0.0259232616127326,-0.0326053955061662,0.));
#8162=CARTESIAN_POINT('',(0.0260395690269873,-0.0319729264299575,0.004));
#8163=CARTESIAN_POINT('',(0.0260395690269873,-0.0319729264299575,0.004));
#8164=CARTESIAN_POINT('',(0.0260395690269873,-0.0319729264299575,0.004));
#8165=CARTESIAN_POINT('',(0.0259232616127326,-0.03224507057573,0.004));
#8166=CARTESIAN_POINT('',(0.0259232616127326,-0.0326053955061662,0.004));
#8167=CARTESIAN_POINT('',(0.0278175184166126,-0.0327211773417315,0.004));
#8168=CARTESIAN_POINT('',(0.0263360389064601,-0.031486411755951,0.004));
#8169=CARTESIAN_POINT('',(0.0263359785774641,-0.0314863617370062,0.004));
#8170=CARTESIAN_POINT('',(0.0278175184166126,-0.0327211773417315,0.004));
#8171=CARTESIAN_POINT('',(0.0293434176012667,-0.0340100823043615,0.004));
#8172=CARTESIAN_POINT('',(0.0267214497497747,-0.031088077866608,0.004));
#8173=CARTESIAN_POINT('',(0.0267214415772638,-0.0310880687589018,0.00399999975));
#8174=CARTESIAN_POINT('',(0.0293434176012667,-0.0340100823043615,0.004));
#8175=CARTESIAN_POINT('',(0.0272170865739189,-0.0306304500013706,0.004));
#8176=CARTESIAN_POINT('',(0.0277127233980632,-0.0301728221361331,0.004));
#8177=CARTESIAN_POINT('',(0.0277127233980632,-0.0301728221361331,0.004));
#8178=CARTESIAN_POINT('',(0.0272170865739189,-0.0306304500013706,0.004));
#8179=CARTESIAN_POINT('',(0.0279324151805442,-0.0298953567361137,0.004));
#8180=CARTESIAN_POINT('',(0.0279324151805442,-0.0298953567361137,0.));
#8181=CARTESIAN_POINT('',(0.0278903519326874,-0.0299891121680837,0.004));
#8182=CARTESIAN_POINT('',(0.0278903519326874,-0.0299891121680837,0.));
#8183=CARTESIAN_POINT('',(0.0278171213385271,-0.0300816006347569,0.004));
#8184=CARTESIAN_POINT('',(0.0278171213385271,-0.0300816006347569,0.));
#8185=CARTESIAN_POINT('',(0.0277127233980632,-0.0301728221361331,0.004));
#8186=CARTESIAN_POINT('',(0.0277127233980632,-0.0301728221361331,0.));
#8187=CARTESIAN_POINT('',(0.0279324151805442,-0.0298953567361137,0.004));
#8188=CARTESIAN_POINT('',(0.0279324151805442,-0.0298953567361137,0.004));
#8189=CARTESIAN_POINT('',(0.0279324151805442,-0.0298953567361137,0.004));
#8190=CARTESIAN_POINT('',(0.027869320308759,-0.0300359898840687,0.004));
#8191=CARTESIAN_POINT('',(0.0277127233980632,-0.0301728221361331,0.004));
#8192=CARTESIAN_POINT('',(0.0273021662770945,-0.0296056359310299,0.004));
#8193=CARTESIAN_POINT('',(0.0279955100523295,-0.0296087691859567,0.004));
#8194=CARTESIAN_POINT('',(0.0279953439561635,-0.0296087645672446,0.004));
#8195=CARTESIAN_POINT('',(0.0273021662770945,-0.0296056359310299,0.004));
#8196=CARTESIAN_POINT('',(0.0274060414910003,-0.0295972761614644,0.004));
#8197=CARTESIAN_POINT('',(0.0278449945750587,-0.0292043538631887,0.004));
#8198=CARTESIAN_POINT('',(0.0278449948835401,-0.0292043535870562,0.004));
#8199=CARTESIAN_POINT('',(0.0274060414910003,-0.0295972761614644,0.004));
#8200=CARTESIAN_POINT('',(0.0274405792522907,-0.0290340737272864,0.004));
#8201=CARTESIAN_POINT('',(0.0274405792522907,-0.0290340737272864,0.));
#8202=CARTESIAN_POINT('',(0.0276098458159555,-0.0290340737272864,0.004));
#8203=CARTESIAN_POINT('',(0.0276098458159555,-0.0290340737272864,0.));
#8204=CARTESIAN_POINT('',(0.0277446509235448,-0.0290908337725872,0.004));
#8205=CARTESIAN_POINT('',(0.0277446509235448,-0.0290908337725872,0.));
#8206=CARTESIAN_POINT('',(0.0278449945750587,-0.0292043538631887,0.004));
#8207=CARTESIAN_POINT('',(0.0278449945750587,-0.0292043538631887,0.));
#8208=CARTESIAN_POINT('',(0.0274405792522907,-0.0290340737272864,0.004));
#8209=CARTESIAN_POINT('',(0.0274405792522907,-0.0290340737272864,0.004));
#8210=CARTESIAN_POINT('',(0.0274405792522907,-0.0290340737272864,0.004));
#8211=CARTESIAN_POINT('',(0.0276944790977879,-0.0290340737272864,0.004));
#8212=CARTESIAN_POINT('',(0.0278449945750587,-0.0292043538631887,0.004));
#8213=CARTESIAN_POINT('',(0.0270810145010327,-0.0291557023957881,0.004));
#8214=CARTESIAN_POINT('',(0.0270810145010327,-0.0291557023957881,0.));
#8215=CARTESIAN_POINT('',(0.0271717292162902,-0.029074616616787,0.004));
#8216=CARTESIAN_POINT('',(0.0271717292162902,-0.029074616616787,0.));
#8217=CARTESIAN_POINT('',(0.0272915841333762,-0.0290340737272864,0.004));
#8218=CARTESIAN_POINT('',(0.0272915841333762,-0.0290340737272864,0.));
#8219=CARTESIAN_POINT('',(0.0274405792522907,-0.0290340737272864,0.004));
#8220=CARTESIAN_POINT('',(0.0274405792522907,-0.0290340737272864,0.));
#8221=CARTESIAN_POINT('',(0.0270810145010327,-0.0291557023957881,0.004));
#8222=CARTESIAN_POINT('',(0.0270810145010327,-0.0291557023957881,0.004));
#8223=CARTESIAN_POINT('',(0.0270810145010327,-0.0291557023957881,0.004));
#8224=CARTESIAN_POINT('',(0.027217086573919,-0.0290340737272864,0.004));
#8225=CARTESIAN_POINT('',(0.0274405792522907,-0.0290340737272864,0.004));
#8226=CARTESIAN_POINT('',(0.0268666439727985,-0.0294962626675927,0.004));
#8227=CARTESIAN_POINT('',(0.0268666439727985,-0.0294962626675927,0.));
#8228=CARTESIAN_POINT('',(0.0269188429430305,-0.0293503082653907,0.004));
#8229=CARTESIAN_POINT('',(0.0269188429430305,-0.0293503082653907,0.));
#8230=CARTESIAN_POINT('',(0.0269902997857752,-0.0292367881747892,0.004));
#8231=CARTESIAN_POINT('',(0.0269902997857752,-0.0292367881747892,0.));
#8232=CARTESIAN_POINT('',(0.0270810145010327,-0.0291557023957881,0.004));
#8233=CARTESIAN_POINT('',(0.0270810145010327,-0.0291557023957881,0.));
#8234=CARTESIAN_POINT('',(0.0268666439727985,-0.0294962626675927,0.004));
#8235=CARTESIAN_POINT('',(0.0268666439727985,-0.0294962626675927,0.004));
#8236=CARTESIAN_POINT('',(0.0268666439727985,-0.0294962626675927,0.004));
#8237=CARTESIAN_POINT('',(0.0269449424281465,-0.0292773310642897,0.004));
#8238=CARTESIAN_POINT('',(0.0270810145010327,-0.0291557023957881,0.004));
#8239=CARTESIAN_POINT('',(0.0292204745288602,-0.0302954225978786,0.004));
#8240=CARTESIAN_POINT('',(0.0267508541605079,-0.0300072973288494,0.004));
#8241=CARTESIAN_POINT('',(0.0267503365585438,-0.0300071030752996,0.004));
#8242=CARTESIAN_POINT('',(0.0292204745288602,-0.0302954225978786,0.004));
#8243=CARTESIAN_POINT('',(0.0263998939574235,-0.0298755920774822,0.004));
#8244=CARTESIAN_POINT('',(0.026049451356303,-0.0297440810796648,0.004));
#8245=CARTESIAN_POINT('',(0.026049451356303,-0.0297440810796648,0.004));
#8246=CARTESIAN_POINT('',(0.0263998939574235,-0.0298755920774822,0.004));
#8247=CARTESIAN_POINT('',(0.0264531064998929,-0.0286988347097287,0.004));
#8248=CARTESIAN_POINT('',(0.0264531064998929,-0.0286988347097287,0.));
#8249=CARTESIAN_POINT('',(0.0262164373824334,-0.0289871960113014,0.004));
#8250=CARTESIAN_POINT('',(0.0262164373824334,-0.0289871960113014,0.));
#8251=CARTESIAN_POINT('',(0.0260818856679035,-0.0293356114679467,0.004));
#8252=CARTESIAN_POINT('',(0.0260818856679035,-0.0293356114679467,0.));
#8253=CARTESIAN_POINT('',(0.026049451356303,-0.0297440810796648,0.004));
#8254=CARTESIAN_POINT('',(0.026049451356303,-0.0297440810796648,0.));
#8255=CARTESIAN_POINT('',(0.0264531064998929,-0.0286988347097287,0.004));
#8256=CARTESIAN_POINT('',(0.0264531064998929,-0.0286988347097287,0.004));
#8257=CARTESIAN_POINT('',(0.0264531064998929,-0.0286988347097287,0.004));
#8258=CARTESIAN_POINT('',(0.0260981028237037,-0.0291313766620877,0.004));
#8259=CARTESIAN_POINT('',(0.026049451356303,-0.0297440810796648,0.004));
#8260=CARTESIAN_POINT('',(0.0274801085695538,-0.0282662927573697,0.004));
#8261=CARTESIAN_POINT('',(0.0274801085695538,-0.0282662927573697,0.));
#8262=CARTESIAN_POINT('',(0.0270321096405726,-0.0282662927573697,0.004));
#8263=CARTESIAN_POINT('',(0.0270321096405726,-0.0282662927573697,0.));
#8264=CARTESIAN_POINT('',(0.0266897756173524,-0.028410473408156,0.004));
#8265=CARTESIAN_POINT('',(0.0266897756173524,-0.028410473408156,0.));
#8266=CARTESIAN_POINT('',(0.0264531064998929,-0.0286988347097287,0.004));
#8267=CARTESIAN_POINT('',(0.0264531064998929,-0.0286988347097287,0.));
#8268=CARTESIAN_POINT('',(0.0274801085695538,-0.0282662927573697,0.004));
#8269=CARTESIAN_POINT('',(0.0274801085695538,-0.0282662927573697,0.004));
#8270=CARTESIAN_POINT('',(0.0274801085695538,-0.0282662927573697,0.004));
#8271=CARTESIAN_POINT('',(0.0268081101760821,-0.0282662927573697,0.004));
#8272=CARTESIAN_POINT('',(0.0264531064998929,-0.0286988347097287,0.004));
#8273=CARTESIAN_POINT('',(0.0282440886435798,-0.0284266905639563,0.004));
#8274=CARTESIAN_POINT('',(0.0282440886435798,-0.0284266905639563,0.));
#8275=CARTESIAN_POINT('',(0.0280266773986331,-0.0283197586928986,0.004));
#8276=CARTESIAN_POINT('',(0.0280266773986331,-0.0283197586928986,0.));
#8277=CARTESIAN_POINT('',(0.0277720173739577,-0.0282662927573697,0.004));
#8278=CARTESIAN_POINT('',(0.0277720173739577,-0.0282662927573697,0.));
#8279=CARTESIAN_POINT('',(0.0274801085695538,-0.0282662927573697,0.004));
#8280=CARTESIAN_POINT('',(0.0274801085695538,-0.0282662927573697,0.));
#8281=CARTESIAN_POINT('',(0.0282440886435798,-0.0284266905639563,0.004));
#8282=CARTESIAN_POINT('',(0.0282440886435798,-0.0284266905639563,0.004));
#8283=CARTESIAN_POINT('',(0.0282440886435798,-0.0284266905639563,0.004));
#8284=CARTESIAN_POINT('',(0.0279179717761597,-0.0282662927573697,0.004));
#8285=CARTESIAN_POINT('',(0.0274801085695538,-0.0282662927573697,0.004));
#8286=CARTESIAN_POINT('',(0.0277393365301249,-0.0294815952682278,0.004));
#8287=CARTESIAN_POINT('',(0.0287496077970398,-0.0288934405793313,0.004));
#8288=CARTESIAN_POINT('',(0.0287496077970398,-0.0288934405793313,0.004));
#8289=CARTESIAN_POINT('',(0.0277393365301249,-0.0294815952682278,0.004));
#8290=CARTESIAN_POINT('',(0.0289290100830797,-0.0296467781448634,0.004));
#8291=CARTESIAN_POINT('',(0.0289290100830797,-0.0296467781448634,0.));
#8292=CARTESIAN_POINT('',(0.0289290100830797,-0.0293487879070344,0.004));
#8293=CARTESIAN_POINT('',(0.0289290100830797,-0.0293487879070344,0.));
#8294=CARTESIAN_POINT('',(0.0288692093210664,-0.0290976753851904,0.004));
#8295=CARTESIAN_POINT('',(0.0288692093210664,-0.0290976753851904,0.));
#8296=CARTESIAN_POINT('',(0.0287496077970398,-0.0288934405793313,0.004));
#8297=CARTESIAN_POINT('',(0.0287496077970398,-0.0288934405793313,0.));
#8298=CARTESIAN_POINT('',(0.0289290100830797,-0.0296467781448634,0.004));
#8299=CARTESIAN_POINT('',(0.0289290100830797,-0.0296467781448634,0.004));
#8300=CARTESIAN_POINT('',(0.0289290100830797,-0.0296467781448634,0.004));
#8301=CARTESIAN_POINT('',(0.0289290100830797,-0.0291997927881199,0.004));
#8302=CARTESIAN_POINT('',(0.0287496077970398,-0.0288934405793313,0.004));
#8303=CARTESIAN_POINT('',(0.0287298431384082,-0.0304548486112213,0.004));
#8304=CARTESIAN_POINT('',(0.0287298431384082,-0.0304548486112213,0.));
#8305=CARTESIAN_POINT('',(0.0288626211015225,-0.0302475730886497,0.004));
#8306=CARTESIAN_POINT('',(0.0288626211015225,-0.0302475730886497,0.));
#8307=CARTESIAN_POINT('',(0.0289290100830797,-0.0299782162665304,0.004));
#8308=CARTESIAN_POINT('',(0.0289290100830797,-0.0299782162665304,0.));
#8309=CARTESIAN_POINT('',(0.0289290100830797,-0.0296467781448634,0.004));
#8310=CARTESIAN_POINT('',(0.0289290100830797,-0.0296467781448634,0.));
#8311=CARTESIAN_POINT('',(0.0287298431384082,-0.0304548486112213,0.004));
#8312=CARTESIAN_POINT('',(0.0287298431384082,-0.0304548486112213,0.004));
#8313=CARTESIAN_POINT('',(0.0287298431384082,-0.0304548486112213,0.004));
#8314=CARTESIAN_POINT('',(0.0289290100830797,-0.030143935327364,0.004));
#8315=CARTESIAN_POINT('',(0.0289290100830797,-0.0296467781448634,0.004));
#8316=CARTESIAN_POINT('',(0.0265277346154917,-0.0290341160187326,0.004));
#8317=CARTESIAN_POINT('',(0.0282387673893328,-0.0310196617405759,0.004));
#8318=CARTESIAN_POINT('',(0.0282386903133146,-0.0310195722987132,0.00399999975));
#8319=CARTESIAN_POINT('',(0.0265277346154917,-0.0290341160187326,0.004));
#8320=CARTESIAN_POINT('',(0.027756813790395,-0.0314331992134815,0.004));
#8321=CARTESIAN_POINT('',(0.0272748601914572,-0.0318467366863871,0.004));
#8322=CARTESIAN_POINT('',(0.0272748601914572,-0.0318467366863871,0.004));
#8323=CARTESIAN_POINT('',(0.027756813790395,-0.0314331992134815,0.004));
#8324=CARTESIAN_POINT('',(0.0269251777695149,-0.03224507057573,0.004));
#8325=CARTESIAN_POINT('',(0.0269251777695149,-0.03224507057573,0.));
#8326=CARTESIAN_POINT('',(0.0269961278261409,-0.0321153333293282,0.004));
#8327=CARTESIAN_POINT('',(0.0269961278261409,-0.0321153333293282,0.));
#8328=CARTESIAN_POINT('',(0.027112688633455,-0.0319825553662139,0.004));
#8329=CARTESIAN_POINT('',(0.027112688633455,-0.0319825553662139,0.));
#8330=CARTESIAN_POINT('',(0.0272748601914572,-0.0318467366863871,0.004));
#8331=CARTESIAN_POINT('',(0.0272748601914572,-0.0318467366863871,0.));
#8332=CARTESIAN_POINT('',(0.0269251777695149,-0.03224507057573,0.004));
#8333=CARTESIAN_POINT('',(0.0269251777695149,-0.03224507057573,0.004));
#8334=CARTESIAN_POINT('',(0.0269251777695149,-0.03224507057573,0.004));
#8335=CARTESIAN_POINT('',(0.0270316028544539,-0.0320504647061274,0.004));
#8336=CARTESIAN_POINT('',(0.0272748601914572,-0.0318467366863871,0.004));
#8337=CARTESIAN_POINT('',(0.0277165474095023,-0.0326673505457613,0.004));
#8338=CARTESIAN_POINT('',(0.026818752684576,-0.032682933782336,0.004));
#8339=CARTESIAN_POINT('',(0.026818752684576,-0.032682933782336,0.004));
#8340=CARTESIAN_POINT('',(0.0277165474095023,-0.0326673505457613,0.004));
#8341=CARTESIAN_POINT('',(0.026964707086778,-0.0331162359138731,0.004));
#8342=CARTESIAN_POINT('',(0.026964707086778,-0.0331162359138731,0.));
#8343=CARTESIAN_POINT('',(0.0268674041519767,-0.0330087972566966,0.004));
#8344=CARTESIAN_POINT('',(0.0268674041519767,-0.0330087972566966,0.));
#8345=CARTESIAN_POINT('',(0.026818752684576,-0.0328643632128509,0.004));
#8346=CARTESIAN_POINT('',(0.026818752684576,-0.0328643632128509,0.));
#8347=CARTESIAN_POINT('',(0.026818752684576,-0.032682933782336,0.004));
#8348=CARTESIAN_POINT('',(0.026818752684576,-0.032682933782336,0.));
#8349=CARTESIAN_POINT('',(0.026964707086778,-0.0331162359138731,0.004));
#8350=CARTESIAN_POINT('',(0.026964707086778,-0.0331162359138731,0.004));
#8351=CARTESIAN_POINT('',(0.026964707086778,-0.0331162359138731,0.004));
#8352=CARTESIAN_POINT('',(0.026818752684576,-0.0329550779281084,0.004));
#8353=CARTESIAN_POINT('',(0.026818752684576,-0.032682933782336,0.004));
#8354=CARTESIAN_POINT('',(0.02739192778489,-0.0332773938996378,0.004));
#8355=CARTESIAN_POINT('',(0.02739192778489,-0.0332773938996378,0.));
#8356=CARTESIAN_POINT('',(0.02720441692095,-0.0332773938996378,0.004));
#8357=CARTESIAN_POINT('',(0.02720441692095,-0.0332773938996378,0.));
#8358=CARTESIAN_POINT('',(0.0270620100215793,-0.0332236745710496,0.004));
#8359=CARTESIAN_POINT('',(0.0270620100215793,-0.0332236745710496,0.));
#8360=CARTESIAN_POINT('',(0.026964707086778,-0.0331162359138731,0.004));
#8361=CARTESIAN_POINT('',(0.026964707086778,-0.0331162359138731,0.));
#8362=CARTESIAN_POINT('',(0.02739192778489,-0.0332773938996378,0.004));
#8363=CARTESIAN_POINT('',(0.02739192778489,-0.0332773938996378,0.004));
#8364=CARTESIAN_POINT('',(0.02739192778489,-0.0332773938996378,0.004));
#8365=CARTESIAN_POINT('',(0.02711066148898,-0.0332773938996378,0.004));
#8366=CARTESIAN_POINT('',(0.026964707086778,-0.0331162359138731,0.004));
#8367=CARTESIAN_POINT('',(0.0279369762556131,-0.0330098108289341,0.004));
#8368=CARTESIAN_POINT('',(0.0279369762556131,-0.0330098108289341,0.));
#8369=CARTESIAN_POINT('',(0.0278138272287552,-0.0331881995427366,0.004));
#8370=CARTESIAN_POINT('',(0.0278138272287552,-0.0331881995427366,0.));
#8371=CARTESIAN_POINT('',(0.0276321444051808,-0.0332773938996378,0.004));
#8372=CARTESIAN_POINT('',(0.0276321444051808,-0.0332773938996378,0.));
#8373=CARTESIAN_POINT('',(0.02739192778489,-0.0332773938996378,0.004));
#8374=CARTESIAN_POINT('',(0.02739192778489,-0.0332773938996378,0.));
#8375=CARTESIAN_POINT('',(0.0279369762556131,-0.0330098108289341,0.004));
#8376=CARTESIAN_POINT('',(0.0279369762556131,-0.0330098108289341,0.004));
#8377=CARTESIAN_POINT('',(0.0279369762556131,-0.0330098108289341,0.004));
#8378=CARTESIAN_POINT('',(0.0277522527153262,-0.0332773938996378,0.004));
#8379=CARTESIAN_POINT('',(0.02739192778489,-0.0332773938996378,0.004));
#8380=CARTESIAN_POINT('',(0.0281992380720698,-0.0322070616168233,0.004));
#8381=CARTESIAN_POINT('',(0.0281992380720698,-0.0322070616168233,0.));
#8382=CARTESIAN_POINT('',(0.0281475458879565,-0.0325638390444281,0.004));
#8383=CARTESIAN_POINT('',(0.0281475458879565,-0.0325638390444281,0.));
#8384=CARTESIAN_POINT('',(0.028060125282471,-0.0328314221151317,0.004));
#8385=CARTESIAN_POINT('',(0.028060125282471,-0.0328314221151317,0.));
#8386=CARTESIAN_POINT('',(0.0279369762556131,-0.0330098108289341,0.004));
#8387=CARTESIAN_POINT('',(0.0279369762556131,-0.0330098108289341,0.));
#8388=CARTESIAN_POINT('',(0.0281992380720698,-0.0322070616168233,0.004));
#8389=CARTESIAN_POINT('',(0.0281992380720698,-0.0322070616168233,0.004));
#8390=CARTESIAN_POINT('',(0.0281992380720698,-0.0322070616168233,0.004));
#8391=CARTESIAN_POINT('',(0.0281216997959,-0.0327422277582305,0.004));
#8392=CARTESIAN_POINT('',(0.0279369762556131,-0.0330098108289341,0.004));
#8393=CARTESIAN_POINT('',(0.0286325402036069,-0.0323378124354625,0.004));
#8394=CARTESIAN_POINT('',(0.029065842335144,-0.0324685632541018,0.004));
#8395=CARTESIAN_POINT('',(0.029065842335144,-0.0324685632541018,0.004));
#8396=CARTESIAN_POINT('',(0.0286325402036069,-0.0323378124354625,0.004));
#8397=CARTESIAN_POINT('',(0.0285892099904532,-0.0336126329171955,0.004));
#8398=CARTESIAN_POINT('',(0.0285892099904532,-0.0336126329171955,0.));
#8399=CARTESIAN_POINT('',(0.0288684491418882,-0.0333242716156228,0.004));
#8400=CARTESIAN_POINT('',(0.0288684491418882,-0.0333242716156228,0.));
#8401=CARTESIAN_POINT('',(0.0290273265901185,-0.0329429150612582,0.004));
#8402=CARTESIAN_POINT('',(0.0290273265901185,-0.0329429150612582,0.));
#8403=CARTESIAN_POINT('',(0.029065842335144,-0.0324685632541018,0.004));
#8404=CARTESIAN_POINT('',(0.029065842335144,-0.0324685632541018,0.));
#8405=CARTESIAN_POINT('',(0.0285892099904532,-0.0336126329171955,0.004));
#8406=CARTESIAN_POINT('',(0.0290080687176058,-0.0331800909648364,0.004));
#8407=CARTESIAN_POINT('',(0.029065842335144,-0.0324685632541018,0.004));
#8408=CARTESIAN_POINT('',(-0.00065469124820083,-0.000467636593384668,0.004));
#8409=CARTESIAN_POINT('',(0.0395350299764237,-0.0311557338134621,0.004));
#8410=CARTESIAN_POINT('',(0.0395350299764237,-0.0339676365933846,0.004));
#8411=CARTESIAN_POINT('',(0.0395350299764237,-0.0339676365933846,0.004));
#8412=CARTESIAN_POINT('',(0.0395350299764237,-0.0311557338134621,0.004));
#8413=CARTESIAN_POINT('',(0.0395350299764237,-0.0283438310335395,0.004));
#8414=CARTESIAN_POINT('',(0.0395350299764237,-0.0283438310335395,0.004));
#8415=CARTESIAN_POINT('',(0.0390538365566641,-0.0339676365933846,0.004));
#8416=CARTESIAN_POINT('',(0.0385726431369044,-0.0339676365933846,0.004));
#8417=CARTESIAN_POINT('',(0.0385726431369044,-0.0339676365933846,0.004));
#8418=CARTESIAN_POINT('',(0.0390538365566641,-0.0339676365933846,0.004));
#8419=CARTESIAN_POINT('',(0.0385726431369044,-0.0316764565504848,0.004));
#8420=CARTESIAN_POINT('',(0.0385726431369044,-0.0293860509775678,0.004));
#8421=CARTESIAN_POINT('',(0.0385726431369044,-0.0293860509775678,0.004));
#8422=CARTESIAN_POINT('',(0.0385726431369044,-0.0316764565504848,0.004));
#8423=CARTESIAN_POINT('',(0.0373039217266019,-0.0305686476539277,0.004));
#8424=CARTESIAN_POINT('',(0.0381393410053673,-0.0290492773108491,0.004));
#8425=CARTESIAN_POINT('',(0.0381393410053673,-0.0290492773108491,0.004));
#8426=CARTESIAN_POINT('',(0.0373039217266019,-0.0305686476539277,0.004));
#8427=CARTESIAN_POINT('',(0.0376969167236925,-0.0289276486423474,0.004));
#8428=CARTESIAN_POINT('',(0.0376969167236925,-0.0289276486423474,0.));
#8429=CARTESIAN_POINT('',(0.037839830409182,-0.0289276486423474,0.004));
#8430=CARTESIAN_POINT('',(0.037839830409182,-0.0289276486423474,0.));
#8431=CARTESIAN_POINT('',(0.0379873051697402,-0.028968191531848,0.004));
#8432=CARTESIAN_POINT('',(0.0379873051697402,-0.028968191531848,0.));
#8433=CARTESIAN_POINT('',(0.0381393410053673,-0.0290492773108491,0.004));
#8434=CARTESIAN_POINT('',(0.0381393410053673,-0.0290492773108491,0.));
#8435=CARTESIAN_POINT('',(0.0376969167236925,-0.0289276486423474,0.004));
#8436=CARTESIAN_POINT('',(0.0376969167236925,-0.0289276486423474,0.004));
#8437=CARTESIAN_POINT('',(0.0376969167236925,-0.0289276486423474,0.004));
#8438=CARTESIAN_POINT('',(0.0379112872519267,-0.0289276486423474,0.004));
#8439=CARTESIAN_POINT('',(0.0381393410053673,-0.0290492773108491,0.004));
#8440=CARTESIAN_POINT('',(0.0373419130475033,-0.0290682817903025,0.004));
#8441=CARTESIAN_POINT('',(0.0373419130475033,-0.0290682817903025,0.));
#8442=CARTESIAN_POINT('',(0.0374295870460483,-0.0289745263583325,0.004));
#8443=CARTESIAN_POINT('',(0.0374295870460483,-0.0289745263583325,0.));
#8444=CARTESIAN_POINT('',(0.037547921604778,-0.0289276486423474,0.004));
#8445=CARTESIAN_POINT('',(0.037547921604778,-0.0289276486423474,0.));
#8446=CARTESIAN_POINT('',(0.0376969167236925,-0.0289276486423474,0.004));
#8447=CARTESIAN_POINT('',(0.0376969167236925,-0.0289276486423474,0.));
#8448=CARTESIAN_POINT('',(0.0373419130475033,-0.0290682817903025,0.004));
#8449=CARTESIAN_POINT('',(0.0373419130475033,-0.0290682817903025,0.004));
#8450=CARTESIAN_POINT('',(0.0373419130475033,-0.0290682817903025,0.004));
#8451=CARTESIAN_POINT('',(0.0374734240453207,-0.0289276486423474,0.004));
#8452=CARTESIAN_POINT('',(0.0376969167236925,-0.0289276486423474,0.004));
#8453=CARTESIAN_POINT('',(0.0372104020496859,-0.0296178913360944,0.004));
#8454=CARTESIAN_POINT('',(0.0372104020496859,-0.0296178913360944,0.));
#8455=CARTESIAN_POINT('',(0.0372104020496859,-0.0293452404042031,0.004));
#8456=CARTESIAN_POINT('',(0.0372104020496859,-0.0293452404042031,0.));
#8457=CARTESIAN_POINT('',(0.0372542390489584,-0.0291620372222725,0.004));
#8458=CARTESIAN_POINT('',(0.0372542390489584,-0.0291620372222725,0.));
#8459=CARTESIAN_POINT('',(0.0373419130475033,-0.0290682817903025,0.004));
#8460=CARTESIAN_POINT('',(0.0373419130475033,-0.0290682817903025,0.));
#8461=CARTESIAN_POINT('',(0.0372104020496859,-0.0296178913360944,0.004));
#8462=CARTESIAN_POINT('',(0.0372104020496859,-0.0296178913360944,0.004));
#8463=CARTESIAN_POINT('',(0.0372104020496859,-0.0296178913360944,0.004));
#8464=CARTESIAN_POINT('',(0.0372104020496859,-0.0292089149382575,0.004));
#8465=CARTESIAN_POINT('',(0.0373419130475033,-0.0290682817903025,0.004));
#8466=CARTESIAN_POINT('',(0.0372104020496859,-0.0317927639647395,0.004));
#8467=CARTESIAN_POINT('',(0.0372104020496859,-0.0339676365933846,0.004));
#8468=CARTESIAN_POINT('',(0.0372104020496859,-0.0339676365933846,0.004));
#8469=CARTESIAN_POINT('',(0.0372104020496859,-0.0317927639647395,0.004));
#8470=CARTESIAN_POINT('',(0.0367337697049951,-0.0339676365933846,0.004));
#8471=CARTESIAN_POINT('',(0.0362571373603042,-0.0339676365933846,0.004));
#8472=CARTESIAN_POINT('',(0.0362571373603042,-0.0339676365933846,0.004));
#8473=CARTESIAN_POINT('',(0.0367337697049951,-0.0339676365933846,0.004));
#8474=CARTESIAN_POINT('',(0.0362571373603042,-0.0317585559017234,0.004));
#8475=CARTESIAN_POINT('',(0.0362571373603042,-0.0293859036679924,0.004));
#8476=CARTESIAN_POINT('',(0.0362571373603042,-0.0293859036679924,0.004));
#8477=CARTESIAN_POINT('',(0.0362571373603042,-0.0317585559017234,0.004));
#8478=CARTESIAN_POINT('',(0.0351088541808359,-0.0304053796206677,0.004));
#8479=CARTESIAN_POINT('',(0.0358283963038359,-0.0290492773108491,0.004));
#8480=CARTESIAN_POINT('',(0.0358283963038359,-0.0290492773108491,0.004));
#8481=CARTESIAN_POINT('',(0.0351088541808359,-0.0304053796206677,0.004));
#8482=CARTESIAN_POINT('',(0.0353814109470924,-0.0289276486423474,0.004));
#8483=CARTESIAN_POINT('',(0.0353814109470924,-0.0289276486423474,0.));
#8484=CARTESIAN_POINT('',(0.0355233110603443,-0.0289276486423474,0.004));
#8485=CARTESIAN_POINT('',(0.0355233110603443,-0.0289276486423474,0.));
#8486=CARTESIAN_POINT('',(0.0356723061792588,-0.028968191531848,0.004));
#8487=CARTESIAN_POINT('',(0.0356723061792588,-0.028968191531848,0.));
#8488=CARTESIAN_POINT('',(0.0358283963038359,-0.0290492773108491,0.004));
#8489=CARTESIAN_POINT('',(0.0358283963038359,-0.0290492773108491,0.));
#8490=CARTESIAN_POINT('',(0.0353814109470924,-0.0289276486423474,0.004));
#8491=CARTESIAN_POINT('',(0.0353814109470924,-0.0289276486423474,0.004));
#8492=CARTESIAN_POINT('',(0.0353814109470924,-0.0289276486423474,0.004));
#8493=CARTESIAN_POINT('',(0.0355942611169703,-0.0289276486423474,0.004));
#8494=CARTESIAN_POINT('',(0.0358283963038359,-0.0290492773108491,0.004));
#8495=CARTESIAN_POINT('',(0.035025647091725,-0.0290682817903025,0.004));
#8496=CARTESIAN_POINT('',(0.035025647091725,-0.0290682817903025,0.));
#8497=CARTESIAN_POINT('',(0.0351128143041512,-0.0289745263583325,0.004));
#8498=CARTESIAN_POINT('',(0.0351128143041512,-0.0289745263583325,0.));
#8499=CARTESIAN_POINT('',(0.0352314022559403,-0.0289276486423474,0.004));
#8500=CARTESIAN_POINT('',(0.0352314022559403,-0.0289276486423474,0.));
#8501=CARTESIAN_POINT('',(0.0353814109470924,-0.0289276486423474,0.004));
#8502=CARTESIAN_POINT('',(0.0353814109470924,-0.0289276486423474,0.));
#8503=CARTESIAN_POINT('',(0.035025647091725,-0.0290682817903025,0.004));
#8504=CARTESIAN_POINT('',(0.035025647091725,-0.0290682817903025,0.004));
#8505=CARTESIAN_POINT('',(0.035025647091725,-0.0290682817903025,0.004));
#8506=CARTESIAN_POINT('',(0.0351563979103643,-0.0289276486423474,0.004));
#8507=CARTESIAN_POINT('',(0.0353814109470924,-0.0289276486423474,0.004));
#8508=CARTESIAN_POINT('',(0.0348948962730858,-0.0296178913360944,0.004));
#8509=CARTESIAN_POINT('',(0.0348948962730858,-0.0296178913360944,0.));
#8510=CARTESIAN_POINT('',(0.0348948962730858,-0.0293452404042031,0.004));
#8511=CARTESIAN_POINT('',(0.0348948962730858,-0.0293452404042031,0.));
#8512=CARTESIAN_POINT('',(0.0349384798792988,-0.0291620372222725,0.004));
#8513=CARTESIAN_POINT('',(0.0349384798792988,-0.0291620372222725,0.));
#8514=CARTESIAN_POINT('',(0.035025647091725,-0.0290682817903025,0.004));
#8515=CARTESIAN_POINT('',(0.035025647091725,-0.0290682817903025,0.));
#8516=CARTESIAN_POINT('',(0.0348948962730858,-0.0296178913360944,0.004));
#8517=CARTESIAN_POINT('',(0.0348948962730858,-0.0296178913360944,0.004));
#8518=CARTESIAN_POINT('',(0.0348948962730858,-0.0296178913360944,0.004));
#8519=CARTESIAN_POINT('',(0.0348948962730858,-0.0292089149382575,0.004));
#8520=CARTESIAN_POINT('',(0.035025647091725,-0.0290682817903025,0.004));
#8521=CARTESIAN_POINT('',(0.0348948962730858,-0.0317927639647395,0.004));
#8522=CARTESIAN_POINT('',(0.0348948962730858,-0.0339676365933846,0.004));
#8523=CARTESIAN_POINT('',(0.0348948962730858,-0.0339676365933846,0.004));
#8524=CARTESIAN_POINT('',(0.0348948962730858,-0.0317927639647395,0.004));
#8525=CARTESIAN_POINT('',(0.0344175037492167,-0.0339676365933846,0.004));
#8526=CARTESIAN_POINT('',(0.0339401112253477,-0.0339676365933846,0.004));
#8527=CARTESIAN_POINT('',(0.0339401112253477,-0.0339676365933846,0.004));
#8528=CARTESIAN_POINT('',(0.0344175037492167,-0.0339676365933846,0.004));
#8529=CARTESIAN_POINT('',(0.0339401112253477,-0.0317585559017234,0.004));
#8530=CARTESIAN_POINT('',(0.0339401112253477,-0.0295494752100622,0.004));
#8531=CARTESIAN_POINT('',(0.0339401112253477,-0.0295494752100622,0.004));
#8532=CARTESIAN_POINT('',(0.0339401112253477,-0.0317585559017234,0.004));
#8533=CARTESIAN_POINT('',(0.0340769434774121,-0.0287961376445301,0.004));
#8534=CARTESIAN_POINT('',(0.0340769434774121,-0.0287961376445301,0.));
#8535=CARTESIAN_POINT('',(0.0339857219760359,-0.0289871960113014,0.004));
#8536=CARTESIAN_POINT('',(0.0339857219760359,-0.0289871960113014,0.));
#8537=CARTESIAN_POINT('',(0.0339401112253477,-0.0292383085331454,0.004));
#8538=CARTESIAN_POINT('',(0.0339401112253477,-0.0292383085331454,0.));
#8539=CARTESIAN_POINT('',(0.0339401112253477,-0.0295494752100622,0.004));
#8540=CARTESIAN_POINT('',(0.0339401112253477,-0.0295494752100622,0.));
#8541=CARTESIAN_POINT('',(0.0340769434774121,-0.0287961376445301,0.004));
#8542=CARTESIAN_POINT('',(0.0340769434774121,-0.0287961376445301,0.004));
#8543=CARTESIAN_POINT('',(0.0340769434774121,-0.0287961376445301,0.004));
#8544=CARTESIAN_POINT('',(0.0339401112253477,-0.0290827251946871,0.004));
#8545=CARTESIAN_POINT('',(0.0339401112253477,-0.0295494752100622,0.004));
#8546=CARTESIAN_POINT('',(0.0344372684078482,-0.0283780390965556,0.004));
#8547=CARTESIAN_POINT('',(0.0344372684078482,-0.0283780390965556,0.));
#8548=CARTESIAN_POINT('',(0.0342882732889337,-0.0284657130951005,0.004));
#8549=CARTESIAN_POINT('',(0.0342882732889337,-0.0284657130951005,0.));
#8550=CARTESIAN_POINT('',(0.0341681649787884,-0.0286050792777587,0.004));
#8551=CARTESIAN_POINT('',(0.0341681649787884,-0.0286050792777587,0.));
#8552=CARTESIAN_POINT('',(0.0340769434774121,-0.0287961376445301,0.004));
#8553=CARTESIAN_POINT('',(0.0340769434774121,-0.0287961376445301,0.));
#8554=CARTESIAN_POINT('',(0.0344372684078482,-0.0283780390965556,0.004));
#8555=CARTESIAN_POINT('',(0.0344372684078482,-0.0283780390965556,0.004));
#8556=CARTESIAN_POINT('',(0.0344372684078482,-0.0283780390965556,0.004));
#8557=CARTESIAN_POINT('',(0.0342137757294765,-0.028509550094373,0.004));
#8558=CARTESIAN_POINT('',(0.0340769434774121,-0.0287961376445301,0.004));
#8559=CARTESIAN_POINT('',(0.0349208402272547,-0.0292051834066494,0.004));
#8560=CARTESIAN_POINT('',(0.0349329052319925,-0.0282465280987382,0.004));
#8561=CARTESIAN_POINT('',(0.0349329013118384,-0.028246728935994,0.004));
#8562=CARTESIAN_POINT('',(0.0349208402272547,-0.0292051834066494,0.004));
#8563=CARTESIAN_POINT('',(0.0349353770082986,-0.0299454143001794,0.004));
#8564=CARTESIAN_POINT('',(0.035677120647387,-0.0284168082346405,0.004));
#8565=CARTESIAN_POINT('',(0.035677120647387,-0.0284168082346405,0.004));
#8566=CARTESIAN_POINT('',(0.0349353770082986,-0.0299454143001794,0.004));
#8567=CARTESIAN_POINT('',(0.0363346756364741,-0.0289565354511166,0.004));
#8568=CARTESIAN_POINT('',(0.0363346756364741,-0.0289565354511166,0.));
#8569=CARTESIAN_POINT('',(0.0361329747612088,-0.0287102373974007,0.004));
#8570=CARTESIAN_POINT('',(0.0361329747612088,-0.0287102373974007,0.));
#8571=CARTESIAN_POINT('',(0.0359137897648465,-0.028530328325242,0.004));
#8572=CARTESIAN_POINT('',(0.0359137897648465,-0.028530328325242,0.));
#8573=CARTESIAN_POINT('',(0.035677120647387,-0.0284168082346405,0.004));
#8574=CARTESIAN_POINT('',(0.035677120647387,-0.0284168082346405,0.));
#8575=CARTESIAN_POINT('',(0.0363346756364741,-0.0289565354511166,0.004));
#8576=CARTESIAN_POINT('',(0.0363346756364741,-0.0289565354511166,0.004));
#8577=CARTESIAN_POINT('',(0.0363346756364741,-0.0289565354511166,0.004));
#8578=CARTESIAN_POINT('',(0.0360321243235762,-0.0285870883705428,0.004));
#8579=CARTESIAN_POINT('',(0.035677120647387,-0.0284168082346405,0.004));
#8580=CARTESIAN_POINT('',(0.0366896793126633,-0.028402364830256,0.004));
#8581=CARTESIAN_POINT('',(0.0366896793126633,-0.028402364830256,0.));
#8582=CARTESIAN_POINT('',(0.0365239602518298,-0.0285062559846011,0.004));
#8583=CARTESIAN_POINT('',(0.0365239602518298,-0.0285062559846011,0.));
#8584=CARTESIAN_POINT('',(0.0364056256931,-0.028690979524888,0.004));
#8585=CARTESIAN_POINT('',(0.0364056256931,-0.028690979524888,0.));
#8586=CARTESIAN_POINT('',(0.0363346756364741,-0.0289565354511166,0.004));
#8587=CARTESIAN_POINT('',(0.0363346756364741,-0.0289565354511166,0.));
#8588=CARTESIAN_POINT('',(0.0366896793126633,-0.028402364830256,0.004));
#8589=CARTESIAN_POINT('',(0.0366896793126633,-0.028402364830256,0.004));
#8590=CARTESIAN_POINT('',(0.0366896793126633,-0.028402364830256,0.004));
#8591=CARTESIAN_POINT('',(0.036441100721413,-0.0285582015617737,0.004));
#8592=CARTESIAN_POINT('',(0.0363346756364741,-0.0289565354511166,0.004));
#8593=CARTESIAN_POINT('',(0.0372329452968235,-0.0292761302891389,0.004));
#8594=CARTESIAN_POINT('',(0.0372484110085927,-0.0282465280987382,0.004));
#8595=CARTESIAN_POINT('',(0.0372484053828634,-0.0282467060262626,0.004));
#8596=CARTESIAN_POINT('',(0.0372329452968235,-0.0292761302891389,0.004));
#8597=CARTESIAN_POINT('',(0.0372444414258111,-0.029912761803995,0.004));
#8598=CARTESIAN_POINT('',(0.0379492962108335,-0.028402364830256,0.004));
#8599=CARTESIAN_POINT('',(0.0379492962108335,-0.028402364830256,0.004));
#8600=CARTESIAN_POINT('',(0.0372444414258111,-0.029912761803995,0.004));
#8601=CARTESIAN_POINT('',(0.0385726431369044,-0.0288789971749468,0.004));
#8602=CARTESIAN_POINT('',(0.0385726431369044,-0.0288789971749468,0.));
#8603=CARTESIAN_POINT('',(0.0383841187007269,-0.0286651334328314,0.004));
#8604=CARTESIAN_POINT('',(0.0383841187007269,-0.0286651334328314,0.));
#8605=CARTESIAN_POINT('',(0.0381763363920366,-0.0285062559846011,0.004));
#8606=CARTESIAN_POINT('',(0.0381763363920366,-0.0285062559846011,0.));
#8607=CARTESIAN_POINT('',(0.0379492962108335,-0.028402364830256,0.004));
#8608=CARTESIAN_POINT('',(0.0379492962108335,-0.028402364830256,0.));
#8609=CARTESIAN_POINT('',(0.0385726431369044,-0.0288789971749468,0.004));
#8610=CARTESIAN_POINT('',(0.0385726431369044,-0.0288789971749468,0.004));
#8611=CARTESIAN_POINT('',(0.0385726431369044,-0.0288789971749468,0.004));
#8612=CARTESIAN_POINT('',(0.0382898564826381,-0.0285582015617737,0.004));
#8613=CARTESIAN_POINT('',(0.0379492962108335,-0.028402364830256,0.004));
#8614=CARTESIAN_POINT('',(0.0385726431369044,-0.0286114141042432,0.004));
#8615=CARTESIAN_POINT('',(0.0385726431369044,-0.0283438310335395,0.004));
#8616=CARTESIAN_POINT('',(0.0385726431369044,-0.0283438310335395,0.004));
#8617=CARTESIAN_POINT('',(0.0385726431369044,-0.0286114141042432,0.004));
#8618=CARTESIAN_POINT('',(0.0390538365566641,-0.0283438310335395,0.004));
#8619=CARTESIAN_POINT('',(0.0390538365566641,-0.0283438310335395,0.004));
#8620=CARTESIAN_POINT('',(-0.00065469124820083,-0.000467636593384668,0.004));
#8621=CARTESIAN_POINT('',(-0.00065469124820083,-0.000467636593384668,0.));
#8622=CARTESIAN_POINT('',(-0.00065469124820083,-0.000467636593384668,0.));
#8623=CARTESIAN_POINT('',(-0.00065469124820083,-0.000467636593384668,0.));
#8624=CARTESIAN_POINT('',(-0.00065469124820083,-0.000467636593384668,0.));
#8625=CARTESIAN_POINT('',(0.0478453087517992,0.0330323634066153,0.006));
#8626=CARTESIAN_POINT('',(-0.0491546912482008,0.0330323634066153,0.006));
#8627=CARTESIAN_POINT('',(-0.0491546912482008,-0.0339676365933846,0.006));
#8628=CARTESIAN_POINT('',(0.0478453087517992,-0.0339676365933846,0.006));
#8629=MECHANICAL_DESIGN_GEOMETRIC_PRESENTATION_REPRESENTATION('',(#4804),
#8630);
#8630=(
GEOMETRIC_REPRESENTATION_CONTEXT(3)
GLOBAL_UNCERTAINTY_ASSIGNED_CONTEXT((#8631))
GLOBAL_UNIT_ASSIGNED_CONTEXT((#8634,#8633,#8632))
REPRESENTATION_CONTEXT('Part 1','TOP_LEVEL_ASSEMBLY_PART')
);
#8631=UNCERTAINTY_MEASURE_WITH_UNIT(LENGTH_MEASURE(2.E-5),#8634,
'DISTANCE_ACCURACY_VALUE','Maximum Tolerance applied to model');
#8632=(
NAMED_UNIT(*)
SI_UNIT($,.STERADIAN.)
SOLID_ANGLE_UNIT()
);
#8633=(
NAMED_UNIT(*)
PLANE_ANGLE_UNIT()
SI_UNIT($,.RADIAN.)
);
#8634=(
LENGTH_UNIT()
NAMED_UNIT(*)
SI_UNIT($,.METRE.)
);
#8635=PRODUCT_DEFINITION_SHAPE('','',#8636);
#8636=PRODUCT_DEFINITION('','',#8638,#8637);
#8637=PRODUCT_DEFINITION_CONTEXT('',#8644,'design');
#8638=PRODUCT_DEFINITION_FORMATION_WITH_SPECIFIED_SOURCE('','',#8640,
 .NOT_KNOWN.);
#8639=PRODUCT_RELATED_PRODUCT_CATEGORY('','',(#8640));
#8640=PRODUCT('Part 1','Part 1','Part 1',(#8642));
#8641=PRODUCT_CATEGORY('','');
#8642=PRODUCT_CONTEXT('',#8644,'mechanical');
#8643=APPLICATION_PROTOCOL_DEFINITION('international standard',
'ap242_managed_model_based_3d_engineering',2020,#8644);
#8644=APPLICATION_CONTEXT('managed model based 3d engineering');
ENDSEC;
END-ISO-10303-21;
