ISO-10303-21;
HEADER;
/* Generated by software containing ST-Developer
 * from STEP Tools, Inc. (www.steptools.com) 
 */
/* OPTION: using custom renumber hook */

FILE_DESCRIPTION(
/* description */ ('STEP AP242 Edition 2',
'CAx-IF Rec.Pracs.---Representation and Presentation of Product Manufa
cturing Information (PMI)---4.0---2014-10-13',
'CAx-IF Rec.Pracs.---3D Tessellated Geometry---0.4---2014-09-14','2;1',
'CAx-IF Rec.Pracs.---User Defined Attributes---1.5---2016-08-15'),
/* implementation_level */ '2;1');

FILE_NAME(
/* name */ 'Outdoor-Bottom',
/* time_stamp */ '2026-10-06T00:27:34Z',
/* author */ (''),
/* organization */ (''),
/* preprocessor_version */ 'ST-DEVELOPER v20',
/* originating_system */ 'ONSHAPE BY PTC INC, 1.221',
/* authorisation */ '  ');

FILE_SCHEMA (('AP242_MANAGED_MODEL_BASED_3D_ENGINEERING_MIM_LF { 1 0 10303 442 3 1 4 }'));
ENDSEC;

DATA;
#10=SHAPE_REPRESENTATION_RELATIONSHIP('','',#3423,#11);
#11=ADVANCED_BREP_SHAPE_REPRESENTATION('',(#3421),#5319);
#12=CYLINDRICAL_SURFACE('',#3467,0.002);
#13=CYLINDRICAL_SURFACE('',#3468,0.002);
#14=CYLINDRICAL_SURFACE('',#3469,0.002);
#15=CYLINDRICAL_SURFACE('',#3470,0.002);
#16=CIRCLE('',#3436,0.002);
#17=CIRCLE('',#3437,0.002);
#18=CIRCLE('',#3438,0.002);
#19=CIRCLE('',#3439,0.002);
#20=CIRCLE('',#3441,0.002);
#21=CIRCLE('',#3442,0.002);
#22=CIRCLE('',#3443,0.002);
#23=CIRCLE('',#3444,0.002);
#24=ORIENTED_EDGE('',*,*,#956,.F.);
#25=ORIENTED_EDGE('',*,*,#957,.F.);
#26=ORIENTED_EDGE('',*,*,#958,.F.);
#27=ORIENTED_EDGE('',*,*,#959,.F.);
#28=ORIENTED_EDGE('',*,*,#960,.T.);
#29=ORIENTED_EDGE('',*,*,#961,.T.);
#30=ORIENTED_EDGE('',*,*,#962,.T.);
#31=ORIENTED_EDGE('',*,*,#963,.T.);
#32=ORIENTED_EDGE('',*,*,#964,.F.);
#33=ORIENTED_EDGE('',*,*,#965,.F.);
#34=ORIENTED_EDGE('',*,*,#966,.T.);
#35=ORIENTED_EDGE('',*,*,#967,.T.);
#36=ORIENTED_EDGE('',*,*,#968,.F.);
#37=ORIENTED_EDGE('',*,*,#969,.F.);
#38=ORIENTED_EDGE('',*,*,#970,.T.);
#39=ORIENTED_EDGE('',*,*,#971,.T.);
#40=ORIENTED_EDGE('',*,*,#972,.F.);
#41=ORIENTED_EDGE('',*,*,#973,.F.);
#42=ORIENTED_EDGE('',*,*,#974,.T.);
#43=ORIENTED_EDGE('',*,*,#975,.T.);
#44=ORIENTED_EDGE('',*,*,#976,.F.);
#45=ORIENTED_EDGE('',*,*,#977,.F.);
#46=ORIENTED_EDGE('',*,*,#978,.F.);
#47=ORIENTED_EDGE('',*,*,#979,.F.);
#48=ORIENTED_EDGE('',*,*,#980,.T.);
#49=ORIENTED_EDGE('',*,*,#981,.T.);
#50=ORIENTED_EDGE('',*,*,#982,.T.);
#51=ORIENTED_EDGE('',*,*,#983,.T.);
#52=ORIENTED_EDGE('',*,*,#984,.F.);
#53=ORIENTED_EDGE('',*,*,#985,.F.);
#54=ORIENTED_EDGE('',*,*,#986,.T.);
#55=ORIENTED_EDGE('',*,*,#987,.T.);
#56=ORIENTED_EDGE('',*,*,#988,.F.);
#57=ORIENTED_EDGE('',*,*,#989,.F.);
#58=ORIENTED_EDGE('',*,*,#990,.F.);
#59=ORIENTED_EDGE('',*,*,#991,.T.);
#60=ORIENTED_EDGE('',*,*,#992,.T.);
#61=ORIENTED_EDGE('',*,*,#993,.T.);
#62=ORIENTED_EDGE('',*,*,#994,.T.);
#63=ORIENTED_EDGE('',*,*,#995,.T.);
#64=ORIENTED_EDGE('',*,*,#996,.F.);
#65=ORIENTED_EDGE('',*,*,#997,.F.);
#66=ORIENTED_EDGE('',*,*,#998,.T.);
#67=ORIENTED_EDGE('',*,*,#999,.T.);
#68=ORIENTED_EDGE('',*,*,#1000,.F.);
#69=ORIENTED_EDGE('',*,*,#1001,.F.);
#70=ORIENTED_EDGE('',*,*,#1002,.T.);
#71=ORIENTED_EDGE('',*,*,#1003,.T.);
#72=ORIENTED_EDGE('',*,*,#1004,.F.);
#73=ORIENTED_EDGE('',*,*,#1005,.F.);
#74=ORIENTED_EDGE('',*,*,#1006,.F.);
#75=ORIENTED_EDGE('',*,*,#961,.F.);
#76=ORIENTED_EDGE('',*,*,#1007,.T.);
#77=ORIENTED_EDGE('',*,*,#1008,.T.);
#78=ORIENTED_EDGE('',*,*,#1009,.T.);
#79=ORIENTED_EDGE('',*,*,#1010,.T.);
#80=ORIENTED_EDGE('',*,*,#1011,.F.);
#81=ORIENTED_EDGE('',*,*,#1012,.F.);
#82=ORIENTED_EDGE('',*,*,#1013,.T.);
#83=ORIENTED_EDGE('',*,*,#1014,.T.);
#84=ORIENTED_EDGE('',*,*,#1015,.F.);
#85=ORIENTED_EDGE('',*,*,#1016,.F.);
#86=ORIENTED_EDGE('',*,*,#1017,.T.);
#87=ORIENTED_EDGE('',*,*,#1018,.T.);
#88=ORIENTED_EDGE('',*,*,#1019,.F.);
#89=ORIENTED_EDGE('',*,*,#1020,.F.);
#90=ORIENTED_EDGE('',*,*,#1021,.T.);
#91=ORIENTED_EDGE('',*,*,#1022,.T.);
#92=ORIENTED_EDGE('',*,*,#1023,.F.);
#93=ORIENTED_EDGE('',*,*,#1024,.F.);
#94=ORIENTED_EDGE('',*,*,#1025,.T.);
#95=ORIENTED_EDGE('',*,*,#1026,.T.);
#96=ORIENTED_EDGE('',*,*,#1027,.F.);
#97=ORIENTED_EDGE('',*,*,#1028,.F.);
#98=ORIENTED_EDGE('',*,*,#1029,.T.);
#99=ORIENTED_EDGE('',*,*,#1030,.T.);
#100=ORIENTED_EDGE('',*,*,#1031,.F.);
#101=ORIENTED_EDGE('',*,*,#1032,.F.);
#102=ORIENTED_EDGE('',*,*,#1033,.T.);
#103=ORIENTED_EDGE('',*,*,#1034,.T.);
#104=ORIENTED_EDGE('',*,*,#1035,.F.);
#105=ORIENTED_EDGE('',*,*,#1036,.F.);
#106=ORIENTED_EDGE('',*,*,#1037,.F.);
#107=ORIENTED_EDGE('',*,*,#1038,.F.);
#108=ORIENTED_EDGE('',*,*,#1039,.T.);
#109=ORIENTED_EDGE('',*,*,#1040,.T.);
#110=ORIENTED_EDGE('',*,*,#1041,.F.);
#111=ORIENTED_EDGE('',*,*,#1042,.F.);
#112=ORIENTED_EDGE('',*,*,#1043,.T.);
#113=ORIENTED_EDGE('',*,*,#1044,.T.);
#114=ORIENTED_EDGE('',*,*,#1045,.F.);
#115=ORIENTED_EDGE('',*,*,#1046,.F.);
#116=ORIENTED_EDGE('',*,*,#1047,.T.);
#117=ORIENTED_EDGE('',*,*,#1048,.T.);
#118=ORIENTED_EDGE('',*,*,#1049,.F.);
#119=ORIENTED_EDGE('',*,*,#1050,.F.);
#120=ORIENTED_EDGE('',*,*,#1051,.T.);
#121=ORIENTED_EDGE('',*,*,#1052,.T.);
#122=ORIENTED_EDGE('',*,*,#1053,.F.);
#123=ORIENTED_EDGE('',*,*,#1054,.F.);
#124=ORIENTED_EDGE('',*,*,#1055,.T.);
#125=ORIENTED_EDGE('',*,*,#1056,.T.);
#126=ORIENTED_EDGE('',*,*,#1057,.F.);
#127=ORIENTED_EDGE('',*,*,#1058,.F.);
#128=ORIENTED_EDGE('',*,*,#1059,.T.);
#129=ORIENTED_EDGE('',*,*,#1060,.T.);
#130=ORIENTED_EDGE('',*,*,#1061,.F.);
#131=ORIENTED_EDGE('',*,*,#1062,.F.);
#132=ORIENTED_EDGE('',*,*,#1063,.T.);
#133=ORIENTED_EDGE('',*,*,#1064,.T.);
#134=ORIENTED_EDGE('',*,*,#1065,.T.);
#135=ORIENTED_EDGE('',*,*,#1066,.T.);
#136=ORIENTED_EDGE('',*,*,#1067,.F.);
#137=ORIENTED_EDGE('',*,*,#1068,.F.);
#138=ORIENTED_EDGE('',*,*,#1069,.T.);
#139=ORIENTED_EDGE('',*,*,#1070,.T.);
#140=ORIENTED_EDGE('',*,*,#1071,.F.);
#141=ORIENTED_EDGE('',*,*,#1072,.F.);
#142=ORIENTED_EDGE('',*,*,#1073,.T.);
#143=ORIENTED_EDGE('',*,*,#1074,.T.);
#144=ORIENTED_EDGE('',*,*,#1075,.F.);
#145=ORIENTED_EDGE('',*,*,#1076,.F.);
#146=ORIENTED_EDGE('',*,*,#1077,.T.);
#147=ORIENTED_EDGE('',*,*,#1078,.T.);
#148=ORIENTED_EDGE('',*,*,#1079,.F.);
#149=ORIENTED_EDGE('',*,*,#1080,.F.);
#150=ORIENTED_EDGE('',*,*,#1081,.T.);
#151=ORIENTED_EDGE('',*,*,#1082,.T.);
#152=ORIENTED_EDGE('',*,*,#1083,.F.);
#153=ORIENTED_EDGE('',*,*,#1084,.F.);
#154=ORIENTED_EDGE('',*,*,#1085,.T.);
#155=ORIENTED_EDGE('',*,*,#1086,.T.);
#156=ORIENTED_EDGE('',*,*,#1087,.F.);
#157=ORIENTED_EDGE('',*,*,#1088,.F.);
#158=ORIENTED_EDGE('',*,*,#1089,.T.);
#159=ORIENTED_EDGE('',*,*,#1090,.T.);
#160=ORIENTED_EDGE('',*,*,#1091,.F.);
#161=ORIENTED_EDGE('',*,*,#1092,.F.);
#162=ORIENTED_EDGE('',*,*,#1093,.T.);
#163=ORIENTED_EDGE('',*,*,#1094,.T.);
#164=ORIENTED_EDGE('',*,*,#1095,.F.);
#165=ORIENTED_EDGE('',*,*,#1096,.T.);
#166=ORIENTED_EDGE('',*,*,#1097,.T.);
#167=ORIENTED_EDGE('',*,*,#1098,.T.);
#168=ORIENTED_EDGE('',*,*,#1099,.F.);
#169=ORIENTED_EDGE('',*,*,#1100,.F.);
#170=ORIENTED_EDGE('',*,*,#1101,.T.);
#171=ORIENTED_EDGE('',*,*,#1102,.T.);
#172=ORIENTED_EDGE('',*,*,#1103,.F.);
#173=ORIENTED_EDGE('',*,*,#1104,.F.);
#174=ORIENTED_EDGE('',*,*,#1105,.T.);
#175=ORIENTED_EDGE('',*,*,#1106,.T.);
#176=ORIENTED_EDGE('',*,*,#1107,.F.);
#177=ORIENTED_EDGE('',*,*,#1108,.F.);
#178=ORIENTED_EDGE('',*,*,#1109,.T.);
#179=ORIENTED_EDGE('',*,*,#1110,.T.);
#180=ORIENTED_EDGE('',*,*,#1111,.F.);
#181=ORIENTED_EDGE('',*,*,#1112,.F.);
#182=ORIENTED_EDGE('',*,*,#1113,.T.);
#183=ORIENTED_EDGE('',*,*,#1114,.T.);
#184=ORIENTED_EDGE('',*,*,#1115,.F.);
#185=ORIENTED_EDGE('',*,*,#1116,.F.);
#186=ORIENTED_EDGE('',*,*,#1117,.T.);
#187=ORIENTED_EDGE('',*,*,#1118,.T.);
#188=ORIENTED_EDGE('',*,*,#1119,.F.);
#189=ORIENTED_EDGE('',*,*,#1120,.F.);
#190=ORIENTED_EDGE('',*,*,#1121,.T.);
#191=ORIENTED_EDGE('',*,*,#1122,.T.);
#192=ORIENTED_EDGE('',*,*,#1123,.F.);
#193=ORIENTED_EDGE('',*,*,#1124,.F.);
#194=ORIENTED_EDGE('',*,*,#1125,.F.);
#195=ORIENTED_EDGE('',*,*,#1126,.F.);
#196=ORIENTED_EDGE('',*,*,#1127,.T.);
#197=ORIENTED_EDGE('',*,*,#1128,.T.);
#198=ORIENTED_EDGE('',*,*,#1129,.F.);
#199=ORIENTED_EDGE('',*,*,#1130,.F.);
#200=ORIENTED_EDGE('',*,*,#1131,.T.);
#201=ORIENTED_EDGE('',*,*,#1132,.T.);
#202=ORIENTED_EDGE('',*,*,#1133,.T.);
#203=ORIENTED_EDGE('',*,*,#1134,.T.);
#204=ORIENTED_EDGE('',*,*,#1135,.T.);
#205=ORIENTED_EDGE('',*,*,#1136,.T.);
#206=ORIENTED_EDGE('',*,*,#1008,.F.);
#207=ORIENTED_EDGE('',*,*,#1137,.F.);
#208=ORIENTED_EDGE('',*,*,#1138,.F.);
#209=ORIENTED_EDGE('',*,*,#1139,.F.);
#210=ORIENTED_EDGE('',*,*,#1140,.T.);
#211=ORIENTED_EDGE('',*,*,#1141,.T.);
#212=ORIENTED_EDGE('',*,*,#1142,.F.);
#213=ORIENTED_EDGE('',*,*,#1143,.F.);
#214=ORIENTED_EDGE('',*,*,#1144,.T.);
#215=ORIENTED_EDGE('',*,*,#1145,.T.);
#216=ORIENTED_EDGE('',*,*,#1146,.F.);
#217=ORIENTED_EDGE('',*,*,#1147,.T.);
#218=ORIENTED_EDGE('',*,*,#1148,.T.);
#219=ORIENTED_EDGE('',*,*,#1149,.T.);
#220=ORIENTED_EDGE('',*,*,#1150,.F.);
#221=ORIENTED_EDGE('',*,*,#1151,.F.);
#222=ORIENTED_EDGE('',*,*,#1152,.T.);
#223=ORIENTED_EDGE('',*,*,#1153,.T.);
#224=ORIENTED_EDGE('',*,*,#1154,.F.);
#225=ORIENTED_EDGE('',*,*,#1155,.F.);
#226=ORIENTED_EDGE('',*,*,#1156,.T.);
#227=ORIENTED_EDGE('',*,*,#1157,.T.);
#228=ORIENTED_EDGE('',*,*,#1158,.F.);
#229=ORIENTED_EDGE('',*,*,#1159,.F.);
#230=ORIENTED_EDGE('',*,*,#1160,.T.);
#231=ORIENTED_EDGE('',*,*,#1161,.T.);
#232=ORIENTED_EDGE('',*,*,#1162,.F.);
#233=ORIENTED_EDGE('',*,*,#1163,.F.);
#234=ORIENTED_EDGE('',*,*,#1164,.T.);
#235=ORIENTED_EDGE('',*,*,#1165,.T.);
#236=ORIENTED_EDGE('',*,*,#1166,.F.);
#237=ORIENTED_EDGE('',*,*,#1167,.F.);
#238=ORIENTED_EDGE('',*,*,#1168,.T.);
#239=ORIENTED_EDGE('',*,*,#1169,.T.);
#240=ORIENTED_EDGE('',*,*,#1170,.F.);
#241=ORIENTED_EDGE('',*,*,#1171,.F.);
#242=ORIENTED_EDGE('',*,*,#1172,.T.);
#243=ORIENTED_EDGE('',*,*,#1173,.T.);
#244=ORIENTED_EDGE('',*,*,#1174,.F.);
#245=ORIENTED_EDGE('',*,*,#1175,.F.);
#246=ORIENTED_EDGE('',*,*,#1176,.T.);
#247=ORIENTED_EDGE('',*,*,#1177,.T.);
#248=ORIENTED_EDGE('',*,*,#1178,.F.);
#249=ORIENTED_EDGE('',*,*,#1179,.F.);
#250=ORIENTED_EDGE('',*,*,#1180,.T.);
#251=ORIENTED_EDGE('',*,*,#1181,.T.);
#252=ORIENTED_EDGE('',*,*,#1133,.F.);
#253=ORIENTED_EDGE('',*,*,#1182,.F.);
#254=ORIENTED_EDGE('',*,*,#959,.T.);
#255=ORIENTED_EDGE('',*,*,#1183,.T.);
#256=ORIENTED_EDGE('',*,*,#1184,.T.);
#257=ORIENTED_EDGE('',*,*,#1185,.T.);
#258=ORIENTED_EDGE('',*,*,#1186,.F.);
#259=ORIENTED_EDGE('',*,*,#1187,.T.);
#260=ORIENTED_EDGE('',*,*,#1188,.F.);
#261=ORIENTED_EDGE('',*,*,#1189,.T.);
#262=ORIENTED_EDGE('',*,*,#1190,.T.);
#263=ORIENTED_EDGE('',*,*,#1191,.F.);
#264=ORIENTED_EDGE('',*,*,#1192,.F.);
#265=ORIENTED_EDGE('',*,*,#1193,.T.);
#266=ORIENTED_EDGE('',*,*,#1194,.T.);
#267=ORIENTED_EDGE('',*,*,#1195,.F.);
#268=ORIENTED_EDGE('',*,*,#1196,.F.);
#269=ORIENTED_EDGE('',*,*,#1197,.T.);
#270=ORIENTED_EDGE('',*,*,#1198,.T.);
#271=ORIENTED_EDGE('',*,*,#1199,.F.);
#272=ORIENTED_EDGE('',*,*,#1200,.F.);
#273=ORIENTED_EDGE('',*,*,#1201,.F.);
#274=ORIENTED_EDGE('',*,*,#1202,.T.);
#275=ORIENTED_EDGE('',*,*,#1203,.T.);
#276=ORIENTED_EDGE('',*,*,#1204,.F.);
#277=ORIENTED_EDGE('',*,*,#1205,.F.);
#278=ORIENTED_EDGE('',*,*,#1206,.T.);
#279=ORIENTED_EDGE('',*,*,#1207,.T.);
#280=ORIENTED_EDGE('',*,*,#1208,.F.);
#281=ORIENTED_EDGE('',*,*,#1209,.F.);
#282=ORIENTED_EDGE('',*,*,#1210,.T.);
#283=ORIENTED_EDGE('',*,*,#1211,.T.);
#284=ORIENTED_EDGE('',*,*,#1212,.F.);
#285=ORIENTED_EDGE('',*,*,#1213,.F.);
#286=ORIENTED_EDGE('',*,*,#1214,.T.);
#287=ORIENTED_EDGE('',*,*,#1215,.T.);
#288=ORIENTED_EDGE('',*,*,#1216,.F.);
#289=ORIENTED_EDGE('',*,*,#1217,.T.);
#290=ORIENTED_EDGE('',*,*,#1218,.T.);
#291=ORIENTED_EDGE('',*,*,#1219,.T.);
#292=ORIENTED_EDGE('',*,*,#1220,.F.);
#293=ORIENTED_EDGE('',*,*,#1221,.T.);
#294=ORIENTED_EDGE('',*,*,#1222,.T.);
#295=ORIENTED_EDGE('',*,*,#1223,.F.);
#296=ORIENTED_EDGE('',*,*,#1224,.F.);
#297=ORIENTED_EDGE('',*,*,#1225,.T.);
#298=ORIENTED_EDGE('',*,*,#1226,.T.);
#299=ORIENTED_EDGE('',*,*,#1227,.F.);
#300=ORIENTED_EDGE('',*,*,#1228,.F.);
#301=ORIENTED_EDGE('',*,*,#1229,.T.);
#302=ORIENTED_EDGE('',*,*,#1230,.T.);
#303=ORIENTED_EDGE('',*,*,#1231,.F.);
#304=ORIENTED_EDGE('',*,*,#1232,.F.);
#305=ORIENTED_EDGE('',*,*,#1233,.T.);
#306=ORIENTED_EDGE('',*,*,#1234,.T.);
#307=ORIENTED_EDGE('',*,*,#1235,.F.);
#308=ORIENTED_EDGE('',*,*,#1236,.F.);
#309=ORIENTED_EDGE('',*,*,#1237,.F.);
#310=ORIENTED_EDGE('',*,*,#1238,.T.);
#311=ORIENTED_EDGE('',*,*,#1239,.T.);
#312=ORIENTED_EDGE('',*,*,#1240,.F.);
#313=ORIENTED_EDGE('',*,*,#1241,.F.);
#314=ORIENTED_EDGE('',*,*,#1242,.T.);
#315=ORIENTED_EDGE('',*,*,#1243,.T.);
#316=ORIENTED_EDGE('',*,*,#1244,.F.);
#317=ORIENTED_EDGE('',*,*,#1245,.F.);
#318=ORIENTED_EDGE('',*,*,#1246,.T.);
#319=ORIENTED_EDGE('',*,*,#1247,.T.);
#320=ORIENTED_EDGE('',*,*,#1248,.F.);
#321=ORIENTED_EDGE('',*,*,#1249,.F.);
#322=ORIENTED_EDGE('',*,*,#1250,.T.);
#323=ORIENTED_EDGE('',*,*,#1251,.T.);
#324=ORIENTED_EDGE('',*,*,#1252,.F.);
#325=ORIENTED_EDGE('',*,*,#1253,.F.);
#326=ORIENTED_EDGE('',*,*,#1254,.T.);
#327=ORIENTED_EDGE('',*,*,#1255,.T.);
#328=ORIENTED_EDGE('',*,*,#1256,.F.);
#329=ORIENTED_EDGE('',*,*,#1257,.F.);
#330=ORIENTED_EDGE('',*,*,#1258,.T.);
#331=ORIENTED_EDGE('',*,*,#1259,.T.);
#332=ORIENTED_EDGE('',*,*,#1260,.F.);
#333=ORIENTED_EDGE('',*,*,#1261,.F.);
#334=ORIENTED_EDGE('',*,*,#1262,.T.);
#335=ORIENTED_EDGE('',*,*,#1263,.T.);
#336=ORIENTED_EDGE('',*,*,#1136,.F.);
#337=ORIENTED_EDGE('',*,*,#1264,.T.);
#338=ORIENTED_EDGE('',*,*,#1265,.F.);
#339=ORIENTED_EDGE('',*,*,#1185,.F.);
#340=ORIENTED_EDGE('',*,*,#1266,.T.);
#341=ORIENTED_EDGE('',*,*,#1267,.F.);
#342=ORIENTED_EDGE('',*,*,#956,.T.);
#343=ORIENTED_EDGE('',*,*,#1006,.T.);
#344=ORIENTED_EDGE('',*,*,#1268,.F.);
#345=ORIENTED_EDGE('',*,*,#1269,.T.);
#346=ORIENTED_EDGE('',*,*,#1270,.T.);
#347=ORIENTED_EDGE('',*,*,#1271,.T.);
#348=ORIENTED_EDGE('',*,*,#992,.F.);
#349=ORIENTED_EDGE('',*,*,#1272,.T.);
#350=ORIENTED_EDGE('',*,*,#1216,.T.);
#351=ORIENTED_EDGE('',*,*,#1273,.T.);
#352=ORIENTED_EDGE('',*,*,#1146,.T.);
#353=ORIENTED_EDGE('',*,*,#1274,.T.);
#354=ORIENTED_EDGE('',*,*,#1093,.F.);
#355=ORIENTED_EDGE('',*,*,#1275,.T.);
#356=ORIENTED_EDGE('',*,*,#960,.F.);
#357=ORIENTED_EDGE('',*,*,#1182,.T.);
#358=ORIENTED_EDGE('',*,*,#1137,.T.);
#359=ORIENTED_EDGE('',*,*,#1007,.F.);
#360=ORIENTED_EDGE('',*,*,#1218,.F.);
#361=ORIENTED_EDGE('',*,*,#1276,.T.);
#362=ORIENTED_EDGE('',*,*,#990,.T.);
#363=ORIENTED_EDGE('',*,*,#1277,.T.);
#364=ORIENTED_EDGE('',*,*,#1095,.T.);
#365=ORIENTED_EDGE('',*,*,#1278,.T.);
#366=ORIENTED_EDGE('',*,*,#1148,.F.);
#367=ORIENTED_EDGE('',*,*,#1279,.T.);
#368=ORIENTED_EDGE('',*,*,#1221,.F.);
#369=ORIENTED_EDGE('',*,*,#1280,.F.);
#370=ORIENTED_EDGE('',*,*,#1192,.T.);
#371=ORIENTED_EDGE('',*,*,#1281,.T.);
#372=ORIENTED_EDGE('',*,*,#1220,.T.);
#373=ORIENTED_EDGE('',*,*,#1282,.F.);
#374=ORIENTED_EDGE('',*,*,#1193,.F.);
#375=ORIENTED_EDGE('',*,*,#1280,.T.);
#376=ORIENTED_EDGE('',*,*,#1223,.T.);
#377=ORIENTED_EDGE('',*,*,#1283,.F.);
#378=ORIENTED_EDGE('',*,*,#1194,.F.);
#379=ORIENTED_EDGE('',*,*,#1282,.T.);
#380=ORIENTED_EDGE('',*,*,#1222,.F.);
#381=ORIENTED_EDGE('',*,*,#1281,.F.);
#382=ORIENTED_EDGE('',*,*,#1195,.T.);
#383=ORIENTED_EDGE('',*,*,#1283,.T.);
#384=ORIENTED_EDGE('',*,*,#1225,.F.);
#385=ORIENTED_EDGE('',*,*,#1284,.F.);
#386=ORIENTED_EDGE('',*,*,#1188,.T.);
#387=ORIENTED_EDGE('',*,*,#1285,.T.);
#388=ORIENTED_EDGE('',*,*,#1224,.T.);
#389=ORIENTED_EDGE('',*,*,#1286,.F.);
#390=ORIENTED_EDGE('',*,*,#1189,.F.);
#391=ORIENTED_EDGE('',*,*,#1284,.T.);
#392=ORIENTED_EDGE('',*,*,#1227,.T.);
#393=ORIENTED_EDGE('',*,*,#1287,.F.);
#394=ORIENTED_EDGE('',*,*,#1190,.F.);
#395=ORIENTED_EDGE('',*,*,#1286,.T.);
#396=ORIENTED_EDGE('',*,*,#1226,.F.);
#397=ORIENTED_EDGE('',*,*,#1285,.F.);
#398=ORIENTED_EDGE('',*,*,#1191,.T.);
#399=ORIENTED_EDGE('',*,*,#1287,.T.);
#400=ORIENTED_EDGE('',*,*,#1229,.F.);
#401=ORIENTED_EDGE('',*,*,#1288,.F.);
#402=ORIENTED_EDGE('',*,*,#1196,.T.);
#403=ORIENTED_EDGE('',*,*,#1289,.T.);
#404=ORIENTED_EDGE('',*,*,#1228,.T.);
#405=ORIENTED_EDGE('',*,*,#1290,.F.);
#406=ORIENTED_EDGE('',*,*,#1197,.F.);
#407=ORIENTED_EDGE('',*,*,#1288,.T.);
#408=ORIENTED_EDGE('',*,*,#1231,.T.);
#409=ORIENTED_EDGE('',*,*,#1291,.F.);
#410=ORIENTED_EDGE('',*,*,#1198,.F.);
#411=ORIENTED_EDGE('',*,*,#1290,.T.);
#412=ORIENTED_EDGE('',*,*,#1230,.F.);
#413=ORIENTED_EDGE('',*,*,#1289,.F.);
#414=ORIENTED_EDGE('',*,*,#1199,.T.);
#415=ORIENTED_EDGE('',*,*,#1291,.T.);
#416=ORIENTED_EDGE('',*,*,#1233,.F.);
#417=ORIENTED_EDGE('',*,*,#1292,.F.);
#418=ORIENTED_EDGE('',*,*,#1179,.T.);
#419=ORIENTED_EDGE('',*,*,#1293,.T.);
#420=ORIENTED_EDGE('',*,*,#1232,.T.);
#421=ORIENTED_EDGE('',*,*,#1294,.F.);
#422=ORIENTED_EDGE('',*,*,#1270,.F.);
#423=ORIENTED_EDGE('',*,*,#1180,.F.);
#424=ORIENTED_EDGE('',*,*,#1292,.T.);
#425=ORIENTED_EDGE('',*,*,#1235,.T.);
#426=ORIENTED_EDGE('',*,*,#1295,.F.);
#427=ORIENTED_EDGE('',*,*,#1271,.F.);
#428=ORIENTED_EDGE('',*,*,#1294,.T.);
#429=ORIENTED_EDGE('',*,*,#1234,.F.);
#430=ORIENTED_EDGE('',*,*,#1293,.F.);
#431=ORIENTED_EDGE('',*,*,#1178,.T.);
#432=ORIENTED_EDGE('',*,*,#1268,.T.);
#433=ORIENTED_EDGE('',*,*,#1295,.T.);
#434=ORIENTED_EDGE('',*,*,#1264,.F.);
#435=ORIENTED_EDGE('',*,*,#1135,.F.);
#436=ORIENTED_EDGE('',*,*,#1296,.T.);
#437=ORIENTED_EDGE('',*,*,#1297,.T.);
#438=ORIENTED_EDGE('',*,*,#1265,.T.);
#439=ORIENTED_EDGE('',*,*,#1297,.F.);
#440=ORIENTED_EDGE('',*,*,#1298,.F.);
#441=ORIENTED_EDGE('',*,*,#1186,.T.);
#442=ORIENTED_EDGE('',*,*,#1296,.F.);
#443=ORIENTED_EDGE('',*,*,#1134,.F.);
#444=ORIENTED_EDGE('',*,*,#1181,.F.);
#445=ORIENTED_EDGE('',*,*,#1269,.F.);
#446=ORIENTED_EDGE('',*,*,#1187,.F.);
#447=ORIENTED_EDGE('',*,*,#1298,.T.);
#448=ORIENTED_EDGE('',*,*,#1267,.T.);
#449=ORIENTED_EDGE('',*,*,#1299,.F.);
#450=ORIENTED_EDGE('',*,*,#1300,.F.);
#451=ORIENTED_EDGE('',*,*,#957,.T.);
#452=ORIENTED_EDGE('',*,*,#1266,.F.);
#453=ORIENTED_EDGE('',*,*,#1184,.F.);
#454=ORIENTED_EDGE('',*,*,#1301,.T.);
#455=ORIENTED_EDGE('',*,*,#1299,.T.);
#456=ORIENTED_EDGE('',*,*,#958,.T.);
#457=ORIENTED_EDGE('',*,*,#1300,.T.);
#458=ORIENTED_EDGE('',*,*,#1301,.F.);
#459=ORIENTED_EDGE('',*,*,#1183,.F.);
#460=ORIENTED_EDGE('',*,*,#1276,.F.);
#461=ORIENTED_EDGE('',*,*,#1217,.F.);
#462=ORIENTED_EDGE('',*,*,#1272,.F.);
#463=ORIENTED_EDGE('',*,*,#991,.F.);
#464=ORIENTED_EDGE('',*,*,#1279,.F.);
#465=ORIENTED_EDGE('',*,*,#1147,.F.);
#466=ORIENTED_EDGE('',*,*,#1273,.F.);
#467=ORIENTED_EDGE('',*,*,#1219,.F.);
#468=ORIENTED_EDGE('',*,*,#1278,.F.);
#469=ORIENTED_EDGE('',*,*,#1094,.F.);
#470=ORIENTED_EDGE('',*,*,#1274,.F.);
#471=ORIENTED_EDGE('',*,*,#1149,.F.);
#472=ORIENTED_EDGE('',*,*,#1277,.F.);
#473=ORIENTED_EDGE('',*,*,#993,.F.);
#474=ORIENTED_EDGE('',*,*,#1275,.F.);
#475=ORIENTED_EDGE('',*,*,#1096,.F.);
#476=ORIENTED_EDGE('',*,*,#1302,.T.);
#477=ORIENTED_EDGE('',*,*,#1090,.F.);
#478=ORIENTED_EDGE('',*,*,#1303,.F.);
#479=ORIENTED_EDGE('',*,*,#1009,.F.);
#480=ORIENTED_EDGE('',*,*,#1012,.T.);
#481=ORIENTED_EDGE('',*,*,#1304,.T.);
#482=ORIENTED_EDGE('',*,*,#1091,.T.);
#483=ORIENTED_EDGE('',*,*,#1302,.F.);
#484=ORIENTED_EDGE('',*,*,#1011,.T.);
#485=ORIENTED_EDGE('',*,*,#1305,.T.);
#486=ORIENTED_EDGE('',*,*,#1092,.T.);
#487=ORIENTED_EDGE('',*,*,#1304,.F.);
#488=ORIENTED_EDGE('',*,*,#1303,.T.);
#489=ORIENTED_EDGE('',*,*,#1089,.F.);
#490=ORIENTED_EDGE('',*,*,#1305,.F.);
#491=ORIENTED_EDGE('',*,*,#1010,.F.);
#492=ORIENTED_EDGE('',*,*,#1306,.T.);
#493=ORIENTED_EDGE('',*,*,#1098,.F.);
#494=ORIENTED_EDGE('',*,*,#1307,.F.);
#495=ORIENTED_EDGE('',*,*,#1013,.F.);
#496=ORIENTED_EDGE('',*,*,#1016,.T.);
#497=ORIENTED_EDGE('',*,*,#1308,.T.);
#498=ORIENTED_EDGE('',*,*,#1099,.T.);
#499=ORIENTED_EDGE('',*,*,#1306,.F.);
#500=ORIENTED_EDGE('',*,*,#1015,.T.);
#501=ORIENTED_EDGE('',*,*,#1309,.T.);
#502=ORIENTED_EDGE('',*,*,#1100,.T.);
#503=ORIENTED_EDGE('',*,*,#1308,.F.);
#504=ORIENTED_EDGE('',*,*,#1307,.T.);
#505=ORIENTED_EDGE('',*,*,#1097,.F.);
#506=ORIENTED_EDGE('',*,*,#1309,.F.);
#507=ORIENTED_EDGE('',*,*,#1014,.F.);
#508=ORIENTED_EDGE('',*,*,#1310,.T.);
#509=ORIENTED_EDGE('',*,*,#1086,.F.);
#510=ORIENTED_EDGE('',*,*,#1311,.F.);
#511=ORIENTED_EDGE('',*,*,#1017,.F.);
#512=ORIENTED_EDGE('',*,*,#1020,.T.);
#513=ORIENTED_EDGE('',*,*,#1312,.T.);
#514=ORIENTED_EDGE('',*,*,#1087,.T.);
#515=ORIENTED_EDGE('',*,*,#1310,.F.);
#516=ORIENTED_EDGE('',*,*,#1019,.T.);
#517=ORIENTED_EDGE('',*,*,#1313,.T.);
#518=ORIENTED_EDGE('',*,*,#1088,.T.);
#519=ORIENTED_EDGE('',*,*,#1312,.F.);
#520=ORIENTED_EDGE('',*,*,#1311,.T.);
#521=ORIENTED_EDGE('',*,*,#1085,.F.);
#522=ORIENTED_EDGE('',*,*,#1313,.F.);
#523=ORIENTED_EDGE('',*,*,#1018,.F.);
#524=ORIENTED_EDGE('',*,*,#1314,.T.);
#525=ORIENTED_EDGE('',*,*,#1102,.F.);
#526=ORIENTED_EDGE('',*,*,#1315,.F.);
#527=ORIENTED_EDGE('',*,*,#1021,.F.);
#528=ORIENTED_EDGE('',*,*,#1024,.T.);
#529=ORIENTED_EDGE('',*,*,#1316,.T.);
#530=ORIENTED_EDGE('',*,*,#1103,.T.);
#531=ORIENTED_EDGE('',*,*,#1314,.F.);
#532=ORIENTED_EDGE('',*,*,#1023,.T.);
#533=ORIENTED_EDGE('',*,*,#1317,.T.);
#534=ORIENTED_EDGE('',*,*,#1104,.T.);
#535=ORIENTED_EDGE('',*,*,#1316,.F.);
#536=ORIENTED_EDGE('',*,*,#1315,.T.);
#537=ORIENTED_EDGE('',*,*,#1101,.F.);
#538=ORIENTED_EDGE('',*,*,#1317,.F.);
#539=ORIENTED_EDGE('',*,*,#1022,.F.);
#540=ORIENTED_EDGE('',*,*,#1318,.T.);
#541=ORIENTED_EDGE('',*,*,#1082,.F.);
#542=ORIENTED_EDGE('',*,*,#1319,.F.);
#543=ORIENTED_EDGE('',*,*,#1025,.F.);
#544=ORIENTED_EDGE('',*,*,#1028,.T.);
#545=ORIENTED_EDGE('',*,*,#1320,.T.);
#546=ORIENTED_EDGE('',*,*,#1083,.T.);
#547=ORIENTED_EDGE('',*,*,#1318,.F.);
#548=ORIENTED_EDGE('',*,*,#1027,.T.);
#549=ORIENTED_EDGE('',*,*,#1321,.T.);
#550=ORIENTED_EDGE('',*,*,#1084,.T.);
#551=ORIENTED_EDGE('',*,*,#1320,.F.);
#552=ORIENTED_EDGE('',*,*,#1319,.T.);
#553=ORIENTED_EDGE('',*,*,#1081,.F.);
#554=ORIENTED_EDGE('',*,*,#1321,.F.);
#555=ORIENTED_EDGE('',*,*,#1026,.F.);
#556=ORIENTED_EDGE('',*,*,#1322,.T.);
#557=ORIENTED_EDGE('',*,*,#1106,.F.);
#558=ORIENTED_EDGE('',*,*,#1323,.F.);
#559=ORIENTED_EDGE('',*,*,#1029,.F.);
#560=ORIENTED_EDGE('',*,*,#1032,.T.);
#561=ORIENTED_EDGE('',*,*,#1324,.T.);
#562=ORIENTED_EDGE('',*,*,#1107,.T.);
#563=ORIENTED_EDGE('',*,*,#1322,.F.);
#564=ORIENTED_EDGE('',*,*,#1031,.T.);
#565=ORIENTED_EDGE('',*,*,#1325,.T.);
#566=ORIENTED_EDGE('',*,*,#1108,.T.);
#567=ORIENTED_EDGE('',*,*,#1324,.F.);
#568=ORIENTED_EDGE('',*,*,#1323,.T.);
#569=ORIENTED_EDGE('',*,*,#1105,.F.);
#570=ORIENTED_EDGE('',*,*,#1325,.F.);
#571=ORIENTED_EDGE('',*,*,#1030,.F.);
#572=ORIENTED_EDGE('',*,*,#1326,.T.);
#573=ORIENTED_EDGE('',*,*,#1078,.F.);
#574=ORIENTED_EDGE('',*,*,#1327,.F.);
#575=ORIENTED_EDGE('',*,*,#1033,.F.);
#576=ORIENTED_EDGE('',*,*,#1036,.T.);
#577=ORIENTED_EDGE('',*,*,#1328,.T.);
#578=ORIENTED_EDGE('',*,*,#1079,.T.);
#579=ORIENTED_EDGE('',*,*,#1326,.F.);
#580=ORIENTED_EDGE('',*,*,#1035,.T.);
#581=ORIENTED_EDGE('',*,*,#1329,.T.);
#582=ORIENTED_EDGE('',*,*,#1080,.T.);
#583=ORIENTED_EDGE('',*,*,#1328,.F.);
#584=ORIENTED_EDGE('',*,*,#1327,.T.);
#585=ORIENTED_EDGE('',*,*,#1077,.F.);
#586=ORIENTED_EDGE('',*,*,#1329,.F.);
#587=ORIENTED_EDGE('',*,*,#1034,.F.);
#588=ORIENTED_EDGE('',*,*,#1200,.T.);
#589=ORIENTED_EDGE('',*,*,#1330,.F.);
#590=ORIENTED_EDGE('',*,*,#1237,.T.);
#591=ORIENTED_EDGE('',*,*,#1331,.T.);
#592=ORIENTED_EDGE('',*,*,#1332,.F.);
#593=ORIENTED_EDGE('',*,*,#1238,.F.);
#594=ORIENTED_EDGE('',*,*,#1330,.T.);
#595=ORIENTED_EDGE('',*,*,#1203,.F.);
#596=ORIENTED_EDGE('',*,*,#1333,.F.);
#597=ORIENTED_EDGE('',*,*,#1239,.F.);
#598=ORIENTED_EDGE('',*,*,#1332,.T.);
#599=ORIENTED_EDGE('',*,*,#1202,.F.);
#600=ORIENTED_EDGE('',*,*,#1201,.T.);
#601=ORIENTED_EDGE('',*,*,#1331,.F.);
#602=ORIENTED_EDGE('',*,*,#1236,.T.);
#603=ORIENTED_EDGE('',*,*,#1333,.T.);
#604=ORIENTED_EDGE('',*,*,#1174,.T.);
#605=ORIENTED_EDGE('',*,*,#1334,.F.);
#606=ORIENTED_EDGE('',*,*,#1241,.T.);
#607=ORIENTED_EDGE('',*,*,#1335,.T.);
#608=ORIENTED_EDGE('',*,*,#1336,.F.);
#609=ORIENTED_EDGE('',*,*,#1242,.F.);
#610=ORIENTED_EDGE('',*,*,#1334,.T.);
#611=ORIENTED_EDGE('',*,*,#1177,.F.);
#612=ORIENTED_EDGE('',*,*,#1337,.F.);
#613=ORIENTED_EDGE('',*,*,#1243,.F.);
#614=ORIENTED_EDGE('',*,*,#1336,.T.);
#615=ORIENTED_EDGE('',*,*,#1176,.F.);
#616=ORIENTED_EDGE('',*,*,#1175,.T.);
#617=ORIENTED_EDGE('',*,*,#1335,.F.);
#618=ORIENTED_EDGE('',*,*,#1240,.T.);
#619=ORIENTED_EDGE('',*,*,#1337,.T.);
#620=ORIENTED_EDGE('',*,*,#1204,.T.);
#621=ORIENTED_EDGE('',*,*,#1338,.F.);
#622=ORIENTED_EDGE('',*,*,#1245,.T.);
#623=ORIENTED_EDGE('',*,*,#1339,.T.);
#624=ORIENTED_EDGE('',*,*,#1340,.F.);
#625=ORIENTED_EDGE('',*,*,#1246,.F.);
#626=ORIENTED_EDGE('',*,*,#1338,.T.);
#627=ORIENTED_EDGE('',*,*,#1207,.F.);
#628=ORIENTED_EDGE('',*,*,#1341,.F.);
#629=ORIENTED_EDGE('',*,*,#1247,.F.);
#630=ORIENTED_EDGE('',*,*,#1340,.T.);
#631=ORIENTED_EDGE('',*,*,#1206,.F.);
#632=ORIENTED_EDGE('',*,*,#1205,.T.);
#633=ORIENTED_EDGE('',*,*,#1339,.F.);
#634=ORIENTED_EDGE('',*,*,#1244,.T.);
#635=ORIENTED_EDGE('',*,*,#1341,.T.);
#636=ORIENTED_EDGE('',*,*,#1170,.T.);
#637=ORIENTED_EDGE('',*,*,#1342,.F.);
#638=ORIENTED_EDGE('',*,*,#1249,.T.);
#639=ORIENTED_EDGE('',*,*,#1343,.T.);
#640=ORIENTED_EDGE('',*,*,#1344,.F.);
#641=ORIENTED_EDGE('',*,*,#1250,.F.);
#642=ORIENTED_EDGE('',*,*,#1342,.T.);
#643=ORIENTED_EDGE('',*,*,#1173,.F.);
#644=ORIENTED_EDGE('',*,*,#1345,.F.);
#645=ORIENTED_EDGE('',*,*,#1251,.F.);
#646=ORIENTED_EDGE('',*,*,#1344,.T.);
#647=ORIENTED_EDGE('',*,*,#1172,.F.);
#648=ORIENTED_EDGE('',*,*,#1171,.T.);
#649=ORIENTED_EDGE('',*,*,#1343,.F.);
#650=ORIENTED_EDGE('',*,*,#1248,.T.);
#651=ORIENTED_EDGE('',*,*,#1345,.T.);
#652=ORIENTED_EDGE('',*,*,#1208,.T.);
#653=ORIENTED_EDGE('',*,*,#1346,.F.);
#654=ORIENTED_EDGE('',*,*,#1253,.T.);
#655=ORIENTED_EDGE('',*,*,#1347,.T.);
#656=ORIENTED_EDGE('',*,*,#1348,.F.);
#657=ORIENTED_EDGE('',*,*,#1254,.F.);
#658=ORIENTED_EDGE('',*,*,#1346,.T.);
#659=ORIENTED_EDGE('',*,*,#1211,.F.);
#660=ORIENTED_EDGE('',*,*,#1349,.F.);
#661=ORIENTED_EDGE('',*,*,#1255,.F.);
#662=ORIENTED_EDGE('',*,*,#1348,.T.);
#663=ORIENTED_EDGE('',*,*,#1210,.F.);
#664=ORIENTED_EDGE('',*,*,#1209,.T.);
#665=ORIENTED_EDGE('',*,*,#1347,.F.);
#666=ORIENTED_EDGE('',*,*,#1252,.T.);
#667=ORIENTED_EDGE('',*,*,#1349,.T.);
#668=ORIENTED_EDGE('',*,*,#1166,.T.);
#669=ORIENTED_EDGE('',*,*,#1350,.F.);
#670=ORIENTED_EDGE('',*,*,#1257,.T.);
#671=ORIENTED_EDGE('',*,*,#1351,.T.);
#672=ORIENTED_EDGE('',*,*,#1352,.F.);
#673=ORIENTED_EDGE('',*,*,#1258,.F.);
#674=ORIENTED_EDGE('',*,*,#1350,.T.);
#675=ORIENTED_EDGE('',*,*,#1169,.F.);
#676=ORIENTED_EDGE('',*,*,#1353,.F.);
#677=ORIENTED_EDGE('',*,*,#1259,.F.);
#678=ORIENTED_EDGE('',*,*,#1352,.T.);
#679=ORIENTED_EDGE('',*,*,#1168,.F.);
#680=ORIENTED_EDGE('',*,*,#1167,.T.);
#681=ORIENTED_EDGE('',*,*,#1351,.F.);
#682=ORIENTED_EDGE('',*,*,#1256,.T.);
#683=ORIENTED_EDGE('',*,*,#1353,.T.);
#684=ORIENTED_EDGE('',*,*,#1212,.T.);
#685=ORIENTED_EDGE('',*,*,#1354,.F.);
#686=ORIENTED_EDGE('',*,*,#1261,.T.);
#687=ORIENTED_EDGE('',*,*,#1355,.T.);
#688=ORIENTED_EDGE('',*,*,#1356,.F.);
#689=ORIENTED_EDGE('',*,*,#1262,.F.);
#690=ORIENTED_EDGE('',*,*,#1354,.T.);
#691=ORIENTED_EDGE('',*,*,#1215,.F.);
#692=ORIENTED_EDGE('',*,*,#1357,.F.);
#693=ORIENTED_EDGE('',*,*,#1263,.F.);
#694=ORIENTED_EDGE('',*,*,#1356,.T.);
#695=ORIENTED_EDGE('',*,*,#1214,.F.);
#696=ORIENTED_EDGE('',*,*,#1213,.T.);
#697=ORIENTED_EDGE('',*,*,#1355,.F.);
#698=ORIENTED_EDGE('',*,*,#1260,.T.);
#699=ORIENTED_EDGE('',*,*,#1357,.T.);
#700=ORIENTED_EDGE('',*,*,#1130,.T.);
#701=ORIENTED_EDGE('',*,*,#1358,.F.);
#702=ORIENTED_EDGE('',*,*,#1150,.T.);
#703=ORIENTED_EDGE('',*,*,#1359,.T.);
#704=ORIENTED_EDGE('',*,*,#1359,.F.);
#705=ORIENTED_EDGE('',*,*,#1153,.F.);
#706=ORIENTED_EDGE('',*,*,#1360,.T.);
#707=ORIENTED_EDGE('',*,*,#1131,.F.);
#708=ORIENTED_EDGE('',*,*,#1360,.F.);
#709=ORIENTED_EDGE('',*,*,#1152,.F.);
#710=ORIENTED_EDGE('',*,*,#1361,.T.);
#711=ORIENTED_EDGE('',*,*,#1132,.F.);
#712=ORIENTED_EDGE('',*,*,#1129,.T.);
#713=ORIENTED_EDGE('',*,*,#1361,.F.);
#714=ORIENTED_EDGE('',*,*,#1151,.T.);
#715=ORIENTED_EDGE('',*,*,#1358,.T.);
#716=ORIENTED_EDGE('',*,*,#1139,.T.);
#717=ORIENTED_EDGE('',*,*,#1362,.F.);
#718=ORIENTED_EDGE('',*,*,#1154,.T.);
#719=ORIENTED_EDGE('',*,*,#1363,.T.);
#720=ORIENTED_EDGE('',*,*,#1363,.F.);
#721=ORIENTED_EDGE('',*,*,#1157,.F.);
#722=ORIENTED_EDGE('',*,*,#1364,.T.);
#723=ORIENTED_EDGE('',*,*,#1140,.F.);
#724=ORIENTED_EDGE('',*,*,#1364,.F.);
#725=ORIENTED_EDGE('',*,*,#1156,.F.);
#726=ORIENTED_EDGE('',*,*,#1365,.T.);
#727=ORIENTED_EDGE('',*,*,#1141,.F.);
#728=ORIENTED_EDGE('',*,*,#1138,.T.);
#729=ORIENTED_EDGE('',*,*,#1365,.F.);
#730=ORIENTED_EDGE('',*,*,#1155,.T.);
#731=ORIENTED_EDGE('',*,*,#1362,.T.);
#732=ORIENTED_EDGE('',*,*,#1126,.T.);
#733=ORIENTED_EDGE('',*,*,#1366,.F.);
#734=ORIENTED_EDGE('',*,*,#1158,.T.);
#735=ORIENTED_EDGE('',*,*,#1367,.T.);
#736=ORIENTED_EDGE('',*,*,#1367,.F.);
#737=ORIENTED_EDGE('',*,*,#1161,.F.);
#738=ORIENTED_EDGE('',*,*,#1368,.T.);
#739=ORIENTED_EDGE('',*,*,#1127,.F.);
#740=ORIENTED_EDGE('',*,*,#1368,.F.);
#741=ORIENTED_EDGE('',*,*,#1160,.F.);
#742=ORIENTED_EDGE('',*,*,#1369,.T.);
#743=ORIENTED_EDGE('',*,*,#1128,.F.);
#744=ORIENTED_EDGE('',*,*,#1125,.T.);
#745=ORIENTED_EDGE('',*,*,#1369,.F.);
#746=ORIENTED_EDGE('',*,*,#1159,.T.);
#747=ORIENTED_EDGE('',*,*,#1366,.T.);
#748=ORIENTED_EDGE('',*,*,#1143,.T.);
#749=ORIENTED_EDGE('',*,*,#1370,.F.);
#750=ORIENTED_EDGE('',*,*,#1162,.T.);
#751=ORIENTED_EDGE('',*,*,#1371,.T.);
#752=ORIENTED_EDGE('',*,*,#1371,.F.);
#753=ORIENTED_EDGE('',*,*,#1165,.F.);
#754=ORIENTED_EDGE('',*,*,#1372,.T.);
#755=ORIENTED_EDGE('',*,*,#1144,.F.);
#756=ORIENTED_EDGE('',*,*,#1372,.F.);
#757=ORIENTED_EDGE('',*,*,#1164,.F.);
#758=ORIENTED_EDGE('',*,*,#1373,.T.);
#759=ORIENTED_EDGE('',*,*,#1145,.F.);
#760=ORIENTED_EDGE('',*,*,#1142,.T.);
#761=ORIENTED_EDGE('',*,*,#1373,.F.);
#762=ORIENTED_EDGE('',*,*,#1163,.T.);
#763=ORIENTED_EDGE('',*,*,#1370,.T.);
#764=ORIENTED_EDGE('',*,*,#1374,.T.);
#765=ORIENTED_EDGE('',*,*,#994,.F.);
#766=ORIENTED_EDGE('',*,*,#1375,.F.);
#767=ORIENTED_EDGE('',*,*,#963,.F.);
#768=ORIENTED_EDGE('',*,*,#964,.T.);
#769=ORIENTED_EDGE('',*,*,#1375,.T.);
#770=ORIENTED_EDGE('',*,*,#997,.T.);
#771=ORIENTED_EDGE('',*,*,#1376,.F.);
#772=ORIENTED_EDGE('',*,*,#965,.T.);
#773=ORIENTED_EDGE('',*,*,#1376,.T.);
#774=ORIENTED_EDGE('',*,*,#996,.T.);
#775=ORIENTED_EDGE('',*,*,#1377,.F.);
#776=ORIENTED_EDGE('',*,*,#1377,.T.);
#777=ORIENTED_EDGE('',*,*,#995,.F.);
#778=ORIENTED_EDGE('',*,*,#1374,.F.);
#779=ORIENTED_EDGE('',*,*,#962,.F.);
#780=ORIENTED_EDGE('',*,*,#1378,.T.);
#781=ORIENTED_EDGE('',*,*,#986,.F.);
#782=ORIENTED_EDGE('',*,*,#1379,.F.);
#783=ORIENTED_EDGE('',*,*,#967,.F.);
#784=ORIENTED_EDGE('',*,*,#968,.T.);
#785=ORIENTED_EDGE('',*,*,#1379,.T.);
#786=ORIENTED_EDGE('',*,*,#989,.T.);
#787=ORIENTED_EDGE('',*,*,#1380,.F.);
#788=ORIENTED_EDGE('',*,*,#969,.T.);
#789=ORIENTED_EDGE('',*,*,#1380,.T.);
#790=ORIENTED_EDGE('',*,*,#988,.T.);
#791=ORIENTED_EDGE('',*,*,#1381,.F.);
#792=ORIENTED_EDGE('',*,*,#1381,.T.);
#793=ORIENTED_EDGE('',*,*,#987,.F.);
#794=ORIENTED_EDGE('',*,*,#1378,.F.);
#795=ORIENTED_EDGE('',*,*,#966,.F.);
#796=ORIENTED_EDGE('',*,*,#1382,.T.);
#797=ORIENTED_EDGE('',*,*,#998,.F.);
#798=ORIENTED_EDGE('',*,*,#1383,.F.);
#799=ORIENTED_EDGE('',*,*,#971,.F.);
#800=ORIENTED_EDGE('',*,*,#972,.T.);
#801=ORIENTED_EDGE('',*,*,#1383,.T.);
#802=ORIENTED_EDGE('',*,*,#1001,.T.);
#803=ORIENTED_EDGE('',*,*,#1384,.F.);
#804=ORIENTED_EDGE('',*,*,#973,.T.);
#805=ORIENTED_EDGE('',*,*,#1384,.T.);
#806=ORIENTED_EDGE('',*,*,#1000,.T.);
#807=ORIENTED_EDGE('',*,*,#1385,.F.);
#808=ORIENTED_EDGE('',*,*,#1385,.T.);
#809=ORIENTED_EDGE('',*,*,#999,.F.);
#810=ORIENTED_EDGE('',*,*,#1382,.F.);
#811=ORIENTED_EDGE('',*,*,#970,.F.);
#812=ORIENTED_EDGE('',*,*,#1386,.T.);
#813=ORIENTED_EDGE('',*,*,#982,.F.);
#814=ORIENTED_EDGE('',*,*,#1387,.F.);
#815=ORIENTED_EDGE('',*,*,#975,.F.);
#816=ORIENTED_EDGE('',*,*,#976,.T.);
#817=ORIENTED_EDGE('',*,*,#1387,.T.);
#818=ORIENTED_EDGE('',*,*,#985,.T.);
#819=ORIENTED_EDGE('',*,*,#1388,.F.);
#820=ORIENTED_EDGE('',*,*,#977,.T.);
#821=ORIENTED_EDGE('',*,*,#1388,.T.);
#822=ORIENTED_EDGE('',*,*,#984,.T.);
#823=ORIENTED_EDGE('',*,*,#1389,.F.);
#824=ORIENTED_EDGE('',*,*,#1389,.T.);
#825=ORIENTED_EDGE('',*,*,#983,.F.);
#826=ORIENTED_EDGE('',*,*,#1386,.F.);
#827=ORIENTED_EDGE('',*,*,#974,.F.);
#828=ORIENTED_EDGE('',*,*,#1109,.F.);
#829=ORIENTED_EDGE('',*,*,#1390,.F.);
#830=ORIENTED_EDGE('',*,*,#1038,.T.);
#831=ORIENTED_EDGE('',*,*,#1391,.T.);
#832=ORIENTED_EDGE('',*,*,#1112,.T.);
#833=ORIENTED_EDGE('',*,*,#1392,.F.);
#834=ORIENTED_EDGE('',*,*,#1039,.F.);
#835=ORIENTED_EDGE('',*,*,#1390,.T.);
#836=ORIENTED_EDGE('',*,*,#1111,.T.);
#837=ORIENTED_EDGE('',*,*,#1393,.F.);
#838=ORIENTED_EDGE('',*,*,#1040,.F.);
#839=ORIENTED_EDGE('',*,*,#1392,.T.);
#840=ORIENTED_EDGE('',*,*,#1110,.F.);
#841=ORIENTED_EDGE('',*,*,#1391,.F.);
#842=ORIENTED_EDGE('',*,*,#1037,.T.);
#843=ORIENTED_EDGE('',*,*,#1393,.T.);
#844=ORIENTED_EDGE('',*,*,#1073,.F.);
#845=ORIENTED_EDGE('',*,*,#1394,.F.);
#846=ORIENTED_EDGE('',*,*,#1042,.T.);
#847=ORIENTED_EDGE('',*,*,#1395,.T.);
#848=ORIENTED_EDGE('',*,*,#1076,.T.);
#849=ORIENTED_EDGE('',*,*,#1396,.F.);
#850=ORIENTED_EDGE('',*,*,#1043,.F.);
#851=ORIENTED_EDGE('',*,*,#1394,.T.);
#852=ORIENTED_EDGE('',*,*,#1075,.T.);
#853=ORIENTED_EDGE('',*,*,#1397,.F.);
#854=ORIENTED_EDGE('',*,*,#1044,.F.);
#855=ORIENTED_EDGE('',*,*,#1396,.T.);
#856=ORIENTED_EDGE('',*,*,#1074,.F.);
#857=ORIENTED_EDGE('',*,*,#1395,.F.);
#858=ORIENTED_EDGE('',*,*,#1041,.T.);
#859=ORIENTED_EDGE('',*,*,#1397,.T.);
#860=ORIENTED_EDGE('',*,*,#1113,.F.);
#861=ORIENTED_EDGE('',*,*,#1398,.F.);
#862=ORIENTED_EDGE('',*,*,#1046,.T.);
#863=ORIENTED_EDGE('',*,*,#1399,.T.);
#864=ORIENTED_EDGE('',*,*,#1116,.T.);
#865=ORIENTED_EDGE('',*,*,#1400,.F.);
#866=ORIENTED_EDGE('',*,*,#1047,.F.);
#867=ORIENTED_EDGE('',*,*,#1398,.T.);
#868=ORIENTED_EDGE('',*,*,#1115,.T.);
#869=ORIENTED_EDGE('',*,*,#1401,.F.);
#870=ORIENTED_EDGE('',*,*,#1048,.F.);
#871=ORIENTED_EDGE('',*,*,#1400,.T.);
#872=ORIENTED_EDGE('',*,*,#1114,.F.);
#873=ORIENTED_EDGE('',*,*,#1399,.F.);
#874=ORIENTED_EDGE('',*,*,#1045,.T.);
#875=ORIENTED_EDGE('',*,*,#1401,.T.);
#876=ORIENTED_EDGE('',*,*,#1069,.F.);
#877=ORIENTED_EDGE('',*,*,#1402,.F.);
#878=ORIENTED_EDGE('',*,*,#1050,.T.);
#879=ORIENTED_EDGE('',*,*,#1403,.T.);
#880=ORIENTED_EDGE('',*,*,#1072,.T.);
#881=ORIENTED_EDGE('',*,*,#1404,.F.);
#882=ORIENTED_EDGE('',*,*,#1051,.F.);
#883=ORIENTED_EDGE('',*,*,#1402,.T.);
#884=ORIENTED_EDGE('',*,*,#1071,.T.);
#885=ORIENTED_EDGE('',*,*,#1405,.F.);
#886=ORIENTED_EDGE('',*,*,#1052,.F.);
#887=ORIENTED_EDGE('',*,*,#1404,.T.);
#888=ORIENTED_EDGE('',*,*,#1070,.F.);
#889=ORIENTED_EDGE('',*,*,#1403,.F.);
#890=ORIENTED_EDGE('',*,*,#1049,.T.);
#891=ORIENTED_EDGE('',*,*,#1405,.T.);
#892=ORIENTED_EDGE('',*,*,#1117,.F.);
#893=ORIENTED_EDGE('',*,*,#1406,.F.);
#894=ORIENTED_EDGE('',*,*,#1054,.T.);
#895=ORIENTED_EDGE('',*,*,#1407,.T.);
#896=ORIENTED_EDGE('',*,*,#1120,.T.);
#897=ORIENTED_EDGE('',*,*,#1408,.F.);
#898=ORIENTED_EDGE('',*,*,#1055,.F.);
#899=ORIENTED_EDGE('',*,*,#1406,.T.);
#900=ORIENTED_EDGE('',*,*,#1119,.T.);
#901=ORIENTED_EDGE('',*,*,#1409,.F.);
#902=ORIENTED_EDGE('',*,*,#1056,.F.);
#903=ORIENTED_EDGE('',*,*,#1408,.T.);
#904=ORIENTED_EDGE('',*,*,#1118,.F.);
#905=ORIENTED_EDGE('',*,*,#1407,.F.);
#906=ORIENTED_EDGE('',*,*,#1053,.T.);
#907=ORIENTED_EDGE('',*,*,#1409,.T.);
#908=ORIENTED_EDGE('',*,*,#1065,.F.);
#909=ORIENTED_EDGE('',*,*,#1410,.F.);
#910=ORIENTED_EDGE('',*,*,#1058,.T.);
#911=ORIENTED_EDGE('',*,*,#1411,.T.);
#912=ORIENTED_EDGE('',*,*,#1068,.T.);
#913=ORIENTED_EDGE('',*,*,#1412,.F.);
#914=ORIENTED_EDGE('',*,*,#1059,.F.);
#915=ORIENTED_EDGE('',*,*,#1410,.T.);
#916=ORIENTED_EDGE('',*,*,#1067,.T.);
#917=ORIENTED_EDGE('',*,*,#1413,.F.);
#918=ORIENTED_EDGE('',*,*,#1060,.F.);
#919=ORIENTED_EDGE('',*,*,#1412,.T.);
#920=ORIENTED_EDGE('',*,*,#1066,.F.);
#921=ORIENTED_EDGE('',*,*,#1411,.F.);
#922=ORIENTED_EDGE('',*,*,#1057,.T.);
#923=ORIENTED_EDGE('',*,*,#1413,.T.);
#924=ORIENTED_EDGE('',*,*,#1121,.F.);
#925=ORIENTED_EDGE('',*,*,#1414,.F.);
#926=ORIENTED_EDGE('',*,*,#1062,.T.);
#927=ORIENTED_EDGE('',*,*,#1415,.T.);
#928=ORIENTED_EDGE('',*,*,#1124,.T.);
#929=ORIENTED_EDGE('',*,*,#1416,.F.);
#930=ORIENTED_EDGE('',*,*,#1063,.F.);
#931=ORIENTED_EDGE('',*,*,#1414,.T.);
#932=ORIENTED_EDGE('',*,*,#1123,.T.);
#933=ORIENTED_EDGE('',*,*,#1417,.F.);
#934=ORIENTED_EDGE('',*,*,#1064,.F.);
#935=ORIENTED_EDGE('',*,*,#1416,.T.);
#936=ORIENTED_EDGE('',*,*,#1122,.F.);
#937=ORIENTED_EDGE('',*,*,#1415,.F.);
#938=ORIENTED_EDGE('',*,*,#1061,.T.);
#939=ORIENTED_EDGE('',*,*,#1417,.T.);
#940=ORIENTED_EDGE('',*,*,#1002,.F.);
#941=ORIENTED_EDGE('',*,*,#1418,.F.);
#942=ORIENTED_EDGE('',*,*,#979,.T.);
#943=ORIENTED_EDGE('',*,*,#1419,.T.);
#944=ORIENTED_EDGE('',*,*,#1005,.T.);
#945=ORIENTED_EDGE('',*,*,#1420,.F.);
#946=ORIENTED_EDGE('',*,*,#980,.F.);
#947=ORIENTED_EDGE('',*,*,#1418,.T.);
#948=ORIENTED_EDGE('',*,*,#1004,.T.);
#949=ORIENTED_EDGE('',*,*,#1421,.F.);
#950=ORIENTED_EDGE('',*,*,#981,.F.);
#951=ORIENTED_EDGE('',*,*,#1420,.T.);
#952=ORIENTED_EDGE('',*,*,#1003,.F.);
#953=ORIENTED_EDGE('',*,*,#1419,.F.);
#954=ORIENTED_EDGE('',*,*,#978,.T.);
#955=ORIENTED_EDGE('',*,*,#1421,.T.);
#956=EDGE_CURVE('',#1422,#1423,#1732,.T.);
#957=EDGE_CURVE('',#1424,#1422,#1733,.T.);
#958=EDGE_CURVE('',#1425,#1424,#1734,.T.);
#959=EDGE_CURVE('',#1426,#1425,#1735,.T.);
#960=EDGE_CURVE('',#1426,#1427,#1736,.T.);
#961=EDGE_CURVE('',#1427,#1423,#1737,.T.);
#962=EDGE_CURVE('',#1428,#1429,#1738,.T.);
#963=EDGE_CURVE('',#1429,#1430,#1739,.T.);
#964=EDGE_CURVE('',#1431,#1430,#1740,.T.);
#965=EDGE_CURVE('',#1428,#1431,#1741,.T.);
#966=EDGE_CURVE('',#1432,#1433,#1742,.T.);
#967=EDGE_CURVE('',#1433,#1434,#1743,.T.);
#968=EDGE_CURVE('',#1435,#1434,#1744,.T.);
#969=EDGE_CURVE('',#1432,#1435,#1745,.T.);
#970=EDGE_CURVE('',#1436,#1437,#1746,.T.);
#971=EDGE_CURVE('',#1437,#1438,#1747,.T.);
#972=EDGE_CURVE('',#1439,#1438,#1748,.T.);
#973=EDGE_CURVE('',#1436,#1439,#1749,.T.);
#974=EDGE_CURVE('',#1440,#1441,#1750,.T.);
#975=EDGE_CURVE('',#1441,#1442,#1751,.T.);
#976=EDGE_CURVE('',#1443,#1442,#1752,.T.);
#977=EDGE_CURVE('',#1440,#1443,#1753,.T.);
#978=EDGE_CURVE('',#1444,#1445,#1754,.T.);
#979=EDGE_CURVE('',#1446,#1444,#1755,.T.);
#980=EDGE_CURVE('',#1446,#1447,#1756,.T.);
#981=EDGE_CURVE('',#1447,#1445,#1757,.T.);
#982=EDGE_CURVE('',#1448,#1449,#1758,.T.);
#983=EDGE_CURVE('',#1449,#1450,#1759,.T.);
#984=EDGE_CURVE('',#1451,#1450,#1760,.T.);
#985=EDGE_CURVE('',#1448,#1451,#1761,.T.);
#986=EDGE_CURVE('',#1452,#1453,#1762,.T.);
#987=EDGE_CURVE('',#1453,#1454,#1763,.T.);
#988=EDGE_CURVE('',#1455,#1454,#1764,.T.);
#989=EDGE_CURVE('',#1452,#1455,#1765,.T.);
#990=EDGE_CURVE('',#1456,#1457,#1766,.T.);
#991=EDGE_CURVE('',#1456,#1458,#1767,.T.);
#992=EDGE_CURVE('',#1458,#1459,#1768,.T.);
#993=EDGE_CURVE('',#1459,#1457,#1769,.F.);
#994=EDGE_CURVE('',#1460,#1461,#1770,.T.);
#995=EDGE_CURVE('',#1461,#1462,#1771,.T.);
#996=EDGE_CURVE('',#1463,#1462,#1772,.T.);
#997=EDGE_CURVE('',#1460,#1463,#1773,.T.);
#998=EDGE_CURVE('',#1464,#1465,#1774,.T.);
#999=EDGE_CURVE('',#1465,#1466,#1775,.T.);
#1000=EDGE_CURVE('',#1467,#1466,#1776,.T.);
#1001=EDGE_CURVE('',#1464,#1467,#1777,.T.);
#1002=EDGE_CURVE('',#1468,#1469,#1778,.T.);
#1003=EDGE_CURVE('',#1469,#1470,#1779,.T.);
#1004=EDGE_CURVE('',#1471,#1470,#1780,.T.);
#1005=EDGE_CURVE('',#1468,#1471,#1781,.T.);
#1006=EDGE_CURVE('',#1423,#1472,#1782,.T.);
#1007=EDGE_CURVE('',#1427,#1473,#1783,.T.);
#1008=EDGE_CURVE('',#1473,#1472,#1784,.T.);
#1009=EDGE_CURVE('',#1474,#1475,#1785,.T.);
#1010=EDGE_CURVE('',#1475,#1476,#1786,.T.);
#1011=EDGE_CURVE('',#1477,#1476,#1787,.T.);
#1012=EDGE_CURVE('',#1474,#1477,#1788,.T.);
#1013=EDGE_CURVE('',#1478,#1479,#1789,.T.);
#1014=EDGE_CURVE('',#1479,#1480,#1790,.T.);
#1015=EDGE_CURVE('',#1481,#1480,#1791,.T.);
#1016=EDGE_CURVE('',#1478,#1481,#1792,.T.);
#1017=EDGE_CURVE('',#1482,#1483,#1793,.T.);
#1018=EDGE_CURVE('',#1483,#1484,#1794,.T.);
#1019=EDGE_CURVE('',#1485,#1484,#1795,.T.);
#1020=EDGE_CURVE('',#1482,#1485,#1796,.T.);
#1021=EDGE_CURVE('',#1486,#1487,#1797,.T.);
#1022=EDGE_CURVE('',#1487,#1488,#1798,.T.);
#1023=EDGE_CURVE('',#1489,#1488,#1799,.T.);
#1024=EDGE_CURVE('',#1486,#1489,#1800,.T.);
#1025=EDGE_CURVE('',#1490,#1491,#1801,.T.);
#1026=EDGE_CURVE('',#1491,#1492,#1802,.T.);
#1027=EDGE_CURVE('',#1493,#1492,#1803,.T.);
#1028=EDGE_CURVE('',#1490,#1493,#1804,.T.);
#1029=EDGE_CURVE('',#1494,#1495,#1805,.T.);
#1030=EDGE_CURVE('',#1495,#1496,#1806,.T.);
#1031=EDGE_CURVE('',#1497,#1496,#1807,.T.);
#1032=EDGE_CURVE('',#1494,#1497,#1808,.T.);
#1033=EDGE_CURVE('',#1498,#1499,#1809,.T.);
#1034=EDGE_CURVE('',#1499,#1500,#1810,.T.);
#1035=EDGE_CURVE('',#1501,#1500,#1811,.T.);
#1036=EDGE_CURVE('',#1498,#1501,#1812,.T.);
#1037=EDGE_CURVE('',#1502,#1503,#1813,.T.);
#1038=EDGE_CURVE('',#1504,#1502,#1814,.T.);
#1039=EDGE_CURVE('',#1504,#1505,#1815,.T.);
#1040=EDGE_CURVE('',#1505,#1503,#1816,.T.);
#1041=EDGE_CURVE('',#1506,#1507,#1817,.T.);
#1042=EDGE_CURVE('',#1508,#1506,#1818,.T.);
#1043=EDGE_CURVE('',#1508,#1509,#1819,.T.);
#1044=EDGE_CURVE('',#1509,#1507,#1820,.T.);
#1045=EDGE_CURVE('',#1510,#1511,#1821,.T.);
#1046=EDGE_CURVE('',#1512,#1510,#1822,.T.);
#1047=EDGE_CURVE('',#1512,#1513,#1823,.T.);
#1048=EDGE_CURVE('',#1513,#1511,#1824,.T.);
#1049=EDGE_CURVE('',#1514,#1515,#1825,.T.);
#1050=EDGE_CURVE('',#1516,#1514,#1826,.T.);
#1051=EDGE_CURVE('',#1516,#1517,#1827,.T.);
#1052=EDGE_CURVE('',#1517,#1515,#1828,.T.);
#1053=EDGE_CURVE('',#1518,#1519,#1829,.T.);
#1054=EDGE_CURVE('',#1520,#1518,#1830,.T.);
#1055=EDGE_CURVE('',#1520,#1521,#1831,.T.);
#1056=EDGE_CURVE('',#1521,#1519,#1832,.T.);
#1057=EDGE_CURVE('',#1522,#1523,#1833,.T.);
#1058=EDGE_CURVE('',#1524,#1522,#1834,.T.);
#1059=EDGE_CURVE('',#1524,#1525,#1835,.T.);
#1060=EDGE_CURVE('',#1525,#1523,#1836,.T.);
#1061=EDGE_CURVE('',#1526,#1527,#1837,.T.);
#1062=EDGE_CURVE('',#1528,#1526,#1838,.T.);
#1063=EDGE_CURVE('',#1528,#1529,#1839,.T.);
#1064=EDGE_CURVE('',#1529,#1527,#1840,.T.);
#1065=EDGE_CURVE('',#1530,#1531,#1841,.T.);
#1066=EDGE_CURVE('',#1531,#1532,#1842,.T.);
#1067=EDGE_CURVE('',#1533,#1532,#1843,.T.);
#1068=EDGE_CURVE('',#1530,#1533,#1844,.T.);
#1069=EDGE_CURVE('',#1534,#1535,#1845,.T.);
#1070=EDGE_CURVE('',#1535,#1536,#1846,.T.);
#1071=EDGE_CURVE('',#1537,#1536,#1847,.T.);
#1072=EDGE_CURVE('',#1534,#1537,#1848,.T.);
#1073=EDGE_CURVE('',#1538,#1539,#1849,.T.);
#1074=EDGE_CURVE('',#1539,#1540,#1850,.T.);
#1075=EDGE_CURVE('',#1541,#1540,#1851,.T.);
#1076=EDGE_CURVE('',#1538,#1541,#1852,.T.);
#1077=EDGE_CURVE('',#1542,#1543,#1853,.T.);
#1078=EDGE_CURVE('',#1543,#1544,#1854,.T.);
#1079=EDGE_CURVE('',#1545,#1544,#1855,.T.);
#1080=EDGE_CURVE('',#1542,#1545,#1856,.T.);
#1081=EDGE_CURVE('',#1546,#1547,#1857,.T.);
#1082=EDGE_CURVE('',#1547,#1548,#1858,.T.);
#1083=EDGE_CURVE('',#1549,#1548,#1859,.T.);
#1084=EDGE_CURVE('',#1546,#1549,#1860,.T.);
#1085=EDGE_CURVE('',#1550,#1551,#1861,.T.);
#1086=EDGE_CURVE('',#1551,#1552,#1862,.T.);
#1087=EDGE_CURVE('',#1553,#1552,#1863,.T.);
#1088=EDGE_CURVE('',#1550,#1553,#1864,.T.);
#1089=EDGE_CURVE('',#1554,#1555,#1865,.T.);
#1090=EDGE_CURVE('',#1555,#1556,#1866,.T.);
#1091=EDGE_CURVE('',#1557,#1556,#1867,.T.);
#1092=EDGE_CURVE('',#1554,#1557,#1868,.T.);
#1093=EDGE_CURVE('',#1558,#1559,#1869,.T.);
#1094=EDGE_CURVE('',#1559,#1560,#1870,.F.);
#1095=EDGE_CURVE('',#1561,#1560,#1871,.T.);
#1096=EDGE_CURVE('',#1561,#1558,#1872,.T.);
#1097=EDGE_CURVE('',#1562,#1563,#1873,.T.);
#1098=EDGE_CURVE('',#1563,#1564,#1874,.T.);
#1099=EDGE_CURVE('',#1565,#1564,#1875,.T.);
#1100=EDGE_CURVE('',#1562,#1565,#1876,.T.);
#1101=EDGE_CURVE('',#1566,#1567,#1877,.T.);
#1102=EDGE_CURVE('',#1567,#1568,#1878,.T.);
#1103=EDGE_CURVE('',#1569,#1568,#1879,.T.);
#1104=EDGE_CURVE('',#1566,#1569,#1880,.T.);
#1105=EDGE_CURVE('',#1570,#1571,#1881,.T.);
#1106=EDGE_CURVE('',#1571,#1572,#1882,.T.);
#1107=EDGE_CURVE('',#1573,#1572,#1883,.T.);
#1108=EDGE_CURVE('',#1570,#1573,#1884,.T.);
#1109=EDGE_CURVE('',#1574,#1575,#1885,.T.);
#1110=EDGE_CURVE('',#1575,#1576,#1886,.T.);
#1111=EDGE_CURVE('',#1577,#1576,#1887,.T.);
#1112=EDGE_CURVE('',#1574,#1577,#1888,.T.);
#1113=EDGE_CURVE('',#1578,#1579,#1889,.T.);
#1114=EDGE_CURVE('',#1579,#1580,#1890,.T.);
#1115=EDGE_CURVE('',#1581,#1580,#1891,.T.);
#1116=EDGE_CURVE('',#1578,#1581,#1892,.T.);
#1117=EDGE_CURVE('',#1582,#1583,#1893,.T.);
#1118=EDGE_CURVE('',#1583,#1584,#1894,.T.);
#1119=EDGE_CURVE('',#1585,#1584,#1895,.T.);
#1120=EDGE_CURVE('',#1582,#1585,#1896,.T.);
#1121=EDGE_CURVE('',#1586,#1587,#1897,.T.);
#1122=EDGE_CURVE('',#1587,#1588,#1898,.T.);
#1123=EDGE_CURVE('',#1589,#1588,#1899,.T.);
#1124=EDGE_CURVE('',#1586,#1589,#1900,.T.);
#1125=EDGE_CURVE('',#1590,#1591,#1901,.T.);
#1126=EDGE_CURVE('',#1592,#1590,#1902,.T.);
#1127=EDGE_CURVE('',#1592,#1593,#1903,.T.);
#1128=EDGE_CURVE('',#1593,#1591,#1904,.T.);
#1129=EDGE_CURVE('',#1594,#1595,#1905,.T.);
#1130=EDGE_CURVE('',#1596,#1594,#1906,.T.);
#1131=EDGE_CURVE('',#1596,#1597,#1907,.T.);
#1132=EDGE_CURVE('',#1597,#1595,#1908,.T.);
#1133=EDGE_CURVE('',#1598,#1599,#1909,.T.);
#1134=EDGE_CURVE('',#1599,#1600,#1910,.T.);
#1135=EDGE_CURVE('',#1600,#1601,#1911,.T.);
#1136=EDGE_CURVE('',#1601,#1472,#1912,.T.);
#1137=EDGE_CURVE('',#1598,#1473,#1913,.T.);
#1138=EDGE_CURVE('',#1602,#1603,#1914,.T.);
#1139=EDGE_CURVE('',#1604,#1602,#1915,.T.);
#1140=EDGE_CURVE('',#1604,#1605,#1916,.T.);
#1141=EDGE_CURVE('',#1605,#1603,#1917,.T.);
#1142=EDGE_CURVE('',#1606,#1607,#1918,.T.);
#1143=EDGE_CURVE('',#1608,#1606,#1919,.T.);
#1144=EDGE_CURVE('',#1608,#1609,#1920,.T.);
#1145=EDGE_CURVE('',#1609,#1607,#1921,.T.);
#1146=EDGE_CURVE('',#1610,#1611,#1922,.T.);
#1147=EDGE_CURVE('',#1610,#1612,#1923,.F.);
#1148=EDGE_CURVE('',#1612,#1613,#1924,.T.);
#1149=EDGE_CURVE('',#1613,#1611,#1925,.T.);
#1150=EDGE_CURVE('',#1614,#1615,#1926,.T.);
#1151=EDGE_CURVE('',#1616,#1614,#1927,.T.);
#1152=EDGE_CURVE('',#1616,#1617,#1928,.T.);
#1153=EDGE_CURVE('',#1617,#1615,#1929,.T.);
#1154=EDGE_CURVE('',#1618,#1619,#1930,.T.);
#1155=EDGE_CURVE('',#1620,#1618,#1931,.T.);
#1156=EDGE_CURVE('',#1620,#1621,#1932,.T.);
#1157=EDGE_CURVE('',#1621,#1619,#1933,.T.);
#1158=EDGE_CURVE('',#1622,#1623,#1934,.T.);
#1159=EDGE_CURVE('',#1624,#1622,#1935,.T.);
#1160=EDGE_CURVE('',#1624,#1625,#1936,.T.);
#1161=EDGE_CURVE('',#1625,#1623,#1937,.T.);
#1162=EDGE_CURVE('',#1626,#1627,#1938,.T.);
#1163=EDGE_CURVE('',#1628,#1626,#1939,.T.);
#1164=EDGE_CURVE('',#1628,#1629,#1940,.T.);
#1165=EDGE_CURVE('',#1629,#1627,#1941,.T.);
#1166=EDGE_CURVE('',#1630,#1631,#1942,.T.);
#1167=EDGE_CURVE('',#1632,#1630,#1943,.T.);
#1168=EDGE_CURVE('',#1632,#1633,#1944,.T.);
#1169=EDGE_CURVE('',#1633,#1631,#1945,.T.);
#1170=EDGE_CURVE('',#1634,#1635,#1946,.T.);
#1171=EDGE_CURVE('',#1636,#1634,#1947,.T.);
#1172=EDGE_CURVE('',#1636,#1637,#1948,.T.);
#1173=EDGE_CURVE('',#1637,#1635,#1949,.T.);
#1174=EDGE_CURVE('',#1638,#1639,#1950,.T.);
#1175=EDGE_CURVE('',#1640,#1638,#1951,.T.);
#1176=EDGE_CURVE('',#1640,#1641,#1952,.T.);
#1177=EDGE_CURVE('',#1641,#1639,#1953,.T.);
#1178=EDGE_CURVE('',#1642,#1643,#1954,.T.);
#1179=EDGE_CURVE('',#1644,#1642,#1955,.T.);
#1180=EDGE_CURVE('',#1644,#1645,#1956,.T.);
#1181=EDGE_CURVE('',#1645,#1599,#1957,.T.);
#1182=EDGE_CURVE('',#1426,#1598,#1958,.T.);
#1183=EDGE_CURVE('',#1425,#1646,#1959,.T.);
#1184=EDGE_CURVE('',#1646,#1647,#1960,.T.);
#1185=EDGE_CURVE('',#1647,#1648,#1961,.T.);
#1186=EDGE_CURVE('',#1649,#1648,#1962,.T.);
#1187=EDGE_CURVE('',#1649,#1643,#1963,.T.);
#1188=EDGE_CURVE('',#1650,#1651,#1964,.T.);
#1189=EDGE_CURVE('',#1650,#1652,#1965,.T.);
#1190=EDGE_CURVE('',#1652,#1653,#1966,.T.);
#1191=EDGE_CURVE('',#1651,#1653,#1967,.T.);
#1192=EDGE_CURVE('',#1654,#1655,#1968,.T.);
#1193=EDGE_CURVE('',#1654,#1656,#1969,.T.);
#1194=EDGE_CURVE('',#1656,#1657,#1970,.T.);
#1195=EDGE_CURVE('',#1655,#1657,#1971,.T.);
#1196=EDGE_CURVE('',#1658,#1659,#1972,.T.);
#1197=EDGE_CURVE('',#1658,#1660,#1973,.T.);
#1198=EDGE_CURVE('',#1660,#1661,#1974,.T.);
#1199=EDGE_CURVE('',#1659,#1661,#1975,.T.);
#1200=EDGE_CURVE('',#1662,#1663,#1976,.T.);
#1201=EDGE_CURVE('',#1664,#1662,#1977,.T.);
#1202=EDGE_CURVE('',#1664,#1665,#1978,.T.);
#1203=EDGE_CURVE('',#1665,#1663,#1979,.T.);
#1204=EDGE_CURVE('',#1666,#1667,#1980,.T.);
#1205=EDGE_CURVE('',#1668,#1666,#1981,.T.);
#1206=EDGE_CURVE('',#1668,#1669,#1982,.T.);
#1207=EDGE_CURVE('',#1669,#1667,#1983,.T.);
#1208=EDGE_CURVE('',#1670,#1671,#1984,.T.);
#1209=EDGE_CURVE('',#1672,#1670,#1985,.T.);
#1210=EDGE_CURVE('',#1672,#1673,#1986,.T.);
#1211=EDGE_CURVE('',#1673,#1671,#1987,.T.);
#1212=EDGE_CURVE('',#1674,#1675,#1988,.T.);
#1213=EDGE_CURVE('',#1676,#1674,#1989,.T.);
#1214=EDGE_CURVE('',#1676,#1677,#1990,.T.);
#1215=EDGE_CURVE('',#1677,#1675,#1991,.T.);
#1216=EDGE_CURVE('',#1678,#1679,#1992,.T.);
#1217=EDGE_CURVE('',#1678,#1680,#1993,.F.);
#1218=EDGE_CURVE('',#1680,#1681,#1994,.T.);
#1219=EDGE_CURVE('',#1681,#1679,#1995,.T.);
#1220=EDGE_CURVE('',#1682,#1683,#1996,.T.);
#1221=EDGE_CURVE('',#1682,#1684,#1997,.T.);
#1222=EDGE_CURVE('',#1684,#1685,#1998,.T.);
#1223=EDGE_CURVE('',#1683,#1685,#1999,.T.);
#1224=EDGE_CURVE('',#1686,#1687,#2000,.T.);
#1225=EDGE_CURVE('',#1686,#1688,#2001,.T.);
#1226=EDGE_CURVE('',#1688,#1689,#2002,.T.);
#1227=EDGE_CURVE('',#1687,#1689,#2003,.T.);
#1228=EDGE_CURVE('',#1690,#1691,#2004,.T.);
#1229=EDGE_CURVE('',#1690,#1692,#2005,.T.);
#1230=EDGE_CURVE('',#1692,#1693,#2006,.T.);
#1231=EDGE_CURVE('',#1691,#1693,#2007,.T.);
#1232=EDGE_CURVE('',#1694,#1695,#2008,.T.);
#1233=EDGE_CURVE('',#1694,#1696,#2009,.T.);
#1234=EDGE_CURVE('',#1696,#1697,#2010,.T.);
#1235=EDGE_CURVE('',#1695,#1697,#2011,.T.);
#1236=EDGE_CURVE('',#1698,#1699,#2012,.T.);
#1237=EDGE_CURVE('',#1700,#1698,#2013,.T.);
#1238=EDGE_CURVE('',#1700,#1701,#2014,.T.);
#1239=EDGE_CURVE('',#1701,#1699,#2015,.T.);
#1240=EDGE_CURVE('',#1702,#1703,#2016,.T.);
#1241=EDGE_CURVE('',#1704,#1702,#2017,.T.);
#1242=EDGE_CURVE('',#1704,#1705,#2018,.T.);
#1243=EDGE_CURVE('',#1705,#1703,#2019,.T.);
#1244=EDGE_CURVE('',#1706,#1707,#2020,.T.);
#1245=EDGE_CURVE('',#1708,#1706,#2021,.T.);
#1246=EDGE_CURVE('',#1708,#1709,#2022,.T.);
#1247=EDGE_CURVE('',#1709,#1707,#2023,.T.);
#1248=EDGE_CURVE('',#1710,#1711,#2024,.T.);
#1249=EDGE_CURVE('',#1712,#1710,#2025,.T.);
#1250=EDGE_CURVE('',#1712,#1713,#2026,.T.);
#1251=EDGE_CURVE('',#1713,#1711,#2027,.T.);
#1252=EDGE_CURVE('',#1714,#1715,#2028,.T.);
#1253=EDGE_CURVE('',#1716,#1714,#2029,.T.);
#1254=EDGE_CURVE('',#1716,#1717,#2030,.T.);
#1255=EDGE_CURVE('',#1717,#1715,#2031,.T.);
#1256=EDGE_CURVE('',#1718,#1719,#2032,.T.);
#1257=EDGE_CURVE('',#1720,#1718,#2033,.T.);
#1258=EDGE_CURVE('',#1720,#1721,#2034,.T.);
#1259=EDGE_CURVE('',#1721,#1719,#2035,.T.);
#1260=EDGE_CURVE('',#1722,#1723,#2036,.T.);
#1261=EDGE_CURVE('',#1724,#1722,#2037,.T.);
#1262=EDGE_CURVE('',#1724,#1725,#2038,.T.);
#1263=EDGE_CURVE('',#1725,#1723,#2039,.T.);
#1264=EDGE_CURVE('',#1601,#1726,#2040,.T.);
#1265=EDGE_CURVE('',#1648,#1726,#2041,.T.);
#1266=EDGE_CURVE('',#1647,#1727,#2042,.T.);
#1267=EDGE_CURVE('',#1422,#1727,#2043,.T.);
#1268=EDGE_CURVE('',#1643,#1728,#2044,.T.);
#1269=EDGE_CURVE('',#1643,#1645,#2045,.T.);
#1270=EDGE_CURVE('',#1645,#1729,#2046,.T.);
#1271=EDGE_CURVE('',#1729,#1728,#2047,.T.);
#1272=EDGE_CURVE('',#1458,#1678,#16,.F.);
#1273=EDGE_CURVE('',#1679,#1610,#17,.F.);
#1274=EDGE_CURVE('',#1611,#1559,#18,.F.);
#1275=EDGE_CURVE('',#1558,#1459,#19,.F.);
#1276=EDGE_CURVE('',#1680,#1456,#20,.T.);
#1277=EDGE_CURVE('',#1457,#1561,#21,.T.);
#1278=EDGE_CURVE('',#1560,#1613,#22,.T.);
#1279=EDGE_CURVE('',#1612,#1681,#23,.T.);
#1280=EDGE_CURVE('',#1654,#1682,#2048,.T.);
#1281=EDGE_CURVE('',#1655,#1684,#2049,.T.);
#1282=EDGE_CURVE('',#1656,#1683,#2050,.T.);
#1283=EDGE_CURVE('',#1657,#1685,#2051,.T.);
#1284=EDGE_CURVE('',#1650,#1686,#2052,.T.);
#1285=EDGE_CURVE('',#1651,#1688,#2053,.T.);
#1286=EDGE_CURVE('',#1652,#1687,#2054,.T.);
#1287=EDGE_CURVE('',#1653,#1689,#2055,.T.);
#1288=EDGE_CURVE('',#1658,#1690,#2056,.T.);
#1289=EDGE_CURVE('',#1659,#1692,#2057,.T.);
#1290=EDGE_CURVE('',#1660,#1691,#2058,.T.);
#1291=EDGE_CURVE('',#1661,#1693,#2059,.T.);
#1292=EDGE_CURVE('',#1644,#1694,#2060,.T.);
#1293=EDGE_CURVE('',#1642,#1696,#2061,.T.);
#1294=EDGE_CURVE('',#1729,#1695,#2062,.T.);
#1295=EDGE_CURVE('',#1728,#1697,#2063,.T.);
#1296=EDGE_CURVE('',#1600,#1730,#2064,.T.);
#1297=EDGE_CURVE('',#1730,#1726,#2065,.T.);
#1298=EDGE_CURVE('',#1649,#1730,#2066,.T.);
#1299=EDGE_CURVE('',#1731,#1727,#2067,.T.);
#1300=EDGE_CURVE('',#1424,#1731,#2068,.T.);
#1301=EDGE_CURVE('',#1646,#1731,#2069,.T.);
#1302=EDGE_CURVE('',#1474,#1556,#2070,.T.);
#1303=EDGE_CURVE('',#1475,#1555,#2071,.T.);
#1304=EDGE_CURVE('',#1477,#1557,#2072,.T.);
#1305=EDGE_CURVE('',#1476,#1554,#2073,.T.);
#1306=EDGE_CURVE('',#1478,#1564,#2074,.T.);
#1307=EDGE_CURVE('',#1479,#1563,#2075,.T.);
#1308=EDGE_CURVE('',#1481,#1565,#2076,.T.);
#1309=EDGE_CURVE('',#1480,#1562,#2077,.T.);
#1310=EDGE_CURVE('',#1482,#1552,#2078,.T.);
#1311=EDGE_CURVE('',#1483,#1551,#2079,.T.);
#1312=EDGE_CURVE('',#1485,#1553,#2080,.T.);
#1313=EDGE_CURVE('',#1484,#1550,#2081,.T.);
#1314=EDGE_CURVE('',#1486,#1568,#2082,.T.);
#1315=EDGE_CURVE('',#1487,#1567,#2083,.T.);
#1316=EDGE_CURVE('',#1489,#1569,#2084,.T.);
#1317=EDGE_CURVE('',#1488,#1566,#2085,.T.);
#1318=EDGE_CURVE('',#1490,#1548,#2086,.T.);
#1319=EDGE_CURVE('',#1491,#1547,#2087,.T.);
#1320=EDGE_CURVE('',#1493,#1549,#2088,.T.);
#1321=EDGE_CURVE('',#1492,#1546,#2089,.T.);
#1322=EDGE_CURVE('',#1494,#1572,#2090,.T.);
#1323=EDGE_CURVE('',#1495,#1571,#2091,.T.);
#1324=EDGE_CURVE('',#1497,#1573,#2092,.T.);
#1325=EDGE_CURVE('',#1496,#1570,#2093,.T.);
#1326=EDGE_CURVE('',#1498,#1544,#2094,.T.);
#1327=EDGE_CURVE('',#1499,#1543,#2095,.T.);
#1328=EDGE_CURVE('',#1501,#1545,#2096,.T.);
#1329=EDGE_CURVE('',#1500,#1542,#2097,.T.);
#1330=EDGE_CURVE('',#1700,#1663,#2098,.T.);
#1331=EDGE_CURVE('',#1698,#1662,#2099,.T.);
#1332=EDGE_CURVE('',#1701,#1665,#2100,.T.);
#1333=EDGE_CURVE('',#1699,#1664,#2101,.T.);
#1334=EDGE_CURVE('',#1704,#1639,#2102,.T.);
#1335=EDGE_CURVE('',#1702,#1638,#2103,.T.);
#1336=EDGE_CURVE('',#1705,#1641,#2104,.T.);
#1337=EDGE_CURVE('',#1703,#1640,#2105,.T.);
#1338=EDGE_CURVE('',#1708,#1667,#2106,.T.);
#1339=EDGE_CURVE('',#1706,#1666,#2107,.T.);
#1340=EDGE_CURVE('',#1709,#1669,#2108,.T.);
#1341=EDGE_CURVE('',#1707,#1668,#2109,.T.);
#1342=EDGE_CURVE('',#1712,#1635,#2110,.T.);
#1343=EDGE_CURVE('',#1710,#1634,#2111,.T.);
#1344=EDGE_CURVE('',#1713,#1637,#2112,.T.);
#1345=EDGE_CURVE('',#1711,#1636,#2113,.T.);
#1346=EDGE_CURVE('',#1716,#1671,#2114,.T.);
#1347=EDGE_CURVE('',#1714,#1670,#2115,.T.);
#1348=EDGE_CURVE('',#1717,#1673,#2116,.T.);
#1349=EDGE_CURVE('',#1715,#1672,#2117,.T.);
#1350=EDGE_CURVE('',#1720,#1631,#2118,.T.);
#1351=EDGE_CURVE('',#1718,#1630,#2119,.T.);
#1352=EDGE_CURVE('',#1721,#1633,#2120,.T.);
#1353=EDGE_CURVE('',#1719,#1632,#2121,.T.);
#1354=EDGE_CURVE('',#1724,#1675,#2122,.T.);
#1355=EDGE_CURVE('',#1722,#1674,#2123,.T.);
#1356=EDGE_CURVE('',#1725,#1677,#2124,.T.);
#1357=EDGE_CURVE('',#1723,#1676,#2125,.T.);
#1358=EDGE_CURVE('',#1614,#1594,#2126,.T.);
#1359=EDGE_CURVE('',#1615,#1596,#2127,.T.);
#1360=EDGE_CURVE('',#1617,#1597,#2128,.T.);
#1361=EDGE_CURVE('',#1616,#1595,#2129,.T.);
#1362=EDGE_CURVE('',#1618,#1602,#2130,.T.);
#1363=EDGE_CURVE('',#1619,#1604,#2131,.T.);
#1364=EDGE_CURVE('',#1621,#1605,#2132,.T.);
#1365=EDGE_CURVE('',#1620,#1603,#2133,.T.);
#1366=EDGE_CURVE('',#1622,#1590,#2134,.T.);
#1367=EDGE_CURVE('',#1623,#1592,#2135,.T.);
#1368=EDGE_CURVE('',#1625,#1593,#2136,.T.);
#1369=EDGE_CURVE('',#1624,#1591,#2137,.T.);
#1370=EDGE_CURVE('',#1626,#1606,#2138,.T.);
#1371=EDGE_CURVE('',#1627,#1608,#2139,.T.);
#1372=EDGE_CURVE('',#1629,#1609,#2140,.T.);
#1373=EDGE_CURVE('',#1628,#1607,#2141,.T.);
#1374=EDGE_CURVE('',#1429,#1461,#2142,.T.);
#1375=EDGE_CURVE('',#1430,#1460,#2143,.T.);
#1376=EDGE_CURVE('',#1431,#1463,#2144,.T.);
#1377=EDGE_CURVE('',#1428,#1462,#2145,.T.);
#1378=EDGE_CURVE('',#1433,#1453,#2146,.T.);
#1379=EDGE_CURVE('',#1434,#1452,#2147,.T.);
#1380=EDGE_CURVE('',#1435,#1455,#2148,.T.);
#1381=EDGE_CURVE('',#1432,#1454,#2149,.T.);
#1382=EDGE_CURVE('',#1437,#1465,#2150,.T.);
#1383=EDGE_CURVE('',#1438,#1464,#2151,.T.);
#1384=EDGE_CURVE('',#1439,#1467,#2152,.T.);
#1385=EDGE_CURVE('',#1436,#1466,#2153,.T.);
#1386=EDGE_CURVE('',#1441,#1449,#2154,.T.);
#1387=EDGE_CURVE('',#1442,#1448,#2155,.T.);
#1388=EDGE_CURVE('',#1443,#1451,#2156,.T.);
#1389=EDGE_CURVE('',#1440,#1450,#2157,.T.);
#1390=EDGE_CURVE('',#1504,#1574,#2158,.T.);
#1391=EDGE_CURVE('',#1502,#1575,#2159,.T.);
#1392=EDGE_CURVE('',#1505,#1577,#2160,.T.);
#1393=EDGE_CURVE('',#1503,#1576,#2161,.T.);
#1394=EDGE_CURVE('',#1508,#1538,#2162,.T.);
#1395=EDGE_CURVE('',#1506,#1539,#2163,.T.);
#1396=EDGE_CURVE('',#1509,#1541,#2164,.T.);
#1397=EDGE_CURVE('',#1507,#1540,#2165,.T.);
#1398=EDGE_CURVE('',#1512,#1578,#2166,.T.);
#1399=EDGE_CURVE('',#1510,#1579,#2167,.T.);
#1400=EDGE_CURVE('',#1513,#1581,#2168,.T.);
#1401=EDGE_CURVE('',#1511,#1580,#2169,.T.);
#1402=EDGE_CURVE('',#1516,#1534,#2170,.T.);
#1403=EDGE_CURVE('',#1514,#1535,#2171,.T.);
#1404=EDGE_CURVE('',#1517,#1537,#2172,.T.);
#1405=EDGE_CURVE('',#1515,#1536,#2173,.T.);
#1406=EDGE_CURVE('',#1520,#1582,#2174,.T.);
#1407=EDGE_CURVE('',#1518,#1583,#2175,.T.);
#1408=EDGE_CURVE('',#1521,#1585,#2176,.T.);
#1409=EDGE_CURVE('',#1519,#1584,#2177,.T.);
#1410=EDGE_CURVE('',#1524,#1530,#2178,.T.);
#1411=EDGE_CURVE('',#1522,#1531,#2179,.T.);
#1412=EDGE_CURVE('',#1525,#1533,#2180,.T.);
#1413=EDGE_CURVE('',#1523,#1532,#2181,.T.);
#1414=EDGE_CURVE('',#1528,#1586,#2182,.T.);
#1415=EDGE_CURVE('',#1526,#1587,#2183,.T.);
#1416=EDGE_CURVE('',#1529,#1589,#2184,.T.);
#1417=EDGE_CURVE('',#1527,#1588,#2185,.T.);
#1418=EDGE_CURVE('',#1446,#1468,#2186,.T.);
#1419=EDGE_CURVE('',#1444,#1469,#2187,.T.);
#1420=EDGE_CURVE('',#1447,#1471,#2188,.T.);
#1421=EDGE_CURVE('',#1445,#1470,#2189,.T.);
#1422=VERTEX_POINT('',#4386);
#1423=VERTEX_POINT('',#4387);
#1424=VERTEX_POINT('',#4389);
#1425=VERTEX_POINT('',#4391);
#1426=VERTEX_POINT('',#4393);
#1427=VERTEX_POINT('',#4395);
#1428=VERTEX_POINT('',#4398);
#1429=VERTEX_POINT('',#4399);
#1430=VERTEX_POINT('',#4401);
#1431=VERTEX_POINT('',#4403);
#1432=VERTEX_POINT('',#4406);
#1433=VERTEX_POINT('',#4407);
#1434=VERTEX_POINT('',#4409);
#1435=VERTEX_POINT('',#4411);
#1436=VERTEX_POINT('',#4414);
#1437=VERTEX_POINT('',#4415);
#1438=VERTEX_POINT('',#4417);
#1439=VERTEX_POINT('',#4419);
#1440=VERTEX_POINT('',#4422);
#1441=VERTEX_POINT('',#4423);
#1442=VERTEX_POINT('',#4425);
#1443=VERTEX_POINT('',#4427);
#1444=VERTEX_POINT('',#4430);
#1445=VERTEX_POINT('',#4431);
#1446=VERTEX_POINT('',#4433);
#1447=VERTEX_POINT('',#4435);
#1448=VERTEX_POINT('',#4439);
#1449=VERTEX_POINT('',#4440);
#1450=VERTEX_POINT('',#4442);
#1451=VERTEX_POINT('',#4444);
#1452=VERTEX_POINT('',#4447);
#1453=VERTEX_POINT('',#4448);
#1454=VERTEX_POINT('',#4450);
#1455=VERTEX_POINT('',#4452);
#1456=VERTEX_POINT('',#4455);
#1457=VERTEX_POINT('',#4456);
#1458=VERTEX_POINT('',#4458);
#1459=VERTEX_POINT('',#4460);
#1460=VERTEX_POINT('',#4463);
#1461=VERTEX_POINT('',#4464);
#1462=VERTEX_POINT('',#4466);
#1463=VERTEX_POINT('',#4468);
#1464=VERTEX_POINT('',#4471);
#1465=VERTEX_POINT('',#4472);
#1466=VERTEX_POINT('',#4474);
#1467=VERTEX_POINT('',#4476);
#1468=VERTEX_POINT('',#4479);
#1469=VERTEX_POINT('',#4480);
#1470=VERTEX_POINT('',#4482);
#1471=VERTEX_POINT('',#4484);
#1472=VERTEX_POINT('',#4488);
#1473=VERTEX_POINT('',#4490);
#1474=VERTEX_POINT('',#4493);
#1475=VERTEX_POINT('',#4494);
#1476=VERTEX_POINT('',#4496);
#1477=VERTEX_POINT('',#4498);
#1478=VERTEX_POINT('',#4501);
#1479=VERTEX_POINT('',#4502);
#1480=VERTEX_POINT('',#4504);
#1481=VERTEX_POINT('',#4506);
#1482=VERTEX_POINT('',#4509);
#1483=VERTEX_POINT('',#4510);
#1484=VERTEX_POINT('',#4512);
#1485=VERTEX_POINT('',#4514);
#1486=VERTEX_POINT('',#4517);
#1487=VERTEX_POINT('',#4518);
#1488=VERTEX_POINT('',#4520);
#1489=VERTEX_POINT('',#4522);
#1490=VERTEX_POINT('',#4525);
#1491=VERTEX_POINT('',#4526);
#1492=VERTEX_POINT('',#4528);
#1493=VERTEX_POINT('',#4530);
#1494=VERTEX_POINT('',#4533);
#1495=VERTEX_POINT('',#4534);
#1496=VERTEX_POINT('',#4536);
#1497=VERTEX_POINT('',#4538);
#1498=VERTEX_POINT('',#4541);
#1499=VERTEX_POINT('',#4542);
#1500=VERTEX_POINT('',#4544);
#1501=VERTEX_POINT('',#4546);
#1502=VERTEX_POINT('',#4549);
#1503=VERTEX_POINT('',#4550);
#1504=VERTEX_POINT('',#4552);
#1505=VERTEX_POINT('',#4554);
#1506=VERTEX_POINT('',#4557);
#1507=VERTEX_POINT('',#4558);
#1508=VERTEX_POINT('',#4560);
#1509=VERTEX_POINT('',#4562);
#1510=VERTEX_POINT('',#4565);
#1511=VERTEX_POINT('',#4566);
#1512=VERTEX_POINT('',#4568);
#1513=VERTEX_POINT('',#4570);
#1514=VERTEX_POINT('',#4573);
#1515=VERTEX_POINT('',#4574);
#1516=VERTEX_POINT('',#4576);
#1517=VERTEX_POINT('',#4578);
#1518=VERTEX_POINT('',#4581);
#1519=VERTEX_POINT('',#4582);
#1520=VERTEX_POINT('',#4584);
#1521=VERTEX_POINT('',#4586);
#1522=VERTEX_POINT('',#4589);
#1523=VERTEX_POINT('',#4590);
#1524=VERTEX_POINT('',#4592);
#1525=VERTEX_POINT('',#4594);
#1526=VERTEX_POINT('',#4597);
#1527=VERTEX_POINT('',#4598);
#1528=VERTEX_POINT('',#4600);
#1529=VERTEX_POINT('',#4602);
#1530=VERTEX_POINT('',#4606);
#1531=VERTEX_POINT('',#4607);
#1532=VERTEX_POINT('',#4609);
#1533=VERTEX_POINT('',#4611);
#1534=VERTEX_POINT('',#4614);
#1535=VERTEX_POINT('',#4615);
#1536=VERTEX_POINT('',#4617);
#1537=VERTEX_POINT('',#4619);
#1538=VERTEX_POINT('',#4622);
#1539=VERTEX_POINT('',#4623);
#1540=VERTEX_POINT('',#4625);
#1541=VERTEX_POINT('',#4627);
#1542=VERTEX_POINT('',#4630);
#1543=VERTEX_POINT('',#4631);
#1544=VERTEX_POINT('',#4633);
#1545=VERTEX_POINT('',#4635);
#1546=VERTEX_POINT('',#4638);
#1547=VERTEX_POINT('',#4639);
#1548=VERTEX_POINT('',#4641);
#1549=VERTEX_POINT('',#4643);
#1550=VERTEX_POINT('',#4646);
#1551=VERTEX_POINT('',#4647);
#1552=VERTEX_POINT('',#4649);
#1553=VERTEX_POINT('',#4651);
#1554=VERTEX_POINT('',#4654);
#1555=VERTEX_POINT('',#4655);
#1556=VERTEX_POINT('',#4657);
#1557=VERTEX_POINT('',#4659);
#1558=VERTEX_POINT('',#4662);
#1559=VERTEX_POINT('',#4663);
#1560=VERTEX_POINT('',#4665);
#1561=VERTEX_POINT('',#4667);
#1562=VERTEX_POINT('',#4670);
#1563=VERTEX_POINT('',#4671);
#1564=VERTEX_POINT('',#4673);
#1565=VERTEX_POINT('',#4675);
#1566=VERTEX_POINT('',#4678);
#1567=VERTEX_POINT('',#4679);
#1568=VERTEX_POINT('',#4681);
#1569=VERTEX_POINT('',#4683);
#1570=VERTEX_POINT('',#4686);
#1571=VERTEX_POINT('',#4687);
#1572=VERTEX_POINT('',#4689);
#1573=VERTEX_POINT('',#4691);
#1574=VERTEX_POINT('',#4694);
#1575=VERTEX_POINT('',#4695);
#1576=VERTEX_POINT('',#4697);
#1577=VERTEX_POINT('',#4699);
#1578=VERTEX_POINT('',#4702);
#1579=VERTEX_POINT('',#4703);
#1580=VERTEX_POINT('',#4705);
#1581=VERTEX_POINT('',#4707);
#1582=VERTEX_POINT('',#4710);
#1583=VERTEX_POINT('',#4711);
#1584=VERTEX_POINT('',#4713);
#1585=VERTEX_POINT('',#4715);
#1586=VERTEX_POINT('',#4718);
#1587=VERTEX_POINT('',#4719);
#1588=VERTEX_POINT('',#4721);
#1589=VERTEX_POINT('',#4723);
#1590=VERTEX_POINT('',#4727);
#1591=VERTEX_POINT('',#4728);
#1592=VERTEX_POINT('',#4730);
#1593=VERTEX_POINT('',#4732);
#1594=VERTEX_POINT('',#4735);
#1595=VERTEX_POINT('',#4736);
#1596=VERTEX_POINT('',#4738);
#1597=VERTEX_POINT('',#4740);
#1598=VERTEX_POINT('',#4743);
#1599=VERTEX_POINT('',#4744);
#1600=VERTEX_POINT('',#4746);
#1601=VERTEX_POINT('',#4748);
#1602=VERTEX_POINT('',#4752);
#1603=VERTEX_POINT('',#4753);
#1604=VERTEX_POINT('',#4755);
#1605=VERTEX_POINT('',#4757);
#1606=VERTEX_POINT('',#4760);
#1607=VERTEX_POINT('',#4761);
#1608=VERTEX_POINT('',#4763);
#1609=VERTEX_POINT('',#4765);
#1610=VERTEX_POINT('',#4769);
#1611=VERTEX_POINT('',#4770);
#1612=VERTEX_POINT('',#4772);
#1613=VERTEX_POINT('',#4774);
#1614=VERTEX_POINT('',#4777);
#1615=VERTEX_POINT('',#4778);
#1616=VERTEX_POINT('',#4780);
#1617=VERTEX_POINT('',#4782);
#1618=VERTEX_POINT('',#4785);
#1619=VERTEX_POINT('',#4786);
#1620=VERTEX_POINT('',#4788);
#1621=VERTEX_POINT('',#4790);
#1622=VERTEX_POINT('',#4793);
#1623=VERTEX_POINT('',#4794);
#1624=VERTEX_POINT('',#4796);
#1625=VERTEX_POINT('',#4798);
#1626=VERTEX_POINT('',#4801);
#1627=VERTEX_POINT('',#4802);
#1628=VERTEX_POINT('',#4804);
#1629=VERTEX_POINT('',#4806);
#1630=VERTEX_POINT('',#4810);
#1631=VERTEX_POINT('',#4811);
#1632=VERTEX_POINT('',#4813);
#1633=VERTEX_POINT('',#4815);
#1634=VERTEX_POINT('',#4818);
#1635=VERTEX_POINT('',#4819);
#1636=VERTEX_POINT('',#4821);
#1637=VERTEX_POINT('',#4823);
#1638=VERTEX_POINT('',#4826);
#1639=VERTEX_POINT('',#4827);
#1640=VERTEX_POINT('',#4829);
#1641=VERTEX_POINT('',#4831);
#1642=VERTEX_POINT('',#4834);
#1643=VERTEX_POINT('',#4835);
#1644=VERTEX_POINT('',#4837);
#1645=VERTEX_POINT('',#4839);
#1646=VERTEX_POINT('',#4843);
#1647=VERTEX_POINT('',#4845);
#1648=VERTEX_POINT('',#4847);
#1649=VERTEX_POINT('',#4849);
#1650=VERTEX_POINT('',#4852);
#1651=VERTEX_POINT('',#4853);
#1652=VERTEX_POINT('',#4855);
#1653=VERTEX_POINT('',#4857);
#1654=VERTEX_POINT('',#4860);
#1655=VERTEX_POINT('',#4861);
#1656=VERTEX_POINT('',#4863);
#1657=VERTEX_POINT('',#4865);
#1658=VERTEX_POINT('',#4868);
#1659=VERTEX_POINT('',#4869);
#1660=VERTEX_POINT('',#4871);
#1661=VERTEX_POINT('',#4873);
#1662=VERTEX_POINT('',#4876);
#1663=VERTEX_POINT('',#4877);
#1664=VERTEX_POINT('',#4879);
#1665=VERTEX_POINT('',#4881);
#1666=VERTEX_POINT('',#4884);
#1667=VERTEX_POINT('',#4885);
#1668=VERTEX_POINT('',#4887);
#1669=VERTEX_POINT('',#4889);
#1670=VERTEX_POINT('',#4892);
#1671=VERTEX_POINT('',#4893);
#1672=VERTEX_POINT('',#4895);
#1673=VERTEX_POINT('',#4897);
#1674=VERTEX_POINT('',#4900);
#1675=VERTEX_POINT('',#4901);
#1676=VERTEX_POINT('',#4903);
#1677=VERTEX_POINT('',#4905);
#1678=VERTEX_POINT('',#4909);
#1679=VERTEX_POINT('',#4910);
#1680=VERTEX_POINT('',#4912);
#1681=VERTEX_POINT('',#4914);
#1682=VERTEX_POINT('',#4917);
#1683=VERTEX_POINT('',#4918);
#1684=VERTEX_POINT('',#4920);
#1685=VERTEX_POINT('',#4922);
#1686=VERTEX_POINT('',#4925);
#1687=VERTEX_POINT('',#4926);
#1688=VERTEX_POINT('',#4928);
#1689=VERTEX_POINT('',#4930);
#1690=VERTEX_POINT('',#4933);
#1691=VERTEX_POINT('',#4934);
#1692=VERTEX_POINT('',#4936);
#1693=VERTEX_POINT('',#4938);
#1694=VERTEX_POINT('',#4941);
#1695=VERTEX_POINT('',#4942);
#1696=VERTEX_POINT('',#4944);
#1697=VERTEX_POINT('',#4946);
#1698=VERTEX_POINT('',#4949);
#1699=VERTEX_POINT('',#4950);
#1700=VERTEX_POINT('',#4952);
#1701=VERTEX_POINT('',#4954);
#1702=VERTEX_POINT('',#4957);
#1703=VERTEX_POINT('',#4958);
#1704=VERTEX_POINT('',#4960);
#1705=VERTEX_POINT('',#4962);
#1706=VERTEX_POINT('',#4965);
#1707=VERTEX_POINT('',#4966);
#1708=VERTEX_POINT('',#4968);
#1709=VERTEX_POINT('',#4970);
#1710=VERTEX_POINT('',#4973);
#1711=VERTEX_POINT('',#4974);
#1712=VERTEX_POINT('',#4976);
#1713=VERTEX_POINT('',#4978);
#1714=VERTEX_POINT('',#4981);
#1715=VERTEX_POINT('',#4982);
#1716=VERTEX_POINT('',#4984);
#1717=VERTEX_POINT('',#4986);
#1718=VERTEX_POINT('',#4989);
#1719=VERTEX_POINT('',#4990);
#1720=VERTEX_POINT('',#4992);
#1721=VERTEX_POINT('',#4994);
#1722=VERTEX_POINT('',#4997);
#1723=VERTEX_POINT('',#4998);
#1724=VERTEX_POINT('',#5000);
#1725=VERTEX_POINT('',#5002);
#1726=VERTEX_POINT('',#5006);
#1727=VERTEX_POINT('',#5009);
#1728=VERTEX_POINT('',#5013);
#1729=VERTEX_POINT('',#5016);
#1730=VERTEX_POINT('',#5062);
#1731=VERTEX_POINT('',#5069);
#1732=LINE('',#4385,#2190);
#1733=LINE('',#4388,#2191);
#1734=LINE('',#4390,#2192);
#1735=LINE('',#4392,#2193);
#1736=LINE('',#4394,#2194);
#1737=LINE('',#4396,#2195);
#1738=LINE('',#4397,#2196);
#1739=LINE('',#4400,#2197);
#1740=LINE('',#4402,#2198);
#1741=LINE('',#4404,#2199);
#1742=LINE('',#4405,#2200);
#1743=LINE('',#4408,#2201);
#1744=LINE('',#4410,#2202);
#1745=LINE('',#4412,#2203);
#1746=LINE('',#4413,#2204);
#1747=LINE('',#4416,#2205);
#1748=LINE('',#4418,#2206);
#1749=LINE('',#4420,#2207);
#1750=LINE('',#4421,#2208);
#1751=LINE('',#4424,#2209);
#1752=LINE('',#4426,#2210);
#1753=LINE('',#4428,#2211);
#1754=LINE('',#4429,#2212);
#1755=LINE('',#4432,#2213);
#1756=LINE('',#4434,#2214);
#1757=LINE('',#4436,#2215);
#1758=LINE('',#4438,#2216);
#1759=LINE('',#4441,#2217);
#1760=LINE('',#4443,#2218);
#1761=LINE('',#4445,#2219);
#1762=LINE('',#4446,#2220);
#1763=LINE('',#4449,#2221);
#1764=LINE('',#4451,#2222);
#1765=LINE('',#4453,#2223);
#1766=LINE('',#4454,#2224);
#1767=LINE('',#4457,#2225);
#1768=LINE('',#4459,#2226);
#1769=LINE('',#4461,#2227);
#1770=LINE('',#4462,#2228);
#1771=LINE('',#4465,#2229);
#1772=LINE('',#4467,#2230);
#1773=LINE('',#4469,#2231);
#1774=LINE('',#4470,#2232);
#1775=LINE('',#4473,#2233);
#1776=LINE('',#4475,#2234);
#1777=LINE('',#4477,#2235);
#1778=LINE('',#4478,#2236);
#1779=LINE('',#4481,#2237);
#1780=LINE('',#4483,#2238);
#1781=LINE('',#4485,#2239);
#1782=LINE('',#4487,#2240);
#1783=LINE('',#4489,#2241);
#1784=LINE('',#4491,#2242);
#1785=LINE('',#4492,#2243);
#1786=LINE('',#4495,#2244);
#1787=LINE('',#4497,#2245);
#1788=LINE('',#4499,#2246);
#1789=LINE('',#4500,#2247);
#1790=LINE('',#4503,#2248);
#1791=LINE('',#4505,#2249);
#1792=LINE('',#4507,#2250);
#1793=LINE('',#4508,#2251);
#1794=LINE('',#4511,#2252);
#1795=LINE('',#4513,#2253);
#1796=LINE('',#4515,#2254);
#1797=LINE('',#4516,#2255);
#1798=LINE('',#4519,#2256);
#1799=LINE('',#4521,#2257);
#1800=LINE('',#4523,#2258);
#1801=LINE('',#4524,#2259);
#1802=LINE('',#4527,#2260);
#1803=LINE('',#4529,#2261);
#1804=LINE('',#4531,#2262);
#1805=LINE('',#4532,#2263);
#1806=LINE('',#4535,#2264);
#1807=LINE('',#4537,#2265);
#1808=LINE('',#4539,#2266);
#1809=LINE('',#4540,#2267);
#1810=LINE('',#4543,#2268);
#1811=LINE('',#4545,#2269);
#1812=LINE('',#4547,#2270);
#1813=LINE('',#4548,#2271);
#1814=LINE('',#4551,#2272);
#1815=LINE('',#4553,#2273);
#1816=LINE('',#4555,#2274);
#1817=LINE('',#4556,#2275);
#1818=LINE('',#4559,#2276);
#1819=LINE('',#4561,#2277);
#1820=LINE('',#4563,#2278);
#1821=LINE('',#4564,#2279);
#1822=LINE('',#4567,#2280);
#1823=LINE('',#4569,#2281);
#1824=LINE('',#4571,#2282);
#1825=LINE('',#4572,#2283);
#1826=LINE('',#4575,#2284);
#1827=LINE('',#4577,#2285);
#1828=LINE('',#4579,#2286);
#1829=LINE('',#4580,#2287);
#1830=LINE('',#4583,#2288);
#1831=LINE('',#4585,#2289);
#1832=LINE('',#4587,#2290);
#1833=LINE('',#4588,#2291);
#1834=LINE('',#4591,#2292);
#1835=LINE('',#4593,#2293);
#1836=LINE('',#4595,#2294);
#1837=LINE('',#4596,#2295);
#1838=LINE('',#4599,#2296);
#1839=LINE('',#4601,#2297);
#1840=LINE('',#4603,#2298);
#1841=LINE('',#4605,#2299);
#1842=LINE('',#4608,#2300);
#1843=LINE('',#4610,#2301);
#1844=LINE('',#4612,#2302);
#1845=LINE('',#4613,#2303);
#1846=LINE('',#4616,#2304);
#1847=LINE('',#4618,#2305);
#1848=LINE('',#4620,#2306);
#1849=LINE('',#4621,#2307);
#1850=LINE('',#4624,#2308);
#1851=LINE('',#4626,#2309);
#1852=LINE('',#4628,#2310);
#1853=LINE('',#4629,#2311);
#1854=LINE('',#4632,#2312);
#1855=LINE('',#4634,#2313);
#1856=LINE('',#4636,#2314);
#1857=LINE('',#4637,#2315);
#1858=LINE('',#4640,#2316);
#1859=LINE('',#4642,#2317);
#1860=LINE('',#4644,#2318);
#1861=LINE('',#4645,#2319);
#1862=LINE('',#4648,#2320);
#1863=LINE('',#4650,#2321);
#1864=LINE('',#4652,#2322);
#1865=LINE('',#4653,#2323);
#1866=LINE('',#4656,#2324);
#1867=LINE('',#4658,#2325);
#1868=LINE('',#4660,#2326);
#1869=LINE('',#4661,#2327);
#1870=LINE('',#4664,#2328);
#1871=LINE('',#4666,#2329);
#1872=LINE('',#4668,#2330);
#1873=LINE('',#4669,#2331);
#1874=LINE('',#4672,#2332);
#1875=LINE('',#4674,#2333);
#1876=LINE('',#4676,#2334);
#1877=LINE('',#4677,#2335);
#1878=LINE('',#4680,#2336);
#1879=LINE('',#4682,#2337);
#1880=LINE('',#4684,#2338);
#1881=LINE('',#4685,#2339);
#1882=LINE('',#4688,#2340);
#1883=LINE('',#4690,#2341);
#1884=LINE('',#4692,#2342);
#1885=LINE('',#4693,#2343);
#1886=LINE('',#4696,#2344);
#1887=LINE('',#4698,#2345);
#1888=LINE('',#4700,#2346);
#1889=LINE('',#4701,#2347);
#1890=LINE('',#4704,#2348);
#1891=LINE('',#4706,#2349);
#1892=LINE('',#4708,#2350);
#1893=LINE('',#4709,#2351);
#1894=LINE('',#4712,#2352);
#1895=LINE('',#4714,#2353);
#1896=LINE('',#4716,#2354);
#1897=LINE('',#4717,#2355);
#1898=LINE('',#4720,#2356);
#1899=LINE('',#4722,#2357);
#1900=LINE('',#4724,#2358);
#1901=LINE('',#4726,#2359);
#1902=LINE('',#4729,#2360);
#1903=LINE('',#4731,#2361);
#1904=LINE('',#4733,#2362);
#1905=LINE('',#4734,#2363);
#1906=LINE('',#4737,#2364);
#1907=LINE('',#4739,#2365);
#1908=LINE('',#4741,#2366);
#1909=LINE('',#4742,#2367);
#1910=LINE('',#4745,#2368);
#1911=LINE('',#4747,#2369);
#1912=LINE('',#4749,#2370);
#1913=LINE('',#4750,#2371);
#1914=LINE('',#4751,#2372);
#1915=LINE('',#4754,#2373);
#1916=LINE('',#4756,#2374);
#1917=LINE('',#4758,#2375);
#1918=LINE('',#4759,#2376);
#1919=LINE('',#4762,#2377);
#1920=LINE('',#4764,#2378);
#1921=LINE('',#4766,#2379);
#1922=LINE('',#4768,#2380);
#1923=LINE('',#4771,#2381);
#1924=LINE('',#4773,#2382);
#1925=LINE('',#4775,#2383);
#1926=LINE('',#4776,#2384);
#1927=LINE('',#4779,#2385);
#1928=LINE('',#4781,#2386);
#1929=LINE('',#4783,#2387);
#1930=LINE('',#4784,#2388);
#1931=LINE('',#4787,#2389);
#1932=LINE('',#4789,#2390);
#1933=LINE('',#4791,#2391);
#1934=LINE('',#4792,#2392);
#1935=LINE('',#4795,#2393);
#1936=LINE('',#4797,#2394);
#1937=LINE('',#4799,#2395);
#1938=LINE('',#4800,#2396);
#1939=LINE('',#4803,#2397);
#1940=LINE('',#4805,#2398);
#1941=LINE('',#4807,#2399);
#1942=LINE('',#4809,#2400);
#1943=LINE('',#4812,#2401);
#1944=LINE('',#4814,#2402);
#1945=LINE('',#4816,#2403);
#1946=LINE('',#4817,#2404);
#1947=LINE('',#4820,#2405);
#1948=LINE('',#4822,#2406);
#1949=LINE('',#4824,#2407);
#1950=LINE('',#4825,#2408);
#1951=LINE('',#4828,#2409);
#1952=LINE('',#4830,#2410);
#1953=LINE('',#4832,#2411);
#1954=LINE('',#4833,#2412);
#1955=LINE('',#4836,#2413);
#1956=LINE('',#4838,#2414);
#1957=LINE('',#4840,#2415);
#1958=LINE('',#4841,#2416);
#1959=LINE('',#4842,#2417);
#1960=LINE('',#4844,#2418);
#1961=LINE('',#4846,#2419);
#1962=LINE('',#4848,#2420);
#1963=LINE('',#4850,#2421);
#1964=LINE('',#4851,#2422);
#1965=LINE('',#4854,#2423);
#1966=LINE('',#4856,#2424);
#1967=LINE('',#4858,#2425);
#1968=LINE('',#4859,#2426);
#1969=LINE('',#4862,#2427);
#1970=LINE('',#4864,#2428);
#1971=LINE('',#4866,#2429);
#1972=LINE('',#4867,#2430);
#1973=LINE('',#4870,#2431);
#1974=LINE('',#4872,#2432);
#1975=LINE('',#4874,#2433);
#1976=LINE('',#4875,#2434);
#1977=LINE('',#4878,#2435);
#1978=LINE('',#4880,#2436);
#1979=LINE('',#4882,#2437);
#1980=LINE('',#4883,#2438);
#1981=LINE('',#4886,#2439);
#1982=LINE('',#4888,#2440);
#1983=LINE('',#4890,#2441);
#1984=LINE('',#4891,#2442);
#1985=LINE('',#4894,#2443);
#1986=LINE('',#4896,#2444);
#1987=LINE('',#4898,#2445);
#1988=LINE('',#4899,#2446);
#1989=LINE('',#4902,#2447);
#1990=LINE('',#4904,#2448);
#1991=LINE('',#4906,#2449);
#1992=LINE('',#4908,#2450);
#1993=LINE('',#4911,#2451);
#1994=LINE('',#4913,#2452);
#1995=LINE('',#4915,#2453);
#1996=LINE('',#4916,#2454);
#1997=LINE('',#4919,#2455);
#1998=LINE('',#4921,#2456);
#1999=LINE('',#4923,#2457);
#2000=LINE('',#4924,#2458);
#2001=LINE('',#4927,#2459);
#2002=LINE('',#4929,#2460);
#2003=LINE('',#4931,#2461);
#2004=LINE('',#4932,#2462);
#2005=LINE('',#4935,#2463);
#2006=LINE('',#4937,#2464);
#2007=LINE('',#4939,#2465);
#2008=LINE('',#4940,#2466);
#2009=LINE('',#4943,#2467);
#2010=LINE('',#4945,#2468);
#2011=LINE('',#4947,#2469);
#2012=LINE('',#4948,#2470);
#2013=LINE('',#4951,#2471);
#2014=LINE('',#4953,#2472);
#2015=LINE('',#4955,#2473);
#2016=LINE('',#4956,#2474);
#2017=LINE('',#4959,#2475);
#2018=LINE('',#4961,#2476);
#2019=LINE('',#4963,#2477);
#2020=LINE('',#4964,#2478);
#2021=LINE('',#4967,#2479);
#2022=LINE('',#4969,#2480);
#2023=LINE('',#4971,#2481);
#2024=LINE('',#4972,#2482);
#2025=LINE('',#4975,#2483);
#2026=LINE('',#4977,#2484);
#2027=LINE('',#4979,#2485);
#2028=LINE('',#4980,#2486);
#2029=LINE('',#4983,#2487);
#2030=LINE('',#4985,#2488);
#2031=LINE('',#4987,#2489);
#2032=LINE('',#4988,#2490);
#2033=LINE('',#4991,#2491);
#2034=LINE('',#4993,#2492);
#2035=LINE('',#4995,#2493);
#2036=LINE('',#4996,#2494);
#2037=LINE('',#4999,#2495);
#2038=LINE('',#5001,#2496);
#2039=LINE('',#5003,#2497);
#2040=LINE('',#5005,#2498);
#2041=LINE('',#5007,#2499);
#2042=LINE('',#5008,#2500);
#2043=LINE('',#5010,#2501);
#2044=LINE('',#5012,#2502);
#2045=LINE('',#5014,#2503);
#2046=LINE('',#5015,#2504);
#2047=LINE('',#5017,#2505);
#2048=LINE('',#5029,#2506);
#2049=LINE('',#5030,#2507);
#2050=LINE('',#5032,#2508);
#2051=LINE('',#5034,#2509);
#2052=LINE('',#5037,#2510);
#2053=LINE('',#5038,#2511);
#2054=LINE('',#5040,#2512);
#2055=LINE('',#5042,#2513);
#2056=LINE('',#5045,#2514);
#2057=LINE('',#5046,#2515);
#2058=LINE('',#5048,#2516);
#2059=LINE('',#5050,#2517);
#2060=LINE('',#5053,#2518);
#2061=LINE('',#5054,#2519);
#2062=LINE('',#5056,#2520);
#2063=LINE('',#5058,#2521);
#2064=LINE('',#5061,#2522);
#2065=LINE('',#5063,#2523);
#2066=LINE('',#5065,#2524);
#2067=LINE('',#5068,#2525);
#2068=LINE('',#5070,#2526);
#2069=LINE('',#5072,#2527);
#2070=LINE('',#5079,#2528);
#2071=LINE('',#5080,#2529);
#2072=LINE('',#5082,#2530);
#2073=LINE('',#5084,#2531);
#2074=LINE('',#5087,#2532);
#2075=LINE('',#5088,#2533);
#2076=LINE('',#5090,#2534);
#2077=LINE('',#5092,#2535);
#2078=LINE('',#5095,#2536);
#2079=LINE('',#5096,#2537);
#2080=LINE('',#5098,#2538);
#2081=LINE('',#5100,#2539);
#2082=LINE('',#5103,#2540);
#2083=LINE('',#5104,#2541);
#2084=LINE('',#5106,#2542);
#2085=LINE('',#5108,#2543);
#2086=LINE('',#5111,#2544);
#2087=LINE('',#5112,#2545);
#2088=LINE('',#5114,#2546);
#2089=LINE('',#5116,#2547);
#2090=LINE('',#5119,#2548);
#2091=LINE('',#5120,#2549);
#2092=LINE('',#5122,#2550);
#2093=LINE('',#5124,#2551);
#2094=LINE('',#5127,#2552);
#2095=LINE('',#5128,#2553);
#2096=LINE('',#5130,#2554);
#2097=LINE('',#5132,#2555);
#2098=LINE('',#5135,#2556);
#2099=LINE('',#5136,#2557);
#2100=LINE('',#5138,#2558);
#2101=LINE('',#5140,#2559);
#2102=LINE('',#5143,#2560);
#2103=LINE('',#5144,#2561);
#2104=LINE('',#5146,#2562);
#2105=LINE('',#5148,#2563);
#2106=LINE('',#5151,#2564);
#2107=LINE('',#5152,#2565);
#2108=LINE('',#5154,#2566);
#2109=LINE('',#5156,#2567);
#2110=LINE('',#5159,#2568);
#2111=LINE('',#5160,#2569);
#2112=LINE('',#5162,#2570);
#2113=LINE('',#5164,#2571);
#2114=LINE('',#5167,#2572);
#2115=LINE('',#5168,#2573);
#2116=LINE('',#5170,#2574);
#2117=LINE('',#5172,#2575);
#2118=LINE('',#5175,#2576);
#2119=LINE('',#5176,#2577);
#2120=LINE('',#5178,#2578);
#2121=LINE('',#5180,#2579);
#2122=LINE('',#5183,#2580);
#2123=LINE('',#5184,#2581);
#2124=LINE('',#5186,#2582);
#2125=LINE('',#5188,#2583);
#2126=LINE('',#5191,#2584);
#2127=LINE('',#5192,#2585);
#2128=LINE('',#5194,#2586);
#2129=LINE('',#5196,#2587);
#2130=LINE('',#5199,#2588);
#2131=LINE('',#5200,#2589);
#2132=LINE('',#5202,#2590);
#2133=LINE('',#5204,#2591);
#2134=LINE('',#5207,#2592);
#2135=LINE('',#5208,#2593);
#2136=LINE('',#5210,#2594);
#2137=LINE('',#5212,#2595);
#2138=LINE('',#5215,#2596);
#2139=LINE('',#5216,#2597);
#2140=LINE('',#5218,#2598);
#2141=LINE('',#5220,#2599);
#2142=LINE('',#5223,#2600);
#2143=LINE('',#5224,#2601);
#2144=LINE('',#5226,#2602);
#2145=LINE('',#5228,#2603);
#2146=LINE('',#5231,#2604);
#2147=LINE('',#5232,#2605);
#2148=LINE('',#5234,#2606);
#2149=LINE('',#5236,#2607);
#2150=LINE('',#5239,#2608);
#2151=LINE('',#5240,#2609);
#2152=LINE('',#5242,#2610);
#2153=LINE('',#5244,#2611);
#2154=LINE('',#5247,#2612);
#2155=LINE('',#5248,#2613);
#2156=LINE('',#5250,#2614);
#2157=LINE('',#5252,#2615);
#2158=LINE('',#5255,#2616);
#2159=LINE('',#5256,#2617);
#2160=LINE('',#5258,#2618);
#2161=LINE('',#5260,#2619);
#2162=LINE('',#5263,#2620);
#2163=LINE('',#5264,#2621);
#2164=LINE('',#5266,#2622);
#2165=LINE('',#5268,#2623);
#2166=LINE('',#5271,#2624);
#2167=LINE('',#5272,#2625);
#2168=LINE('',#5274,#2626);
#2169=LINE('',#5276,#2627);
#2170=LINE('',#5279,#2628);
#2171=LINE('',#5280,#2629);
#2172=LINE('',#5282,#2630);
#2173=LINE('',#5284,#2631);
#2174=LINE('',#5287,#2632);
#2175=LINE('',#5288,#2633);
#2176=LINE('',#5290,#2634);
#2177=LINE('',#5292,#2635);
#2178=LINE('',#5295,#2636);
#2179=LINE('',#5296,#2637);
#2180=LINE('',#5298,#2638);
#2181=LINE('',#5300,#2639);
#2182=LINE('',#5303,#2640);
#2183=LINE('',#5304,#2641);
#2184=LINE('',#5306,#2642);
#2185=LINE('',#5308,#2643);
#2186=LINE('',#5311,#2644);
#2187=LINE('',#5312,#2645);
#2188=LINE('',#5314,#2646);
#2189=LINE('',#5316,#2647);
#2190=VECTOR('',#3595,1.);
#2191=VECTOR('',#3596,1.);
#2192=VECTOR('',#3597,1.);
#2193=VECTOR('',#3598,1.);
#2194=VECTOR('',#3599,1.);
#2195=VECTOR('',#3600,1.);
#2196=VECTOR('',#3601,1.);
#2197=VECTOR('',#3602,1.);
#2198=VECTOR('',#3603,1.);
#2199=VECTOR('',#3604,1.);
#2200=VECTOR('',#3605,1.);
#2201=VECTOR('',#3606,1.);
#2202=VECTOR('',#3607,1.);
#2203=VECTOR('',#3608,1.);
#2204=VECTOR('',#3609,1.);
#2205=VECTOR('',#3610,1.);
#2206=VECTOR('',#3611,1.);
#2207=VECTOR('',#3612,1.);
#2208=VECTOR('',#3613,1.);
#2209=VECTOR('',#3614,1.);
#2210=VECTOR('',#3615,1.);
#2211=VECTOR('',#3616,1.);
#2212=VECTOR('',#3617,1.);
#2213=VECTOR('',#3618,1.);
#2214=VECTOR('',#3619,1.);
#2215=VECTOR('',#3620,1.);
#2216=VECTOR('',#3623,1.);
#2217=VECTOR('',#3624,1.);
#2218=VECTOR('',#3625,1.);
#2219=VECTOR('',#3626,1.);
#2220=VECTOR('',#3627,1.);
#2221=VECTOR('',#3628,1.);
#2222=VECTOR('',#3629,1.);
#2223=VECTOR('',#3630,1.);
#2224=VECTOR('',#3631,1.);
#2225=VECTOR('',#3632,1.);
#2226=VECTOR('',#3633,1.);
#2227=VECTOR('',#3634,1.);
#2228=VECTOR('',#3635,1.);
#2229=VECTOR('',#3636,1.);
#2230=VECTOR('',#3637,1.);
#2231=VECTOR('',#3638,1.);
#2232=VECTOR('',#3639,1.);
#2233=VECTOR('',#3640,1.);
#2234=VECTOR('',#3641,1.);
#2235=VECTOR('',#3642,1.);
#2236=VECTOR('',#3643,1.);
#2237=VECTOR('',#3644,1.);
#2238=VECTOR('',#3645,1.);
#2239=VECTOR('',#3646,1.);
#2240=VECTOR('',#3649,1.);
#2241=VECTOR('',#3650,1.);
#2242=VECTOR('',#3651,1.);
#2243=VECTOR('',#3652,1.);
#2244=VECTOR('',#3653,1.);
#2245=VECTOR('',#3654,1.);
#2246=VECTOR('',#3655,1.);
#2247=VECTOR('',#3656,1.);
#2248=VECTOR('',#3657,1.);
#2249=VECTOR('',#3658,1.);
#2250=VECTOR('',#3659,1.);
#2251=VECTOR('',#3660,1.);
#2252=VECTOR('',#3661,1.);
#2253=VECTOR('',#3662,1.);
#2254=VECTOR('',#3663,1.);
#2255=VECTOR('',#3664,1.);
#2256=VECTOR('',#3665,1.);
#2257=VECTOR('',#3666,1.);
#2258=VECTOR('',#3667,1.);
#2259=VECTOR('',#3668,1.);
#2260=VECTOR('',#3669,1.);
#2261=VECTOR('',#3670,1.);
#2262=VECTOR('',#3671,1.);
#2263=VECTOR('',#3672,1.);
#2264=VECTOR('',#3673,1.);
#2265=VECTOR('',#3674,1.);
#2266=VECTOR('',#3675,1.);
#2267=VECTOR('',#3676,1.);
#2268=VECTOR('',#3677,1.);
#2269=VECTOR('',#3678,1.);
#2270=VECTOR('',#3679,1.);
#2271=VECTOR('',#3680,1.);
#2272=VECTOR('',#3681,1.);
#2273=VECTOR('',#3682,1.);
#2274=VECTOR('',#3683,1.);
#2275=VECTOR('',#3684,1.);
#2276=VECTOR('',#3685,1.);
#2277=VECTOR('',#3686,1.);
#2278=VECTOR('',#3687,1.);
#2279=VECTOR('',#3688,1.);
#2280=VECTOR('',#3689,1.);
#2281=VECTOR('',#3690,1.);
#2282=VECTOR('',#3691,1.);
#2283=VECTOR('',#3692,1.);
#2284=VECTOR('',#3693,1.);
#2285=VECTOR('',#3694,1.);
#2286=VECTOR('',#3695,1.);
#2287=VECTOR('',#3696,1.);
#2288=VECTOR('',#3697,1.);
#2289=VECTOR('',#3698,1.);
#2290=VECTOR('',#3699,1.);
#2291=VECTOR('',#3700,1.);
#2292=VECTOR('',#3701,1.);
#2293=VECTOR('',#3702,1.);
#2294=VECTOR('',#3703,1.);
#2295=VECTOR('',#3704,1.);
#2296=VECTOR('',#3705,1.);
#2297=VECTOR('',#3706,1.);
#2298=VECTOR('',#3707,1.);
#2299=VECTOR('',#3710,1.);
#2300=VECTOR('',#3711,1.);
#2301=VECTOR('',#3712,1.);
#2302=VECTOR('',#3713,1.);
#2303=VECTOR('',#3714,1.);
#2304=VECTOR('',#3715,1.);
#2305=VECTOR('',#3716,1.);
#2306=VECTOR('',#3717,1.);
#2307=VECTOR('',#3718,1.);
#2308=VECTOR('',#3719,1.);
#2309=VECTOR('',#3720,1.);
#2310=VECTOR('',#3721,1.);
#2311=VECTOR('',#3722,1.);
#2312=VECTOR('',#3723,1.);
#2313=VECTOR('',#3724,1.);
#2314=VECTOR('',#3725,1.);
#2315=VECTOR('',#3726,1.);
#2316=VECTOR('',#3727,1.);
#2317=VECTOR('',#3728,1.);
#2318=VECTOR('',#3729,1.);
#2319=VECTOR('',#3730,1.);
#2320=VECTOR('',#3731,1.);
#2321=VECTOR('',#3732,1.);
#2322=VECTOR('',#3733,1.);
#2323=VECTOR('',#3734,1.);
#2324=VECTOR('',#3735,1.);
#2325=VECTOR('',#3736,1.);
#2326=VECTOR('',#3737,1.);
#2327=VECTOR('',#3738,1.);
#2328=VECTOR('',#3739,1.);
#2329=VECTOR('',#3740,1.);
#2330=VECTOR('',#3741,1.);
#2331=VECTOR('',#3742,1.);
#2332=VECTOR('',#3743,1.);
#2333=VECTOR('',#3744,1.);
#2334=VECTOR('',#3745,1.);
#2335=VECTOR('',#3746,1.);
#2336=VECTOR('',#3747,1.);
#2337=VECTOR('',#3748,1.);
#2338=VECTOR('',#3749,1.);
#2339=VECTOR('',#3750,1.);
#2340=VECTOR('',#3751,1.);
#2341=VECTOR('',#3752,1.);
#2342=VECTOR('',#3753,1.);
#2343=VECTOR('',#3754,1.);
#2344=VECTOR('',#3755,1.);
#2345=VECTOR('',#3756,1.);
#2346=VECTOR('',#3757,1.);
#2347=VECTOR('',#3758,1.);
#2348=VECTOR('',#3759,1.);
#2349=VECTOR('',#3760,1.);
#2350=VECTOR('',#3761,1.);
#2351=VECTOR('',#3762,1.);
#2352=VECTOR('',#3763,1.);
#2353=VECTOR('',#3764,1.);
#2354=VECTOR('',#3765,1.);
#2355=VECTOR('',#3766,1.);
#2356=VECTOR('',#3767,1.);
#2357=VECTOR('',#3768,1.);
#2358=VECTOR('',#3769,1.);
#2359=VECTOR('',#3772,1.);
#2360=VECTOR('',#3773,1.);
#2361=VECTOR('',#3774,1.);
#2362=VECTOR('',#3775,1.);
#2363=VECTOR('',#3776,1.);
#2364=VECTOR('',#3777,1.);
#2365=VECTOR('',#3778,1.);
#2366=VECTOR('',#3779,1.);
#2367=VECTOR('',#3780,1.);
#2368=VECTOR('',#3781,1.);
#2369=VECTOR('',#3782,1.);
#2370=VECTOR('',#3783,1.);
#2371=VECTOR('',#3784,1.);
#2372=VECTOR('',#3785,1.);
#2373=VECTOR('',#3786,1.);
#2374=VECTOR('',#3787,1.);
#2375=VECTOR('',#3788,1.);
#2376=VECTOR('',#3789,1.);
#2377=VECTOR('',#3790,1.);
#2378=VECTOR('',#3791,1.);
#2379=VECTOR('',#3792,1.);
#2380=VECTOR('',#3795,1.);
#2381=VECTOR('',#3796,1.);
#2382=VECTOR('',#3797,1.);
#2383=VECTOR('',#3798,1.);
#2384=VECTOR('',#3799,1.);
#2385=VECTOR('',#3800,1.);
#2386=VECTOR('',#3801,1.);
#2387=VECTOR('',#3802,1.);
#2388=VECTOR('',#3803,1.);
#2389=VECTOR('',#3804,1.);
#2390=VECTOR('',#3805,1.);
#2391=VECTOR('',#3806,1.);
#2392=VECTOR('',#3807,1.);
#2393=VECTOR('',#3808,1.);
#2394=VECTOR('',#3809,1.);
#2395=VECTOR('',#3810,1.);
#2396=VECTOR('',#3811,1.);
#2397=VECTOR('',#3812,1.);
#2398=VECTOR('',#3813,1.);
#2399=VECTOR('',#3814,1.);
#2400=VECTOR('',#3817,1.);
#2401=VECTOR('',#3818,1.);
#2402=VECTOR('',#3819,1.);
#2403=VECTOR('',#3820,1.);
#2404=VECTOR('',#3821,1.);
#2405=VECTOR('',#3822,1.);
#2406=VECTOR('',#3823,1.);
#2407=VECTOR('',#3824,1.);
#2408=VECTOR('',#3825,1.);
#2409=VECTOR('',#3826,1.);
#2410=VECTOR('',#3827,1.);
#2411=VECTOR('',#3828,1.);
#2412=VECTOR('',#3829,1.);
#2413=VECTOR('',#3830,1.);
#2414=VECTOR('',#3831,1.);
#2415=VECTOR('',#3832,1.);
#2416=VECTOR('',#3833,1.);
#2417=VECTOR('',#3834,1.);
#2418=VECTOR('',#3835,1.);
#2419=VECTOR('',#3836,1.);
#2420=VECTOR('',#3837,1.);
#2421=VECTOR('',#3838,1.);
#2422=VECTOR('',#3839,1.);
#2423=VECTOR('',#3840,1.);
#2424=VECTOR('',#3841,1.);
#2425=VECTOR('',#3842,1.);
#2426=VECTOR('',#3843,1.);
#2427=VECTOR('',#3844,1.);
#2428=VECTOR('',#3845,1.);
#2429=VECTOR('',#3846,1.);
#2430=VECTOR('',#3847,1.);
#2431=VECTOR('',#3848,1.);
#2432=VECTOR('',#3849,1.);
#2433=VECTOR('',#3850,1.);
#2434=VECTOR('',#3851,1.);
#2435=VECTOR('',#3852,1.);
#2436=VECTOR('',#3853,1.);
#2437=VECTOR('',#3854,1.);
#2438=VECTOR('',#3855,1.);
#2439=VECTOR('',#3856,1.);
#2440=VECTOR('',#3857,1.);
#2441=VECTOR('',#3858,1.);
#2442=VECTOR('',#3859,1.);
#2443=VECTOR('',#3860,1.);
#2444=VECTOR('',#3861,1.);
#2445=VECTOR('',#3862,1.);
#2446=VECTOR('',#3863,1.);
#2447=VECTOR('',#3864,1.);
#2448=VECTOR('',#3865,1.);
#2449=VECTOR('',#3866,1.);
#2450=VECTOR('',#3869,1.);
#2451=VECTOR('',#3870,1.);
#2452=VECTOR('',#3871,1.);
#2453=VECTOR('',#3872,1.);
#2454=VECTOR('',#3873,1.);
#2455=VECTOR('',#3874,1.);
#2456=VECTOR('',#3875,1.);
#2457=VECTOR('',#3876,1.);
#2458=VECTOR('',#3877,1.);
#2459=VECTOR('',#3878,1.);
#2460=VECTOR('',#3879,1.);
#2461=VECTOR('',#3880,1.);
#2462=VECTOR('',#3881,1.);
#2463=VECTOR('',#3882,1.);
#2464=VECTOR('',#3883,1.);
#2465=VECTOR('',#3884,1.);
#2466=VECTOR('',#3885,1.);
#2467=VECTOR('',#3886,1.);
#2468=VECTOR('',#3887,1.);
#2469=VECTOR('',#3888,1.);
#2470=VECTOR('',#3889,1.);
#2471=VECTOR('',#3890,1.);
#2472=VECTOR('',#3891,1.);
#2473=VECTOR('',#3892,1.);
#2474=VECTOR('',#3893,1.);
#2475=VECTOR('',#3894,1.);
#2476=VECTOR('',#3895,1.);
#2477=VECTOR('',#3896,1.);
#2478=VECTOR('',#3897,1.);
#2479=VECTOR('',#3898,1.);
#2480=VECTOR('',#3899,1.);
#2481=VECTOR('',#3900,1.);
#2482=VECTOR('',#3901,1.);
#2483=VECTOR('',#3902,1.);
#2484=VECTOR('',#3903,1.);
#2485=VECTOR('',#3904,1.);
#2486=VECTOR('',#3905,1.);
#2487=VECTOR('',#3906,1.);
#2488=VECTOR('',#3907,1.);
#2489=VECTOR('',#3908,1.);
#2490=VECTOR('',#3909,1.);
#2491=VECTOR('',#3910,1.);
#2492=VECTOR('',#3911,1.);
#2493=VECTOR('',#3912,1.);
#2494=VECTOR('',#3913,1.);
#2495=VECTOR('',#3914,1.);
#2496=VECTOR('',#3915,1.);
#2497=VECTOR('',#3916,1.);
#2498=VECTOR('',#3919,1.);
#2499=VECTOR('',#3920,1.);
#2500=VECTOR('',#3921,1.);
#2501=VECTOR('',#3922,1.);
#2502=VECTOR('',#3925,1.);
#2503=VECTOR('',#3926,1.);
#2504=VECTOR('',#3927,1.);
#2505=VECTOR('',#3928,1.);
#2506=VECTOR('',#3951,1.);
#2507=VECTOR('',#3952,1.);
#2508=VECTOR('',#3955,1.);
#2509=VECTOR('',#3958,1.);
#2510=VECTOR('',#3963,1.);
#2511=VECTOR('',#3964,1.);
#2512=VECTOR('',#3967,1.);
#2513=VECTOR('',#3970,1.);
#2514=VECTOR('',#3975,1.);
#2515=VECTOR('',#3976,1.);
#2516=VECTOR('',#3979,1.);
#2517=VECTOR('',#3982,1.);
#2518=VECTOR('',#3987,1.);
#2519=VECTOR('',#3988,1.);
#2520=VECTOR('',#3991,1.);
#2521=VECTOR('',#3994,1.);
#2522=VECTOR('',#3999,1.);
#2523=VECTOR('',#4000,1.);
#2524=VECTOR('',#4003,1.);
#2525=VECTOR('',#4008,1.);
#2526=VECTOR('',#4009,1.);
#2527=VECTOR('',#4012,1.);
#2528=VECTOR('',#4025,1.);
#2529=VECTOR('',#4026,1.);
#2530=VECTOR('',#4029,1.);
#2531=VECTOR('',#4032,1.);
#2532=VECTOR('',#4037,1.);
#2533=VECTOR('',#4038,1.);
#2534=VECTOR('',#4041,1.);
#2535=VECTOR('',#4044,1.);
#2536=VECTOR('',#4049,1.);
#2537=VECTOR('',#4050,1.);
#2538=VECTOR('',#4053,1.);
#2539=VECTOR('',#4056,1.);
#2540=VECTOR('',#4061,1.);
#2541=VECTOR('',#4062,1.);
#2542=VECTOR('',#4065,1.);
#2543=VECTOR('',#4068,1.);
#2544=VECTOR('',#4073,1.);
#2545=VECTOR('',#4074,1.);
#2546=VECTOR('',#4077,1.);
#2547=VECTOR('',#4080,1.);
#2548=VECTOR('',#4085,1.);
#2549=VECTOR('',#4086,1.);
#2550=VECTOR('',#4089,1.);
#2551=VECTOR('',#4092,1.);
#2552=VECTOR('',#4097,1.);
#2553=VECTOR('',#4098,1.);
#2554=VECTOR('',#4101,1.);
#2555=VECTOR('',#4104,1.);
#2556=VECTOR('',#4109,1.);
#2557=VECTOR('',#4110,1.);
#2558=VECTOR('',#4113,1.);
#2559=VECTOR('',#4116,1.);
#2560=VECTOR('',#4121,1.);
#2561=VECTOR('',#4122,1.);
#2562=VECTOR('',#4125,1.);
#2563=VECTOR('',#4128,1.);
#2564=VECTOR('',#4133,1.);
#2565=VECTOR('',#4134,1.);
#2566=VECTOR('',#4137,1.);
#2567=VECTOR('',#4140,1.);
#2568=VECTOR('',#4145,1.);
#2569=VECTOR('',#4146,1.);
#2570=VECTOR('',#4149,1.);
#2571=VECTOR('',#4152,1.);
#2572=VECTOR('',#4157,1.);
#2573=VECTOR('',#4158,1.);
#2574=VECTOR('',#4161,1.);
#2575=VECTOR('',#4164,1.);
#2576=VECTOR('',#4169,1.);
#2577=VECTOR('',#4170,1.);
#2578=VECTOR('',#4173,1.);
#2579=VECTOR('',#4176,1.);
#2580=VECTOR('',#4181,1.);
#2581=VECTOR('',#4182,1.);
#2582=VECTOR('',#4185,1.);
#2583=VECTOR('',#4188,1.);
#2584=VECTOR('',#4193,1.);
#2585=VECTOR('',#4194,1.);
#2586=VECTOR('',#4197,1.);
#2587=VECTOR('',#4200,1.);
#2588=VECTOR('',#4205,1.);
#2589=VECTOR('',#4206,1.);
#2590=VECTOR('',#4209,1.);
#2591=VECTOR('',#4212,1.);
#2592=VECTOR('',#4217,1.);
#2593=VECTOR('',#4218,1.);
#2594=VECTOR('',#4221,1.);
#2595=VECTOR('',#4224,1.);
#2596=VECTOR('',#4229,1.);
#2597=VECTOR('',#4230,1.);
#2598=VECTOR('',#4233,1.);
#2599=VECTOR('',#4236,1.);
#2600=VECTOR('',#4241,1.);
#2601=VECTOR('',#4242,1.);
#2602=VECTOR('',#4245,1.);
#2603=VECTOR('',#4248,1.);
#2604=VECTOR('',#4253,1.);
#2605=VECTOR('',#4254,1.);
#2606=VECTOR('',#4257,1.);
#2607=VECTOR('',#4260,1.);
#2608=VECTOR('',#4265,1.);
#2609=VECTOR('',#4266,1.);
#2610=VECTOR('',#4269,1.);
#2611=VECTOR('',#4272,1.);
#2612=VECTOR('',#4277,1.);
#2613=VECTOR('',#4278,1.);
#2614=VECTOR('',#4281,1.);
#2615=VECTOR('',#4284,1.);
#2616=VECTOR('',#4289,1.);
#2617=VECTOR('',#4290,1.);
#2618=VECTOR('',#4293,1.);
#2619=VECTOR('',#4296,1.);
#2620=VECTOR('',#4301,1.);
#2621=VECTOR('',#4302,1.);
#2622=VECTOR('',#4305,1.);
#2623=VECTOR('',#4308,1.);
#2624=VECTOR('',#4313,1.);
#2625=VECTOR('',#4314,1.);
#2626=VECTOR('',#4317,1.);
#2627=VECTOR('',#4320,1.);
#2628=VECTOR('',#4325,1.);
#2629=VECTOR('',#4326,1.);
#2630=VECTOR('',#4329,1.);
#2631=VECTOR('',#4332,1.);
#2632=VECTOR('',#4337,1.);
#2633=VECTOR('',#4338,1.);
#2634=VECTOR('',#4341,1.);
#2635=VECTOR('',#4344,1.);
#2636=VECTOR('',#4349,1.);
#2637=VECTOR('',#4350,1.);
#2638=VECTOR('',#4353,1.);
#2639=VECTOR('',#4356,1.);
#2640=VECTOR('',#4361,1.);
#2641=VECTOR('',#4362,1.);
#2642=VECTOR('',#4365,1.);
#2643=VECTOR('',#4368,1.);
#2644=VECTOR('',#4373,1.);
#2645=VECTOR('',#4374,1.);
#2646=VECTOR('',#4377,1.);
#2647=VECTOR('',#4380,1.);
#2648=EDGE_LOOP('',(#24,#25,#26,#27,#28,#29));
#2649=EDGE_LOOP('',(#30,#31,#32,#33));
#2650=EDGE_LOOP('',(#34,#35,#36,#37));
#2651=EDGE_LOOP('',(#38,#39,#40,#41));
#2652=EDGE_LOOP('',(#42,#43,#44,#45));
#2653=EDGE_LOOP('',(#46,#47,#48,#49));
#2654=EDGE_LOOP('',(#50,#51,#52,#53));
#2655=EDGE_LOOP('',(#54,#55,#56,#57));
#2656=EDGE_LOOP('',(#58,#59,#60,#61));
#2657=EDGE_LOOP('',(#62,#63,#64,#65));
#2658=EDGE_LOOP('',(#66,#67,#68,#69));
#2659=EDGE_LOOP('',(#70,#71,#72,#73));
#2660=EDGE_LOOP('',(#74,#75,#76,#77));
#2661=EDGE_LOOP('',(#78,#79,#80,#81));
#2662=EDGE_LOOP('',(#82,#83,#84,#85));
#2663=EDGE_LOOP('',(#86,#87,#88,#89));
#2664=EDGE_LOOP('',(#90,#91,#92,#93));
#2665=EDGE_LOOP('',(#94,#95,#96,#97));
#2666=EDGE_LOOP('',(#98,#99,#100,#101));
#2667=EDGE_LOOP('',(#102,#103,#104,#105));
#2668=EDGE_LOOP('',(#106,#107,#108,#109));
#2669=EDGE_LOOP('',(#110,#111,#112,#113));
#2670=EDGE_LOOP('',(#114,#115,#116,#117));
#2671=EDGE_LOOP('',(#118,#119,#120,#121));
#2672=EDGE_LOOP('',(#122,#123,#124,#125));
#2673=EDGE_LOOP('',(#126,#127,#128,#129));
#2674=EDGE_LOOP('',(#130,#131,#132,#133));
#2675=EDGE_LOOP('',(#134,#135,#136,#137));
#2676=EDGE_LOOP('',(#138,#139,#140,#141));
#2677=EDGE_LOOP('',(#142,#143,#144,#145));
#2678=EDGE_LOOP('',(#146,#147,#148,#149));
#2679=EDGE_LOOP('',(#150,#151,#152,#153));
#2680=EDGE_LOOP('',(#154,#155,#156,#157));
#2681=EDGE_LOOP('',(#158,#159,#160,#161));
#2682=EDGE_LOOP('',(#162,#163,#164,#165));
#2683=EDGE_LOOP('',(#166,#167,#168,#169));
#2684=EDGE_LOOP('',(#170,#171,#172,#173));
#2685=EDGE_LOOP('',(#174,#175,#176,#177));
#2686=EDGE_LOOP('',(#178,#179,#180,#181));
#2687=EDGE_LOOP('',(#182,#183,#184,#185));
#2688=EDGE_LOOP('',(#186,#187,#188,#189));
#2689=EDGE_LOOP('',(#190,#191,#192,#193));
#2690=EDGE_LOOP('',(#194,#195,#196,#197));
#2691=EDGE_LOOP('',(#198,#199,#200,#201));
#2692=EDGE_LOOP('',(#202,#203,#204,#205,#206,#207));
#2693=EDGE_LOOP('',(#208,#209,#210,#211));
#2694=EDGE_LOOP('',(#212,#213,#214,#215));
#2695=EDGE_LOOP('',(#216,#217,#218,#219));
#2696=EDGE_LOOP('',(#220,#221,#222,#223));
#2697=EDGE_LOOP('',(#224,#225,#226,#227));
#2698=EDGE_LOOP('',(#228,#229,#230,#231));
#2699=EDGE_LOOP('',(#232,#233,#234,#235));
#2700=EDGE_LOOP('',(#236,#237,#238,#239));
#2701=EDGE_LOOP('',(#240,#241,#242,#243));
#2702=EDGE_LOOP('',(#244,#245,#246,#247));
#2703=EDGE_LOOP('',(#248,#249,#250,#251,#252,#253,#254,#255,#256,#257,#258,
#259));
#2704=EDGE_LOOP('',(#260,#261,#262,#263));
#2705=EDGE_LOOP('',(#264,#265,#266,#267));
#2706=EDGE_LOOP('',(#268,#269,#270,#271));
#2707=EDGE_LOOP('',(#272,#273,#274,#275));
#2708=EDGE_LOOP('',(#276,#277,#278,#279));
#2709=EDGE_LOOP('',(#280,#281,#282,#283));
#2710=EDGE_LOOP('',(#284,#285,#286,#287));
#2711=EDGE_LOOP('',(#288,#289,#290,#291));
#2712=EDGE_LOOP('',(#292,#293,#294,#295));
#2713=EDGE_LOOP('',(#296,#297,#298,#299));
#2714=EDGE_LOOP('',(#300,#301,#302,#303));
#2715=EDGE_LOOP('',(#304,#305,#306,#307));
#2716=EDGE_LOOP('',(#308,#309,#310,#311));
#2717=EDGE_LOOP('',(#312,#313,#314,#315));
#2718=EDGE_LOOP('',(#316,#317,#318,#319));
#2719=EDGE_LOOP('',(#320,#321,#322,#323));
#2720=EDGE_LOOP('',(#324,#325,#326,#327));
#2721=EDGE_LOOP('',(#328,#329,#330,#331));
#2722=EDGE_LOOP('',(#332,#333,#334,#335));
#2723=EDGE_LOOP('',(#336,#337,#338,#339,#340,#341,#342,#343));
#2724=EDGE_LOOP('',(#344,#345,#346,#347));
#2725=EDGE_LOOP('',(#348,#349,#350,#351,#352,#353,#354,#355));
#2726=EDGE_LOOP('',(#356,#357,#358,#359));
#2727=EDGE_LOOP('',(#360,#361,#362,#363,#364,#365,#366,#367));
#2728=EDGE_LOOP('',(#368,#369,#370,#371));
#2729=EDGE_LOOP('',(#372,#373,#374,#375));
#2730=EDGE_LOOP('',(#376,#377,#378,#379));
#2731=EDGE_LOOP('',(#380,#381,#382,#383));
#2732=EDGE_LOOP('',(#384,#385,#386,#387));
#2733=EDGE_LOOP('',(#388,#389,#390,#391));
#2734=EDGE_LOOP('',(#392,#393,#394,#395));
#2735=EDGE_LOOP('',(#396,#397,#398,#399));
#2736=EDGE_LOOP('',(#400,#401,#402,#403));
#2737=EDGE_LOOP('',(#404,#405,#406,#407));
#2738=EDGE_LOOP('',(#408,#409,#410,#411));
#2739=EDGE_LOOP('',(#412,#413,#414,#415));
#2740=EDGE_LOOP('',(#416,#417,#418,#419));
#2741=EDGE_LOOP('',(#420,#421,#422,#423,#424));
#2742=EDGE_LOOP('',(#425,#426,#427,#428));
#2743=EDGE_LOOP('',(#429,#430,#431,#432,#433));
#2744=EDGE_LOOP('',(#434,#435,#436,#437));
#2745=EDGE_LOOP('',(#438,#439,#440,#441));
#2746=EDGE_LOOP('',(#442,#443,#444,#445,#446,#447));
#2747=EDGE_LOOP('',(#448,#449,#450,#451));
#2748=EDGE_LOOP('',(#452,#453,#454,#455));
#2749=EDGE_LOOP('',(#456,#457,#458,#459));
#2750=EDGE_LOOP('',(#460,#461,#462,#463));
#2751=EDGE_LOOP('',(#464,#465,#466,#467));
#2752=EDGE_LOOP('',(#468,#469,#470,#471));
#2753=EDGE_LOOP('',(#472,#473,#474,#475));
#2754=EDGE_LOOP('',(#476,#477,#478,#479));
#2755=EDGE_LOOP('',(#480,#481,#482,#483));
#2756=EDGE_LOOP('',(#484,#485,#486,#487));
#2757=EDGE_LOOP('',(#488,#489,#490,#491));
#2758=EDGE_LOOP('',(#492,#493,#494,#495));
#2759=EDGE_LOOP('',(#496,#497,#498,#499));
#2760=EDGE_LOOP('',(#500,#501,#502,#503));
#2761=EDGE_LOOP('',(#504,#505,#506,#507));
#2762=EDGE_LOOP('',(#508,#509,#510,#511));
#2763=EDGE_LOOP('',(#512,#513,#514,#515));
#2764=EDGE_LOOP('',(#516,#517,#518,#519));
#2765=EDGE_LOOP('',(#520,#521,#522,#523));
#2766=EDGE_LOOP('',(#524,#525,#526,#527));
#2767=EDGE_LOOP('',(#528,#529,#530,#531));
#2768=EDGE_LOOP('',(#532,#533,#534,#535));
#2769=EDGE_LOOP('',(#536,#537,#538,#539));
#2770=EDGE_LOOP('',(#540,#541,#542,#543));
#2771=EDGE_LOOP('',(#544,#545,#546,#547));
#2772=EDGE_LOOP('',(#548,#549,#550,#551));
#2773=EDGE_LOOP('',(#552,#553,#554,#555));
#2774=EDGE_LOOP('',(#556,#557,#558,#559));
#2775=EDGE_LOOP('',(#560,#561,#562,#563));
#2776=EDGE_LOOP('',(#564,#565,#566,#567));
#2777=EDGE_LOOP('',(#568,#569,#570,#571));
#2778=EDGE_LOOP('',(#572,#573,#574,#575));
#2779=EDGE_LOOP('',(#576,#577,#578,#579));
#2780=EDGE_LOOP('',(#580,#581,#582,#583));
#2781=EDGE_LOOP('',(#584,#585,#586,#587));
#2782=EDGE_LOOP('',(#588,#589,#590,#591));
#2783=EDGE_LOOP('',(#592,#593,#594,#595));
#2784=EDGE_LOOP('',(#596,#597,#598,#599));
#2785=EDGE_LOOP('',(#600,#601,#602,#603));
#2786=EDGE_LOOP('',(#604,#605,#606,#607));
#2787=EDGE_LOOP('',(#608,#609,#610,#611));
#2788=EDGE_LOOP('',(#612,#613,#614,#615));
#2789=EDGE_LOOP('',(#616,#617,#618,#619));
#2790=EDGE_LOOP('',(#620,#621,#622,#623));
#2791=EDGE_LOOP('',(#624,#625,#626,#627));
#2792=EDGE_LOOP('',(#628,#629,#630,#631));
#2793=EDGE_LOOP('',(#632,#633,#634,#635));
#2794=EDGE_LOOP('',(#636,#637,#638,#639));
#2795=EDGE_LOOP('',(#640,#641,#642,#643));
#2796=EDGE_LOOP('',(#644,#645,#646,#647));
#2797=EDGE_LOOP('',(#648,#649,#650,#651));
#2798=EDGE_LOOP('',(#652,#653,#654,#655));
#2799=EDGE_LOOP('',(#656,#657,#658,#659));
#2800=EDGE_LOOP('',(#660,#661,#662,#663));
#2801=EDGE_LOOP('',(#664,#665,#666,#667));
#2802=EDGE_LOOP('',(#668,#669,#670,#671));
#2803=EDGE_LOOP('',(#672,#673,#674,#675));
#2804=EDGE_LOOP('',(#676,#677,#678,#679));
#2805=EDGE_LOOP('',(#680,#681,#682,#683));
#2806=EDGE_LOOP('',(#684,#685,#686,#687));
#2807=EDGE_LOOP('',(#688,#689,#690,#691));
#2808=EDGE_LOOP('',(#692,#693,#694,#695));
#2809=EDGE_LOOP('',(#696,#697,#698,#699));
#2810=EDGE_LOOP('',(#700,#701,#702,#703));
#2811=EDGE_LOOP('',(#704,#705,#706,#707));
#2812=EDGE_LOOP('',(#708,#709,#710,#711));
#2813=EDGE_LOOP('',(#712,#713,#714,#715));
#2814=EDGE_LOOP('',(#716,#717,#718,#719));
#2815=EDGE_LOOP('',(#720,#721,#722,#723));
#2816=EDGE_LOOP('',(#724,#725,#726,#727));
#2817=EDGE_LOOP('',(#728,#729,#730,#731));
#2818=EDGE_LOOP('',(#732,#733,#734,#735));
#2819=EDGE_LOOP('',(#736,#737,#738,#739));
#2820=EDGE_LOOP('',(#740,#741,#742,#743));
#2821=EDGE_LOOP('',(#744,#745,#746,#747));
#2822=EDGE_LOOP('',(#748,#749,#750,#751));
#2823=EDGE_LOOP('',(#752,#753,#754,#755));
#2824=EDGE_LOOP('',(#756,#757,#758,#759));
#2825=EDGE_LOOP('',(#760,#761,#762,#763));
#2826=EDGE_LOOP('',(#764,#765,#766,#767));
#2827=EDGE_LOOP('',(#768,#769,#770,#771));
#2828=EDGE_LOOP('',(#772,#773,#774,#775));
#2829=EDGE_LOOP('',(#776,#777,#778,#779));
#2830=EDGE_LOOP('',(#780,#781,#782,#783));
#2831=EDGE_LOOP('',(#784,#785,#786,#787));
#2832=EDGE_LOOP('',(#788,#789,#790,#791));
#2833=EDGE_LOOP('',(#792,#793,#794,#795));
#2834=EDGE_LOOP('',(#796,#797,#798,#799));
#2835=EDGE_LOOP('',(#800,#801,#802,#803));
#2836=EDGE_LOOP('',(#804,#805,#806,#807));
#2837=EDGE_LOOP('',(#808,#809,#810,#811));
#2838=EDGE_LOOP('',(#812,#813,#814,#815));
#2839=EDGE_LOOP('',(#816,#817,#818,#819));
#2840=EDGE_LOOP('',(#820,#821,#822,#823));
#2841=EDGE_LOOP('',(#824,#825,#826,#827));
#2842=EDGE_LOOP('',(#828,#829,#830,#831));
#2843=EDGE_LOOP('',(#832,#833,#834,#835));
#2844=EDGE_LOOP('',(#836,#837,#838,#839));
#2845=EDGE_LOOP('',(#840,#841,#842,#843));
#2846=EDGE_LOOP('',(#844,#845,#846,#847));
#2847=EDGE_LOOP('',(#848,#849,#850,#851));
#2848=EDGE_LOOP('',(#852,#853,#854,#855));
#2849=EDGE_LOOP('',(#856,#857,#858,#859));
#2850=EDGE_LOOP('',(#860,#861,#862,#863));
#2851=EDGE_LOOP('',(#864,#865,#866,#867));
#2852=EDGE_LOOP('',(#868,#869,#870,#871));
#2853=EDGE_LOOP('',(#872,#873,#874,#875));
#2854=EDGE_LOOP('',(#876,#877,#878,#879));
#2855=EDGE_LOOP('',(#880,#881,#882,#883));
#2856=EDGE_LOOP('',(#884,#885,#886,#887));
#2857=EDGE_LOOP('',(#888,#889,#890,#891));
#2858=EDGE_LOOP('',(#892,#893,#894,#895));
#2859=EDGE_LOOP('',(#896,#897,#898,#899));
#2860=EDGE_LOOP('',(#900,#901,#902,#903));
#2861=EDGE_LOOP('',(#904,#905,#906,#907));
#2862=EDGE_LOOP('',(#908,#909,#910,#911));
#2863=EDGE_LOOP('',(#912,#913,#914,#915));
#2864=EDGE_LOOP('',(#916,#917,#918,#919));
#2865=EDGE_LOOP('',(#920,#921,#922,#923));
#2866=EDGE_LOOP('',(#924,#925,#926,#927));
#2867=EDGE_LOOP('',(#928,#929,#930,#931));
#2868=EDGE_LOOP('',(#932,#933,#934,#935));
#2869=EDGE_LOOP('',(#936,#937,#938,#939));
#2870=EDGE_LOOP('',(#940,#941,#942,#943));
#2871=EDGE_LOOP('',(#944,#945,#946,#947));
#2872=EDGE_LOOP('',(#948,#949,#950,#951));
#2873=EDGE_LOOP('',(#952,#953,#954,#955));
#2874=FACE_BOUND('',#2648,.T.);
#2875=FACE_BOUND('',#2649,.T.);
#2876=FACE_BOUND('',#2650,.T.);
#2877=FACE_BOUND('',#2651,.T.);
#2878=FACE_BOUND('',#2652,.T.);
#2879=FACE_BOUND('',#2653,.T.);
#2880=FACE_BOUND('',#2654,.T.);
#2881=FACE_BOUND('',#2655,.T.);
#2882=FACE_BOUND('',#2656,.T.);
#2883=FACE_BOUND('',#2657,.T.);
#2884=FACE_BOUND('',#2658,.T.);
#2885=FACE_BOUND('',#2659,.T.);
#2886=FACE_BOUND('',#2660,.T.);
#2887=FACE_BOUND('',#2661,.T.);
#2888=FACE_BOUND('',#2662,.T.);
#2889=FACE_BOUND('',#2663,.T.);
#2890=FACE_BOUND('',#2664,.T.);
#2891=FACE_BOUND('',#2665,.T.);
#2892=FACE_BOUND('',#2666,.T.);
#2893=FACE_BOUND('',#2667,.T.);
#2894=FACE_BOUND('',#2668,.T.);
#2895=FACE_BOUND('',#2669,.T.);
#2896=FACE_BOUND('',#2670,.T.);
#2897=FACE_BOUND('',#2671,.T.);
#2898=FACE_BOUND('',#2672,.T.);
#2899=FACE_BOUND('',#2673,.T.);
#2900=FACE_BOUND('',#2674,.T.);
#2901=FACE_BOUND('',#2675,.T.);
#2902=FACE_BOUND('',#2676,.T.);
#2903=FACE_BOUND('',#2677,.T.);
#2904=FACE_BOUND('',#2678,.T.);
#2905=FACE_BOUND('',#2679,.T.);
#2906=FACE_BOUND('',#2680,.T.);
#2907=FACE_BOUND('',#2681,.T.);
#2908=FACE_BOUND('',#2682,.T.);
#2909=FACE_BOUND('',#2683,.T.);
#2910=FACE_BOUND('',#2684,.T.);
#2911=FACE_BOUND('',#2685,.T.);
#2912=FACE_BOUND('',#2686,.T.);
#2913=FACE_BOUND('',#2687,.T.);
#2914=FACE_BOUND('',#2688,.T.);
#2915=FACE_BOUND('',#2689,.T.);
#2916=FACE_BOUND('',#2690,.T.);
#2917=FACE_BOUND('',#2691,.T.);
#2918=FACE_BOUND('',#2692,.T.);
#2919=FACE_BOUND('',#2693,.T.);
#2920=FACE_BOUND('',#2694,.T.);
#2921=FACE_BOUND('',#2695,.T.);
#2922=FACE_BOUND('',#2696,.T.);
#2923=FACE_BOUND('',#2697,.T.);
#2924=FACE_BOUND('',#2698,.T.);
#2925=FACE_BOUND('',#2699,.T.);
#2926=FACE_BOUND('',#2700,.T.);
#2927=FACE_BOUND('',#2701,.T.);
#2928=FACE_BOUND('',#2702,.T.);
#2929=FACE_BOUND('',#2703,.T.);
#2930=FACE_BOUND('',#2704,.T.);
#2931=FACE_BOUND('',#2705,.T.);
#2932=FACE_BOUND('',#2706,.T.);
#2933=FACE_BOUND('',#2707,.T.);
#2934=FACE_BOUND('',#2708,.T.);
#2935=FACE_BOUND('',#2709,.T.);
#2936=FACE_BOUND('',#2710,.T.);
#2937=FACE_BOUND('',#2711,.T.);
#2938=FACE_BOUND('',#2712,.T.);
#2939=FACE_BOUND('',#2713,.T.);
#2940=FACE_BOUND('',#2714,.T.);
#2941=FACE_BOUND('',#2715,.T.);
#2942=FACE_BOUND('',#2716,.T.);
#2943=FACE_BOUND('',#2717,.T.);
#2944=FACE_BOUND('',#2718,.T.);
#2945=FACE_BOUND('',#2719,.T.);
#2946=FACE_BOUND('',#2720,.T.);
#2947=FACE_BOUND('',#2721,.T.);
#2948=FACE_BOUND('',#2722,.T.);
#2949=FACE_BOUND('',#2723,.T.);
#2950=FACE_BOUND('',#2724,.T.);
#2951=FACE_BOUND('',#2725,.T.);
#2952=FACE_BOUND('',#2726,.T.);
#2953=FACE_BOUND('',#2727,.T.);
#2954=FACE_BOUND('',#2728,.T.);
#2955=FACE_BOUND('',#2729,.T.);
#2956=FACE_BOUND('',#2730,.T.);
#2957=FACE_BOUND('',#2731,.T.);
#2958=FACE_BOUND('',#2732,.T.);
#2959=FACE_BOUND('',#2733,.T.);
#2960=FACE_BOUND('',#2734,.T.);
#2961=FACE_BOUND('',#2735,.T.);
#2962=FACE_BOUND('',#2736,.T.);
#2963=FACE_BOUND('',#2737,.T.);
#2964=FACE_BOUND('',#2738,.T.);
#2965=FACE_BOUND('',#2739,.T.);
#2966=FACE_BOUND('',#2740,.T.);
#2967=FACE_BOUND('',#2741,.T.);
#2968=FACE_BOUND('',#2742,.T.);
#2969=FACE_BOUND('',#2743,.T.);
#2970=FACE_BOUND('',#2744,.T.);
#2971=FACE_BOUND('',#2745,.T.);
#2972=FACE_BOUND('',#2746,.T.);
#2973=FACE_BOUND('',#2747,.T.);
#2974=FACE_BOUND('',#2748,.T.);
#2975=FACE_BOUND('',#2749,.T.);
#2976=FACE_BOUND('',#2750,.T.);
#2977=FACE_BOUND('',#2751,.T.);
#2978=FACE_BOUND('',#2752,.T.);
#2979=FACE_BOUND('',#2753,.T.);
#2980=FACE_BOUND('',#2754,.T.);
#2981=FACE_BOUND('',#2755,.T.);
#2982=FACE_BOUND('',#2756,.T.);
#2983=FACE_BOUND('',#2757,.T.);
#2984=FACE_BOUND('',#2758,.T.);
#2985=FACE_BOUND('',#2759,.T.);
#2986=FACE_BOUND('',#2760,.T.);
#2987=FACE_BOUND('',#2761,.T.);
#2988=FACE_BOUND('',#2762,.T.);
#2989=FACE_BOUND('',#2763,.T.);
#2990=FACE_BOUND('',#2764,.T.);
#2991=FACE_BOUND('',#2765,.T.);
#2992=FACE_BOUND('',#2766,.T.);
#2993=FACE_BOUND('',#2767,.T.);
#2994=FACE_BOUND('',#2768,.T.);
#2995=FACE_BOUND('',#2769,.T.);
#2996=FACE_BOUND('',#2770,.T.);
#2997=FACE_BOUND('',#2771,.T.);
#2998=FACE_BOUND('',#2772,.T.);
#2999=FACE_BOUND('',#2773,.T.);
#3000=FACE_BOUND('',#2774,.T.);
#3001=FACE_BOUND('',#2775,.T.);
#3002=FACE_BOUND('',#2776,.T.);
#3003=FACE_BOUND('',#2777,.T.);
#3004=FACE_BOUND('',#2778,.T.);
#3005=FACE_BOUND('',#2779,.T.);
#3006=FACE_BOUND('',#2780,.T.);
#3007=FACE_BOUND('',#2781,.T.);
#3008=FACE_BOUND('',#2782,.T.);
#3009=FACE_BOUND('',#2783,.T.);
#3010=FACE_BOUND('',#2784,.T.);
#3011=FACE_BOUND('',#2785,.T.);
#3012=FACE_BOUND('',#2786,.T.);
#3013=FACE_BOUND('',#2787,.T.);
#3014=FACE_BOUND('',#2788,.T.);
#3015=FACE_BOUND('',#2789,.T.);
#3016=FACE_BOUND('',#2790,.T.);
#3017=FACE_BOUND('',#2791,.T.);
#3018=FACE_BOUND('',#2792,.T.);
#3019=FACE_BOUND('',#2793,.T.);
#3020=FACE_BOUND('',#2794,.T.);
#3021=FACE_BOUND('',#2795,.T.);
#3022=FACE_BOUND('',#2796,.T.);
#3023=FACE_BOUND('',#2797,.T.);
#3024=FACE_BOUND('',#2798,.T.);
#3025=FACE_BOUND('',#2799,.T.);
#3026=FACE_BOUND('',#2800,.T.);
#3027=FACE_BOUND('',#2801,.T.);
#3028=FACE_BOUND('',#2802,.T.);
#3029=FACE_BOUND('',#2803,.T.);
#3030=FACE_BOUND('',#2804,.T.);
#3031=FACE_BOUND('',#2805,.T.);
#3032=FACE_BOUND('',#2806,.T.);
#3033=FACE_BOUND('',#2807,.T.);
#3034=FACE_BOUND('',#2808,.T.);
#3035=FACE_BOUND('',#2809,.T.);
#3036=FACE_BOUND('',#2810,.T.);
#3037=FACE_BOUND('',#2811,.T.);
#3038=FACE_BOUND('',#2812,.T.);
#3039=FACE_BOUND('',#2813,.T.);
#3040=FACE_BOUND('',#2814,.T.);
#3041=FACE_BOUND('',#2815,.T.);
#3042=FACE_BOUND('',#2816,.T.);
#3043=FACE_BOUND('',#2817,.T.);
#3044=FACE_BOUND('',#2818,.T.);
#3045=FACE_BOUND('',#2819,.T.);
#3046=FACE_BOUND('',#2820,.T.);
#3047=FACE_BOUND('',#2821,.T.);
#3048=FACE_BOUND('',#2822,.T.);
#3049=FACE_BOUND('',#2823,.T.);
#3050=FACE_BOUND('',#2824,.T.);
#3051=FACE_BOUND('',#2825,.T.);
#3052=FACE_BOUND('',#2826,.T.);
#3053=FACE_BOUND('',#2827,.T.);
#3054=FACE_BOUND('',#2828,.T.);
#3055=FACE_BOUND('',#2829,.T.);
#3056=FACE_BOUND('',#2830,.T.);
#3057=FACE_BOUND('',#2831,.T.);
#3058=FACE_BOUND('',#2832,.T.);
#3059=FACE_BOUND('',#2833,.T.);
#3060=FACE_BOUND('',#2834,.T.);
#3061=FACE_BOUND('',#2835,.T.);
#3062=FACE_BOUND('',#2836,.T.);
#3063=FACE_BOUND('',#2837,.T.);
#3064=FACE_BOUND('',#2838,.T.);
#3065=FACE_BOUND('',#2839,.T.);
#3066=FACE_BOUND('',#2840,.T.);
#3067=FACE_BOUND('',#2841,.T.);
#3068=FACE_BOUND('',#2842,.T.);
#3069=FACE_BOUND('',#2843,.T.);
#3070=FACE_BOUND('',#2844,.T.);
#3071=FACE_BOUND('',#2845,.T.);
#3072=FACE_BOUND('',#2846,.T.);
#3073=FACE_BOUND('',#2847,.T.);
#3074=FACE_BOUND('',#2848,.T.);
#3075=FACE_BOUND('',#2849,.T.);
#3076=FACE_BOUND('',#2850,.T.);
#3077=FACE_BOUND('',#2851,.T.);
#3078=FACE_BOUND('',#2852,.T.);
#3079=FACE_BOUND('',#2853,.T.);
#3080=FACE_BOUND('',#2854,.T.);
#3081=FACE_BOUND('',#2855,.T.);
#3082=FACE_BOUND('',#2856,.T.);
#3083=FACE_BOUND('',#2857,.T.);
#3084=FACE_BOUND('',#2858,.T.);
#3085=FACE_BOUND('',#2859,.T.);
#3086=FACE_BOUND('',#2860,.T.);
#3087=FACE_BOUND('',#2861,.T.);
#3088=FACE_BOUND('',#2862,.T.);
#3089=FACE_BOUND('',#2863,.T.);
#3090=FACE_BOUND('',#2864,.T.);
#3091=FACE_BOUND('',#2865,.T.);
#3092=FACE_BOUND('',#2866,.T.);
#3093=FACE_BOUND('',#2867,.T.);
#3094=FACE_BOUND('',#2868,.T.);
#3095=FACE_BOUND('',#2869,.T.);
#3096=FACE_BOUND('',#2870,.T.);
#3097=FACE_BOUND('',#2871,.T.);
#3098=FACE_BOUND('',#2872,.T.);
#3099=FACE_BOUND('',#2873,.T.);
#3100=PLANE('',#3425);
#3101=PLANE('',#3426);
#3102=PLANE('',#3427);
#3103=PLANE('',#3428);
#3104=PLANE('',#3429);
#3105=PLANE('',#3430);
#3106=PLANE('',#3431);
#3107=PLANE('',#3432);
#3108=PLANE('',#3433);
#3109=PLANE('',#3434);
#3110=PLANE('',#3435);
#3111=PLANE('',#3440);
#3112=PLANE('',#3445);
#3113=PLANE('',#3446);
#3114=PLANE('',#3447);
#3115=PLANE('',#3448);
#3116=PLANE('',#3449);
#3117=PLANE('',#3450);
#3118=PLANE('',#3451);
#3119=PLANE('',#3452);
#3120=PLANE('',#3453);
#3121=PLANE('',#3454);
#3122=PLANE('',#3455);
#3123=PLANE('',#3456);
#3124=PLANE('',#3457);
#3125=PLANE('',#3458);
#3126=PLANE('',#3459);
#3127=PLANE('',#3460);
#3128=PLANE('',#3461);
#3129=PLANE('',#3462);
#3130=PLANE('',#3463);
#3131=PLANE('',#3464);
#3132=PLANE('',#3465);
#3133=PLANE('',#3466);
#3134=PLANE('',#3471);
#3135=PLANE('',#3472);
#3136=PLANE('',#3473);
#3137=PLANE('',#3474);
#3138=PLANE('',#3475);
#3139=PLANE('',#3476);
#3140=PLANE('',#3477);
#3141=PLANE('',#3478);
#3142=PLANE('',#3479);
#3143=PLANE('',#3480);
#3144=PLANE('',#3481);
#3145=PLANE('',#3482);
#3146=PLANE('',#3483);
#3147=PLANE('',#3484);
#3148=PLANE('',#3485);
#3149=PLANE('',#3486);
#3150=PLANE('',#3487);
#3151=PLANE('',#3488);
#3152=PLANE('',#3489);
#3153=PLANE('',#3490);
#3154=PLANE('',#3491);
#3155=PLANE('',#3492);
#3156=PLANE('',#3493);
#3157=PLANE('',#3494);
#3158=PLANE('',#3495);
#3159=PLANE('',#3496);
#3160=PLANE('',#3497);
#3161=PLANE('',#3498);
#3162=PLANE('',#3499);
#3163=PLANE('',#3500);
#3164=PLANE('',#3501);
#3165=PLANE('',#3502);
#3166=PLANE('',#3503);
#3167=PLANE('',#3504);
#3168=PLANE('',#3505);
#3169=PLANE('',#3506);
#3170=PLANE('',#3507);
#3171=PLANE('',#3508);
#3172=PLANE('',#3509);
#3173=PLANE('',#3510);
#3174=PLANE('',#3511);
#3175=PLANE('',#3512);
#3176=PLANE('',#3513);
#3177=PLANE('',#3514);
#3178=PLANE('',#3515);
#3179=PLANE('',#3516);
#3180=PLANE('',#3517);
#3181=PLANE('',#3518);
#3182=PLANE('',#3519);
#3183=PLANE('',#3520);
#3184=PLANE('',#3521);
#3185=PLANE('',#3522);
#3186=PLANE('',#3523);
#3187=PLANE('',#3524);
#3188=PLANE('',#3525);
#3189=PLANE('',#3526);
#3190=PLANE('',#3527);
#3191=PLANE('',#3528);
#3192=PLANE('',#3529);
#3193=PLANE('',#3530);
#3194=PLANE('',#3531);
#3195=PLANE('',#3532);
#3196=PLANE('',#3533);
#3197=PLANE('',#3534);
#3198=PLANE('',#3535);
#3199=PLANE('',#3536);
#3200=PLANE('',#3537);
#3201=PLANE('',#3538);
#3202=PLANE('',#3539);
#3203=PLANE('',#3540);
#3204=PLANE('',#3541);
#3205=PLANE('',#3542);
#3206=PLANE('',#3543);
#3207=PLANE('',#3544);
#3208=PLANE('',#3545);
#3209=PLANE('',#3546);
#3210=PLANE('',#3547);
#3211=PLANE('',#3548);
#3212=PLANE('',#3549);
#3213=PLANE('',#3550);
#3214=PLANE('',#3551);
#3215=PLANE('',#3552);
#3216=PLANE('',#3553);
#3217=PLANE('',#3554);
#3218=PLANE('',#3555);
#3219=PLANE('',#3556);
#3220=PLANE('',#3557);
#3221=PLANE('',#3558);
#3222=PLANE('',#3559);
#3223=PLANE('',#3560);
#3224=PLANE('',#3561);
#3225=PLANE('',#3562);
#3226=PLANE('',#3563);
#3227=PLANE('',#3564);
#3228=PLANE('',#3565);
#3229=PLANE('',#3566);
#3230=PLANE('',#3567);
#3231=PLANE('',#3568);
#3232=PLANE('',#3569);
#3233=PLANE('',#3570);
#3234=PLANE('',#3571);
#3235=PLANE('',#3572);
#3236=PLANE('',#3573);
#3237=PLANE('',#3574);
#3238=PLANE('',#3575);
#3239=PLANE('',#3576);
#3240=PLANE('',#3577);
#3241=PLANE('',#3578);
#3242=PLANE('',#3579);
#3243=PLANE('',#3580);
#3244=PLANE('',#3581);
#3245=PLANE('',#3582);
#3246=PLANE('',#3583);
#3247=PLANE('',#3584);
#3248=PLANE('',#3585);
#3249=PLANE('',#3586);
#3250=PLANE('',#3587);
#3251=PLANE('',#3588);
#3252=PLANE('',#3589);
#3253=PLANE('',#3590);
#3254=ADVANCED_FACE('',(#2874,#2875,#2876,#2877,#2878,#2879),#3100,.T.);
#3255=ADVANCED_FACE('',(#2880,#2881,#2882,#2883,#2884,#2885),#3101,.F.);
#3256=ADVANCED_FACE('',(#2886,#2887,#2888,#2889,#2890,#2891,#2892,#2893,
#2894,#2895,#2896,#2897,#2898,#2899,#2900),#3102,.T.);
#3257=ADVANCED_FACE('',(#2901,#2902,#2903,#2904,#2905,#2906,#2907,#2908,
#2909,#2910,#2911,#2912,#2913,#2914,#2915),#3103,.F.);
#3258=ADVANCED_FACE('',(#2916,#2917,#2918,#2919,#2920),#3104,.F.);
#3259=ADVANCED_FACE('',(#2921,#2922,#2923,#2924,#2925),#3105,.T.);
#3260=ADVANCED_FACE('',(#2926,#2927,#2928,#2929,#2930,#2931,#2932,#2933,
#2934,#2935,#2936),#3106,.F.);
#3261=ADVANCED_FACE('',(#2937,#2938,#2939,#2940,#2941,#2942,#2943,#2944,
#2945,#2946,#2947,#2948),#3107,.T.);
#3262=ADVANCED_FACE('',(#2949),#3108,.T.);
#3263=ADVANCED_FACE('',(#2950),#3109,.T.);
#3264=ADVANCED_FACE('',(#2951),#3110,.F.);
#3265=ADVANCED_FACE('',(#2952,#2953),#3111,.T.);
#3266=ADVANCED_FACE('',(#2954),#3112,.T.);
#3267=ADVANCED_FACE('',(#2955),#3113,.F.);
#3268=ADVANCED_FACE('',(#2956),#3114,.F.);
#3269=ADVANCED_FACE('',(#2957),#3115,.T.);
#3270=ADVANCED_FACE('',(#2958),#3116,.T.);
#3271=ADVANCED_FACE('',(#2959),#3117,.F.);
#3272=ADVANCED_FACE('',(#2960),#3118,.F.);
#3273=ADVANCED_FACE('',(#2961),#3119,.T.);
#3274=ADVANCED_FACE('',(#2962),#3120,.T.);
#3275=ADVANCED_FACE('',(#2963),#3121,.F.);
#3276=ADVANCED_FACE('',(#2964),#3122,.F.);
#3277=ADVANCED_FACE('',(#2965),#3123,.T.);
#3278=ADVANCED_FACE('',(#2966),#3124,.T.);
#3279=ADVANCED_FACE('',(#2967),#3125,.F.);
#3280=ADVANCED_FACE('',(#2968),#3126,.F.);
#3281=ADVANCED_FACE('',(#2969),#3127,.T.);
#3282=ADVANCED_FACE('',(#2970),#3128,.T.);
#3283=ADVANCED_FACE('',(#2971),#3129,.F.);
#3284=ADVANCED_FACE('',(#2972),#3130,.T.);
#3285=ADVANCED_FACE('',(#2973),#3131,.F.);
#3286=ADVANCED_FACE('',(#2974),#3132,.T.);
#3287=ADVANCED_FACE('',(#2975),#3133,.T.);
#3288=ADVANCED_FACE('',(#2976),#12,.T.);
#3289=ADVANCED_FACE('',(#2977),#13,.T.);
#3290=ADVANCED_FACE('',(#2978),#14,.T.);
#3291=ADVANCED_FACE('',(#2979),#15,.T.);
#3292=ADVANCED_FACE('',(#2980),#3134,.T.);
#3293=ADVANCED_FACE('',(#2981),#3135,.F.);
#3294=ADVANCED_FACE('',(#2982),#3136,.F.);
#3295=ADVANCED_FACE('',(#2983),#3137,.T.);
#3296=ADVANCED_FACE('',(#2984),#3138,.T.);
#3297=ADVANCED_FACE('',(#2985),#3139,.F.);
#3298=ADVANCED_FACE('',(#2986),#3140,.F.);
#3299=ADVANCED_FACE('',(#2987),#3141,.T.);
#3300=ADVANCED_FACE('',(#2988),#3142,.T.);
#3301=ADVANCED_FACE('',(#2989),#3143,.F.);
#3302=ADVANCED_FACE('',(#2990),#3144,.F.);
#3303=ADVANCED_FACE('',(#2991),#3145,.T.);
#3304=ADVANCED_FACE('',(#2992),#3146,.T.);
#3305=ADVANCED_FACE('',(#2993),#3147,.F.);
#3306=ADVANCED_FACE('',(#2994),#3148,.F.);
#3307=ADVANCED_FACE('',(#2995),#3149,.T.);
#3308=ADVANCED_FACE('',(#2996),#3150,.T.);
#3309=ADVANCED_FACE('',(#2997),#3151,.F.);
#3310=ADVANCED_FACE('',(#2998),#3152,.F.);
#3311=ADVANCED_FACE('',(#2999),#3153,.T.);
#3312=ADVANCED_FACE('',(#3000),#3154,.T.);
#3313=ADVANCED_FACE('',(#3001),#3155,.F.);
#3314=ADVANCED_FACE('',(#3002),#3156,.F.);
#3315=ADVANCED_FACE('',(#3003),#3157,.T.);
#3316=ADVANCED_FACE('',(#3004),#3158,.T.);
#3317=ADVANCED_FACE('',(#3005),#3159,.F.);
#3318=ADVANCED_FACE('',(#3006),#3160,.F.);
#3319=ADVANCED_FACE('',(#3007),#3161,.T.);
#3320=ADVANCED_FACE('',(#3008),#3162,.T.);
#3321=ADVANCED_FACE('',(#3009),#3163,.F.);
#3322=ADVANCED_FACE('',(#3010),#3164,.F.);
#3323=ADVANCED_FACE('',(#3011),#3165,.T.);
#3324=ADVANCED_FACE('',(#3012),#3166,.T.);
#3325=ADVANCED_FACE('',(#3013),#3167,.F.);
#3326=ADVANCED_FACE('',(#3014),#3168,.F.);
#3327=ADVANCED_FACE('',(#3015),#3169,.T.);
#3328=ADVANCED_FACE('',(#3016),#3170,.T.);
#3329=ADVANCED_FACE('',(#3017),#3171,.F.);
#3330=ADVANCED_FACE('',(#3018),#3172,.F.);
#3331=ADVANCED_FACE('',(#3019),#3173,.T.);
#3332=ADVANCED_FACE('',(#3020),#3174,.T.);
#3333=ADVANCED_FACE('',(#3021),#3175,.F.);
#3334=ADVANCED_FACE('',(#3022),#3176,.F.);
#3335=ADVANCED_FACE('',(#3023),#3177,.T.);
#3336=ADVANCED_FACE('',(#3024),#3178,.T.);
#3337=ADVANCED_FACE('',(#3025),#3179,.F.);
#3338=ADVANCED_FACE('',(#3026),#3180,.F.);
#3339=ADVANCED_FACE('',(#3027),#3181,.T.);
#3340=ADVANCED_FACE('',(#3028),#3182,.T.);
#3341=ADVANCED_FACE('',(#3029),#3183,.F.);
#3342=ADVANCED_FACE('',(#3030),#3184,.F.);
#3343=ADVANCED_FACE('',(#3031),#3185,.T.);
#3344=ADVANCED_FACE('',(#3032),#3186,.T.);
#3345=ADVANCED_FACE('',(#3033),#3187,.F.);
#3346=ADVANCED_FACE('',(#3034),#3188,.F.);
#3347=ADVANCED_FACE('',(#3035),#3189,.T.);
#3348=ADVANCED_FACE('',(#3036),#3190,.T.);
#3349=ADVANCED_FACE('',(#3037),#3191,.F.);
#3350=ADVANCED_FACE('',(#3038),#3192,.F.);
#3351=ADVANCED_FACE('',(#3039),#3193,.T.);
#3352=ADVANCED_FACE('',(#3040),#3194,.T.);
#3353=ADVANCED_FACE('',(#3041),#3195,.F.);
#3354=ADVANCED_FACE('',(#3042),#3196,.F.);
#3355=ADVANCED_FACE('',(#3043),#3197,.T.);
#3356=ADVANCED_FACE('',(#3044),#3198,.T.);
#3357=ADVANCED_FACE('',(#3045),#3199,.F.);
#3358=ADVANCED_FACE('',(#3046),#3200,.F.);
#3359=ADVANCED_FACE('',(#3047),#3201,.T.);
#3360=ADVANCED_FACE('',(#3048),#3202,.T.);
#3361=ADVANCED_FACE('',(#3049),#3203,.F.);
#3362=ADVANCED_FACE('',(#3050),#3204,.F.);
#3363=ADVANCED_FACE('',(#3051),#3205,.T.);
#3364=ADVANCED_FACE('',(#3052),#3206,.T.);
#3365=ADVANCED_FACE('',(#3053),#3207,.F.);
#3366=ADVANCED_FACE('',(#3054),#3208,.F.);
#3367=ADVANCED_FACE('',(#3055),#3209,.T.);
#3368=ADVANCED_FACE('',(#3056),#3210,.T.);
#3369=ADVANCED_FACE('',(#3057),#3211,.F.);
#3370=ADVANCED_FACE('',(#3058),#3212,.F.);
#3371=ADVANCED_FACE('',(#3059),#3213,.T.);
#3372=ADVANCED_FACE('',(#3060),#3214,.T.);
#3373=ADVANCED_FACE('',(#3061),#3215,.F.);
#3374=ADVANCED_FACE('',(#3062),#3216,.F.);
#3375=ADVANCED_FACE('',(#3063),#3217,.T.);
#3376=ADVANCED_FACE('',(#3064),#3218,.T.);
#3377=ADVANCED_FACE('',(#3065),#3219,.F.);
#3378=ADVANCED_FACE('',(#3066),#3220,.F.);
#3379=ADVANCED_FACE('',(#3067),#3221,.T.);
#3380=ADVANCED_FACE('',(#3068),#3222,.T.);
#3381=ADVANCED_FACE('',(#3069),#3223,.F.);
#3382=ADVANCED_FACE('',(#3070),#3224,.F.);
#3383=ADVANCED_FACE('',(#3071),#3225,.T.);
#3384=ADVANCED_FACE('',(#3072),#3226,.T.);
#3385=ADVANCED_FACE('',(#3073),#3227,.F.);
#3386=ADVANCED_FACE('',(#3074),#3228,.F.);
#3387=ADVANCED_FACE('',(#3075),#3229,.T.);
#3388=ADVANCED_FACE('',(#3076),#3230,.T.);
#3389=ADVANCED_FACE('',(#3077),#3231,.F.);
#3390=ADVANCED_FACE('',(#3078),#3232,.F.);
#3391=ADVANCED_FACE('',(#3079),#3233,.T.);
#3392=ADVANCED_FACE('',(#3080),#3234,.T.);
#3393=ADVANCED_FACE('',(#3081),#3235,.F.);
#3394=ADVANCED_FACE('',(#3082),#3236,.F.);
#3395=ADVANCED_FACE('',(#3083),#3237,.T.);
#3396=ADVANCED_FACE('',(#3084),#3238,.T.);
#3397=ADVANCED_FACE('',(#3085),#3239,.F.);
#3398=ADVANCED_FACE('',(#3086),#3240,.F.);
#3399=ADVANCED_FACE('',(#3087),#3241,.T.);
#3400=ADVANCED_FACE('',(#3088),#3242,.T.);
#3401=ADVANCED_FACE('',(#3089),#3243,.F.);
#3402=ADVANCED_FACE('',(#3090),#3244,.F.);
#3403=ADVANCED_FACE('',(#3091),#3245,.T.);
#3404=ADVANCED_FACE('',(#3092),#3246,.T.);
#3405=ADVANCED_FACE('',(#3093),#3247,.F.);
#3406=ADVANCED_FACE('',(#3094),#3248,.F.);
#3407=ADVANCED_FACE('',(#3095),#3249,.T.);
#3408=ADVANCED_FACE('',(#3096),#3250,.T.);
#3409=ADVANCED_FACE('',(#3097),#3251,.F.);
#3410=ADVANCED_FACE('',(#3098),#3252,.F.);
#3411=ADVANCED_FACE('',(#3099),#3253,.T.);
#3412=CLOSED_SHELL('',(#3254,#3255,#3256,#3257,#3258,#3259,#3260,#3261,
#3262,#3263,#3264,#3265,#3266,#3267,#3268,#3269,#3270,#3271,#3272,#3273,
#3274,#3275,#3276,#3277,#3278,#3279,#3280,#3281,#3282,#3283,#3284,#3285,
#3286,#3287,#3288,#3289,#3290,#3291,#3292,#3293,#3294,#3295,#3296,#3297,
#3298,#3299,#3300,#3301,#3302,#3303,#3304,#3305,#3306,#3307,#3308,#3309,
#3310,#3311,#3312,#3313,#3314,#3315,#3316,#3317,#3318,#3319,#3320,#3321,
#3322,#3323,#3324,#3325,#3326,#3327,#3328,#3329,#3330,#3331,#3332,#3333,
#3334,#3335,#3336,#3337,#3338,#3339,#3340,#3341,#3342,#3343,#3344,#3345,
#3346,#3347,#3348,#3349,#3350,#3351,#3352,#3353,#3354,#3355,#3356,#3357,
#3358,#3359,#3360,#3361,#3362,#3363,#3364,#3365,#3366,#3367,#3368,#3369,
#3370,#3371,#3372,#3373,#3374,#3375,#3376,#3377,#3378,#3379,#3380,#3381,
#3382,#3383,#3384,#3385,#3386,#3387,#3388,#3389,#3390,#3391,#3392,#3393,
#3394,#3395,#3396,#3397,#3398,#3399,#3400,#3401,#3402,#3403,#3404,#3405,
#3406,#3407,#3408,#3409,#3410,#3411));
#3413=STYLED_ITEM('',(#3414),#3421);
#3414=PRESENTATION_STYLE_ASSIGNMENT((#3415));
#3415=SURFACE_STYLE_USAGE(.BOTH.,#3416);
#3416=SURFACE_SIDE_STYLE('',(#3417));
#3417=SURFACE_STYLE_FILL_AREA(#3418);
#3418=FILL_AREA_STYLE('',(#3419));
#3419=FILL_AREA_STYLE_COLOUR('',#3420);
#3420=COLOUR_RGB('',0.615686274509804,0.811764705882353,0.929411764705882);
#3421=MANIFOLD_SOLID_BREP('Part 1',#3412);
#3422=SHAPE_DEFINITION_REPRESENTATION(#5324,#3423);
#3423=SHAPE_REPRESENTATION('Part 1',(#3424),#5319);
#3424=AXIS2_PLACEMENT_3D('',#4383,#3591,#3592);
#3425=AXIS2_PLACEMENT_3D('',#4384,#3593,#3594);
#3426=AXIS2_PLACEMENT_3D('',#4437,#3621,#3622);
#3427=AXIS2_PLACEMENT_3D('',#4486,#3647,#3648);
#3428=AXIS2_PLACEMENT_3D('',#4604,#3708,#3709);
#3429=AXIS2_PLACEMENT_3D('',#4725,#3770,#3771);
#3430=AXIS2_PLACEMENT_3D('',#4767,#3793,#3794);
#3431=AXIS2_PLACEMENT_3D('',#4808,#3815,#3816);
#3432=AXIS2_PLACEMENT_3D('',#4907,#3867,#3868);
#3433=AXIS2_PLACEMENT_3D('',#5004,#3917,#3918);
#3434=AXIS2_PLACEMENT_3D('',#5011,#3923,#3924);
#3435=AXIS2_PLACEMENT_3D('',#5018,#3929,#3930);
#3436=AXIS2_PLACEMENT_3D('',#5019,#3931,#3932);
#3437=AXIS2_PLACEMENT_3D('',#5020,#3933,#3934);
#3438=AXIS2_PLACEMENT_3D('',#5021,#3935,#3936);
#3439=AXIS2_PLACEMENT_3D('',#5022,#3937,#3938);
#3440=AXIS2_PLACEMENT_3D('',#5023,#3939,#3940);
#3441=AXIS2_PLACEMENT_3D('',#5024,#3941,#3942);
#3442=AXIS2_PLACEMENT_3D('',#5025,#3943,#3944);
#3443=AXIS2_PLACEMENT_3D('',#5026,#3945,#3946);
#3444=AXIS2_PLACEMENT_3D('',#5027,#3947,#3948);
#3445=AXIS2_PLACEMENT_3D('',#5028,#3949,#3950);
#3446=AXIS2_PLACEMENT_3D('',#5031,#3953,#3954);
#3447=AXIS2_PLACEMENT_3D('',#5033,#3956,#3957);
#3448=AXIS2_PLACEMENT_3D('',#5035,#3959,#3960);
#3449=AXIS2_PLACEMENT_3D('',#5036,#3961,#3962);
#3450=AXIS2_PLACEMENT_3D('',#5039,#3965,#3966);
#3451=AXIS2_PLACEMENT_3D('',#5041,#3968,#3969);
#3452=AXIS2_PLACEMENT_3D('',#5043,#3971,#3972);
#3453=AXIS2_PLACEMENT_3D('',#5044,#3973,#3974);
#3454=AXIS2_PLACEMENT_3D('',#5047,#3977,#3978);
#3455=AXIS2_PLACEMENT_3D('',#5049,#3980,#3981);
#3456=AXIS2_PLACEMENT_3D('',#5051,#3983,#3984);
#3457=AXIS2_PLACEMENT_3D('',#5052,#3985,#3986);
#3458=AXIS2_PLACEMENT_3D('',#5055,#3989,#3990);
#3459=AXIS2_PLACEMENT_3D('',#5057,#3992,#3993);
#3460=AXIS2_PLACEMENT_3D('',#5059,#3995,#3996);
#3461=AXIS2_PLACEMENT_3D('',#5060,#3997,#3998);
#3462=AXIS2_PLACEMENT_3D('',#5064,#4001,#4002);
#3463=AXIS2_PLACEMENT_3D('',#5066,#4004,#4005);
#3464=AXIS2_PLACEMENT_3D('',#5067,#4006,#4007);
#3465=AXIS2_PLACEMENT_3D('',#5071,#4010,#4011);
#3466=AXIS2_PLACEMENT_3D('',#5073,#4013,#4014);
#3467=AXIS2_PLACEMENT_3D('',#5074,#4015,#4016);
#3468=AXIS2_PLACEMENT_3D('',#5075,#4017,#4018);
#3469=AXIS2_PLACEMENT_3D('',#5076,#4019,#4020);
#3470=AXIS2_PLACEMENT_3D('',#5077,#4021,#4022);
#3471=AXIS2_PLACEMENT_3D('',#5078,#4023,#4024);
#3472=AXIS2_PLACEMENT_3D('',#5081,#4027,#4028);
#3473=AXIS2_PLACEMENT_3D('',#5083,#4030,#4031);
#3474=AXIS2_PLACEMENT_3D('',#5085,#4033,#4034);
#3475=AXIS2_PLACEMENT_3D('',#5086,#4035,#4036);
#3476=AXIS2_PLACEMENT_3D('',#5089,#4039,#4040);
#3477=AXIS2_PLACEMENT_3D('',#5091,#4042,#4043);
#3478=AXIS2_PLACEMENT_3D('',#5093,#4045,#4046);
#3479=AXIS2_PLACEMENT_3D('',#5094,#4047,#4048);
#3480=AXIS2_PLACEMENT_3D('',#5097,#4051,#4052);
#3481=AXIS2_PLACEMENT_3D('',#5099,#4054,#4055);
#3482=AXIS2_PLACEMENT_3D('',#5101,#4057,#4058);
#3483=AXIS2_PLACEMENT_3D('',#5102,#4059,#4060);
#3484=AXIS2_PLACEMENT_3D('',#5105,#4063,#4064);
#3485=AXIS2_PLACEMENT_3D('',#5107,#4066,#4067);
#3486=AXIS2_PLACEMENT_3D('',#5109,#4069,#4070);
#3487=AXIS2_PLACEMENT_3D('',#5110,#4071,#4072);
#3488=AXIS2_PLACEMENT_3D('',#5113,#4075,#4076);
#3489=AXIS2_PLACEMENT_3D('',#5115,#4078,#4079);
#3490=AXIS2_PLACEMENT_3D('',#5117,#4081,#4082);
#3491=AXIS2_PLACEMENT_3D('',#5118,#4083,#4084);
#3492=AXIS2_PLACEMENT_3D('',#5121,#4087,#4088);
#3493=AXIS2_PLACEMENT_3D('',#5123,#4090,#4091);
#3494=AXIS2_PLACEMENT_3D('',#5125,#4093,#4094);
#3495=AXIS2_PLACEMENT_3D('',#5126,#4095,#4096);
#3496=AXIS2_PLACEMENT_3D('',#5129,#4099,#4100);
#3497=AXIS2_PLACEMENT_3D('',#5131,#4102,#4103);
#3498=AXIS2_PLACEMENT_3D('',#5133,#4105,#4106);
#3499=AXIS2_PLACEMENT_3D('',#5134,#4107,#4108);
#3500=AXIS2_PLACEMENT_3D('',#5137,#4111,#4112);
#3501=AXIS2_PLACEMENT_3D('',#5139,#4114,#4115);
#3502=AXIS2_PLACEMENT_3D('',#5141,#4117,#4118);
#3503=AXIS2_PLACEMENT_3D('',#5142,#4119,#4120);
#3504=AXIS2_PLACEMENT_3D('',#5145,#4123,#4124);
#3505=AXIS2_PLACEMENT_3D('',#5147,#4126,#4127);
#3506=AXIS2_PLACEMENT_3D('',#5149,#4129,#4130);
#3507=AXIS2_PLACEMENT_3D('',#5150,#4131,#4132);
#3508=AXIS2_PLACEMENT_3D('',#5153,#4135,#4136);
#3509=AXIS2_PLACEMENT_3D('',#5155,#4138,#4139);
#3510=AXIS2_PLACEMENT_3D('',#5157,#4141,#4142);
#3511=AXIS2_PLACEMENT_3D('',#5158,#4143,#4144);
#3512=AXIS2_PLACEMENT_3D('',#5161,#4147,#4148);
#3513=AXIS2_PLACEMENT_3D('',#5163,#4150,#4151);
#3514=AXIS2_PLACEMENT_3D('',#5165,#4153,#4154);
#3515=AXIS2_PLACEMENT_3D('',#5166,#4155,#4156);
#3516=AXIS2_PLACEMENT_3D('',#5169,#4159,#4160);
#3517=AXIS2_PLACEMENT_3D('',#5171,#4162,#4163);
#3518=AXIS2_PLACEMENT_3D('',#5173,#4165,#4166);
#3519=AXIS2_PLACEMENT_3D('',#5174,#4167,#4168);
#3520=AXIS2_PLACEMENT_3D('',#5177,#4171,#4172);
#3521=AXIS2_PLACEMENT_3D('',#5179,#4174,#4175);
#3522=AXIS2_PLACEMENT_3D('',#5181,#4177,#4178);
#3523=AXIS2_PLACEMENT_3D('',#5182,#4179,#4180);
#3524=AXIS2_PLACEMENT_3D('',#5185,#4183,#4184);
#3525=AXIS2_PLACEMENT_3D('',#5187,#4186,#4187);
#3526=AXIS2_PLACEMENT_3D('',#5189,#4189,#4190);
#3527=AXIS2_PLACEMENT_3D('',#5190,#4191,#4192);
#3528=AXIS2_PLACEMENT_3D('',#5193,#4195,#4196);
#3529=AXIS2_PLACEMENT_3D('',#5195,#4198,#4199);
#3530=AXIS2_PLACEMENT_3D('',#5197,#4201,#4202);
#3531=AXIS2_PLACEMENT_3D('',#5198,#4203,#4204);
#3532=AXIS2_PLACEMENT_3D('',#5201,#4207,#4208);
#3533=AXIS2_PLACEMENT_3D('',#5203,#4210,#4211);
#3534=AXIS2_PLACEMENT_3D('',#5205,#4213,#4214);
#3535=AXIS2_PLACEMENT_3D('',#5206,#4215,#4216);
#3536=AXIS2_PLACEMENT_3D('',#5209,#4219,#4220);
#3537=AXIS2_PLACEMENT_3D('',#5211,#4222,#4223);
#3538=AXIS2_PLACEMENT_3D('',#5213,#4225,#4226);
#3539=AXIS2_PLACEMENT_3D('',#5214,#4227,#4228);
#3540=AXIS2_PLACEMENT_3D('',#5217,#4231,#4232);
#3541=AXIS2_PLACEMENT_3D('',#5219,#4234,#4235);
#3542=AXIS2_PLACEMENT_3D('',#5221,#4237,#4238);
#3543=AXIS2_PLACEMENT_3D('',#5222,#4239,#4240);
#3544=AXIS2_PLACEMENT_3D('',#5225,#4243,#4244);
#3545=AXIS2_PLACEMENT_3D('',#5227,#4246,#4247);
#3546=AXIS2_PLACEMENT_3D('',#5229,#4249,#4250);
#3547=AXIS2_PLACEMENT_3D('',#5230,#4251,#4252);
#3548=AXIS2_PLACEMENT_3D('',#5233,#4255,#4256);
#3549=AXIS2_PLACEMENT_3D('',#5235,#4258,#4259);
#3550=AXIS2_PLACEMENT_3D('',#5237,#4261,#4262);
#3551=AXIS2_PLACEMENT_3D('',#5238,#4263,#4264);
#3552=AXIS2_PLACEMENT_3D('',#5241,#4267,#4268);
#3553=AXIS2_PLACEMENT_3D('',#5243,#4270,#4271);
#3554=AXIS2_PLACEMENT_3D('',#5245,#4273,#4274);
#3555=AXIS2_PLACEMENT_3D('',#5246,#4275,#4276);
#3556=AXIS2_PLACEMENT_3D('',#5249,#4279,#4280);
#3557=AXIS2_PLACEMENT_3D('',#5251,#4282,#4283);
#3558=AXIS2_PLACEMENT_3D('',#5253,#4285,#4286);
#3559=AXIS2_PLACEMENT_3D('',#5254,#4287,#4288);
#3560=AXIS2_PLACEMENT_3D('',#5257,#4291,#4292);
#3561=AXIS2_PLACEMENT_3D('',#5259,#4294,#4295);
#3562=AXIS2_PLACEMENT_3D('',#5261,#4297,#4298);
#3563=AXIS2_PLACEMENT_3D('',#5262,#4299,#4300);
#3564=AXIS2_PLACEMENT_3D('',#5265,#4303,#4304);
#3565=AXIS2_PLACEMENT_3D('',#5267,#4306,#4307);
#3566=AXIS2_PLACEMENT_3D('',#5269,#4309,#4310);
#3567=AXIS2_PLACEMENT_3D('',#5270,#4311,#4312);
#3568=AXIS2_PLACEMENT_3D('',#5273,#4315,#4316);
#3569=AXIS2_PLACEMENT_3D('',#5275,#4318,#4319);
#3570=AXIS2_PLACEMENT_3D('',#5277,#4321,#4322);
#3571=AXIS2_PLACEMENT_3D('',#5278,#4323,#4324);
#3572=AXIS2_PLACEMENT_3D('',#5281,#4327,#4328);
#3573=AXIS2_PLACEMENT_3D('',#5283,#4330,#4331);
#3574=AXIS2_PLACEMENT_3D('',#5285,#4333,#4334);
#3575=AXIS2_PLACEMENT_3D('',#5286,#4335,#4336);
#3576=AXIS2_PLACEMENT_3D('',#5289,#4339,#4340);
#3577=AXIS2_PLACEMENT_3D('',#5291,#4342,#4343);
#3578=AXIS2_PLACEMENT_3D('',#5293,#4345,#4346);
#3579=AXIS2_PLACEMENT_3D('',#5294,#4347,#4348);
#3580=AXIS2_PLACEMENT_3D('',#5297,#4351,#4352);
#3581=AXIS2_PLACEMENT_3D('',#5299,#4354,#4355);
#3582=AXIS2_PLACEMENT_3D('',#5301,#4357,#4358);
#3583=AXIS2_PLACEMENT_3D('',#5302,#4359,#4360);
#3584=AXIS2_PLACEMENT_3D('',#5305,#4363,#4364);
#3585=AXIS2_PLACEMENT_3D('',#5307,#4366,#4367);
#3586=AXIS2_PLACEMENT_3D('',#5309,#4369,#4370);
#3587=AXIS2_PLACEMENT_3D('',#5310,#4371,#4372);
#3588=AXIS2_PLACEMENT_3D('',#5313,#4375,#4376);
#3589=AXIS2_PLACEMENT_3D('',#5315,#4378,#4379);
#3590=AXIS2_PLACEMENT_3D('',#5317,#4381,#4382);
#3591=DIRECTION('',(0.,0.,1.));
#3592=DIRECTION('',(1.,0.,0.));
#3593=DIRECTION('',(1.,0.,0.));
#3594=DIRECTION('',(0.,0.,-1.));
#3595=DIRECTION('',(0.,-1.,0.));
#3596=DIRECTION('',(0.,0.,1.));
#3597=DIRECTION('',(0.,-1.,0.));
#3598=DIRECTION('',(0.,0.,-1.));
#3599=DIRECTION('',(0.,-1.,0.));
#3600=DIRECTION('',(0.,0.,-1.));
#3601=DIRECTION('',(0.,0.,1.));
#3602=DIRECTION('',(0.,1.,0.));
#3603=DIRECTION('',(0.,0.,1.));
#3604=DIRECTION('',(0.,1.,0.));
#3605=DIRECTION('',(0.,0.,1.));
#3606=DIRECTION('',(0.,1.,0.));
#3607=DIRECTION('',(0.,0.,1.));
#3608=DIRECTION('',(0.,1.,0.));
#3609=DIRECTION('',(0.,5.42101086242752E-17,1.));
#3610=DIRECTION('',(0.,1.,0.));
#3611=DIRECTION('',(0.,0.,1.));
#3612=DIRECTION('',(0.,1.,0.));
#3613=DIRECTION('',(0.,0.,1.));
#3614=DIRECTION('',(0.,1.,0.));
#3615=DIRECTION('',(0.,0.,1.));
#3616=DIRECTION('',(0.,1.,0.));
#3617=DIRECTION('',(0.,0.,-1.));
#3618=DIRECTION('',(0.,-1.,0.));
#3619=DIRECTION('',(0.,0.,-1.));
#3620=DIRECTION('',(0.,-1.,1.7347234759768E-16));
#3621=DIRECTION('',(1.,0.,0.));
#3622=DIRECTION('',(0.,0.,-1.));
#3623=DIRECTION('',(0.,-1.,0.));
#3624=DIRECTION('',(0.,0.,-1.));
#3625=DIRECTION('',(0.,-1.,0.));
#3626=DIRECTION('',(0.,0.,-1.));
#3627=DIRECTION('',(0.,-1.,0.));
#3628=DIRECTION('',(0.,0.,-1.));
#3629=DIRECTION('',(0.,-1.,0.));
#3630=DIRECTION('',(0.,0.,-1.));
#3631=DIRECTION('',(0.,-1.,0.));
#3632=DIRECTION('',(0.,0.,-1.));
#3633=DIRECTION('',(0.,-1.,0.));
#3634=DIRECTION('',(0.,0.,-1.));
#3635=DIRECTION('',(0.,-1.,0.));
#3636=DIRECTION('',(0.,0.,-1.));
#3637=DIRECTION('',(0.,-1.,0.));
#3638=DIRECTION('',(0.,0.,-1.));
#3639=DIRECTION('',(0.,-1.,0.));
#3640=DIRECTION('',(0.,-5.42101086242752E-17,-1.));
#3641=DIRECTION('',(0.,-1.,0.));
#3642=DIRECTION('',(0.,0.,-1.));
#3643=DIRECTION('',(0.,-1.,0.));
#3644=DIRECTION('',(0.,0.,-1.));
#3645=DIRECTION('',(0.,-1.,1.7347234759768E-16));
#3646=DIRECTION('',(0.,0.,-1.));
#3647=DIRECTION('',(0.,1.,0.));
#3648=DIRECTION('',(0.,0.,1.));
#3649=DIRECTION('',(1.,0.,0.));
#3650=DIRECTION('',(1.,0.,0.));
#3651=DIRECTION('',(0.,0.,-1.));
#3652=DIRECTION('',(0.,0.,1.));
#3653=DIRECTION('',(-1.,0.,-3.46944695195362E-16));
#3654=DIRECTION('',(0.,0.,1.));
#3655=DIRECTION('',(-1.,0.,-3.46944695195362E-16));
#3656=DIRECTION('',(0.,0.,1.));
#3657=DIRECTION('',(-1.,0.,-3.46944695195362E-16));
#3658=DIRECTION('',(0.,0.,1.));
#3659=DIRECTION('',(-1.,0.,-3.46944695195362E-16));
#3660=DIRECTION('',(0.,0.,1.));
#3661=DIRECTION('',(-1.,0.,0.));
#3662=DIRECTION('',(0.,0.,1.));
#3663=DIRECTION('',(-1.,0.,0.));
#3664=DIRECTION('',(0.,0.,1.));
#3665=DIRECTION('',(-1.,0.,-3.46944695195362E-16));
#3666=DIRECTION('',(-5.42101086242752E-17,0.,1.));
#3667=DIRECTION('',(-1.,0.,-3.46944695195362E-16));
#3668=DIRECTION('',(0.,0.,1.));
#3669=DIRECTION('',(-1.,0.,0.));
#3670=DIRECTION('',(0.,0.,1.));
#3671=DIRECTION('',(-1.,0.,0.));
#3672=DIRECTION('',(0.,0.,1.));
#3673=DIRECTION('',(-1.,0.,-3.46944695195362E-16));
#3674=DIRECTION('',(0.,0.,1.));
#3675=DIRECTION('',(-1.,0.,-3.46944695195362E-16));
#3676=DIRECTION('',(0.,0.,1.));
#3677=DIRECTION('',(-1.,0.,0.));
#3678=DIRECTION('',(0.,0.,1.));
#3679=DIRECTION('',(-1.,0.,0.));
#3680=DIRECTION('',(0.,0.,-1.));
#3681=DIRECTION('',(1.,0.,0.));
#3682=DIRECTION('',(0.,0.,-1.));
#3683=DIRECTION('',(1.,0.,0.));
#3684=DIRECTION('',(0.,0.,-1.));
#3685=DIRECTION('',(1.,0.,3.46944695195362E-16));
#3686=DIRECTION('',(0.,0.,-1.));
#3687=DIRECTION('',(1.,0.,3.46944695195362E-16));
#3688=DIRECTION('',(0.,0.,-1.));
#3689=DIRECTION('',(1.,0.,1.7347234759768E-16));
#3690=DIRECTION('',(0.,0.,-1.));
#3691=DIRECTION('',(1.,0.,1.7347234759768E-16));
#3692=DIRECTION('',(0.,0.,-1.));
#3693=DIRECTION('',(1.,0.,3.46944695195362E-16));
#3694=DIRECTION('',(5.42101086242752E-17,0.,-1.));
#3695=DIRECTION('',(1.,0.,3.46944695195362E-16));
#3696=DIRECTION('',(0.,0.,-1.));
#3697=DIRECTION('',(1.,0.,1.7347234759768E-16));
#3698=DIRECTION('',(0.,0.,-1.));
#3699=DIRECTION('',(1.,0.,1.7347234759768E-16));
#3700=DIRECTION('',(0.,0.,-1.));
#3701=DIRECTION('',(1.,0.,1.7347234759768E-16));
#3702=DIRECTION('',(0.,0.,-1.));
#3703=DIRECTION('',(1.,0.,1.7347234759768E-16));
#3704=DIRECTION('',(0.,0.,-1.));
#3705=DIRECTION('',(1.,0.,1.7347234759768E-16));
#3706=DIRECTION('',(0.,0.,-1.));
#3707=DIRECTION('',(1.,0.,1.7347234759768E-16));
#3708=DIRECTION('',(0.,1.,0.));
#3709=DIRECTION('',(0.,0.,1.));
#3710=DIRECTION('',(1.,0.,1.7347234759768E-16));
#3711=DIRECTION('',(0.,0.,-1.));
#3712=DIRECTION('',(1.,0.,1.7347234759768E-16));
#3713=DIRECTION('',(0.,0.,-1.));
#3714=DIRECTION('',(1.,0.,3.46944695195362E-16));
#3715=DIRECTION('',(0.,0.,-1.));
#3716=DIRECTION('',(1.,0.,3.46944695195362E-16));
#3717=DIRECTION('',(5.42101086242752E-17,0.,-1.));
#3718=DIRECTION('',(1.,0.,3.46944695195362E-16));
#3719=DIRECTION('',(0.,0.,-1.));
#3720=DIRECTION('',(1.,0.,3.46944695195362E-16));
#3721=DIRECTION('',(0.,0.,-1.));
#3722=DIRECTION('',(1.,0.,0.));
#3723=DIRECTION('',(0.,0.,-1.));
#3724=DIRECTION('',(1.,0.,0.));
#3725=DIRECTION('',(0.,0.,-1.));
#3726=DIRECTION('',(1.,0.,0.));
#3727=DIRECTION('',(0.,0.,-1.));
#3728=DIRECTION('',(1.,0.,0.));
#3729=DIRECTION('',(0.,0.,-1.));
#3730=DIRECTION('',(1.,0.,0.));
#3731=DIRECTION('',(0.,0.,-1.));
#3732=DIRECTION('',(1.,0.,0.));
#3733=DIRECTION('',(0.,0.,-1.));
#3734=DIRECTION('',(1.,0.,3.46944695195362E-16));
#3735=DIRECTION('',(0.,0.,-1.));
#3736=DIRECTION('',(1.,0.,3.46944695195362E-16));
#3737=DIRECTION('',(0.,0.,-1.));
#3738=DIRECTION('',(1.,0.,0.));
#3739=DIRECTION('',(0.,0.,-1.));
#3740=DIRECTION('',(1.,0.,0.));
#3741=DIRECTION('',(0.,0.,-1.));
#3742=DIRECTION('',(1.,0.,3.46944695195362E-16));
#3743=DIRECTION('',(0.,0.,-1.));
#3744=DIRECTION('',(1.,0.,3.46944695195362E-16));
#3745=DIRECTION('',(0.,0.,-1.));
#3746=DIRECTION('',(1.,0.,3.46944695195362E-16));
#3747=DIRECTION('',(0.,0.,-1.));
#3748=DIRECTION('',(1.,0.,3.46944695195362E-16));
#3749=DIRECTION('',(5.42101086242752E-17,0.,-1.));
#3750=DIRECTION('',(1.,0.,3.46944695195362E-16));
#3751=DIRECTION('',(0.,0.,-1.));
#3752=DIRECTION('',(1.,0.,3.46944695195362E-16));
#3753=DIRECTION('',(0.,0.,-1.));
#3754=DIRECTION('',(1.,0.,0.));
#3755=DIRECTION('',(0.,0.,-1.));
#3756=DIRECTION('',(1.,0.,0.));
#3757=DIRECTION('',(0.,0.,-1.));
#3758=DIRECTION('',(1.,0.,1.7347234759768E-16));
#3759=DIRECTION('',(0.,0.,-1.));
#3760=DIRECTION('',(1.,0.,1.7347234759768E-16));
#3761=DIRECTION('',(0.,0.,-1.));
#3762=DIRECTION('',(1.,0.,1.7347234759768E-16));
#3763=DIRECTION('',(0.,0.,-1.));
#3764=DIRECTION('',(1.,0.,1.7347234759768E-16));
#3765=DIRECTION('',(0.,0.,-1.));
#3766=DIRECTION('',(1.,0.,1.7347234759768E-16));
#3767=DIRECTION('',(0.,0.,-1.));
#3768=DIRECTION('',(1.,0.,1.7347234759768E-16));
#3769=DIRECTION('',(0.,0.,-1.));
#3770=DIRECTION('',(1.,0.,0.));
#3771=DIRECTION('',(0.,0.,-1.));
#3772=DIRECTION('',(0.,1.,0.));
#3773=DIRECTION('',(0.,5.42101086242752E-17,1.));
#3774=DIRECTION('',(0.,1.,0.));
#3775=DIRECTION('',(0.,0.,1.));
#3776=DIRECTION('',(0.,1.,0.));
#3777=DIRECTION('',(0.,0.,1.));
#3778=DIRECTION('',(0.,1.,0.));
#3779=DIRECTION('',(0.,0.,1.));
#3780=DIRECTION('',(0.,0.,-1.));
#3781=DIRECTION('',(0.,-1.,0.));
#3782=DIRECTION('',(0.,0.,1.));
#3783=DIRECTION('',(0.,-1.,0.));
#3784=DIRECTION('',(0.,-1.,0.));
#3785=DIRECTION('',(0.,1.,0.));
#3786=DIRECTION('',(0.,0.,1.));
#3787=DIRECTION('',(0.,1.,0.));
#3788=DIRECTION('',(0.,0.,1.));
#3789=DIRECTION('',(0.,1.,0.));
#3790=DIRECTION('',(0.,0.,1.));
#3791=DIRECTION('',(0.,1.,0.));
#3792=DIRECTION('',(0.,0.,1.));
#3793=DIRECTION('',(1.,0.,0.));
#3794=DIRECTION('',(0.,0.,-1.));
#3795=DIRECTION('',(0.,-1.,0.));
#3796=DIRECTION('',(0.,0.,-1.));
#3797=DIRECTION('',(0.,-1.,0.));
#3798=DIRECTION('',(0.,0.,-1.));
#3799=DIRECTION('',(0.,0.,-1.));
#3800=DIRECTION('',(0.,-1.,0.));
#3801=DIRECTION('',(0.,0.,-1.));
#3802=DIRECTION('',(0.,-1.,0.));
#3803=DIRECTION('',(0.,0.,-1.));
#3804=DIRECTION('',(0.,-1.,0.));
#3805=DIRECTION('',(0.,0.,-1.));
#3806=DIRECTION('',(0.,-1.,0.));
#3807=DIRECTION('',(0.,-5.42101086242752E-17,-1.));
#3808=DIRECTION('',(0.,-1.,0.));
#3809=DIRECTION('',(0.,0.,-1.));
#3810=DIRECTION('',(0.,-1.,0.));
#3811=DIRECTION('',(0.,0.,-1.));
#3812=DIRECTION('',(0.,-1.,0.));
#3813=DIRECTION('',(0.,0.,-1.));
#3814=DIRECTION('',(0.,-1.,0.));
#3815=DIRECTION('',(0.,1.,0.));
#3816=DIRECTION('',(0.,0.,1.));
#3817=DIRECTION('',(-1.,0.,-3.46944695195362E-16));
#3818=DIRECTION('',(0.,0.,1.));
#3819=DIRECTION('',(-1.,0.,-3.46944695195362E-16));
#3820=DIRECTION('',(0.,0.,1.));
#3821=DIRECTION('',(-1.,0.,-3.46944695195362E-16));
#3822=DIRECTION('',(0.,0.,1.));
#3823=DIRECTION('',(-1.,0.,-3.46944695195362E-16));
#3824=DIRECTION('',(-5.42101086242752E-17,0.,1.));
#3825=DIRECTION('',(-1.,0.,-3.46944695195362E-16));
#3826=DIRECTION('',(0.,0.,1.));
#3827=DIRECTION('',(-1.,0.,-3.46944695195362E-16));
#3828=DIRECTION('',(0.,0.,1.));
#3829=DIRECTION('',(0.,0.,-1.));
#3830=DIRECTION('',(-1.,0.,0.));
#3831=DIRECTION('',(0.,0.,-1.));
#3832=DIRECTION('',(1.,0.,0.));
#3833=DIRECTION('',(1.,0.,0.));
#3834=DIRECTION('',(1.,0.,0.));
#3835=DIRECTION('',(0.,0.,1.));
#3836=DIRECTION('',(1.,0.,0.));
#3837=DIRECTION('',(0.,0.,1.));
#3838=DIRECTION('',(1.,0.,0.));
#3839=DIRECTION('',(1.,0.,-3.46944695195362E-16));
#3840=DIRECTION('',(0.,0.,1.));
#3841=DIRECTION('',(1.,0.,-3.46944695195362E-16));
#3842=DIRECTION('',(0.,0.,1.));
#3843=DIRECTION('',(1.,0.,-2.89120579329468E-16));
#3844=DIRECTION('',(7.2280144832367E-17,0.,1.));
#3845=DIRECTION('',(1.,0.,-2.89120579329468E-16));
#3846=DIRECTION('',(0.,0.,1.));
#3847=DIRECTION('',(1.,0.,-3.46944695195362E-16));
#3848=DIRECTION('',(0.,0.,1.));
#3849=DIRECTION('',(1.,0.,-3.46944695195362E-16));
#3850=DIRECTION('',(0.,0.,1.));
#3851=DIRECTION('',(-1.,0.,-3.46944695195362E-16));
#3852=DIRECTION('',(0.,0.,1.));
#3853=DIRECTION('',(-1.,0.,-3.46944695195362E-16));
#3854=DIRECTION('',(0.,0.,1.));
#3855=DIRECTION('',(-1.,0.,0.));
#3856=DIRECTION('',(0.,0.,1.));
#3857=DIRECTION('',(-1.,0.,0.));
#3858=DIRECTION('',(0.,0.,1.));
#3859=DIRECTION('',(-1.,0.,0.));
#3860=DIRECTION('',(0.,0.,1.));
#3861=DIRECTION('',(-1.,0.,0.));
#3862=DIRECTION('',(0.,0.,1.));
#3863=DIRECTION('',(-1.,0.,0.));
#3864=DIRECTION('',(0.,0.,1.));
#3865=DIRECTION('',(-1.,0.,0.));
#3866=DIRECTION('',(0.,0.,1.));
#3867=DIRECTION('',(0.,1.,0.));
#3868=DIRECTION('',(0.,0.,1.));
#3869=DIRECTION('',(1.,0.,0.));
#3870=DIRECTION('',(0.,0.,-1.));
#3871=DIRECTION('',(1.,0.,0.));
#3872=DIRECTION('',(0.,0.,-1.));
#3873=DIRECTION('',(7.2280144832367E-17,0.,1.));
#3874=DIRECTION('',(1.,0.,-2.89120579329468E-16));
#3875=DIRECTION('',(0.,0.,1.));
#3876=DIRECTION('',(1.,0.,-2.89120579329468E-16));
#3877=DIRECTION('',(0.,0.,1.));
#3878=DIRECTION('',(1.,0.,-3.46944695195362E-16));
#3879=DIRECTION('',(0.,0.,1.));
#3880=DIRECTION('',(1.,0.,-3.46944695195362E-16));
#3881=DIRECTION('',(0.,0.,1.));
#3882=DIRECTION('',(1.,0.,-3.46944695195362E-16));
#3883=DIRECTION('',(0.,0.,1.));
#3884=DIRECTION('',(1.,0.,-3.46944695195362E-16));
#3885=DIRECTION('',(0.,0.,-1.));
#3886=DIRECTION('',(-1.,0.,0.));
#3887=DIRECTION('',(0.,0.,-1.));
#3888=DIRECTION('',(-1.,0.,1.95156391047391E-16));
#3889=DIRECTION('',(0.,0.,-1.));
#3890=DIRECTION('',(1.,0.,3.46944695195362E-16));
#3891=DIRECTION('',(0.,0.,-1.));
#3892=DIRECTION('',(1.,0.,3.46944695195362E-16));
#3893=DIRECTION('',(0.,0.,-1.));
#3894=DIRECTION('',(1.,0.,3.46944695195362E-16));
#3895=DIRECTION('',(0.,0.,-1.));
#3896=DIRECTION('',(1.,0.,3.46944695195362E-16));
#3897=DIRECTION('',(0.,0.,-1.));
#3898=DIRECTION('',(1.,0.,0.));
#3899=DIRECTION('',(0.,0.,-1.));
#3900=DIRECTION('',(1.,0.,0.));
#3901=DIRECTION('',(0.,0.,-1.));
#3902=DIRECTION('',(1.,0.,3.46944695195362E-16));
#3903=DIRECTION('',(5.42101086242752E-17,0.,-1.));
#3904=DIRECTION('',(1.,0.,3.46944695195362E-16));
#3905=DIRECTION('',(0.,0.,-1.));
#3906=DIRECTION('',(1.,0.,0.));
#3907=DIRECTION('',(0.,0.,-1.));
#3908=DIRECTION('',(1.,0.,0.));
#3909=DIRECTION('',(0.,0.,-1.));
#3910=DIRECTION('',(1.,0.,3.46944695195362E-16));
#3911=DIRECTION('',(0.,0.,-1.));
#3912=DIRECTION('',(1.,0.,3.46944695195362E-16));
#3913=DIRECTION('',(0.,0.,-1.));
#3914=DIRECTION('',(1.,0.,0.));
#3915=DIRECTION('',(0.,0.,-1.));
#3916=DIRECTION('',(1.,0.,0.));
#3917=DIRECTION('',(0.,0.,1.));
#3918=DIRECTION('',(1.,0.,0.));
#3919=DIRECTION('',(-1.,0.,0.));
#3920=DIRECTION('',(0.,-1.,0.));
#3921=DIRECTION('',(6.50521303491303E-17,-1.,0.));
#3922=DIRECTION('',(1.,0.,0.));
#3923=DIRECTION('',(0.,1.,0.));
#3924=DIRECTION('',(-1.,0.,0.));
#3925=DIRECTION('',(0.,0.,-1.));
#3926=DIRECTION('',(1.,0.,0.));
#3927=DIRECTION('',(0.,0.,-1.));
#3928=DIRECTION('',(-1.,0.,1.95156391047391E-16));
#3929=DIRECTION('',(0.,0.,1.));
#3930=DIRECTION('',(1.,0.,0.));
#3931=DIRECTION('',(0.,0.,1.));
#3932=DIRECTION('',(1.,0.,0.));
#3933=DIRECTION('',(0.,0.,1.));
#3934=DIRECTION('',(1.,0.,0.));
#3935=DIRECTION('',(0.,0.,1.));
#3936=DIRECTION('',(1.,0.,0.));
#3937=DIRECTION('',(0.,0.,1.));
#3938=DIRECTION('',(1.,0.,0.));
#3939=DIRECTION('',(0.,0.,1.));
#3940=DIRECTION('',(1.,0.,0.));
#3941=DIRECTION('',(0.,0.,1.));
#3942=DIRECTION('',(1.,0.,0.));
#3943=DIRECTION('',(0.,0.,1.));
#3944=DIRECTION('',(1.,0.,0.));
#3945=DIRECTION('',(0.,0.,1.));
#3946=DIRECTION('',(1.,0.,0.));
#3947=DIRECTION('',(0.,0.,1.));
#3948=DIRECTION('',(1.,0.,0.));
#3949=DIRECTION('',(2.89120579329468E-16,0.,1.));
#3950=DIRECTION('',(1.,0.,-2.89120579329468E-16));
#3951=DIRECTION('',(0.,1.,0.));
#3952=DIRECTION('',(0.,1.,0.));
#3953=DIRECTION('',(-1.,0.,7.2280144832367E-17));
#3954=DIRECTION('',(7.2280144832367E-17,0.,1.));
#3955=DIRECTION('',(0.,1.,0.));
#3956=DIRECTION('',(2.89120579329468E-16,0.,1.));
#3957=DIRECTION('',(1.,0.,-2.89120579329468E-16));
#3958=DIRECTION('',(0.,1.,0.));
#3959=DIRECTION('',(-1.,0.,0.));
#3960=DIRECTION('',(0.,0.,1.));
#3961=DIRECTION('',(3.46944695195362E-16,0.,1.));
#3962=DIRECTION('',(1.,0.,-3.46944695195362E-16));
#3963=DIRECTION('',(0.,1.,0.));
#3964=DIRECTION('',(0.,1.,0.));
#3965=DIRECTION('',(-1.,0.,0.));
#3966=DIRECTION('',(0.,0.,1.));
#3967=DIRECTION('',(0.,1.,0.));
#3968=DIRECTION('',(3.46944695195362E-16,0.,1.));
#3969=DIRECTION('',(1.,0.,-3.46944695195362E-16));
#3970=DIRECTION('',(0.,1.,0.));
#3971=DIRECTION('',(-1.,0.,0.));
#3972=DIRECTION('',(0.,0.,1.));
#3973=DIRECTION('',(3.46944695195362E-16,0.,1.));
#3974=DIRECTION('',(1.,0.,-3.46944695195362E-16));
#3975=DIRECTION('',(0.,1.,0.));
#3976=DIRECTION('',(0.,1.,0.));
#3977=DIRECTION('',(-1.,0.,0.));
#3978=DIRECTION('',(0.,0.,1.));
#3979=DIRECTION('',(0.,1.,0.));
#3980=DIRECTION('',(3.46944695195362E-16,0.,1.));
#3981=DIRECTION('',(1.,0.,-3.46944695195362E-16));
#3982=DIRECTION('',(0.,1.,0.));
#3983=DIRECTION('',(-1.,0.,0.));
#3984=DIRECTION('',(0.,0.,1.));
#3985=DIRECTION('',(0.,0.,-1.));
#3986=DIRECTION('',(-1.,0.,0.));
#3987=DIRECTION('',(0.,1.,0.));
#3988=DIRECTION('',(0.,1.,0.));
#3989=DIRECTION('',(1.,0.,0.));
#3990=DIRECTION('',(0.,0.,-1.));
#3991=DIRECTION('',(0.,1.,0.));
#3992=DIRECTION('',(-1.95156391047391E-16,0.,-1.));
#3993=DIRECTION('',(-1.,0.,1.95156391047391E-16));
#3994=DIRECTION('',(0.,1.,0.));
#3995=DIRECTION('',(1.,0.,0.));
#3996=DIRECTION('',(0.,0.,-1.));
#3997=DIRECTION('',(0.,1.,0.));
#3998=DIRECTION('',(0.,0.,1.));
#3999=DIRECTION('',(-1.,0.,0.));
#4000=DIRECTION('',(0.,0.,1.));
#4001=DIRECTION('',(-1.,0.,0.));
#4002=DIRECTION('',(0.,0.,1.));
#4003=DIRECTION('',(0.,-1.,0.));
#4004=DIRECTION('',(0.,0.,1.));
#4005=DIRECTION('',(1.,0.,0.));
#4006=DIRECTION('',(0.,-1.,0.));
#4007=DIRECTION('',(0.,0.,-1.));
#4008=DIRECTION('',(0.,0.,1.));
#4009=DIRECTION('',(1.,0.,0.));
#4010=DIRECTION('',(-1.,-6.50521303491303E-17,0.));
#4011=DIRECTION('',(6.50521303491303E-17,-1.,0.));
#4012=DIRECTION('',(6.50521303491303E-17,-1.,0.));
#4013=DIRECTION('',(0.,0.,1.));
#4014=DIRECTION('',(1.,0.,0.));
#4015=DIRECTION('',(0.,0.,1.));
#4016=DIRECTION('',(1.,0.,0.));
#4017=DIRECTION('',(0.,0.,-1.));
#4018=DIRECTION('',(-1.,0.,0.));
#4019=DIRECTION('',(0.,0.,1.));
#4020=DIRECTION('',(1.,0.,0.));
#4021=DIRECTION('',(0.,0.,-1.));
#4022=DIRECTION('',(-1.,0.,0.));
#4023=DIRECTION('',(-1.,0.,0.));
#4024=DIRECTION('',(0.,0.,1.));
#4025=DIRECTION('',(0.,-1.,0.));
#4026=DIRECTION('',(0.,-1.,0.));
#4027=DIRECTION('',(3.46944695195362E-16,0.,-1.));
#4028=DIRECTION('',(-1.,0.,-3.46944695195362E-16));
#4029=DIRECTION('',(0.,-1.,0.));
#4030=DIRECTION('',(-1.,0.,0.));
#4031=DIRECTION('',(0.,0.,1.));
#4032=DIRECTION('',(0.,-1.,0.));
#4033=DIRECTION('',(3.46944695195362E-16,0.,-1.));
#4034=DIRECTION('',(-1.,0.,-3.46944695195362E-16));
#4035=DIRECTION('',(-1.,0.,0.));
#4036=DIRECTION('',(0.,0.,1.));
#4037=DIRECTION('',(0.,-1.,0.));
#4038=DIRECTION('',(0.,-1.,0.));
#4039=DIRECTION('',(3.46944695195362E-16,0.,-1.));
#4040=DIRECTION('',(-1.,0.,-3.46944695195362E-16));
#4041=DIRECTION('',(0.,-1.,0.));
#4042=DIRECTION('',(-1.,0.,0.));
#4043=DIRECTION('',(0.,0.,1.));
#4044=DIRECTION('',(0.,-1.,0.));
#4045=DIRECTION('',(3.46944695195362E-16,0.,-1.));
#4046=DIRECTION('',(-1.,0.,-3.46944695195362E-16));
#4047=DIRECTION('',(-1.,0.,0.));
#4048=DIRECTION('',(0.,0.,1.));
#4049=DIRECTION('',(0.,-1.,0.));
#4050=DIRECTION('',(0.,-1.,0.));
#4051=DIRECTION('',(0.,0.,-1.));
#4052=DIRECTION('',(-1.,0.,0.));
#4053=DIRECTION('',(0.,-1.,0.));
#4054=DIRECTION('',(-1.,0.,0.));
#4055=DIRECTION('',(0.,0.,1.));
#4056=DIRECTION('',(0.,-1.,0.));
#4057=DIRECTION('',(0.,0.,-1.));
#4058=DIRECTION('',(-1.,0.,0.));
#4059=DIRECTION('',(-1.,0.,0.));
#4060=DIRECTION('',(0.,0.,1.));
#4061=DIRECTION('',(0.,-1.,0.));
#4062=DIRECTION('',(0.,-1.,0.));
#4063=DIRECTION('',(3.46944695195362E-16,0.,-1.));
#4064=DIRECTION('',(-1.,0.,-3.46944695195362E-16));
#4065=DIRECTION('',(0.,-1.,0.));
#4066=DIRECTION('',(-1.,0.,-5.42101086242752E-17));
#4067=DIRECTION('',(-5.42101086242752E-17,0.,1.));
#4068=DIRECTION('',(0.,-1.,0.));
#4069=DIRECTION('',(3.46944695195362E-16,0.,-1.));
#4070=DIRECTION('',(-1.,0.,-3.46944695195362E-16));
#4071=DIRECTION('',(-1.,0.,0.));
#4072=DIRECTION('',(0.,0.,1.));
#4073=DIRECTION('',(0.,-1.,0.));
#4074=DIRECTION('',(0.,-1.,0.));
#4075=DIRECTION('',(0.,0.,-1.));
#4076=DIRECTION('',(-1.,0.,0.));
#4077=DIRECTION('',(0.,-1.,0.));
#4078=DIRECTION('',(-1.,0.,0.));
#4079=DIRECTION('',(0.,0.,1.));
#4080=DIRECTION('',(0.,-1.,0.));
#4081=DIRECTION('',(0.,0.,-1.));
#4082=DIRECTION('',(-1.,0.,0.));
#4083=DIRECTION('',(-1.,0.,0.));
#4084=DIRECTION('',(0.,0.,1.));
#4085=DIRECTION('',(0.,-1.,0.));
#4086=DIRECTION('',(0.,-1.,0.));
#4087=DIRECTION('',(3.46944695195362E-16,0.,-1.));
#4088=DIRECTION('',(-1.,0.,-3.46944695195362E-16));
#4089=DIRECTION('',(0.,-1.,0.));
#4090=DIRECTION('',(-1.,0.,0.));
#4091=DIRECTION('',(0.,0.,1.));
#4092=DIRECTION('',(0.,-1.,0.));
#4093=DIRECTION('',(3.46944695195362E-16,0.,-1.));
#4094=DIRECTION('',(-1.,0.,-3.46944695195362E-16));
#4095=DIRECTION('',(-1.,0.,0.));
#4096=DIRECTION('',(0.,0.,1.));
#4097=DIRECTION('',(0.,-1.,0.));
#4098=DIRECTION('',(0.,-1.,0.));
#4099=DIRECTION('',(0.,0.,-1.));
#4100=DIRECTION('',(-1.,0.,0.));
#4101=DIRECTION('',(0.,-1.,0.));
#4102=DIRECTION('',(-1.,0.,0.));
#4103=DIRECTION('',(0.,0.,1.));
#4104=DIRECTION('',(0.,-1.,0.));
#4105=DIRECTION('',(0.,0.,-1.));
#4106=DIRECTION('',(-1.,0.,0.));
#4107=DIRECTION('',(3.46944695195362E-16,0.,-1.));
#4108=DIRECTION('',(-1.,0.,-3.46944695195362E-16));
#4109=DIRECTION('',(0.,-1.,0.));
#4110=DIRECTION('',(0.,-1.,0.));
#4111=DIRECTION('',(-1.,0.,0.));
#4112=DIRECTION('',(0.,0.,1.));
#4113=DIRECTION('',(0.,-1.,0.));
#4114=DIRECTION('',(3.46944695195362E-16,0.,-1.));
#4115=DIRECTION('',(-1.,0.,-3.46944695195362E-16));
#4116=DIRECTION('',(0.,-1.,0.));
#4117=DIRECTION('',(-1.,0.,0.));
#4118=DIRECTION('',(0.,0.,1.));
#4119=DIRECTION('',(3.46944695195362E-16,0.,-1.));
#4120=DIRECTION('',(-1.,0.,-3.46944695195362E-16));
#4121=DIRECTION('',(0.,-1.,0.));
#4122=DIRECTION('',(0.,-1.,0.));
#4123=DIRECTION('',(-1.,0.,0.));
#4124=DIRECTION('',(0.,0.,1.));
#4125=DIRECTION('',(0.,-1.,0.));
#4126=DIRECTION('',(3.46944695195362E-16,0.,-1.));
#4127=DIRECTION('',(-1.,0.,-3.46944695195362E-16));
#4128=DIRECTION('',(0.,-1.,0.));
#4129=DIRECTION('',(-1.,0.,0.));
#4130=DIRECTION('',(0.,0.,1.));
#4131=DIRECTION('',(0.,0.,-1.));
#4132=DIRECTION('',(-1.,0.,0.));
#4133=DIRECTION('',(0.,-1.,0.));
#4134=DIRECTION('',(0.,-1.,0.));
#4135=DIRECTION('',(-1.,0.,0.));
#4136=DIRECTION('',(0.,0.,1.));
#4137=DIRECTION('',(0.,-1.,0.));
#4138=DIRECTION('',(0.,0.,-1.));
#4139=DIRECTION('',(-1.,0.,0.));
#4140=DIRECTION('',(0.,-1.,0.));
#4141=DIRECTION('',(-1.,0.,0.));
#4142=DIRECTION('',(0.,0.,1.));
#4143=DIRECTION('',(3.46944695195362E-16,0.,-1.));
#4144=DIRECTION('',(-1.,0.,-3.46944695195362E-16));
#4145=DIRECTION('',(0.,-1.,0.));
#4146=DIRECTION('',(0.,-1.,0.));
#4147=DIRECTION('',(-1.,0.,-5.42101086242752E-17));
#4148=DIRECTION('',(-5.42101086242752E-17,0.,1.));
#4149=DIRECTION('',(0.,-1.,0.));
#4150=DIRECTION('',(3.46944695195362E-16,0.,-1.));
#4151=DIRECTION('',(-1.,0.,-3.46944695195362E-16));
#4152=DIRECTION('',(0.,-1.,0.));
#4153=DIRECTION('',(-1.,0.,0.));
#4154=DIRECTION('',(0.,0.,1.));
#4155=DIRECTION('',(0.,0.,-1.));
#4156=DIRECTION('',(-1.,0.,0.));
#4157=DIRECTION('',(0.,-1.,0.));
#4158=DIRECTION('',(0.,-1.,0.));
#4159=DIRECTION('',(-1.,0.,0.));
#4160=DIRECTION('',(0.,0.,1.));
#4161=DIRECTION('',(0.,-1.,0.));
#4162=DIRECTION('',(0.,0.,-1.));
#4163=DIRECTION('',(-1.,0.,0.));
#4164=DIRECTION('',(0.,-1.,0.));
#4165=DIRECTION('',(-1.,0.,0.));
#4166=DIRECTION('',(0.,0.,1.));
#4167=DIRECTION('',(3.46944695195362E-16,0.,-1.));
#4168=DIRECTION('',(-1.,0.,-3.46944695195362E-16));
#4169=DIRECTION('',(0.,-1.,0.));
#4170=DIRECTION('',(0.,-1.,0.));
#4171=DIRECTION('',(-1.,0.,0.));
#4172=DIRECTION('',(0.,0.,1.));
#4173=DIRECTION('',(0.,-1.,0.));
#4174=DIRECTION('',(3.46944695195362E-16,0.,-1.));
#4175=DIRECTION('',(-1.,0.,-3.46944695195362E-16));
#4176=DIRECTION('',(0.,-1.,0.));
#4177=DIRECTION('',(-1.,0.,0.));
#4178=DIRECTION('',(0.,0.,1.));
#4179=DIRECTION('',(0.,0.,-1.));
#4180=DIRECTION('',(-1.,0.,0.));
#4181=DIRECTION('',(0.,-1.,0.));
#4182=DIRECTION('',(0.,-1.,0.));
#4183=DIRECTION('',(-1.,0.,0.));
#4184=DIRECTION('',(0.,0.,1.));
#4185=DIRECTION('',(0.,-1.,0.));
#4186=DIRECTION('',(0.,0.,-1.));
#4187=DIRECTION('',(-1.,0.,0.));
#4188=DIRECTION('',(0.,-1.,0.));
#4189=DIRECTION('',(-1.,0.,0.));
#4190=DIRECTION('',(0.,0.,1.));
#4191=DIRECTION('',(0.,1.,0.));
#4192=DIRECTION('',(0.,0.,1.));
#4193=DIRECTION('',(-1.,0.,0.));
#4194=DIRECTION('',(-1.,0.,0.));
#4195=DIRECTION('',(0.,0.,-1.));
#4196=DIRECTION('',(-1.,0.,0.));
#4197=DIRECTION('',(-1.,0.,0.));
#4198=DIRECTION('',(0.,1.,0.));
#4199=DIRECTION('',(0.,0.,1.));
#4200=DIRECTION('',(-1.,0.,0.));
#4201=DIRECTION('',(0.,0.,-1.));
#4202=DIRECTION('',(-1.,0.,0.));
#4203=DIRECTION('',(0.,1.,0.));
#4204=DIRECTION('',(0.,0.,1.));
#4205=DIRECTION('',(-1.,0.,0.));
#4206=DIRECTION('',(-1.,0.,0.));
#4207=DIRECTION('',(0.,0.,-1.));
#4208=DIRECTION('',(-1.,0.,0.));
#4209=DIRECTION('',(-1.,0.,0.));
#4210=DIRECTION('',(0.,1.,0.));
#4211=DIRECTION('',(0.,0.,1.));
#4212=DIRECTION('',(-1.,0.,0.));
#4213=DIRECTION('',(0.,0.,-1.));
#4214=DIRECTION('',(-1.,0.,0.));
#4215=DIRECTION('',(0.,1.,-5.42101086242752E-17));
#4216=DIRECTION('',(0.,5.42101086242752E-17,1.));
#4217=DIRECTION('',(-1.,0.,0.));
#4218=DIRECTION('',(-1.,0.,0.));
#4219=DIRECTION('',(0.,0.,-1.));
#4220=DIRECTION('',(-1.,0.,0.));
#4221=DIRECTION('',(-1.,0.,0.));
#4222=DIRECTION('',(0.,1.,0.));
#4223=DIRECTION('',(0.,0.,1.));
#4224=DIRECTION('',(-1.,0.,0.));
#4225=DIRECTION('',(0.,0.,-1.));
#4226=DIRECTION('',(-1.,0.,0.));
#4227=DIRECTION('',(0.,1.,0.));
#4228=DIRECTION('',(0.,0.,1.));
#4229=DIRECTION('',(-1.,0.,0.));
#4230=DIRECTION('',(-1.,0.,0.));
#4231=DIRECTION('',(0.,0.,-1.));
#4232=DIRECTION('',(-1.,0.,0.));
#4233=DIRECTION('',(-1.,0.,0.));
#4234=DIRECTION('',(0.,1.,0.));
#4235=DIRECTION('',(0.,0.,1.));
#4236=DIRECTION('',(-1.,0.,0.));
#4237=DIRECTION('',(0.,0.,-1.));
#4238=DIRECTION('',(-1.,0.,0.));
#4239=DIRECTION('',(0.,0.,-1.));
#4240=DIRECTION('',(-1.,0.,0.));
#4241=DIRECTION('',(-1.,0.,0.));
#4242=DIRECTION('',(-1.,0.,0.));
#4243=DIRECTION('',(0.,1.,0.));
#4244=DIRECTION('',(0.,0.,1.));
#4245=DIRECTION('',(-1.,0.,0.));
#4246=DIRECTION('',(0.,0.,-1.));
#4247=DIRECTION('',(-1.,0.,0.));
#4248=DIRECTION('',(-1.,0.,0.));
#4249=DIRECTION('',(0.,1.,0.));
#4250=DIRECTION('',(0.,0.,1.));
#4251=DIRECTION('',(0.,0.,-1.));
#4252=DIRECTION('',(-1.,0.,0.));
#4253=DIRECTION('',(-1.,0.,0.));
#4254=DIRECTION('',(-1.,0.,0.));
#4255=DIRECTION('',(0.,1.,0.));
#4256=DIRECTION('',(0.,0.,1.));
#4257=DIRECTION('',(-1.,0.,0.));
#4258=DIRECTION('',(0.,0.,-1.));
#4259=DIRECTION('',(-1.,0.,0.));
#4260=DIRECTION('',(-1.,0.,0.));
#4261=DIRECTION('',(0.,1.,0.));
#4262=DIRECTION('',(0.,0.,1.));
#4263=DIRECTION('',(0.,0.,-1.));
#4264=DIRECTION('',(-1.,0.,0.));
#4265=DIRECTION('',(-1.,0.,0.));
#4266=DIRECTION('',(-1.,0.,0.));
#4267=DIRECTION('',(0.,1.,0.));
#4268=DIRECTION('',(0.,0.,1.));
#4269=DIRECTION('',(-1.,0.,0.));
#4270=DIRECTION('',(0.,0.,-1.));
#4271=DIRECTION('',(-1.,0.,0.));
#4272=DIRECTION('',(-1.,0.,0.));
#4273=DIRECTION('',(0.,1.,-5.42101086242752E-17));
#4274=DIRECTION('',(0.,5.42101086242752E-17,1.));
#4275=DIRECTION('',(0.,0.,-1.));
#4276=DIRECTION('',(-1.,0.,0.));
#4277=DIRECTION('',(-1.,0.,0.));
#4278=DIRECTION('',(-1.,0.,0.));
#4279=DIRECTION('',(0.,1.,0.));
#4280=DIRECTION('',(0.,0.,1.));
#4281=DIRECTION('',(-1.,0.,0.));
#4282=DIRECTION('',(0.,0.,-1.));
#4283=DIRECTION('',(-1.,0.,0.));
#4284=DIRECTION('',(-1.,0.,0.));
#4285=DIRECTION('',(0.,1.,0.));
#4286=DIRECTION('',(0.,0.,1.));
#4287=DIRECTION('',(0.,0.,-1.));
#4288=DIRECTION('',(-1.,0.,0.));
#4289=DIRECTION('',(0.,-1.,0.));
#4290=DIRECTION('',(0.,-1.,0.));
#4291=DIRECTION('',(-1.,0.,0.));
#4292=DIRECTION('',(0.,0.,1.));
#4293=DIRECTION('',(0.,-1.,0.));
#4294=DIRECTION('',(0.,0.,-1.));
#4295=DIRECTION('',(-1.,0.,0.));
#4296=DIRECTION('',(0.,-1.,0.));
#4297=DIRECTION('',(-1.,0.,0.));
#4298=DIRECTION('',(0.,0.,1.));
#4299=DIRECTION('',(3.46944695195362E-16,0.,-1.));
#4300=DIRECTION('',(-1.,0.,-3.46944695195362E-16));
#4301=DIRECTION('',(0.,-1.,0.));
#4302=DIRECTION('',(0.,-1.,0.));
#4303=DIRECTION('',(-1.,0.,0.));
#4304=DIRECTION('',(0.,0.,1.));
#4305=DIRECTION('',(0.,-1.,0.));
#4306=DIRECTION('',(3.46944695195362E-16,0.,-1.));
#4307=DIRECTION('',(-1.,0.,-3.46944695195362E-16));
#4308=DIRECTION('',(0.,-1.,0.));
#4309=DIRECTION('',(-1.,0.,0.));
#4310=DIRECTION('',(0.,0.,1.));
#4311=DIRECTION('',(1.7347234759768E-16,0.,-1.));
#4312=DIRECTION('',(-1.,0.,-1.7347234759768E-16));
#4313=DIRECTION('',(0.,-1.,0.));
#4314=DIRECTION('',(0.,-1.,0.));
#4315=DIRECTION('',(-1.,0.,0.));
#4316=DIRECTION('',(0.,0.,1.));
#4317=DIRECTION('',(0.,-1.,0.));
#4318=DIRECTION('',(1.7347234759768E-16,0.,-1.));
#4319=DIRECTION('',(-1.,0.,-1.7347234759768E-16));
#4320=DIRECTION('',(0.,-1.,0.));
#4321=DIRECTION('',(-1.,0.,0.));
#4322=DIRECTION('',(0.,0.,1.));
#4323=DIRECTION('',(3.46944695195362E-16,0.,-1.));
#4324=DIRECTION('',(-1.,0.,-3.46944695195362E-16));
#4325=DIRECTION('',(0.,-1.,0.));
#4326=DIRECTION('',(0.,-1.,0.));
#4327=DIRECTION('',(-1.,0.,-5.42101086242752E-17));
#4328=DIRECTION('',(-5.42101086242752E-17,0.,1.));
#4329=DIRECTION('',(0.,-1.,0.));
#4330=DIRECTION('',(3.46944695195362E-16,0.,-1.));
#4331=DIRECTION('',(-1.,0.,-3.46944695195362E-16));
#4332=DIRECTION('',(0.,-1.,0.));
#4333=DIRECTION('',(-1.,0.,0.));
#4334=DIRECTION('',(0.,0.,1.));
#4335=DIRECTION('',(1.7347234759768E-16,0.,-1.));
#4336=DIRECTION('',(-1.,0.,-1.7347234759768E-16));
#4337=DIRECTION('',(0.,-1.,0.));
#4338=DIRECTION('',(0.,-1.,0.));
#4339=DIRECTION('',(-1.,0.,0.));
#4340=DIRECTION('',(0.,0.,1.));
#4341=DIRECTION('',(0.,-1.,0.));
#4342=DIRECTION('',(1.7347234759768E-16,0.,-1.));
#4343=DIRECTION('',(-1.,0.,-1.7347234759768E-16));
#4344=DIRECTION('',(0.,-1.,0.));
#4345=DIRECTION('',(-1.,0.,0.));
#4346=DIRECTION('',(0.,0.,1.));
#4347=DIRECTION('',(1.7347234759768E-16,0.,-1.));
#4348=DIRECTION('',(-1.,0.,-1.7347234759768E-16));
#4349=DIRECTION('',(0.,-1.,0.));
#4350=DIRECTION('',(0.,-1.,0.));
#4351=DIRECTION('',(-1.,0.,0.));
#4352=DIRECTION('',(0.,0.,1.));
#4353=DIRECTION('',(0.,-1.,0.));
#4354=DIRECTION('',(1.7347234759768E-16,0.,-1.));
#4355=DIRECTION('',(-1.,0.,-1.7347234759768E-16));
#4356=DIRECTION('',(0.,-1.,0.));
#4357=DIRECTION('',(-1.,0.,0.));
#4358=DIRECTION('',(0.,0.,1.));
#4359=DIRECTION('',(1.7347234759768E-16,0.,-1.));
#4360=DIRECTION('',(-1.,0.,-1.7347234759768E-16));
#4361=DIRECTION('',(0.,-1.,0.));
#4362=DIRECTION('',(0.,-1.,0.));
#4363=DIRECTION('',(-1.,0.,0.));
#4364=DIRECTION('',(0.,0.,1.));
#4365=DIRECTION('',(0.,-1.,0.));
#4366=DIRECTION('',(1.7347234759768E-16,0.,-1.));
#4367=DIRECTION('',(-1.,0.,-1.7347234759768E-16));
#4368=DIRECTION('',(0.,-1.,0.));
#4369=DIRECTION('',(-1.,0.,0.));
#4370=DIRECTION('',(0.,0.,1.));
#4371=DIRECTION('',(0.,0.,-1.));
#4372=DIRECTION('',(-1.,0.,0.));
#4373=DIRECTION('',(-1.,0.,0.));
#4374=DIRECTION('',(-1.,0.,0.));
#4375=DIRECTION('',(0.,1.,0.));
#4376=DIRECTION('',(0.,0.,1.));
#4377=DIRECTION('',(-1.,0.,0.));
#4378=DIRECTION('',(0.,-1.7347234759768E-16,-1.));
#4379=DIRECTION('',(0.,1.,-1.7347234759768E-16));
#4380=DIRECTION('',(-1.,0.,0.));
#4381=DIRECTION('',(0.,1.,0.));
#4382=DIRECTION('',(0.,0.,1.));
#4383=CARTESIAN_POINT('',(0.,0.,0.));
#4384=CARTESIAN_POINT('',(-0.0362865161001682,0.00173663604259492,0.023));
#4385=CARTESIAN_POINT('',(-0.0362865161001682,0.00173663604259492,0.006));
#4386=CARTESIAN_POINT('',(-0.0362865161001682,-0.0127633639574051,0.006));
#4387=CARTESIAN_POINT('',(-0.0362865161001682,-0.0237633639574051,0.006));
#4388=CARTESIAN_POINT('',(-0.0362865161001682,-0.0127633639574051,0.002));
#4389=CARTESIAN_POINT('',(-0.0362865161001682,-0.0127633639574051,0.002));
#4390=CARTESIAN_POINT('',(-0.0362865161001682,0.00173663604259492,0.002));
#4391=CARTESIAN_POINT('',(-0.0362865161001682,0.0272366360425949,0.002));
#4392=CARTESIAN_POINT('',(-0.0362865161001682,0.0272366360425949,0.023));
#4393=CARTESIAN_POINT('',(-0.0362865161001682,0.0272366360425949,0.023));
#4394=CARTESIAN_POINT('',(-0.0362865161001682,0.00173663604259492,0.023));
#4395=CARTESIAN_POINT('',(-0.0362865161001682,-0.0237633639574051,0.023));
#4396=CARTESIAN_POINT('',(-0.0362865161001682,-0.0237633639574051,0.023));
#4397=CARTESIAN_POINT('',(-0.0362865161001682,-0.0217633639574051,0.023));
#4398=CARTESIAN_POINT('',(-0.0362865161001682,-0.0217633639574051,0.021));
#4399=CARTESIAN_POINT('',(-0.0362865161001682,-0.0217633639574051,0.022));
#4400=CARTESIAN_POINT('',(-0.0362865161001682,0.00173663604259492,0.022));
#4401=CARTESIAN_POINT('',(-0.0362865161001682,-0.0117633639574051,0.022));
#4402=CARTESIAN_POINT('',(-0.0362865161001682,-0.0117633639574051,0.023));
#4403=CARTESIAN_POINT('',(-0.0362865161001682,-0.0117633639574051,0.021));
#4404=CARTESIAN_POINT('',(-0.0362865161001682,0.00173663604259492,0.021));
#4405=CARTESIAN_POINT('',(-0.0362865161001682,-0.0107633639574051,0.023));
#4406=CARTESIAN_POINT('',(-0.0362865161001682,-0.0107633639574051,0.021));
#4407=CARTESIAN_POINT('',(-0.0362865161001682,-0.0107633639574051,0.022));
#4408=CARTESIAN_POINT('',(-0.0362865161001682,0.00173663604259492,0.022));
#4409=CARTESIAN_POINT('',(-0.0362865161001682,-0.000763363957405077,0.022));
#4410=CARTESIAN_POINT('',(-0.0362865161001682,-0.000763363957405076,0.023));
#4411=CARTESIAN_POINT('',(-0.0362865161001682,-0.000763363957405077,0.021));
#4412=CARTESIAN_POINT('',(-0.0362865161001682,0.00173663604259492,0.021));
#4413=CARTESIAN_POINT('',(-0.0362865161001682,0.000236636042594924,0.023));
#4414=CARTESIAN_POINT('',(-0.0362865161001682,0.000236636042594924,0.021));
#4415=CARTESIAN_POINT('',(-0.0362865161001682,0.000236636042594924,0.022));
#4416=CARTESIAN_POINT('',(-0.0362865161001682,0.00173663604259492,0.022));
#4417=CARTESIAN_POINT('',(-0.0362865161001682,0.0102366360425949,0.022));
#4418=CARTESIAN_POINT('',(-0.0362865161001682,0.0102366360425949,0.023));
#4419=CARTESIAN_POINT('',(-0.0362865161001682,0.0102366360425949,0.021));
#4420=CARTESIAN_POINT('',(-0.0362865161001682,0.00173663604259492,0.021));
#4421=CARTESIAN_POINT('',(-0.0362865161001682,0.0112366360425949,0.023));
#4422=CARTESIAN_POINT('',(-0.0362865161001682,0.0112366360425949,0.021));
#4423=CARTESIAN_POINT('',(-0.0362865161001682,0.0112366360425949,0.022));
#4424=CARTESIAN_POINT('',(-0.0362865161001682,0.00173663604259492,0.022));
#4425=CARTESIAN_POINT('',(-0.0362865161001682,0.0212366360425949,0.022));
#4426=CARTESIAN_POINT('',(-0.0362865161001682,0.0212366360425949,0.023));
#4427=CARTESIAN_POINT('',(-0.0362865161001682,0.0212366360425949,0.021));
#4428=CARTESIAN_POINT('',(-0.0362865161001682,0.00173663604259492,0.021));
#4429=CARTESIAN_POINT('',(-0.0362865161001682,0.0112366360425949,0.015));
#4430=CARTESIAN_POINT('',(-0.0362865161001682,0.0112366360425949,0.017));
#4431=CARTESIAN_POINT('',(-0.0362865161001682,0.0112366360425949,0.013));
#4432=CARTESIAN_POINT('',(-0.0362865161001682,0.0162366360425949,0.017));
#4433=CARTESIAN_POINT('',(-0.0362865161001682,0.0212366360425949,0.017));
#4434=CARTESIAN_POINT('',(-0.0362865161001682,0.0212366360425949,0.015));
#4435=CARTESIAN_POINT('',(-0.0362865161001682,0.0212366360425949,0.013));
#4436=CARTESIAN_POINT('',(-0.0362865161001682,0.0162366360425949,0.013));
#4437=CARTESIAN_POINT('',(-0.0462865161001682,0.00173663604259492,0.023));
#4438=CARTESIAN_POINT('',(-0.0462865161001682,0.0162366360425949,0.022));
#4439=CARTESIAN_POINT('',(-0.0462865161001682,0.0212366360425949,0.022));
#4440=CARTESIAN_POINT('',(-0.0462865161001682,0.0112366360425949,0.022));
#4441=CARTESIAN_POINT('',(-0.0462865161001682,0.0112366360425949,0.0215));
#4442=CARTESIAN_POINT('',(-0.0462865161001682,0.0112366360425949,0.021));
#4443=CARTESIAN_POINT('',(-0.0462865161001682,0.0162366360425949,0.021));
#4444=CARTESIAN_POINT('',(-0.0462865161001682,0.0212366360425949,0.021));
#4445=CARTESIAN_POINT('',(-0.0462865161001682,0.0212366360425949,0.0215));
#4446=CARTESIAN_POINT('',(-0.0462865161001682,-0.00576336395740508,0.022));
#4447=CARTESIAN_POINT('',(-0.0462865161001682,-0.000763363957405077,0.022));
#4448=CARTESIAN_POINT('',(-0.0462865161001682,-0.0107633639574051,0.022));
#4449=CARTESIAN_POINT('',(-0.0462865161001682,-0.0107633639574051,0.0215));
#4450=CARTESIAN_POINT('',(-0.0462865161001682,-0.0107633639574051,0.021));
#4451=CARTESIAN_POINT('',(-0.0462865161001682,-0.00576336395740508,0.021));
#4452=CARTESIAN_POINT('',(-0.0462865161001682,-0.000763363957405077,0.021));
#4453=CARTESIAN_POINT('',(-0.0462865161001682,-0.000763363957405076,0.0215));
#4454=CARTESIAN_POINT('',(-0.0462865161001682,0.00173663604259492,0.023));
#4455=CARTESIAN_POINT('',(-0.0462865161001682,0.0352366360425949,0.023));
#4456=CARTESIAN_POINT('',(-0.0462865161001682,-0.0317633639574051,0.023));
#4457=CARTESIAN_POINT('',(-0.0462865161001682,0.0352366360425949,0.));
#4458=CARTESIAN_POINT('',(-0.0462865161001682,0.0352366360425949,0.));
#4459=CARTESIAN_POINT('',(-0.0462865161001682,0.00173663604259492,0.));
#4460=CARTESIAN_POINT('',(-0.0462865161001682,-0.0317633639574051,0.));
#4461=CARTESIAN_POINT('',(-0.0462865161001682,-0.0317633639574051,0.023));
#4462=CARTESIAN_POINT('',(-0.0462865161001682,-0.0167633639574051,0.022));
#4463=CARTESIAN_POINT('',(-0.0462865161001682,-0.0117633639574051,0.022));
#4464=CARTESIAN_POINT('',(-0.0462865161001682,-0.0217633639574051,0.022));
#4465=CARTESIAN_POINT('',(-0.0462865161001682,-0.0217633639574051,0.0215));
#4466=CARTESIAN_POINT('',(-0.0462865161001682,-0.0217633639574051,0.021));
#4467=CARTESIAN_POINT('',(-0.0462865161001682,-0.0167633639574051,0.021));
#4468=CARTESIAN_POINT('',(-0.0462865161001682,-0.0117633639574051,0.021));
#4469=CARTESIAN_POINT('',(-0.0462865161001682,-0.0117633639574051,0.0215));
#4470=CARTESIAN_POINT('',(-0.0462865161001682,0.00523663604259492,0.022));
#4471=CARTESIAN_POINT('',(-0.0462865161001682,0.0102366360425949,0.022));
#4472=CARTESIAN_POINT('',(-0.0462865161001682,0.000236636042594924,0.022));
#4473=CARTESIAN_POINT('',(-0.0462865161001682,0.000236636042594924,0.0215));
#4474=CARTESIAN_POINT('',(-0.0462865161001682,0.000236636042594924,0.021));
#4475=CARTESIAN_POINT('',(-0.0462865161001682,0.00523663604259492,0.021));
#4476=CARTESIAN_POINT('',(-0.0462865161001682,0.0102366360425949,0.021));
#4477=CARTESIAN_POINT('',(-0.0462865161001682,0.0102366360425949,0.0215));
#4478=CARTESIAN_POINT('',(-0.0462865161001682,0.0162366360425949,0.017));
#4479=CARTESIAN_POINT('',(-0.0462865161001682,0.0212366360425949,0.017));
#4480=CARTESIAN_POINT('',(-0.0462865161001682,0.0112366360425949,0.017));
#4481=CARTESIAN_POINT('',(-0.0462865161001682,0.0112366360425949,0.015));
#4482=CARTESIAN_POINT('',(-0.0462865161001682,0.0112366360425949,0.013));
#4483=CARTESIAN_POINT('',(-0.0462865161001682,0.0162366360425949,0.013));
#4484=CARTESIAN_POINT('',(-0.0462865161001682,0.0212366360425949,0.013));
#4485=CARTESIAN_POINT('',(-0.0462865161001682,0.0212366360425949,0.015));
#4486=CARTESIAN_POINT('',(0.00421348389983177,-0.0237633639574051,0.023));
#4487=CARTESIAN_POINT('',(0.00421348389983177,-0.0237633639574051,0.006));
#4488=CARTESIAN_POINT('',(0.0447134838998317,-0.0237633639574051,0.006));
#4489=CARTESIAN_POINT('',(0.00421348389983177,-0.0237633639574051,0.023));
#4490=CARTESIAN_POINT('',(0.0447134838998317,-0.0237633639574051,0.023));
#4491=CARTESIAN_POINT('',(0.0447134838998317,-0.0237633639574051,0.023));
#4492=CARTESIAN_POINT('',(0.0427134838998318,-0.0237633639574051,0.023));
#4493=CARTESIAN_POINT('',(0.0427134838998318,-0.0237633639574051,0.021));
#4494=CARTESIAN_POINT('',(0.0427134838998318,-0.0237633639574051,0.022));
#4495=CARTESIAN_POINT('',(0.00421348389983177,-0.0237633639574051,0.022));
#4496=CARTESIAN_POINT('',(0.0327134838998318,-0.0237633639574051,0.022));
#4497=CARTESIAN_POINT('',(0.0327134838998318,-0.0237633639574051,0.023));
#4498=CARTESIAN_POINT('',(0.0327134838998318,-0.0237633639574051,0.021));
#4499=CARTESIAN_POINT('',(0.00421348389983177,-0.0237633639574051,0.021));
#4500=CARTESIAN_POINT('',(0.0317134838998317,-0.0237633639574051,0.023));
#4501=CARTESIAN_POINT('',(0.0317134838998317,-0.0237633639574051,0.021));
#4502=CARTESIAN_POINT('',(0.0317134838998317,-0.0237633639574051,0.022));
#4503=CARTESIAN_POINT('',(0.00421348389983177,-0.0237633639574051,0.022));
#4504=CARTESIAN_POINT('',(0.0217134838998317,-0.0237633639574051,0.022));
#4505=CARTESIAN_POINT('',(0.0217134838998317,-0.0237633639574051,0.023));
#4506=CARTESIAN_POINT('',(0.0217134838998317,-0.0237633639574051,0.021));
#4507=CARTESIAN_POINT('',(0.00421348389983177,-0.0237633639574051,0.021));
#4508=CARTESIAN_POINT('',(0.0207134838998317,-0.0237633639574051,0.023));
#4509=CARTESIAN_POINT('',(0.0207134838998317,-0.0237633639574051,0.021));
#4510=CARTESIAN_POINT('',(0.0207134838998317,-0.0237633639574051,0.022));
#4511=CARTESIAN_POINT('',(0.00421348389983177,-0.0237633639574051,0.022));
#4512=CARTESIAN_POINT('',(0.0107134838998318,-0.0237633639574051,0.022));
#4513=CARTESIAN_POINT('',(0.0107134838998318,-0.0237633639574051,0.023));
#4514=CARTESIAN_POINT('',(0.0107134838998318,-0.0237633639574051,0.021));
#4515=CARTESIAN_POINT('',(0.00421348389983177,-0.0237633639574051,0.021));
#4516=CARTESIAN_POINT('',(0.00971348389983177,-0.0237633639574051,0.023));
#4517=CARTESIAN_POINT('',(0.00971348389983177,-0.0237633639574051,0.021));
#4518=CARTESIAN_POINT('',(0.00971348389983177,-0.0237633639574051,0.022));
#4519=CARTESIAN_POINT('',(0.00421348389983177,-0.0237633639574051,0.022));
#4520=CARTESIAN_POINT('',(-0.000286516100168234,-0.0237633639574051,0.022));
#4521=CARTESIAN_POINT('',(-0.000286516100168234,-0.0237633639574051,0.023));
#4522=CARTESIAN_POINT('',(-0.000286516100168234,-0.0237633639574051,0.021));
#4523=CARTESIAN_POINT('',(0.00421348389983177,-0.0237633639574051,0.021));
#4524=CARTESIAN_POINT('',(-0.00128651610016823,-0.0237633639574051,0.023));
#4525=CARTESIAN_POINT('',(-0.00128651610016823,-0.0237633639574051,0.021));
#4526=CARTESIAN_POINT('',(-0.00128651610016823,-0.0237633639574051,0.022));
#4527=CARTESIAN_POINT('',(0.00421348389983177,-0.0237633639574051,0.022));
#4528=CARTESIAN_POINT('',(-0.0112865161001682,-0.0237633639574051,0.022));
#4529=CARTESIAN_POINT('',(-0.0112865161001682,-0.0237633639574051,0.023));
#4530=CARTESIAN_POINT('',(-0.0112865161001682,-0.0237633639574051,0.021));
#4531=CARTESIAN_POINT('',(0.00421348389983177,-0.0237633639574051,0.021));
#4532=CARTESIAN_POINT('',(-0.0122865161001682,-0.0237633639574051,0.023));
#4533=CARTESIAN_POINT('',(-0.0122865161001682,-0.0237633639574051,0.021));
#4534=CARTESIAN_POINT('',(-0.0122865161001682,-0.0237633639574051,0.022));
#4535=CARTESIAN_POINT('',(0.00421348389983177,-0.0237633639574051,0.022));
#4536=CARTESIAN_POINT('',(-0.0222865161001683,-0.0237633639574051,0.022));
#4537=CARTESIAN_POINT('',(-0.0222865161001683,-0.0237633639574051,0.023));
#4538=CARTESIAN_POINT('',(-0.0222865161001683,-0.0237633639574051,0.021));
#4539=CARTESIAN_POINT('',(0.00421348389983177,-0.0237633639574051,0.021));
#4540=CARTESIAN_POINT('',(-0.0232865161001683,-0.0237633639574051,0.023));
#4541=CARTESIAN_POINT('',(-0.0232865161001683,-0.0237633639574051,0.021));
#4542=CARTESIAN_POINT('',(-0.0232865161001683,-0.0237633639574051,0.022));
#4543=CARTESIAN_POINT('',(0.00421348389983177,-0.0237633639574051,0.022));
#4544=CARTESIAN_POINT('',(-0.0332865161001683,-0.0237633639574051,0.022));
#4545=CARTESIAN_POINT('',(-0.0332865161001683,-0.0237633639574051,0.023));
#4546=CARTESIAN_POINT('',(-0.0332865161001683,-0.0237633639574051,0.021));
#4547=CARTESIAN_POINT('',(0.00421348389983177,-0.0237633639574051,0.021));
#4548=CARTESIAN_POINT('',(0.0427134838998318,-0.0237633639574051,0.0085));
#4549=CARTESIAN_POINT('',(0.0427134838998318,-0.0237633639574051,0.009));
#4550=CARTESIAN_POINT('',(0.0427134838998318,-0.0237633639574051,0.008));
#4551=CARTESIAN_POINT('',(0.0377134838998317,-0.0237633639574051,0.009));
#4552=CARTESIAN_POINT('',(0.0327134838998318,-0.0237633639574051,0.009));
#4553=CARTESIAN_POINT('',(0.0327134838998318,-0.0237633639574051,0.0085));
#4554=CARTESIAN_POINT('',(0.0327134838998318,-0.0237633639574051,0.008));
#4555=CARTESIAN_POINT('',(0.0377134838998317,-0.0237633639574051,0.008));
#4556=CARTESIAN_POINT('',(0.0317134838998317,-0.0237633639574051,0.0085));
#4557=CARTESIAN_POINT('',(0.0317134838998317,-0.0237633639574051,0.009));
#4558=CARTESIAN_POINT('',(0.0317134838998317,-0.0237633639574051,0.008));
#4559=CARTESIAN_POINT('',(0.0267134838998318,-0.0237633639574051,0.009));
#4560=CARTESIAN_POINT('',(0.0217134838998317,-0.0237633639574051,0.009));
#4561=CARTESIAN_POINT('',(0.0217134838998317,-0.0237633639574051,0.0085));
#4562=CARTESIAN_POINT('',(0.0217134838998317,-0.0237633639574051,0.008));
#4563=CARTESIAN_POINT('',(0.0267134838998318,-0.0237633639574051,0.008));
#4564=CARTESIAN_POINT('',(0.0207134838998317,-0.0237633639574051,0.0085));
#4565=CARTESIAN_POINT('',(0.0207134838998317,-0.0237633639574051,0.009));
#4566=CARTESIAN_POINT('',(0.0207134838998317,-0.0237633639574051,0.008));
#4567=CARTESIAN_POINT('',(0.0157134838998318,-0.0237633639574051,0.009));
#4568=CARTESIAN_POINT('',(0.0107134838998318,-0.0237633639574051,0.009));
#4569=CARTESIAN_POINT('',(0.0107134838998318,-0.0237633639574051,0.0085));
#4570=CARTESIAN_POINT('',(0.0107134838998318,-0.0237633639574051,0.008));
#4571=CARTESIAN_POINT('',(0.0157134838998318,-0.0237633639574051,0.008));
#4572=CARTESIAN_POINT('',(0.00971348389983177,-0.0237633639574051,0.0085));
#4573=CARTESIAN_POINT('',(0.00971348389983177,-0.0237633639574051,0.009));
#4574=CARTESIAN_POINT('',(0.00971348389983177,-0.0237633639574051,0.008));
#4575=CARTESIAN_POINT('',(0.00471348389983177,-0.0237633639574051,0.009));
#4576=CARTESIAN_POINT('',(-0.000286516100168234,-0.0237633639574051,0.009));
#4577=CARTESIAN_POINT('',(-0.000286516100168234,-0.0237633639574051,0.0085));
#4578=CARTESIAN_POINT('',(-0.000286516100168234,-0.0237633639574051,0.008));
#4579=CARTESIAN_POINT('',(0.00471348389983177,-0.0237633639574051,0.008));
#4580=CARTESIAN_POINT('',(-0.00128651610016823,-0.0237633639574051,0.0085));
#4581=CARTESIAN_POINT('',(-0.00128651610016823,-0.0237633639574051,0.009));
#4582=CARTESIAN_POINT('',(-0.00128651610016823,-0.0237633639574051,0.008));
#4583=CARTESIAN_POINT('',(-0.00628651610016823,-0.0237633639574051,0.009));
#4584=CARTESIAN_POINT('',(-0.0112865161001682,-0.0237633639574051,0.009));
#4585=CARTESIAN_POINT('',(-0.0112865161001682,-0.0237633639574051,0.0085));
#4586=CARTESIAN_POINT('',(-0.0112865161001682,-0.0237633639574051,0.008));
#4587=CARTESIAN_POINT('',(-0.00628651610016823,-0.0237633639574051,0.008));
#4588=CARTESIAN_POINT('',(-0.0122865161001682,-0.0237633639574051,0.009));
#4589=CARTESIAN_POINT('',(-0.0122865161001682,-0.0237633639574051,0.01));
#4590=CARTESIAN_POINT('',(-0.0122865161001682,-0.0237633639574051,0.008));
#4591=CARTESIAN_POINT('',(-0.0172865161001683,-0.0237633639574051,0.01));
#4592=CARTESIAN_POINT('',(-0.0222865161001683,-0.0237633639574051,0.01));
#4593=CARTESIAN_POINT('',(-0.0222865161001683,-0.0237633639574051,0.009));
#4594=CARTESIAN_POINT('',(-0.0222865161001683,-0.0237633639574051,0.008));
#4595=CARTESIAN_POINT('',(-0.0172865161001683,-0.0237633639574051,0.008));
#4596=CARTESIAN_POINT('',(-0.0232865161001683,-0.0237633639574051,0.0085));
#4597=CARTESIAN_POINT('',(-0.0232865161001683,-0.0237633639574051,0.009));
#4598=CARTESIAN_POINT('',(-0.0232865161001683,-0.0237633639574051,0.008));
#4599=CARTESIAN_POINT('',(-0.0282865161001682,-0.0237633639574051,0.009));
#4600=CARTESIAN_POINT('',(-0.0332865161001683,-0.0237633639574051,0.009));
#4601=CARTESIAN_POINT('',(-0.0332865161001683,-0.0237633639574051,0.0085));
#4602=CARTESIAN_POINT('',(-0.0332865161001683,-0.0237633639574051,0.008));
#4603=CARTESIAN_POINT('',(-0.0282865161001682,-0.0237633639574051,0.008));
#4604=CARTESIAN_POINT('',(0.00421348389983177,-0.0337633639574051,0.023));
#4605=CARTESIAN_POINT('',(-0.0172865161001683,-0.0337633639574051,0.01));
#4606=CARTESIAN_POINT('',(-0.0222865161001683,-0.0337633639574051,0.01));
#4607=CARTESIAN_POINT('',(-0.0122865161001682,-0.0337633639574051,0.01));
#4608=CARTESIAN_POINT('',(-0.0122865161001682,-0.0337633639574051,0.009));
#4609=CARTESIAN_POINT('',(-0.0122865161001682,-0.0337633639574051,0.008));
#4610=CARTESIAN_POINT('',(-0.0172865161001683,-0.0337633639574051,0.008));
#4611=CARTESIAN_POINT('',(-0.0222865161001683,-0.0337633639574051,0.008));
#4612=CARTESIAN_POINT('',(-0.0222865161001683,-0.0337633639574051,0.009));
#4613=CARTESIAN_POINT('',(0.00471348389983177,-0.0337633639574051,0.009));
#4614=CARTESIAN_POINT('',(-0.000286516100168234,-0.0337633639574051,0.009));
#4615=CARTESIAN_POINT('',(0.00971348389983177,-0.0337633639574051,0.009));
#4616=CARTESIAN_POINT('',(0.00971348389983177,-0.0337633639574051,0.0085));
#4617=CARTESIAN_POINT('',(0.00971348389983177,-0.0337633639574051,0.008));
#4618=CARTESIAN_POINT('',(0.00471348389983177,-0.0337633639574051,0.008));
#4619=CARTESIAN_POINT('',(-0.000286516100168234,-0.0337633639574051,0.008));
#4620=CARTESIAN_POINT('',(-0.000286516100168234,-0.0337633639574051,0.0085));
#4621=CARTESIAN_POINT('',(0.0267134838998318,-0.0337633639574051,0.009));
#4622=CARTESIAN_POINT('',(0.0217134838998317,-0.0337633639574051,0.009));
#4623=CARTESIAN_POINT('',(0.0317134838998317,-0.0337633639574051,0.009));
#4624=CARTESIAN_POINT('',(0.0317134838998317,-0.0337633639574051,0.0085));
#4625=CARTESIAN_POINT('',(0.0317134838998317,-0.0337633639574051,0.008));
#4626=CARTESIAN_POINT('',(0.0267134838998318,-0.0337633639574051,0.008));
#4627=CARTESIAN_POINT('',(0.0217134838998317,-0.0337633639574051,0.008));
#4628=CARTESIAN_POINT('',(0.0217134838998317,-0.0337633639574051,0.0085));
#4629=CARTESIAN_POINT('',(-0.0282865161001682,-0.0337633639574051,0.022));
#4630=CARTESIAN_POINT('',(-0.0332865161001683,-0.0337633639574051,0.022));
#4631=CARTESIAN_POINT('',(-0.0232865161001683,-0.0337633639574051,0.022));
#4632=CARTESIAN_POINT('',(-0.0232865161001683,-0.0337633639574051,0.0215));
#4633=CARTESIAN_POINT('',(-0.0232865161001683,-0.0337633639574051,0.021));
#4634=CARTESIAN_POINT('',(-0.0282865161001682,-0.0337633639574051,0.021));
#4635=CARTESIAN_POINT('',(-0.0332865161001683,-0.0337633639574051,0.021));
#4636=CARTESIAN_POINT('',(-0.0332865161001683,-0.0337633639574051,0.0215));
#4637=CARTESIAN_POINT('',(-0.00628651610016824,-0.0337633639574051,0.022));
#4638=CARTESIAN_POINT('',(-0.0112865161001682,-0.0337633639574051,0.022));
#4639=CARTESIAN_POINT('',(-0.00128651610016823,-0.0337633639574051,0.022));
#4640=CARTESIAN_POINT('',(-0.00128651610016823,-0.0337633639574051,0.0215));
#4641=CARTESIAN_POINT('',(-0.00128651610016823,-0.0337633639574051,0.021));
#4642=CARTESIAN_POINT('',(-0.00628651610016824,-0.0337633639574051,0.021));
#4643=CARTESIAN_POINT('',(-0.0112865161001682,-0.0337633639574051,0.021));
#4644=CARTESIAN_POINT('',(-0.0112865161001682,-0.0337633639574051,0.0215));
#4645=CARTESIAN_POINT('',(0.0157134838998318,-0.0337633639574051,0.022));
#4646=CARTESIAN_POINT('',(0.0107134838998318,-0.0337633639574051,0.022));
#4647=CARTESIAN_POINT('',(0.0207134838998317,-0.0337633639574051,0.022));
#4648=CARTESIAN_POINT('',(0.0207134838998317,-0.0337633639574051,0.0215));
#4649=CARTESIAN_POINT('',(0.0207134838998317,-0.0337633639574051,0.021));
#4650=CARTESIAN_POINT('',(0.0157134838998318,-0.0337633639574051,0.021));
#4651=CARTESIAN_POINT('',(0.0107134838998318,-0.0337633639574051,0.021));
#4652=CARTESIAN_POINT('',(0.0107134838998318,-0.0337633639574051,0.0215));
#4653=CARTESIAN_POINT('',(0.0377134838998317,-0.0337633639574051,0.022));
#4654=CARTESIAN_POINT('',(0.0327134838998318,-0.0337633639574051,0.022));
#4655=CARTESIAN_POINT('',(0.0427134838998318,-0.0337633639574051,0.022));
#4656=CARTESIAN_POINT('',(0.0427134838998318,-0.0337633639574051,0.0215));
#4657=CARTESIAN_POINT('',(0.0427134838998318,-0.0337633639574051,0.021));
#4658=CARTESIAN_POINT('',(0.0377134838998317,-0.0337633639574051,0.021));
#4659=CARTESIAN_POINT('',(0.0327134838998318,-0.0337633639574051,0.021));
#4660=CARTESIAN_POINT('',(0.0327134838998318,-0.0337633639574051,0.0215));
#4661=CARTESIAN_POINT('',(0.00421348389983177,-0.0337633639574051,0.));
#4662=CARTESIAN_POINT('',(-0.0442865161001682,-0.0337633639574051,0.));
#4663=CARTESIAN_POINT('',(0.0527134838998318,-0.0337633639574051,0.));
#4664=CARTESIAN_POINT('',(0.0527134838998318,-0.0337633639574051,0.023));
#4665=CARTESIAN_POINT('',(0.0527134838998318,-0.0337633639574051,0.023));
#4666=CARTESIAN_POINT('',(0.00421348389983177,-0.0337633639574051,0.023));
#4667=CARTESIAN_POINT('',(-0.0442865161001682,-0.0337633639574051,0.023));
#4668=CARTESIAN_POINT('',(-0.0442865161001682,-0.0337633639574051,0.023));
#4669=CARTESIAN_POINT('',(0.0267134838998318,-0.0337633639574051,0.022));
#4670=CARTESIAN_POINT('',(0.0217134838998317,-0.0337633639574051,0.022));
#4671=CARTESIAN_POINT('',(0.0317134838998317,-0.0337633639574051,0.022));
#4672=CARTESIAN_POINT('',(0.0317134838998317,-0.0337633639574051,0.0215));
#4673=CARTESIAN_POINT('',(0.0317134838998317,-0.0337633639574051,0.021));
#4674=CARTESIAN_POINT('',(0.0267134838998318,-0.0337633639574051,0.021));
#4675=CARTESIAN_POINT('',(0.0217134838998317,-0.0337633639574051,0.021));
#4676=CARTESIAN_POINT('',(0.0217134838998317,-0.0337633639574051,0.0215));
#4677=CARTESIAN_POINT('',(0.00471348389983177,-0.0337633639574051,0.022));
#4678=CARTESIAN_POINT('',(-0.000286516100168234,-0.0337633639574051,0.022));
#4679=CARTESIAN_POINT('',(0.00971348389983177,-0.0337633639574051,0.022));
#4680=CARTESIAN_POINT('',(0.00971348389983177,-0.0337633639574051,0.0215));
#4681=CARTESIAN_POINT('',(0.00971348389983177,-0.0337633639574051,0.021));
#4682=CARTESIAN_POINT('',(0.00471348389983177,-0.0337633639574051,0.021));
#4683=CARTESIAN_POINT('',(-0.000286516100168234,-0.0337633639574051,0.021));
#4684=CARTESIAN_POINT('',(-0.000286516100168234,-0.0337633639574051,0.0215));
#4685=CARTESIAN_POINT('',(-0.0172865161001683,-0.0337633639574051,0.022));
#4686=CARTESIAN_POINT('',(-0.0222865161001683,-0.0337633639574051,0.022));
#4687=CARTESIAN_POINT('',(-0.0122865161001682,-0.0337633639574051,0.022));
#4688=CARTESIAN_POINT('',(-0.0122865161001682,-0.0337633639574051,0.0215));
#4689=CARTESIAN_POINT('',(-0.0122865161001682,-0.0337633639574051,0.021));
#4690=CARTESIAN_POINT('',(-0.0172865161001683,-0.0337633639574051,0.021));
#4691=CARTESIAN_POINT('',(-0.0222865161001683,-0.0337633639574051,0.021));
#4692=CARTESIAN_POINT('',(-0.0222865161001683,-0.0337633639574051,0.0215));
#4693=CARTESIAN_POINT('',(0.0377134838998317,-0.0337633639574051,0.009));
#4694=CARTESIAN_POINT('',(0.0327134838998318,-0.0337633639574051,0.009));
#4695=CARTESIAN_POINT('',(0.0427134838998318,-0.0337633639574051,0.009));
#4696=CARTESIAN_POINT('',(0.0427134838998318,-0.0337633639574051,0.0085));
#4697=CARTESIAN_POINT('',(0.0427134838998318,-0.0337633639574051,0.008));
#4698=CARTESIAN_POINT('',(0.0377134838998317,-0.0337633639574051,0.008));
#4699=CARTESIAN_POINT('',(0.0327134838998318,-0.0337633639574051,0.008));
#4700=CARTESIAN_POINT('',(0.0327134838998318,-0.0337633639574051,0.0085));
#4701=CARTESIAN_POINT('',(0.0157134838998318,-0.0337633639574051,0.009));
#4702=CARTESIAN_POINT('',(0.0107134838998318,-0.0337633639574051,0.009));
#4703=CARTESIAN_POINT('',(0.0207134838998317,-0.0337633639574051,0.009));
#4704=CARTESIAN_POINT('',(0.0207134838998317,-0.0337633639574051,0.0085));
#4705=CARTESIAN_POINT('',(0.0207134838998317,-0.0337633639574051,0.008));
#4706=CARTESIAN_POINT('',(0.0157134838998318,-0.0337633639574051,0.008));
#4707=CARTESIAN_POINT('',(0.0107134838998318,-0.0337633639574051,0.008));
#4708=CARTESIAN_POINT('',(0.0107134838998318,-0.0337633639574051,0.0085));
#4709=CARTESIAN_POINT('',(-0.00628651610016823,-0.0337633639574051,0.009));
#4710=CARTESIAN_POINT('',(-0.0112865161001682,-0.0337633639574051,0.009));
#4711=CARTESIAN_POINT('',(-0.00128651610016823,-0.0337633639574051,0.009));
#4712=CARTESIAN_POINT('',(-0.00128651610016823,-0.0337633639574051,0.0085));
#4713=CARTESIAN_POINT('',(-0.00128651610016823,-0.0337633639574051,0.008));
#4714=CARTESIAN_POINT('',(-0.00628651610016823,-0.0337633639574051,0.008));
#4715=CARTESIAN_POINT('',(-0.0112865161001682,-0.0337633639574051,0.008));
#4716=CARTESIAN_POINT('',(-0.0112865161001682,-0.0337633639574051,0.0085));
#4717=CARTESIAN_POINT('',(-0.0282865161001682,-0.0337633639574051,0.009));
#4718=CARTESIAN_POINT('',(-0.0332865161001683,-0.0337633639574051,0.009));
#4719=CARTESIAN_POINT('',(-0.0232865161001683,-0.0337633639574051,0.009));
#4720=CARTESIAN_POINT('',(-0.0232865161001683,-0.0337633639574051,0.0085));
#4721=CARTESIAN_POINT('',(-0.0232865161001683,-0.0337633639574051,0.008));
#4722=CARTESIAN_POINT('',(-0.0282865161001682,-0.0337633639574051,0.008));
#4723=CARTESIAN_POINT('',(-0.0332865161001683,-0.0337633639574051,0.008));
#4724=CARTESIAN_POINT('',(-0.0332865161001683,-0.0337633639574051,0.0085));
#4725=CARTESIAN_POINT('',(0.0447134838998317,0.00173663604259492,0.023));
#4726=CARTESIAN_POINT('',(0.0447134838998317,0.00173663604259492,0.022));
#4727=CARTESIAN_POINT('',(0.0447134838998317,0.000236636042594924,0.022));
#4728=CARTESIAN_POINT('',(0.0447134838998317,0.0102366360425949,0.022));
#4729=CARTESIAN_POINT('',(0.0447134838998317,0.000236636042594924,0.023));
#4730=CARTESIAN_POINT('',(0.0447134838998317,0.000236636042594924,0.021));
#4731=CARTESIAN_POINT('',(0.0447134838998317,0.00173663604259492,0.021));
#4732=CARTESIAN_POINT('',(0.0447134838998317,0.0102366360425949,0.021));
#4733=CARTESIAN_POINT('',(0.0447134838998317,0.0102366360425949,0.023));
#4734=CARTESIAN_POINT('',(0.0447134838998317,0.00173663604259492,0.022));
#4735=CARTESIAN_POINT('',(0.0447134838998317,-0.0217633639574051,0.022));
#4736=CARTESIAN_POINT('',(0.0447134838998317,-0.0117633639574051,0.022));
#4737=CARTESIAN_POINT('',(0.0447134838998317,-0.0217633639574051,0.023));
#4738=CARTESIAN_POINT('',(0.0447134838998317,-0.0217633639574051,0.021));
#4739=CARTESIAN_POINT('',(0.0447134838998317,0.00173663604259492,0.021));
#4740=CARTESIAN_POINT('',(0.0447134838998317,-0.0117633639574051,0.021));
#4741=CARTESIAN_POINT('',(0.0447134838998317,-0.0117633639574051,0.023));
#4742=CARTESIAN_POINT('',(0.0447134838998317,0.0272366360425949,0.023));
#4743=CARTESIAN_POINT('',(0.0447134838998317,0.0272366360425949,0.023));
#4744=CARTESIAN_POINT('',(0.0447134838998317,0.0272366360425949,0.002));
#4745=CARTESIAN_POINT('',(0.0447134838998317,0.00173663604259492,0.002));
#4746=CARTESIAN_POINT('',(0.0447134838998317,0.0122366360425949,0.002));
#4747=CARTESIAN_POINT('',(0.0447134838998317,0.0122366360425949,0.002));
#4748=CARTESIAN_POINT('',(0.0447134838998317,0.0122366360425949,0.006));
#4749=CARTESIAN_POINT('',(0.0447134838998317,0.00173663604259492,0.006));
#4750=CARTESIAN_POINT('',(0.0447134838998317,0.00173663604259492,0.023));
#4751=CARTESIAN_POINT('',(0.0447134838998317,0.00173663604259492,0.022));
#4752=CARTESIAN_POINT('',(0.0447134838998317,-0.0107633639574051,0.022));
#4753=CARTESIAN_POINT('',(0.0447134838998317,-0.000763363957405077,0.022));
#4754=CARTESIAN_POINT('',(0.0447134838998317,-0.0107633639574051,0.023));
#4755=CARTESIAN_POINT('',(0.0447134838998317,-0.0107633639574051,0.021));
#4756=CARTESIAN_POINT('',(0.0447134838998317,0.00173663604259492,0.021));
#4757=CARTESIAN_POINT('',(0.0447134838998317,-0.000763363957405077,0.021));
#4758=CARTESIAN_POINT('',(0.0447134838998317,-0.000763363957405076,0.023));
#4759=CARTESIAN_POINT('',(0.0447134838998317,0.00173663604259492,0.022));
#4760=CARTESIAN_POINT('',(0.0447134838998317,0.0112366360425949,0.022));
#4761=CARTESIAN_POINT('',(0.0447134838998317,0.0212366360425949,0.022));
#4762=CARTESIAN_POINT('',(0.0447134838998317,0.0112366360425949,0.023));
#4763=CARTESIAN_POINT('',(0.0447134838998317,0.0112366360425949,0.021));
#4764=CARTESIAN_POINT('',(0.0447134838998317,0.00173663604259492,0.021));
#4765=CARTESIAN_POINT('',(0.0447134838998317,0.0212366360425949,0.021));
#4766=CARTESIAN_POINT('',(0.0447134838998317,0.0212366360425949,0.023));
#4767=CARTESIAN_POINT('',(0.0547134838998318,0.00173663604259492,0.023));
#4768=CARTESIAN_POINT('',(0.0547134838998318,0.00173663604259492,0.));
#4769=CARTESIAN_POINT('',(0.0547134838998318,0.0352366360425949,0.));
#4770=CARTESIAN_POINT('',(0.0547134838998318,-0.0317633639574051,0.));
#4771=CARTESIAN_POINT('',(0.0547134838998318,0.0352366360425949,0.023));
#4772=CARTESIAN_POINT('',(0.0547134838998318,0.0352366360425949,0.023));
#4773=CARTESIAN_POINT('',(0.0547134838998318,0.00173663604259492,0.023));
#4774=CARTESIAN_POINT('',(0.0547134838998318,-0.0317633639574051,0.023));
#4775=CARTESIAN_POINT('',(0.0547134838998318,-0.0317633639574051,0.));
#4776=CARTESIAN_POINT('',(0.0547134838998318,-0.0217633639574051,0.0215));
#4777=CARTESIAN_POINT('',(0.0547134838998318,-0.0217633639574051,0.022));
#4778=CARTESIAN_POINT('',(0.0547134838998318,-0.0217633639574051,0.021));
#4779=CARTESIAN_POINT('',(0.0547134838998318,-0.0167633639574051,0.022));
#4780=CARTESIAN_POINT('',(0.0547134838998318,-0.0117633639574051,0.022));
#4781=CARTESIAN_POINT('',(0.0547134838998318,-0.0117633639574051,0.0215));
#4782=CARTESIAN_POINT('',(0.0547134838998318,-0.0117633639574051,0.021));
#4783=CARTESIAN_POINT('',(0.0547134838998318,-0.0167633639574051,0.021));
#4784=CARTESIAN_POINT('',(0.0547134838998318,-0.0107633639574051,0.0215));
#4785=CARTESIAN_POINT('',(0.0547134838998318,-0.0107633639574051,0.022));
#4786=CARTESIAN_POINT('',(0.0547134838998318,-0.0107633639574051,0.021));
#4787=CARTESIAN_POINT('',(0.0547134838998318,-0.00576336395740508,0.022));
#4788=CARTESIAN_POINT('',(0.0547134838998318,-0.000763363957405077,0.022));
#4789=CARTESIAN_POINT('',(0.0547134838998318,-0.000763363957405076,0.0215));
#4790=CARTESIAN_POINT('',(0.0547134838998318,-0.000763363957405077,0.021));
#4791=CARTESIAN_POINT('',(0.0547134838998318,-0.00576336395740508,0.021));
#4792=CARTESIAN_POINT('',(0.0547134838998318,0.000236636042594924,0.0215));
#4793=CARTESIAN_POINT('',(0.0547134838998318,0.000236636042594924,0.022));
#4794=CARTESIAN_POINT('',(0.0547134838998318,0.000236636042594924,0.021));
#4795=CARTESIAN_POINT('',(0.0547134838998318,0.00523663604259492,0.022));
#4796=CARTESIAN_POINT('',(0.0547134838998318,0.0102366360425949,0.022));
#4797=CARTESIAN_POINT('',(0.0547134838998318,0.0102366360425949,0.0215));
#4798=CARTESIAN_POINT('',(0.0547134838998318,0.0102366360425949,0.021));
#4799=CARTESIAN_POINT('',(0.0547134838998318,0.00523663604259492,0.021));
#4800=CARTESIAN_POINT('',(0.0547134838998318,0.0112366360425949,0.0215));
#4801=CARTESIAN_POINT('',(0.0547134838998318,0.0112366360425949,0.022));
#4802=CARTESIAN_POINT('',(0.0547134838998318,0.0112366360425949,0.021));
#4803=CARTESIAN_POINT('',(0.0547134838998318,0.0162366360425949,0.022));
#4804=CARTESIAN_POINT('',(0.0547134838998318,0.0212366360425949,0.022));
#4805=CARTESIAN_POINT('',(0.0547134838998318,0.0212366360425949,0.0215));
#4806=CARTESIAN_POINT('',(0.0547134838998318,0.0212366360425949,0.021));
#4807=CARTESIAN_POINT('',(0.0547134838998318,0.0162366360425949,0.021));
#4808=CARTESIAN_POINT('',(0.00421348389983177,0.0272366360425949,0.023));
#4809=CARTESIAN_POINT('',(0.00421348389983177,0.0272366360425949,0.022));
#4810=CARTESIAN_POINT('',(-0.0122865161001682,0.0272366360425949,0.022));
#4811=CARTESIAN_POINT('',(-0.0222865161001683,0.0272366360425949,0.022));
#4812=CARTESIAN_POINT('',(-0.0122865161001682,0.0272366360425949,0.023));
#4813=CARTESIAN_POINT('',(-0.0122865161001682,0.0272366360425949,0.021));
#4814=CARTESIAN_POINT('',(0.00421348389983177,0.0272366360425949,0.021));
#4815=CARTESIAN_POINT('',(-0.0222865161001683,0.0272366360425949,0.021));
#4816=CARTESIAN_POINT('',(-0.0222865161001683,0.0272366360425949,0.023));
#4817=CARTESIAN_POINT('',(0.00421348389983177,0.0272366360425949,0.022));
#4818=CARTESIAN_POINT('',(0.00971348389983177,0.0272366360425949,0.022));
#4819=CARTESIAN_POINT('',(-0.000286516100168234,0.0272366360425949,0.022));
#4820=CARTESIAN_POINT('',(0.00971348389983177,0.0272366360425949,0.023));
#4821=CARTESIAN_POINT('',(0.00971348389983177,0.0272366360425949,0.021));
#4822=CARTESIAN_POINT('',(0.00421348389983177,0.0272366360425949,0.021));
#4823=CARTESIAN_POINT('',(-0.000286516100168234,0.0272366360425949,0.021));
#4824=CARTESIAN_POINT('',(-0.000286516100168234,0.0272366360425949,0.023));
#4825=CARTESIAN_POINT('',(0.00421348389983177,0.0272366360425949,0.022));
#4826=CARTESIAN_POINT('',(0.0317134838998317,0.0272366360425949,0.022));
#4827=CARTESIAN_POINT('',(0.0217134838998317,0.0272366360425949,0.022));
#4828=CARTESIAN_POINT('',(0.0317134838998317,0.0272366360425949,0.023));
#4829=CARTESIAN_POINT('',(0.0317134838998317,0.0272366360425949,0.021));
#4830=CARTESIAN_POINT('',(0.00421348389983177,0.0272366360425949,0.021));
#4831=CARTESIAN_POINT('',(0.0217134838998317,0.0272366360425949,0.021));
#4832=CARTESIAN_POINT('',(0.0217134838998317,0.0272366360425949,0.023));
#4833=CARTESIAN_POINT('',(0.0342134838998317,0.0272366360425949,0.01));
#4834=CARTESIAN_POINT('',(0.0342134838998317,0.0272366360425949,0.019));
#4835=CARTESIAN_POINT('',(0.0342134838998317,0.0272366360425949,0.002));
#4836=CARTESIAN_POINT('',(0.0392134838998317,0.0272366360425949,0.019));
#4837=CARTESIAN_POINT('',(0.0442134838998317,0.0272366360425949,0.019));
#4838=CARTESIAN_POINT('',(0.0442134838998317,0.0272366360425949,0.01));
#4839=CARTESIAN_POINT('',(0.0442134838998317,0.0272366360425949,0.002));
#4840=CARTESIAN_POINT('',(0.00421348389983177,0.0272366360425949,0.002));
#4841=CARTESIAN_POINT('',(0.00421348389983177,0.0272366360425949,0.023));
#4842=CARTESIAN_POINT('',(0.00421348389983177,0.0272366360425949,0.002));
#4843=CARTESIAN_POINT('',(-0.00628651610016824,0.0272366360425949,0.002));
#4844=CARTESIAN_POINT('',(-0.00628651610016824,0.0272366360425949,0.002));
#4845=CARTESIAN_POINT('',(-0.00628651610016824,0.0272366360425949,0.006));
#4846=CARTESIAN_POINT('',(0.00421348389983177,0.0272366360425949,0.006));
#4847=CARTESIAN_POINT('',(0.0327134838998317,0.0272366360425949,0.006));
#4848=CARTESIAN_POINT('',(0.0327134838998317,0.0272366360425949,0.002));
#4849=CARTESIAN_POINT('',(0.0327134838998317,0.0272366360425949,0.002));
#4850=CARTESIAN_POINT('',(0.00421348389983177,0.0272366360425949,0.002));
#4851=CARTESIAN_POINT('',(-0.0162865161001682,0.0272366360425949,0.008));
#4852=CARTESIAN_POINT('',(-0.0212865161001683,0.0272366360425949,0.008));
#4853=CARTESIAN_POINT('',(-0.0112865161001682,0.0272366360425949,0.008));
#4854=CARTESIAN_POINT('',(-0.0212865161001683,0.0272366360425949,0.011));
#4855=CARTESIAN_POINT('',(-0.0212865161001683,0.0272366360425949,0.014));
#4856=CARTESIAN_POINT('',(-0.0162865161001682,0.0272366360425949,0.014));
#4857=CARTESIAN_POINT('',(-0.0112865161001682,0.0272366360425949,0.014));
#4858=CARTESIAN_POINT('',(-0.0112865161001682,0.0272366360425949,0.011));
#4859=CARTESIAN_POINT('',(0.00371348389983177,0.0272366360425949,0.007));
#4860=CARTESIAN_POINT('',(-0.00228651610016823,0.0272366360425949,0.007));
#4861=CARTESIAN_POINT('',(0.00971348389983176,0.0272366360425949,0.007));
#4862=CARTESIAN_POINT('',(-0.00228651610016823,0.0272366360425949,0.01));
#4863=CARTESIAN_POINT('',(-0.00228651610016823,0.0272366360425949,0.013));
#4864=CARTESIAN_POINT('',(0.00371348389983177,0.0272366360425949,0.013));
#4865=CARTESIAN_POINT('',(0.00971348389983176,0.0272366360425949,0.013));
#4866=CARTESIAN_POINT('',(0.00971348389983176,0.0272366360425949,0.01));
#4867=CARTESIAN_POINT('',(0.0237134838998318,0.0272366360425949,0.008));
#4868=CARTESIAN_POINT('',(0.0187134838998318,0.0272366360425949,0.008));
#4869=CARTESIAN_POINT('',(0.0287134838998318,0.0272366360425949,0.008));
#4870=CARTESIAN_POINT('',(0.0187134838998318,0.0272366360425949,0.011));
#4871=CARTESIAN_POINT('',(0.0187134838998318,0.0272366360425949,0.014));
#4872=CARTESIAN_POINT('',(0.0237134838998318,0.0272366360425949,0.014));
#4873=CARTESIAN_POINT('',(0.0287134838998318,0.0272366360425949,0.014));
#4874=CARTESIAN_POINT('',(0.0287134838998318,0.0272366360425949,0.011));
#4875=CARTESIAN_POINT('',(0.00421348389983177,0.0272366360425949,0.022));
#4876=CARTESIAN_POINT('',(0.0427134838998318,0.0272366360425949,0.022));
#4877=CARTESIAN_POINT('',(0.0327134838998318,0.0272366360425949,0.022));
#4878=CARTESIAN_POINT('',(0.0427134838998318,0.0272366360425949,0.023));
#4879=CARTESIAN_POINT('',(0.0427134838998318,0.0272366360425949,0.021));
#4880=CARTESIAN_POINT('',(0.00421348389983177,0.0272366360425949,0.021));
#4881=CARTESIAN_POINT('',(0.0327134838998318,0.0272366360425949,0.021));
#4882=CARTESIAN_POINT('',(0.0327134838998318,0.0272366360425949,0.023));
#4883=CARTESIAN_POINT('',(0.00421348389983177,0.0272366360425949,0.022));
#4884=CARTESIAN_POINT('',(0.0207134838998317,0.0272366360425949,0.022));
#4885=CARTESIAN_POINT('',(0.0107134838998318,0.0272366360425949,0.022));
#4886=CARTESIAN_POINT('',(0.0207134838998317,0.0272366360425949,0.023));
#4887=CARTESIAN_POINT('',(0.0207134838998317,0.0272366360425949,0.021));
#4888=CARTESIAN_POINT('',(0.00421348389983177,0.0272366360425949,0.021));
#4889=CARTESIAN_POINT('',(0.0107134838998318,0.0272366360425949,0.021));
#4890=CARTESIAN_POINT('',(0.0107134838998318,0.0272366360425949,0.023));
#4891=CARTESIAN_POINT('',(0.00421348389983177,0.0272366360425949,0.022));
#4892=CARTESIAN_POINT('',(-0.00128651610016823,0.0272366360425949,0.022));
#4893=CARTESIAN_POINT('',(-0.0112865161001682,0.0272366360425949,0.022));
#4894=CARTESIAN_POINT('',(-0.00128651610016823,0.0272366360425949,0.023));
#4895=CARTESIAN_POINT('',(-0.00128651610016823,0.0272366360425949,0.021));
#4896=CARTESIAN_POINT('',(0.00421348389983177,0.0272366360425949,0.021));
#4897=CARTESIAN_POINT('',(-0.0112865161001682,0.0272366360425949,0.021));
#4898=CARTESIAN_POINT('',(-0.0112865161001682,0.0272366360425949,0.023));
#4899=CARTESIAN_POINT('',(0.00421348389983177,0.0272366360425949,0.022));
#4900=CARTESIAN_POINT('',(-0.0232865161001683,0.0272366360425949,0.022));
#4901=CARTESIAN_POINT('',(-0.0332865161001683,0.0272366360425949,0.022));
#4902=CARTESIAN_POINT('',(-0.0232865161001683,0.0272366360425949,0.023));
#4903=CARTESIAN_POINT('',(-0.0232865161001683,0.0272366360425949,0.021));
#4904=CARTESIAN_POINT('',(0.00421348389983177,0.0272366360425949,0.021));
#4905=CARTESIAN_POINT('',(-0.0332865161001683,0.0272366360425949,0.021));
#4906=CARTESIAN_POINT('',(-0.0332865161001683,0.0272366360425949,0.023));
#4907=CARTESIAN_POINT('',(0.00421348389983177,0.0372366360425949,0.023));
#4908=CARTESIAN_POINT('',(0.00421348389983177,0.0372366360425949,0.));
#4909=CARTESIAN_POINT('',(-0.0442865161001682,0.0372366360425949,0.));
#4910=CARTESIAN_POINT('',(0.0527134838998318,0.0372366360425949,0.));
#4911=CARTESIAN_POINT('',(-0.0442865161001682,0.0372366360425949,0.023));
#4912=CARTESIAN_POINT('',(-0.0442865161001682,0.0372366360425949,0.023));
#4913=CARTESIAN_POINT('',(0.00421348389983177,0.0372366360425949,0.023));
#4914=CARTESIAN_POINT('',(0.0527134838998318,0.0372366360425949,0.023));
#4915=CARTESIAN_POINT('',(0.0527134838998318,0.0372366360425949,0.023));
#4916=CARTESIAN_POINT('',(-0.00228651610016823,0.0372366360425949,0.01));
#4917=CARTESIAN_POINT('',(-0.00228651610016823,0.0372366360425949,0.007));
#4918=CARTESIAN_POINT('',(-0.00228651610016823,0.0372366360425949,0.013));
#4919=CARTESIAN_POINT('',(0.00371348389983177,0.0372366360425949,0.007));
#4920=CARTESIAN_POINT('',(0.00971348389983176,0.0372366360425949,0.007));
#4921=CARTESIAN_POINT('',(0.00971348389983176,0.0372366360425949,0.01));
#4922=CARTESIAN_POINT('',(0.00971348389983176,0.0372366360425949,0.013));
#4923=CARTESIAN_POINT('',(0.00371348389983177,0.0372366360425949,0.013));
#4924=CARTESIAN_POINT('',(-0.0212865161001683,0.0372366360425949,0.011));
#4925=CARTESIAN_POINT('',(-0.0212865161001683,0.0372366360425949,0.008));
#4926=CARTESIAN_POINT('',(-0.0212865161001683,0.0372366360425949,0.014));
#4927=CARTESIAN_POINT('',(-0.0162865161001682,0.0372366360425949,0.008));
#4928=CARTESIAN_POINT('',(-0.0112865161001682,0.0372366360425949,0.008));
#4929=CARTESIAN_POINT('',(-0.0112865161001682,0.0372366360425949,0.011));
#4930=CARTESIAN_POINT('',(-0.0112865161001682,0.0372366360425949,0.014));
#4931=CARTESIAN_POINT('',(-0.0162865161001682,0.0372366360425949,0.014));
#4932=CARTESIAN_POINT('',(0.0187134838998318,0.0372366360425949,0.011));
#4933=CARTESIAN_POINT('',(0.0187134838998318,0.0372366360425949,0.008));
#4934=CARTESIAN_POINT('',(0.0187134838998318,0.0372366360425949,0.014));
#4935=CARTESIAN_POINT('',(0.0237134838998318,0.0372366360425949,0.008));
#4936=CARTESIAN_POINT('',(0.0287134838998318,0.0372366360425949,0.008));
#4937=CARTESIAN_POINT('',(0.0287134838998318,0.0372366360425949,0.011));
#4938=CARTESIAN_POINT('',(0.0287134838998318,0.0372366360425949,0.014));
#4939=CARTESIAN_POINT('',(0.0237134838998318,0.0372366360425949,0.014));
#4940=CARTESIAN_POINT('',(0.0442134838998317,0.0372366360425949,0.01));
#4941=CARTESIAN_POINT('',(0.0442134838998317,0.0372366360425949,0.019));
#4942=CARTESIAN_POINT('',(0.0442134838998317,0.0372366360425949,0.001));
#4943=CARTESIAN_POINT('',(0.0392134838998317,0.0372366360425949,0.019));
#4944=CARTESIAN_POINT('',(0.0342134838998317,0.0372366360425949,0.019));
#4945=CARTESIAN_POINT('',(0.0342134838998317,0.0372366360425949,0.01));
#4946=CARTESIAN_POINT('',(0.0342134838998317,0.0372366360425949,0.001));
#4947=CARTESIAN_POINT('',(0.0392134838998317,0.0372366360425949,0.001));
#4948=CARTESIAN_POINT('',(0.0427134838998318,0.0372366360425949,0.0215));
#4949=CARTESIAN_POINT('',(0.0427134838998318,0.0372366360425949,0.022));
#4950=CARTESIAN_POINT('',(0.0427134838998318,0.0372366360425949,0.021));
#4951=CARTESIAN_POINT('',(0.0377134838998317,0.0372366360425949,0.022));
#4952=CARTESIAN_POINT('',(0.0327134838998318,0.0372366360425949,0.022));
#4953=CARTESIAN_POINT('',(0.0327134838998318,0.0372366360425949,0.0215));
#4954=CARTESIAN_POINT('',(0.0327134838998318,0.0372366360425949,0.021));
#4955=CARTESIAN_POINT('',(0.0377134838998317,0.0372366360425949,0.021));
#4956=CARTESIAN_POINT('',(0.0317134838998317,0.0372366360425949,0.0215));
#4957=CARTESIAN_POINT('',(0.0317134838998317,0.0372366360425949,0.022));
#4958=CARTESIAN_POINT('',(0.0317134838998317,0.0372366360425949,0.021));
#4959=CARTESIAN_POINT('',(0.0267134838998318,0.0372366360425949,0.022));
#4960=CARTESIAN_POINT('',(0.0217134838998317,0.0372366360425949,0.022));
#4961=CARTESIAN_POINT('',(0.0217134838998317,0.0372366360425949,0.0215));
#4962=CARTESIAN_POINT('',(0.0217134838998317,0.0372366360425949,0.021));
#4963=CARTESIAN_POINT('',(0.0267134838998318,0.0372366360425949,0.021));
#4964=CARTESIAN_POINT('',(0.0207134838998317,0.0372366360425949,0.0215));
#4965=CARTESIAN_POINT('',(0.0207134838998317,0.0372366360425949,0.022));
#4966=CARTESIAN_POINT('',(0.0207134838998317,0.0372366360425949,0.021));
#4967=CARTESIAN_POINT('',(0.0157134838998318,0.0372366360425949,0.022));
#4968=CARTESIAN_POINT('',(0.0107134838998318,0.0372366360425949,0.022));
#4969=CARTESIAN_POINT('',(0.0107134838998318,0.0372366360425949,0.0215));
#4970=CARTESIAN_POINT('',(0.0107134838998318,0.0372366360425949,0.021));
#4971=CARTESIAN_POINT('',(0.0157134838998318,0.0372366360425949,0.021));
#4972=CARTESIAN_POINT('',(0.00971348389983177,0.0372366360425949,0.0215));
#4973=CARTESIAN_POINT('',(0.00971348389983177,0.0372366360425949,0.022));
#4974=CARTESIAN_POINT('',(0.00971348389983177,0.0372366360425949,0.021));
#4975=CARTESIAN_POINT('',(0.00471348389983177,0.0372366360425949,0.022));
#4976=CARTESIAN_POINT('',(-0.000286516100168234,0.0372366360425949,0.022));
#4977=CARTESIAN_POINT('',(-0.000286516100168234,0.0372366360425949,0.0215));
#4978=CARTESIAN_POINT('',(-0.000286516100168234,0.0372366360425949,0.021));
#4979=CARTESIAN_POINT('',(0.00471348389983177,0.0372366360425949,0.021));
#4980=CARTESIAN_POINT('',(-0.00128651610016823,0.0372366360425949,0.0215));
#4981=CARTESIAN_POINT('',(-0.00128651610016823,0.0372366360425949,0.022));
#4982=CARTESIAN_POINT('',(-0.00128651610016823,0.0372366360425949,0.021));
#4983=CARTESIAN_POINT('',(-0.00628651610016824,0.0372366360425949,0.022));
#4984=CARTESIAN_POINT('',(-0.0112865161001682,0.0372366360425949,0.022));
#4985=CARTESIAN_POINT('',(-0.0112865161001682,0.0372366360425949,0.0215));
#4986=CARTESIAN_POINT('',(-0.0112865161001682,0.0372366360425949,0.021));
#4987=CARTESIAN_POINT('',(-0.00628651610016824,0.0372366360425949,0.021));
#4988=CARTESIAN_POINT('',(-0.0122865161001682,0.0372366360425949,0.0215));
#4989=CARTESIAN_POINT('',(-0.0122865161001682,0.0372366360425949,0.022));
#4990=CARTESIAN_POINT('',(-0.0122865161001682,0.0372366360425949,0.021));
#4991=CARTESIAN_POINT('',(-0.0172865161001683,0.0372366360425949,0.022));
#4992=CARTESIAN_POINT('',(-0.0222865161001683,0.0372366360425949,0.022));
#4993=CARTESIAN_POINT('',(-0.0222865161001683,0.0372366360425949,0.0215));
#4994=CARTESIAN_POINT('',(-0.0222865161001683,0.0372366360425949,0.021));
#4995=CARTESIAN_POINT('',(-0.0172865161001683,0.0372366360425949,0.021));
#4996=CARTESIAN_POINT('',(-0.0232865161001683,0.0372366360425949,0.0215));
#4997=CARTESIAN_POINT('',(-0.0232865161001683,0.0372366360425949,0.022));
#4998=CARTESIAN_POINT('',(-0.0232865161001683,0.0372366360425949,0.021));
#4999=CARTESIAN_POINT('',(-0.0282865161001682,0.0372366360425949,0.022));
#5000=CARTESIAN_POINT('',(-0.0332865161001683,0.0372366360425949,0.022));
#5001=CARTESIAN_POINT('',(-0.0332865161001683,0.0372366360425949,0.0215));
#5002=CARTESIAN_POINT('',(-0.0332865161001683,0.0372366360425949,0.021));
#5003=CARTESIAN_POINT('',(-0.0282865161001682,0.0372366360425949,0.021));
#5004=CARTESIAN_POINT('',(0.00421348389983177,0.00173663604259491,0.006));
#5005=CARTESIAN_POINT('',(0.0387134838998317,0.0122366360425949,0.006));
#5006=CARTESIAN_POINT('',(0.0327134838998317,0.0122366360425949,0.006));
#5007=CARTESIAN_POINT('',(0.0327134838998317,0.0197366360425949,0.006));
#5008=CARTESIAN_POINT('',(-0.00628651610016823,0.00723663604259492,0.006));
#5009=CARTESIAN_POINT('',(-0.00628651610016823,-0.0127633639574051,0.006));
#5010=CARTESIAN_POINT('',(-0.0212865161001683,-0.0127633639574051,0.006));
#5011=CARTESIAN_POINT('',(0.00421348389983177,0.0272366360425949,0.0115));
#5012=CARTESIAN_POINT('',(0.0342134838998317,0.0272366360425949,0.01));
#5013=CARTESIAN_POINT('',(0.0342134838998317,0.0272366360425949,0.001));
#5014=CARTESIAN_POINT('',(0.00421348389983177,0.0272366360425949,0.002));
#5015=CARTESIAN_POINT('',(0.0442134838998317,0.0272366360425949,0.01));
#5016=CARTESIAN_POINT('',(0.0442134838998317,0.0272366360425949,0.001));
#5017=CARTESIAN_POINT('',(0.0392134838998317,0.0272366360425949,0.001));
#5018=CARTESIAN_POINT('',(0.00421348389983177,0.00173663604259491,0.));
#5019=CARTESIAN_POINT('',(-0.0442865161001682,0.0352366360425949,0.));
#5020=CARTESIAN_POINT('',(0.0527134838998318,0.0352366360425949,0.));
#5021=CARTESIAN_POINT('',(0.0527134838998318,-0.0317633639574051,0.));
#5022=CARTESIAN_POINT('',(-0.0442865161001682,-0.0317633639574051,0.));
#5023=CARTESIAN_POINT('',(0.00421348389983177,0.00173663604259491,0.023));
#5024=CARTESIAN_POINT('',(-0.0442865161001682,0.0352366360425949,0.023));
#5025=CARTESIAN_POINT('',(-0.0442865161001682,-0.0317633639574051,0.023));
#5026=CARTESIAN_POINT('',(0.0527134838998318,-0.0317633639574051,0.023));
#5027=CARTESIAN_POINT('',(0.0527134838998318,0.0352366360425949,0.023));
#5028=CARTESIAN_POINT('',(0.00371348389983177,0.0272366360425949,0.007));
#5029=CARTESIAN_POINT('',(-0.00228651610016823,0.0272366360425949,0.007));
#5030=CARTESIAN_POINT('',(0.00971348389983176,0.0272366360425949,0.007));
#5031=CARTESIAN_POINT('',(-0.00228651610016823,0.0272366360425949,0.01));
#5032=CARTESIAN_POINT('',(-0.00228651610016823,0.0272366360425949,0.013));
#5033=CARTESIAN_POINT('',(0.00371348389983177,0.0272366360425949,0.013));
#5034=CARTESIAN_POINT('',(0.00971348389983176,0.0272366360425949,0.013));
#5035=CARTESIAN_POINT('',(0.00971348389983176,0.0272366360425949,0.01));
#5036=CARTESIAN_POINT('',(-0.0162865161001682,0.0272366360425949,0.008));
#5037=CARTESIAN_POINT('',(-0.0212865161001683,0.0272366360425949,0.008));
#5038=CARTESIAN_POINT('',(-0.0112865161001682,0.0272366360425949,0.008));
#5039=CARTESIAN_POINT('',(-0.0212865161001683,0.0272366360425949,0.011));
#5040=CARTESIAN_POINT('',(-0.0212865161001683,0.0272366360425949,0.014));
#5041=CARTESIAN_POINT('',(-0.0162865161001682,0.0272366360425949,0.014));
#5042=CARTESIAN_POINT('',(-0.0112865161001682,0.0272366360425949,0.014));
#5043=CARTESIAN_POINT('',(-0.0112865161001682,0.0272366360425949,0.011));
#5044=CARTESIAN_POINT('',(0.0237134838998318,0.0272366360425949,0.008));
#5045=CARTESIAN_POINT('',(0.0187134838998318,0.0272366360425949,0.008));
#5046=CARTESIAN_POINT('',(0.0287134838998318,0.0272366360425949,0.008));
#5047=CARTESIAN_POINT('',(0.0187134838998318,0.0272366360425949,0.011));
#5048=CARTESIAN_POINT('',(0.0187134838998318,0.0272366360425949,0.014));
#5049=CARTESIAN_POINT('',(0.0237134838998318,0.0272366360425949,0.014));
#5050=CARTESIAN_POINT('',(0.0287134838998318,0.0272366360425949,0.014));
#5051=CARTESIAN_POINT('',(0.0287134838998318,0.0272366360425949,0.011));
#5052=CARTESIAN_POINT('',(0.0392134838998317,0.0272366360425949,0.019));
#5053=CARTESIAN_POINT('',(0.0442134838998317,0.0272366360425949,0.019));
#5054=CARTESIAN_POINT('',(0.0342134838998317,0.0272366360425949,0.019));
#5055=CARTESIAN_POINT('',(0.0442134838998317,0.0272366360425949,0.01));
#5056=CARTESIAN_POINT('',(0.0442134838998317,0.0272366360425949,0.001));
#5057=CARTESIAN_POINT('',(0.0392134838998317,0.0272366360425949,0.001));
#5058=CARTESIAN_POINT('',(0.0342134838998317,0.0272366360425949,0.001));
#5059=CARTESIAN_POINT('',(0.0342134838998317,0.0272366360425949,0.01));
#5060=CARTESIAN_POINT('',(0.0387134838998317,0.0122366360425949,0.002));
#5061=CARTESIAN_POINT('',(0.0387134838998317,0.0122366360425949,0.002));
#5062=CARTESIAN_POINT('',(0.0327134838998317,0.0122366360425949,0.002));
#5063=CARTESIAN_POINT('',(0.0327134838998317,0.0122366360425949,0.002));
#5064=CARTESIAN_POINT('',(0.0327134838998317,0.0197366360425949,0.002));
#5065=CARTESIAN_POINT('',(0.0327134838998317,0.0197366360425949,0.002));
#5066=CARTESIAN_POINT('',(0.00421348389983177,0.00173663604259492,0.002));
#5067=CARTESIAN_POINT('',(-0.0212865161001683,-0.0127633639574051,0.002));
#5068=CARTESIAN_POINT('',(-0.00628651610016823,-0.0127633639574051,0.002));
#5069=CARTESIAN_POINT('',(-0.00628651610016823,-0.0127633639574051,0.002));
#5070=CARTESIAN_POINT('',(-0.0212865161001683,-0.0127633639574051,0.002));
#5071=CARTESIAN_POINT('',(-0.00628651610016823,0.00723663604259492,0.002));
#5072=CARTESIAN_POINT('',(-0.00628651610016823,0.00723663604259492,0.002));
#5073=CARTESIAN_POINT('',(0.00421348389983177,0.00173663604259492,0.002));
#5074=CARTESIAN_POINT('',(-0.0442865161001682,0.0352366360425949,0.023));
#5075=CARTESIAN_POINT('',(0.0527134838998318,0.0352366360425949,0.023));
#5076=CARTESIAN_POINT('',(0.0527134838998318,-0.0317633639574051,0.023));
#5077=CARTESIAN_POINT('',(-0.0442865161001682,-0.0317633639574051,0.023));
#5078=CARTESIAN_POINT('',(0.0427134838998318,0.0372366360425949,0.0215));
#5079=CARTESIAN_POINT('',(0.0427134838998318,0.0372366360425949,0.021));
#5080=CARTESIAN_POINT('',(0.0427134838998318,0.0372366360425949,0.022));
#5081=CARTESIAN_POINT('',(0.0377134838998317,0.0372366360425949,0.021));
#5082=CARTESIAN_POINT('',(0.0327134838998318,0.0372366360425949,0.021));
#5083=CARTESIAN_POINT('',(0.0327134838998318,0.0372366360425949,0.0215));
#5084=CARTESIAN_POINT('',(0.0327134838998318,0.0372366360425949,0.022));
#5085=CARTESIAN_POINT('',(0.0377134838998317,0.0372366360425949,0.022));
#5086=CARTESIAN_POINT('',(0.0317134838998317,0.0372366360425949,0.0215));
#5087=CARTESIAN_POINT('',(0.0317134838998317,0.0372366360425949,0.021));
#5088=CARTESIAN_POINT('',(0.0317134838998317,0.0372366360425949,0.022));
#5089=CARTESIAN_POINT('',(0.0267134838998318,0.0372366360425949,0.021));
#5090=CARTESIAN_POINT('',(0.0217134838998317,0.0372366360425949,0.021));
#5091=CARTESIAN_POINT('',(0.0217134838998317,0.0372366360425949,0.0215));
#5092=CARTESIAN_POINT('',(0.0217134838998317,0.0372366360425949,0.022));
#5093=CARTESIAN_POINT('',(0.0267134838998318,0.0372366360425949,0.022));
#5094=CARTESIAN_POINT('',(0.0207134838998317,0.0372366360425949,0.0215));
#5095=CARTESIAN_POINT('',(0.0207134838998317,0.0372366360425949,0.021));
#5096=CARTESIAN_POINT('',(0.0207134838998317,0.0372366360425949,0.022));
#5097=CARTESIAN_POINT('',(0.0157134838998318,0.0372366360425949,0.021));
#5098=CARTESIAN_POINT('',(0.0107134838998318,0.0372366360425949,0.021));
#5099=CARTESIAN_POINT('',(0.0107134838998318,0.0372366360425949,0.0215));
#5100=CARTESIAN_POINT('',(0.0107134838998318,0.0372366360425949,0.022));
#5101=CARTESIAN_POINT('',(0.0157134838998318,0.0372366360425949,0.022));
#5102=CARTESIAN_POINT('',(0.00971348389983177,0.0372366360425949,0.0215));
#5103=CARTESIAN_POINT('',(0.00971348389983177,0.0372366360425949,0.021));
#5104=CARTESIAN_POINT('',(0.00971348389983177,0.0372366360425949,0.022));
#5105=CARTESIAN_POINT('',(0.00471348389983177,0.0372366360425949,0.021));
#5106=CARTESIAN_POINT('',(-0.000286516100168234,0.0372366360425949,0.021));
#5107=CARTESIAN_POINT('',(-0.000286516100168234,0.0372366360425949,0.0215));
#5108=CARTESIAN_POINT('',(-0.000286516100168234,0.0372366360425949,0.022));
#5109=CARTESIAN_POINT('',(0.00471348389983177,0.0372366360425949,0.022));
#5110=CARTESIAN_POINT('',(-0.00128651610016823,0.0372366360425949,0.0215));
#5111=CARTESIAN_POINT('',(-0.00128651610016823,0.0372366360425949,0.021));
#5112=CARTESIAN_POINT('',(-0.00128651610016823,0.0372366360425949,0.022));
#5113=CARTESIAN_POINT('',(-0.00628651610016824,0.0372366360425949,0.021));
#5114=CARTESIAN_POINT('',(-0.0112865161001682,0.0372366360425949,0.021));
#5115=CARTESIAN_POINT('',(-0.0112865161001682,0.0372366360425949,0.0215));
#5116=CARTESIAN_POINT('',(-0.0112865161001682,0.0372366360425949,0.022));
#5117=CARTESIAN_POINT('',(-0.00628651610016824,0.0372366360425949,0.022));
#5118=CARTESIAN_POINT('',(-0.0122865161001682,0.0372366360425949,0.0215));
#5119=CARTESIAN_POINT('',(-0.0122865161001682,0.0372366360425949,0.021));
#5120=CARTESIAN_POINT('',(-0.0122865161001682,0.0372366360425949,0.022));
#5121=CARTESIAN_POINT('',(-0.0172865161001683,0.0372366360425949,0.021));
#5122=CARTESIAN_POINT('',(-0.0222865161001683,0.0372366360425949,0.021));
#5123=CARTESIAN_POINT('',(-0.0222865161001683,0.0372366360425949,0.0215));
#5124=CARTESIAN_POINT('',(-0.0222865161001683,0.0372366360425949,0.022));
#5125=CARTESIAN_POINT('',(-0.0172865161001683,0.0372366360425949,0.022));
#5126=CARTESIAN_POINT('',(-0.0232865161001683,0.0372366360425949,0.0215));
#5127=CARTESIAN_POINT('',(-0.0232865161001683,0.0372366360425949,0.021));
#5128=CARTESIAN_POINT('',(-0.0232865161001683,0.0372366360425949,0.022));
#5129=CARTESIAN_POINT('',(-0.0282865161001682,0.0372366360425949,0.021));
#5130=CARTESIAN_POINT('',(-0.0332865161001683,0.0372366360425949,0.021));
#5131=CARTESIAN_POINT('',(-0.0332865161001683,0.0372366360425949,0.0215));
#5132=CARTESIAN_POINT('',(-0.0332865161001683,0.0372366360425949,0.022));
#5133=CARTESIAN_POINT('',(-0.0282865161001682,0.0372366360425949,0.022));
#5134=CARTESIAN_POINT('',(0.0377134838998317,0.0372366360425949,0.022));
#5135=CARTESIAN_POINT('',(0.0327134838998318,0.0372366360425949,0.022));
#5136=CARTESIAN_POINT('',(0.0427134838998318,0.0372366360425949,0.022));
#5137=CARTESIAN_POINT('',(0.0327134838998318,0.0372366360425949,0.0215));
#5138=CARTESIAN_POINT('',(0.0327134838998318,0.0372366360425949,0.021));
#5139=CARTESIAN_POINT('',(0.0377134838998317,0.0372366360425949,0.021));
#5140=CARTESIAN_POINT('',(0.0427134838998318,0.0372366360425949,0.021));
#5141=CARTESIAN_POINT('',(0.0427134838998318,0.0372366360425949,0.0215));
#5142=CARTESIAN_POINT('',(0.0267134838998318,0.0372366360425949,0.022));
#5143=CARTESIAN_POINT('',(0.0217134838998317,0.0372366360425949,0.022));
#5144=CARTESIAN_POINT('',(0.0317134838998317,0.0372366360425949,0.022));
#5145=CARTESIAN_POINT('',(0.0217134838998317,0.0372366360425949,0.0215));
#5146=CARTESIAN_POINT('',(0.0217134838998317,0.0372366360425949,0.021));
#5147=CARTESIAN_POINT('',(0.0267134838998318,0.0372366360425949,0.021));
#5148=CARTESIAN_POINT('',(0.0317134838998317,0.0372366360425949,0.021));
#5149=CARTESIAN_POINT('',(0.0317134838998317,0.0372366360425949,0.0215));
#5150=CARTESIAN_POINT('',(0.0157134838998318,0.0372366360425949,0.022));
#5151=CARTESIAN_POINT('',(0.0107134838998318,0.0372366360425949,0.022));
#5152=CARTESIAN_POINT('',(0.0207134838998317,0.0372366360425949,0.022));
#5153=CARTESIAN_POINT('',(0.0107134838998318,0.0372366360425949,0.0215));
#5154=CARTESIAN_POINT('',(0.0107134838998318,0.0372366360425949,0.021));
#5155=CARTESIAN_POINT('',(0.0157134838998318,0.0372366360425949,0.021));
#5156=CARTESIAN_POINT('',(0.0207134838998317,0.0372366360425949,0.021));
#5157=CARTESIAN_POINT('',(0.0207134838998317,0.0372366360425949,0.0215));
#5158=CARTESIAN_POINT('',(0.00471348389983177,0.0372366360425949,0.022));
#5159=CARTESIAN_POINT('',(-0.000286516100168234,0.0372366360425949,0.022));
#5160=CARTESIAN_POINT('',(0.00971348389983177,0.0372366360425949,0.022));
#5161=CARTESIAN_POINT('',(-0.000286516100168234,0.0372366360425949,0.0215));
#5162=CARTESIAN_POINT('',(-0.000286516100168234,0.0372366360425949,0.021));
#5163=CARTESIAN_POINT('',(0.00471348389983177,0.0372366360425949,0.021));
#5164=CARTESIAN_POINT('',(0.00971348389983177,0.0372366360425949,0.021));
#5165=CARTESIAN_POINT('',(0.00971348389983177,0.0372366360425949,0.0215));
#5166=CARTESIAN_POINT('',(-0.00628651610016824,0.0372366360425949,0.022));
#5167=CARTESIAN_POINT('',(-0.0112865161001682,0.0372366360425949,0.022));
#5168=CARTESIAN_POINT('',(-0.00128651610016823,0.0372366360425949,0.022));
#5169=CARTESIAN_POINT('',(-0.0112865161001682,0.0372366360425949,0.0215));
#5170=CARTESIAN_POINT('',(-0.0112865161001682,0.0372366360425949,0.021));
#5171=CARTESIAN_POINT('',(-0.00628651610016824,0.0372366360425949,0.021));
#5172=CARTESIAN_POINT('',(-0.00128651610016823,0.0372366360425949,0.021));
#5173=CARTESIAN_POINT('',(-0.00128651610016823,0.0372366360425949,0.0215));
#5174=CARTESIAN_POINT('',(-0.0172865161001683,0.0372366360425949,0.022));
#5175=CARTESIAN_POINT('',(-0.0222865161001683,0.0372366360425949,0.022));
#5176=CARTESIAN_POINT('',(-0.0122865161001682,0.0372366360425949,0.022));
#5177=CARTESIAN_POINT('',(-0.0222865161001683,0.0372366360425949,0.0215));
#5178=CARTESIAN_POINT('',(-0.0222865161001683,0.0372366360425949,0.021));
#5179=CARTESIAN_POINT('',(-0.0172865161001683,0.0372366360425949,0.021));
#5180=CARTESIAN_POINT('',(-0.0122865161001682,0.0372366360425949,0.021));
#5181=CARTESIAN_POINT('',(-0.0122865161001682,0.0372366360425949,0.0215));
#5182=CARTESIAN_POINT('',(-0.0282865161001682,0.0372366360425949,0.022));
#5183=CARTESIAN_POINT('',(-0.0332865161001683,0.0372366360425949,0.022));
#5184=CARTESIAN_POINT('',(-0.0232865161001683,0.0372366360425949,0.022));
#5185=CARTESIAN_POINT('',(-0.0332865161001683,0.0372366360425949,0.0215));
#5186=CARTESIAN_POINT('',(-0.0332865161001683,0.0372366360425949,0.021));
#5187=CARTESIAN_POINT('',(-0.0282865161001682,0.0372366360425949,0.021));
#5188=CARTESIAN_POINT('',(-0.0232865161001683,0.0372366360425949,0.021));
#5189=CARTESIAN_POINT('',(-0.0232865161001683,0.0372366360425949,0.0215));
#5190=CARTESIAN_POINT('',(0.0547134838998318,-0.0217633639574051,0.0215));
#5191=CARTESIAN_POINT('',(0.0547134838998318,-0.0217633639574051,0.022));
#5192=CARTESIAN_POINT('',(0.0547134838998318,-0.0217633639574051,0.021));
#5193=CARTESIAN_POINT('',(0.0547134838998318,-0.0167633639574051,0.021));
#5194=CARTESIAN_POINT('',(0.0547134838998318,-0.0117633639574051,0.021));
#5195=CARTESIAN_POINT('',(0.0547134838998318,-0.0117633639574051,0.0215));
#5196=CARTESIAN_POINT('',(0.0547134838998318,-0.0117633639574051,0.022));
#5197=CARTESIAN_POINT('',(0.0547134838998318,-0.0167633639574051,0.022));
#5198=CARTESIAN_POINT('',(0.0547134838998318,-0.0107633639574051,0.0215));
#5199=CARTESIAN_POINT('',(0.0547134838998318,-0.0107633639574051,0.022));
#5200=CARTESIAN_POINT('',(0.0547134838998318,-0.0107633639574051,0.021));
#5201=CARTESIAN_POINT('',(0.0547134838998318,-0.00576336395740508,0.021));
#5202=CARTESIAN_POINT('',(0.0547134838998318,-0.000763363957405077,0.021));
#5203=CARTESIAN_POINT('',(0.0547134838998318,-0.000763363957405076,0.0215));
#5204=CARTESIAN_POINT('',(0.0547134838998318,-0.000763363957405077,0.022));
#5205=CARTESIAN_POINT('',(0.0547134838998318,-0.00576336395740508,0.022));
#5206=CARTESIAN_POINT('',(0.0547134838998318,0.000236636042594924,0.0215));
#5207=CARTESIAN_POINT('',(0.0547134838998318,0.000236636042594924,0.022));
#5208=CARTESIAN_POINT('',(0.0547134838998318,0.000236636042594924,0.021));
#5209=CARTESIAN_POINT('',(0.0547134838998318,0.00523663604259492,0.021));
#5210=CARTESIAN_POINT('',(0.0547134838998318,0.0102366360425949,0.021));
#5211=CARTESIAN_POINT('',(0.0547134838998318,0.0102366360425949,0.0215));
#5212=CARTESIAN_POINT('',(0.0547134838998318,0.0102366360425949,0.022));
#5213=CARTESIAN_POINT('',(0.0547134838998318,0.00523663604259492,0.022));
#5214=CARTESIAN_POINT('',(0.0547134838998318,0.0112366360425949,0.0215));
#5215=CARTESIAN_POINT('',(0.0547134838998318,0.0112366360425949,0.022));
#5216=CARTESIAN_POINT('',(0.0547134838998318,0.0112366360425949,0.021));
#5217=CARTESIAN_POINT('',(0.0547134838998318,0.0162366360425949,0.021));
#5218=CARTESIAN_POINT('',(0.0547134838998318,0.0212366360425949,0.021));
#5219=CARTESIAN_POINT('',(0.0547134838998318,0.0212366360425949,0.0215));
#5220=CARTESIAN_POINT('',(0.0547134838998318,0.0212366360425949,0.022));
#5221=CARTESIAN_POINT('',(0.0547134838998318,0.0162366360425949,0.022));
#5222=CARTESIAN_POINT('',(0.0547134838998318,-0.0167633639574051,0.022));
#5223=CARTESIAN_POINT('',(0.0547134838998318,-0.0217633639574051,0.022));
#5224=CARTESIAN_POINT('',(0.0547134838998318,-0.0117633639574051,0.022));
#5225=CARTESIAN_POINT('',(0.0547134838998318,-0.0117633639574051,0.0215));
#5226=CARTESIAN_POINT('',(0.0547134838998318,-0.0117633639574051,0.021));
#5227=CARTESIAN_POINT('',(0.0547134838998318,-0.0167633639574051,0.021));
#5228=CARTESIAN_POINT('',(0.0547134838998318,-0.0217633639574051,0.021));
#5229=CARTESIAN_POINT('',(0.0547134838998318,-0.0217633639574051,0.0215));
#5230=CARTESIAN_POINT('',(0.0547134838998318,-0.00576336395740508,0.022));
#5231=CARTESIAN_POINT('',(0.0547134838998318,-0.0107633639574051,0.022));
#5232=CARTESIAN_POINT('',(0.0547134838998318,-0.000763363957405077,0.022));
#5233=CARTESIAN_POINT('',(0.0547134838998318,-0.000763363957405076,0.0215));
#5234=CARTESIAN_POINT('',(0.0547134838998318,-0.000763363957405077,0.021));
#5235=CARTESIAN_POINT('',(0.0547134838998318,-0.00576336395740508,0.021));
#5236=CARTESIAN_POINT('',(0.0547134838998318,-0.0107633639574051,0.021));
#5237=CARTESIAN_POINT('',(0.0547134838998318,-0.0107633639574051,0.0215));
#5238=CARTESIAN_POINT('',(0.0547134838998318,0.00523663604259492,0.022));
#5239=CARTESIAN_POINT('',(0.0547134838998318,0.000236636042594924,0.022));
#5240=CARTESIAN_POINT('',(0.0547134838998318,0.0102366360425949,0.022));
#5241=CARTESIAN_POINT('',(0.0547134838998318,0.0102366360425949,0.0215));
#5242=CARTESIAN_POINT('',(0.0547134838998318,0.0102366360425949,0.021));
#5243=CARTESIAN_POINT('',(0.0547134838998318,0.00523663604259492,0.021));
#5244=CARTESIAN_POINT('',(0.0547134838998318,0.000236636042594924,0.021));
#5245=CARTESIAN_POINT('',(0.0547134838998318,0.000236636042594924,0.0215));
#5246=CARTESIAN_POINT('',(0.0547134838998318,0.0162366360425949,0.022));
#5247=CARTESIAN_POINT('',(0.0547134838998318,0.0112366360425949,0.022));
#5248=CARTESIAN_POINT('',(0.0547134838998318,0.0212366360425949,0.022));
#5249=CARTESIAN_POINT('',(0.0547134838998318,0.0212366360425949,0.0215));
#5250=CARTESIAN_POINT('',(0.0547134838998318,0.0212366360425949,0.021));
#5251=CARTESIAN_POINT('',(0.0547134838998318,0.0162366360425949,0.021));
#5252=CARTESIAN_POINT('',(0.0547134838998318,0.0112366360425949,0.021));
#5253=CARTESIAN_POINT('',(0.0547134838998318,0.0112366360425949,0.0215));
#5254=CARTESIAN_POINT('',(0.0377134838998317,-0.0237633639574051,0.009));
#5255=CARTESIAN_POINT('',(0.0327134838998318,-0.0237633639574051,0.009));
#5256=CARTESIAN_POINT('',(0.0427134838998318,-0.0237633639574051,0.009));
#5257=CARTESIAN_POINT('',(0.0327134838998318,-0.0237633639574051,0.0085));
#5258=CARTESIAN_POINT('',(0.0327134838998318,-0.0237633639574051,0.008));
#5259=CARTESIAN_POINT('',(0.0377134838998317,-0.0237633639574051,0.008));
#5260=CARTESIAN_POINT('',(0.0427134838998318,-0.0237633639574051,0.008));
#5261=CARTESIAN_POINT('',(0.0427134838998318,-0.0237633639574051,0.0085));
#5262=CARTESIAN_POINT('',(0.0267134838998318,-0.0237633639574051,0.009));
#5263=CARTESIAN_POINT('',(0.0217134838998317,-0.0237633639574051,0.009));
#5264=CARTESIAN_POINT('',(0.0317134838998317,-0.0237633639574051,0.009));
#5265=CARTESIAN_POINT('',(0.0217134838998317,-0.0237633639574051,0.0085));
#5266=CARTESIAN_POINT('',(0.0217134838998317,-0.0237633639574051,0.008));
#5267=CARTESIAN_POINT('',(0.0267134838998318,-0.0237633639574051,0.008));
#5268=CARTESIAN_POINT('',(0.0317134838998317,-0.0237633639574051,0.008));
#5269=CARTESIAN_POINT('',(0.0317134838998317,-0.0237633639574051,0.0085));
#5270=CARTESIAN_POINT('',(0.0157134838998318,-0.0237633639574051,0.009));
#5271=CARTESIAN_POINT('',(0.0107134838998318,-0.0237633639574051,0.009));
#5272=CARTESIAN_POINT('',(0.0207134838998317,-0.0237633639574051,0.009));
#5273=CARTESIAN_POINT('',(0.0107134838998318,-0.0237633639574051,0.0085));
#5274=CARTESIAN_POINT('',(0.0107134838998318,-0.0237633639574051,0.008));
#5275=CARTESIAN_POINT('',(0.0157134838998318,-0.0237633639574051,0.008));
#5276=CARTESIAN_POINT('',(0.0207134838998317,-0.0237633639574051,0.008));
#5277=CARTESIAN_POINT('',(0.0207134838998317,-0.0237633639574051,0.0085));
#5278=CARTESIAN_POINT('',(0.00471348389983177,-0.0237633639574051,0.009));
#5279=CARTESIAN_POINT('',(-0.000286516100168234,-0.0237633639574051,0.009));
#5280=CARTESIAN_POINT('',(0.00971348389983177,-0.0237633639574051,0.009));
#5281=CARTESIAN_POINT('',(-0.000286516100168234,-0.0237633639574051,0.0085));
#5282=CARTESIAN_POINT('',(-0.000286516100168234,-0.0237633639574051,0.008));
#5283=CARTESIAN_POINT('',(0.00471348389983177,-0.0237633639574051,0.008));
#5284=CARTESIAN_POINT('',(0.00971348389983177,-0.0237633639574051,0.008));
#5285=CARTESIAN_POINT('',(0.00971348389983177,-0.0237633639574051,0.0085));
#5286=CARTESIAN_POINT('',(-0.00628651610016823,-0.0237633639574051,0.009));
#5287=CARTESIAN_POINT('',(-0.0112865161001682,-0.0237633639574051,0.009));
#5288=CARTESIAN_POINT('',(-0.00128651610016823,-0.0237633639574051,0.009));
#5289=CARTESIAN_POINT('',(-0.0112865161001682,-0.0237633639574051,0.0085));
#5290=CARTESIAN_POINT('',(-0.0112865161001682,-0.0237633639574051,0.008));
#5291=CARTESIAN_POINT('',(-0.00628651610016823,-0.0237633639574051,0.008));
#5292=CARTESIAN_POINT('',(-0.00128651610016823,-0.0237633639574051,0.008));
#5293=CARTESIAN_POINT('',(-0.00128651610016823,-0.0237633639574051,0.0085));
#5294=CARTESIAN_POINT('',(-0.0172865161001683,-0.0237633639574051,0.01));
#5295=CARTESIAN_POINT('',(-0.0222865161001683,-0.0237633639574051,0.01));
#5296=CARTESIAN_POINT('',(-0.0122865161001682,-0.0237633639574051,0.01));
#5297=CARTESIAN_POINT('',(-0.0222865161001683,-0.0237633639574051,0.009));
#5298=CARTESIAN_POINT('',(-0.0222865161001683,-0.0237633639574051,0.008));
#5299=CARTESIAN_POINT('',(-0.0172865161001683,-0.0237633639574051,0.008));
#5300=CARTESIAN_POINT('',(-0.0122865161001682,-0.0237633639574051,0.008));
#5301=CARTESIAN_POINT('',(-0.0122865161001682,-0.0237633639574051,0.009));
#5302=CARTESIAN_POINT('',(-0.0282865161001682,-0.0237633639574051,0.009));
#5303=CARTESIAN_POINT('',(-0.0332865161001683,-0.0237633639574051,0.009));
#5304=CARTESIAN_POINT('',(-0.0232865161001683,-0.0237633639574051,0.009));
#5305=CARTESIAN_POINT('',(-0.0332865161001683,-0.0237633639574051,0.0085));
#5306=CARTESIAN_POINT('',(-0.0332865161001683,-0.0237633639574051,0.008));
#5307=CARTESIAN_POINT('',(-0.0282865161001682,-0.0237633639574051,0.008));
#5308=CARTESIAN_POINT('',(-0.0232865161001683,-0.0237633639574051,0.008));
#5309=CARTESIAN_POINT('',(-0.0232865161001683,-0.0237633639574051,0.0085));
#5310=CARTESIAN_POINT('',(-0.0362865161001682,0.0162366360425949,0.017));
#5311=CARTESIAN_POINT('',(-0.0362865161001682,0.0212366360425949,0.017));
#5312=CARTESIAN_POINT('',(-0.0362865161001682,0.0112366360425949,0.017));
#5313=CARTESIAN_POINT('',(-0.0362865161001682,0.0212366360425949,0.015));
#5314=CARTESIAN_POINT('',(-0.0362865161001682,0.0212366360425949,0.013));
#5315=CARTESIAN_POINT('',(-0.0362865161001682,0.0162366360425949,0.013));
#5316=CARTESIAN_POINT('',(-0.0362865161001682,0.0112366360425949,0.013));
#5317=CARTESIAN_POINT('',(-0.0362865161001682,0.0112366360425949,0.015));
#5318=MECHANICAL_DESIGN_GEOMETRIC_PRESENTATION_REPRESENTATION('',(#3413),
#5319);
#5319=(
GEOMETRIC_REPRESENTATION_CONTEXT(3)
GLOBAL_UNCERTAINTY_ASSIGNED_CONTEXT((#5320))
GLOBAL_UNIT_ASSIGNED_CONTEXT((#5323,#5322,#5321))
REPRESENTATION_CONTEXT('Part 1','TOP_LEVEL_ASSEMBLY_PART')
);
#5320=UNCERTAINTY_MEASURE_WITH_UNIT(LENGTH_MEASURE(1.E-8),#5323,
'DISTANCE_ACCURACY_VALUE','Maximum Tolerance applied to model');
#5321=(
NAMED_UNIT(*)
SI_UNIT($,.STERADIAN.)
SOLID_ANGLE_UNIT()
);
#5322=(
NAMED_UNIT(*)
PLANE_ANGLE_UNIT()
SI_UNIT($,.RADIAN.)
);
#5323=(
LENGTH_UNIT()
NAMED_UNIT(*)
SI_UNIT($,.METRE.)
);
#5324=PRODUCT_DEFINITION_SHAPE('','',#5325);
#5325=PRODUCT_DEFINITION('','',#5327,#5326);
#5326=PRODUCT_DEFINITION_CONTEXT('',#5333,'design');
#5327=PRODUCT_DEFINITION_FORMATION_WITH_SPECIFIED_SOURCE('','',#5329,
 .NOT_KNOWN.);
#5328=PRODUCT_RELATED_PRODUCT_CATEGORY('','',(#5329));
#5329=PRODUCT('Part 1','Part 1','Part 1',(#5331));
#5330=PRODUCT_CATEGORY('','');
#5331=PRODUCT_CONTEXT('',#5333,'mechanical');
#5332=APPLICATION_PROTOCOL_DEFINITION('international standard',
'ap242_managed_model_based_3d_engineering',2020,#5333);
#5333=APPLICATION_CONTEXT('managed model based 3d engineering');
ENDSEC;
END-ISO-10303-21;
