ISO-10303-21;
HEADER;
/* Generated by software containing ST-Developer
 * from STEP Tools, Inc. (www.steptools.com) 
 */
/* OPTION: using custom renumber hook */

FILE_DESCRIPTION(
/* description */ ('STEP AP242 Edition 2',
'CAx-IF Rec.Pracs.---Representation and Presentation of Product Manufa
cturing Information (PMI)---4.0---2014-10-13',
'CAx-IF Rec.Pracs.---3D Tessellated Geometry---0.4---2014-09-14','2;1',
'CAx-IF Rec.Pracs.---User Defined Attributes---1.5---2016-08-15'),
/* implementation_level */ '2;1');

FILE_NAME(
/* name */ 'Indoor-Bottom',
/* time_stamp */ '2026-10-06T00:27:07Z',
/* author */ (''),
/* organization */ (''),
/* preprocessor_version */ 'ST-DEVELOPER v20',
/* originating_system */ 'ONSHAPE BY PTC INC, 1.221',
/* authorisation */ '  ');

FILE_SCHEMA (('AP242_MANAGED_MODEL_BASED_3D_ENGINEERING_MIM_LF { 1 0 10303 442 3 1 4 }'));
ENDSEC;

DATA;
#10=SHAPE_REPRESENTATION_RELATIONSHIP('','',#2790,#11);
#11=ADVANCED_BREP_SHAPE_REPRESENTATION('',(#2788),#4344);
#12=CYLINDRICAL_SURFACE('',#2845,0.002);
#13=CYLINDRICAL_SURFACE('',#2846,0.002);
#14=CYLINDRICAL_SURFACE('',#2847,0.002);
#15=CYLINDRICAL_SURFACE('',#2848,0.002);
#16=CIRCLE('',#2800,0.002);
#17=CIRCLE('',#2801,0.002);
#18=CIRCLE('',#2802,0.002);
#19=CIRCLE('',#2803,0.002);
#20=CIRCLE('',#2808,0.002);
#21=CIRCLE('',#2809,0.002);
#22=CIRCLE('',#2810,0.002);
#23=CIRCLE('',#2811,0.002);
#24=ORIENTED_EDGE('',*,*,#786,.F.);
#25=ORIENTED_EDGE('',*,*,#787,.F.);
#26=ORIENTED_EDGE('',*,*,#788,.T.);
#27=ORIENTED_EDGE('',*,*,#789,.T.);
#28=ORIENTED_EDGE('',*,*,#790,.T.);
#29=ORIENTED_EDGE('',*,*,#791,.T.);
#30=ORIENTED_EDGE('',*,*,#792,.F.);
#31=ORIENTED_EDGE('',*,*,#793,.F.);
#32=ORIENTED_EDGE('',*,*,#794,.T.);
#33=ORIENTED_EDGE('',*,*,#795,.T.);
#34=ORIENTED_EDGE('',*,*,#796,.F.);
#35=ORIENTED_EDGE('',*,*,#797,.F.);
#36=ORIENTED_EDGE('',*,*,#798,.T.);
#37=ORIENTED_EDGE('',*,*,#799,.T.);
#38=ORIENTED_EDGE('',*,*,#800,.F.);
#39=ORIENTED_EDGE('',*,*,#801,.F.);
#40=ORIENTED_EDGE('',*,*,#802,.T.);
#41=ORIENTED_EDGE('',*,*,#803,.T.);
#42=ORIENTED_EDGE('',*,*,#804,.F.);
#43=ORIENTED_EDGE('',*,*,#805,.F.);
#44=ORIENTED_EDGE('',*,*,#806,.T.);
#45=ORIENTED_EDGE('',*,*,#807,.T.);
#46=ORIENTED_EDGE('',*,*,#808,.F.);
#47=ORIENTED_EDGE('',*,*,#809,.F.);
#48=ORIENTED_EDGE('',*,*,#810,.T.);
#49=ORIENTED_EDGE('',*,*,#811,.T.);
#50=ORIENTED_EDGE('',*,*,#812,.F.);
#51=ORIENTED_EDGE('',*,*,#813,.F.);
#52=ORIENTED_EDGE('',*,*,#814,.T.);
#53=ORIENTED_EDGE('',*,*,#815,.T.);
#54=ORIENTED_EDGE('',*,*,#816,.F.);
#55=ORIENTED_EDGE('',*,*,#817,.F.);
#56=ORIENTED_EDGE('',*,*,#818,.F.);
#57=ORIENTED_EDGE('',*,*,#819,.F.);
#58=ORIENTED_EDGE('',*,*,#820,.T.);
#59=ORIENTED_EDGE('',*,*,#821,.T.);
#60=ORIENTED_EDGE('',*,*,#822,.F.);
#61=ORIENTED_EDGE('',*,*,#823,.F.);
#62=ORIENTED_EDGE('',*,*,#824,.T.);
#63=ORIENTED_EDGE('',*,*,#825,.T.);
#64=ORIENTED_EDGE('',*,*,#826,.F.);
#65=ORIENTED_EDGE('',*,*,#827,.F.);
#66=ORIENTED_EDGE('',*,*,#828,.T.);
#67=ORIENTED_EDGE('',*,*,#829,.T.);
#68=ORIENTED_EDGE('',*,*,#830,.F.);
#69=ORIENTED_EDGE('',*,*,#831,.F.);
#70=ORIENTED_EDGE('',*,*,#832,.T.);
#71=ORIENTED_EDGE('',*,*,#833,.T.);
#72=ORIENTED_EDGE('',*,*,#834,.F.);
#73=ORIENTED_EDGE('',*,*,#835,.F.);
#74=ORIENTED_EDGE('',*,*,#836,.T.);
#75=ORIENTED_EDGE('',*,*,#837,.T.);
#76=ORIENTED_EDGE('',*,*,#838,.F.);
#77=ORIENTED_EDGE('',*,*,#839,.F.);
#78=ORIENTED_EDGE('',*,*,#840,.T.);
#79=ORIENTED_EDGE('',*,*,#841,.T.);
#80=ORIENTED_EDGE('',*,*,#842,.F.);
#81=ORIENTED_EDGE('',*,*,#843,.F.);
#82=ORIENTED_EDGE('',*,*,#844,.T.);
#83=ORIENTED_EDGE('',*,*,#845,.T.);
#84=ORIENTED_EDGE('',*,*,#846,.T.);
#85=ORIENTED_EDGE('',*,*,#847,.T.);
#86=ORIENTED_EDGE('',*,*,#848,.F.);
#87=ORIENTED_EDGE('',*,*,#849,.F.);
#88=ORIENTED_EDGE('',*,*,#850,.T.);
#89=ORIENTED_EDGE('',*,*,#851,.T.);
#90=ORIENTED_EDGE('',*,*,#852,.F.);
#91=ORIENTED_EDGE('',*,*,#853,.F.);
#92=ORIENTED_EDGE('',*,*,#854,.T.);
#93=ORIENTED_EDGE('',*,*,#855,.T.);
#94=ORIENTED_EDGE('',*,*,#856,.F.);
#95=ORIENTED_EDGE('',*,*,#857,.F.);
#96=ORIENTED_EDGE('',*,*,#858,.T.);
#97=ORIENTED_EDGE('',*,*,#859,.T.);
#98=ORIENTED_EDGE('',*,*,#860,.F.);
#99=ORIENTED_EDGE('',*,*,#861,.F.);
#100=ORIENTED_EDGE('',*,*,#862,.T.);
#101=ORIENTED_EDGE('',*,*,#863,.T.);
#102=ORIENTED_EDGE('',*,*,#864,.F.);
#103=ORIENTED_EDGE('',*,*,#865,.F.);
#104=ORIENTED_EDGE('',*,*,#866,.T.);
#105=ORIENTED_EDGE('',*,*,#867,.T.);
#106=ORIENTED_EDGE('',*,*,#868,.F.);
#107=ORIENTED_EDGE('',*,*,#869,.F.);
#108=ORIENTED_EDGE('',*,*,#870,.T.);
#109=ORIENTED_EDGE('',*,*,#871,.T.);
#110=ORIENTED_EDGE('',*,*,#872,.F.);
#111=ORIENTED_EDGE('',*,*,#873,.F.);
#112=ORIENTED_EDGE('',*,*,#874,.F.);
#113=ORIENTED_EDGE('',*,*,#875,.T.);
#114=ORIENTED_EDGE('',*,*,#876,.T.);
#115=ORIENTED_EDGE('',*,*,#877,.T.);
#116=ORIENTED_EDGE('',*,*,#878,.T.);
#117=ORIENTED_EDGE('',*,*,#879,.T.);
#118=ORIENTED_EDGE('',*,*,#880,.F.);
#119=ORIENTED_EDGE('',*,*,#881,.F.);
#120=ORIENTED_EDGE('',*,*,#882,.T.);
#121=ORIENTED_EDGE('',*,*,#883,.T.);
#122=ORIENTED_EDGE('',*,*,#884,.F.);
#123=ORIENTED_EDGE('',*,*,#885,.F.);
#124=ORIENTED_EDGE('',*,*,#886,.T.);
#125=ORIENTED_EDGE('',*,*,#887,.T.);
#126=ORIENTED_EDGE('',*,*,#888,.F.);
#127=ORIENTED_EDGE('',*,*,#889,.F.);
#128=ORIENTED_EDGE('',*,*,#890,.T.);
#129=ORIENTED_EDGE('',*,*,#891,.T.);
#130=ORIENTED_EDGE('',*,*,#892,.F.);
#131=ORIENTED_EDGE('',*,*,#893,.F.);
#132=ORIENTED_EDGE('',*,*,#894,.T.);
#133=ORIENTED_EDGE('',*,*,#895,.T.);
#134=ORIENTED_EDGE('',*,*,#896,.F.);
#135=ORIENTED_EDGE('',*,*,#897,.F.);
#136=ORIENTED_EDGE('',*,*,#898,.T.);
#137=ORIENTED_EDGE('',*,*,#899,.T.);
#138=ORIENTED_EDGE('',*,*,#900,.F.);
#139=ORIENTED_EDGE('',*,*,#901,.F.);
#140=ORIENTED_EDGE('',*,*,#902,.T.);
#141=ORIENTED_EDGE('',*,*,#903,.T.);
#142=ORIENTED_EDGE('',*,*,#904,.F.);
#143=ORIENTED_EDGE('',*,*,#905,.F.);
#144=ORIENTED_EDGE('',*,*,#906,.F.);
#145=ORIENTED_EDGE('',*,*,#907,.T.);
#146=ORIENTED_EDGE('',*,*,#908,.T.);
#147=ORIENTED_EDGE('',*,*,#909,.F.);
#148=ORIENTED_EDGE('',*,*,#910,.T.);
#149=ORIENTED_EDGE('',*,*,#911,.T.);
#150=ORIENTED_EDGE('',*,*,#912,.T.);
#151=ORIENTED_EDGE('',*,*,#913,.T.);
#152=ORIENTED_EDGE('',*,*,#914,.F.);
#153=ORIENTED_EDGE('',*,*,#915,.T.);
#154=ORIENTED_EDGE('',*,*,#916,.T.);
#155=ORIENTED_EDGE('',*,*,#917,.F.);
#156=ORIENTED_EDGE('',*,*,#918,.F.);
#157=ORIENTED_EDGE('',*,*,#919,.T.);
#158=ORIENTED_EDGE('',*,*,#920,.T.);
#159=ORIENTED_EDGE('',*,*,#921,.F.);
#160=ORIENTED_EDGE('',*,*,#922,.F.);
#161=ORIENTED_EDGE('',*,*,#923,.T.);
#162=ORIENTED_EDGE('',*,*,#924,.T.);
#163=ORIENTED_EDGE('',*,*,#925,.F.);
#164=ORIENTED_EDGE('',*,*,#926,.F.);
#165=ORIENTED_EDGE('',*,*,#927,.T.);
#166=ORIENTED_EDGE('',*,*,#928,.T.);
#167=ORIENTED_EDGE('',*,*,#929,.F.);
#168=ORIENTED_EDGE('',*,*,#930,.F.);
#169=ORIENTED_EDGE('',*,*,#931,.T.);
#170=ORIENTED_EDGE('',*,*,#932,.T.);
#171=ORIENTED_EDGE('',*,*,#933,.F.);
#172=ORIENTED_EDGE('',*,*,#934,.T.);
#173=ORIENTED_EDGE('',*,*,#935,.T.);
#174=ORIENTED_EDGE('',*,*,#936,.F.);
#175=ORIENTED_EDGE('',*,*,#937,.F.);
#176=ORIENTED_EDGE('',*,*,#938,.T.);
#177=ORIENTED_EDGE('',*,*,#939,.T.);
#178=ORIENTED_EDGE('',*,*,#940,.F.);
#179=ORIENTED_EDGE('',*,*,#941,.F.);
#180=ORIENTED_EDGE('',*,*,#942,.T.);
#181=ORIENTED_EDGE('',*,*,#943,.T.);
#182=ORIENTED_EDGE('',*,*,#944,.F.);
#183=ORIENTED_EDGE('',*,*,#945,.F.);
#184=ORIENTED_EDGE('',*,*,#946,.T.);
#185=ORIENTED_EDGE('',*,*,#947,.T.);
#186=ORIENTED_EDGE('',*,*,#948,.F.);
#187=ORIENTED_EDGE('',*,*,#949,.F.);
#188=ORIENTED_EDGE('',*,*,#950,.T.);
#189=ORIENTED_EDGE('',*,*,#951,.T.);
#190=ORIENTED_EDGE('',*,*,#952,.F.);
#191=ORIENTED_EDGE('',*,*,#953,.F.);
#192=ORIENTED_EDGE('',*,*,#954,.T.);
#193=ORIENTED_EDGE('',*,*,#955,.T.);
#194=ORIENTED_EDGE('',*,*,#956,.F.);
#195=ORIENTED_EDGE('',*,*,#957,.F.);
#196=ORIENTED_EDGE('',*,*,#958,.T.);
#197=ORIENTED_EDGE('',*,*,#959,.F.);
#198=ORIENTED_EDGE('',*,*,#960,.F.);
#199=ORIENTED_EDGE('',*,*,#961,.T.);
#200=ORIENTED_EDGE('',*,*,#962,.F.);
#201=ORIENTED_EDGE('',*,*,#963,.T.);
#202=ORIENTED_EDGE('',*,*,#964,.T.);
#203=ORIENTED_EDGE('',*,*,#965,.F.);
#204=ORIENTED_EDGE('',*,*,#966,.F.);
#205=ORIENTED_EDGE('',*,*,#967,.T.);
#206=ORIENTED_EDGE('',*,*,#968,.T.);
#207=ORIENTED_EDGE('',*,*,#969,.F.);
#208=ORIENTED_EDGE('',*,*,#970,.F.);
#209=ORIENTED_EDGE('',*,*,#971,.T.);
#210=ORIENTED_EDGE('',*,*,#972,.T.);
#211=ORIENTED_EDGE('',*,*,#973,.F.);
#212=ORIENTED_EDGE('',*,*,#974,.F.);
#213=ORIENTED_EDGE('',*,*,#975,.T.);
#214=ORIENTED_EDGE('',*,*,#976,.T.);
#215=ORIENTED_EDGE('',*,*,#977,.F.);
#216=ORIENTED_EDGE('',*,*,#978,.F.);
#217=ORIENTED_EDGE('',*,*,#979,.T.);
#218=ORIENTED_EDGE('',*,*,#980,.T.);
#219=ORIENTED_EDGE('',*,*,#981,.F.);
#220=ORIENTED_EDGE('',*,*,#982,.F.);
#221=ORIENTED_EDGE('',*,*,#983,.T.);
#222=ORIENTED_EDGE('',*,*,#984,.T.);
#223=ORIENTED_EDGE('',*,*,#985,.F.);
#224=ORIENTED_EDGE('',*,*,#986,.F.);
#225=ORIENTED_EDGE('',*,*,#987,.T.);
#226=ORIENTED_EDGE('',*,*,#988,.T.);
#227=ORIENTED_EDGE('',*,*,#989,.F.);
#228=ORIENTED_EDGE('',*,*,#990,.F.);
#229=ORIENTED_EDGE('',*,*,#991,.T.);
#230=ORIENTED_EDGE('',*,*,#992,.T.);
#231=ORIENTED_EDGE('',*,*,#993,.F.);
#232=ORIENTED_EDGE('',*,*,#994,.F.);
#233=ORIENTED_EDGE('',*,*,#995,.T.);
#234=ORIENTED_EDGE('',*,*,#996,.T.);
#235=ORIENTED_EDGE('',*,*,#997,.F.);
#236=ORIENTED_EDGE('',*,*,#998,.F.);
#237=ORIENTED_EDGE('',*,*,#999,.T.);
#238=ORIENTED_EDGE('',*,*,#1000,.T.);
#239=ORIENTED_EDGE('',*,*,#1001,.F.);
#240=ORIENTED_EDGE('',*,*,#1002,.F.);
#241=ORIENTED_EDGE('',*,*,#1003,.T.);
#242=ORIENTED_EDGE('',*,*,#1004,.T.);
#243=ORIENTED_EDGE('',*,*,#1005,.F.);
#244=ORIENTED_EDGE('',*,*,#1006,.F.);
#245=ORIENTED_EDGE('',*,*,#1007,.T.);
#246=ORIENTED_EDGE('',*,*,#1008,.T.);
#247=ORIENTED_EDGE('',*,*,#1009,.F.);
#248=ORIENTED_EDGE('',*,*,#1010,.T.);
#249=ORIENTED_EDGE('',*,*,#1011,.T.);
#250=ORIENTED_EDGE('',*,*,#1012,.F.);
#251=ORIENTED_EDGE('',*,*,#1013,.F.);
#252=ORIENTED_EDGE('',*,*,#1014,.F.);
#253=ORIENTED_EDGE('',*,*,#1015,.F.);
#254=ORIENTED_EDGE('',*,*,#911,.F.);
#255=ORIENTED_EDGE('',*,*,#1016,.T.);
#256=ORIENTED_EDGE('',*,*,#1017,.F.);
#257=ORIENTED_EDGE('',*,*,#1018,.T.);
#258=ORIENTED_EDGE('',*,*,#789,.F.);
#259=ORIENTED_EDGE('',*,*,#1019,.F.);
#260=ORIENTED_EDGE('',*,*,#1020,.T.);
#261=ORIENTED_EDGE('',*,*,#1021,.T.);
#262=ORIENTED_EDGE('',*,*,#1022,.T.);
#263=ORIENTED_EDGE('',*,*,#787,.T.);
#264=ORIENTED_EDGE('',*,*,#1023,.F.);
#265=ORIENTED_EDGE('',*,*,#1024,.T.);
#266=ORIENTED_EDGE('',*,*,#1025,.F.);
#267=ORIENTED_EDGE('',*,*,#1007,.F.);
#268=ORIENTED_EDGE('',*,*,#908,.F.);
#269=ORIENTED_EDGE('',*,*,#1026,.T.);
#270=ORIENTED_EDGE('',*,*,#1027,.T.);
#271=ORIENTED_EDGE('',*,*,#1028,.T.);
#272=ORIENTED_EDGE('',*,*,#874,.T.);
#273=ORIENTED_EDGE('',*,*,#1029,.T.);
#274=ORIENTED_EDGE('',*,*,#1030,.F.);
#275=ORIENTED_EDGE('',*,*,#1031,.T.);
#276=ORIENTED_EDGE('',*,*,#912,.F.);
#277=ORIENTED_EDGE('',*,*,#1015,.T.);
#278=ORIENTED_EDGE('',*,*,#1032,.T.);
#279=ORIENTED_EDGE('',*,*,#1033,.T.);
#280=ORIENTED_EDGE('',*,*,#1034,.F.);
#281=ORIENTED_EDGE('',*,*,#1019,.T.);
#282=ORIENTED_EDGE('',*,*,#788,.F.);
#283=ORIENTED_EDGE('',*,*,#1022,.F.);
#284=ORIENTED_EDGE('',*,*,#1035,.T.);
#285=ORIENTED_EDGE('',*,*,#1036,.F.);
#286=ORIENTED_EDGE('',*,*,#959,.T.);
#287=ORIENTED_EDGE('',*,*,#1037,.F.);
#288=ORIENTED_EDGE('',*,*,#909,.T.);
#289=ORIENTED_EDGE('',*,*,#1037,.T.);
#290=ORIENTED_EDGE('',*,*,#958,.F.);
#291=ORIENTED_EDGE('',*,*,#1038,.F.);
#292=ORIENTED_EDGE('',*,*,#1011,.F.);
#293=ORIENTED_EDGE('',*,*,#1039,.F.);
#294=ORIENTED_EDGE('',*,*,#1040,.T.);
#295=ORIENTED_EDGE('',*,*,#1041,.F.);
#296=ORIENTED_EDGE('',*,*,#1025,.T.);
#297=ORIENTED_EDGE('',*,*,#1042,.T.);
#298=ORIENTED_EDGE('',*,*,#1043,.T.);
#299=ORIENTED_EDGE('',*,*,#1008,.F.);
#300=ORIENTED_EDGE('',*,*,#1041,.T.);
#301=ORIENTED_EDGE('',*,*,#1044,.T.);
#302=ORIENTED_EDGE('',*,*,#1016,.F.);
#303=ORIENTED_EDGE('',*,*,#910,.F.);
#304=ORIENTED_EDGE('',*,*,#1045,.F.);
#305=ORIENTED_EDGE('',*,*,#1046,.T.);
#306=ORIENTED_EDGE('',*,*,#906,.T.);
#307=ORIENTED_EDGE('',*,*,#1047,.T.);
#308=ORIENTED_EDGE('',*,*,#1048,.T.);
#309=ORIENTED_EDGE('',*,*,#1049,.T.);
#310=ORIENTED_EDGE('',*,*,#876,.F.);
#311=ORIENTED_EDGE('',*,*,#1050,.T.);
#312=ORIENTED_EDGE('',*,*,#1027,.F.);
#313=ORIENTED_EDGE('',*,*,#1051,.T.);
#314=ORIENTED_EDGE('',*,*,#1045,.T.);
#315=ORIENTED_EDGE('',*,*,#1052,.T.);
#316=ORIENTED_EDGE('',*,*,#1048,.F.);
#317=ORIENTED_EDGE('',*,*,#1053,.T.);
#318=ORIENTED_EDGE('',*,*,#1030,.T.);
#319=ORIENTED_EDGE('',*,*,#1054,.T.);
#320=ORIENTED_EDGE('',*,*,#915,.F.);
#321=ORIENTED_EDGE('',*,*,#1055,.F.);
#322=ORIENTED_EDGE('',*,*,#994,.T.);
#323=ORIENTED_EDGE('',*,*,#1056,.T.);
#324=ORIENTED_EDGE('',*,*,#914,.T.);
#325=ORIENTED_EDGE('',*,*,#1057,.F.);
#326=ORIENTED_EDGE('',*,*,#995,.F.);
#327=ORIENTED_EDGE('',*,*,#1055,.T.);
#328=ORIENTED_EDGE('',*,*,#917,.T.);
#329=ORIENTED_EDGE('',*,*,#1058,.F.);
#330=ORIENTED_EDGE('',*,*,#996,.F.);
#331=ORIENTED_EDGE('',*,*,#1057,.T.);
#332=ORIENTED_EDGE('',*,*,#916,.F.);
#333=ORIENTED_EDGE('',*,*,#1056,.F.);
#334=ORIENTED_EDGE('',*,*,#997,.T.);
#335=ORIENTED_EDGE('',*,*,#1058,.T.);
#336=ORIENTED_EDGE('',*,*,#919,.F.);
#337=ORIENTED_EDGE('',*,*,#1059,.F.);
#338=ORIENTED_EDGE('',*,*,#990,.T.);
#339=ORIENTED_EDGE('',*,*,#1060,.T.);
#340=ORIENTED_EDGE('',*,*,#918,.T.);
#341=ORIENTED_EDGE('',*,*,#1061,.F.);
#342=ORIENTED_EDGE('',*,*,#991,.F.);
#343=ORIENTED_EDGE('',*,*,#1059,.T.);
#344=ORIENTED_EDGE('',*,*,#921,.T.);
#345=ORIENTED_EDGE('',*,*,#1062,.F.);
#346=ORIENTED_EDGE('',*,*,#992,.F.);
#347=ORIENTED_EDGE('',*,*,#1061,.T.);
#348=ORIENTED_EDGE('',*,*,#920,.F.);
#349=ORIENTED_EDGE('',*,*,#1060,.F.);
#350=ORIENTED_EDGE('',*,*,#993,.T.);
#351=ORIENTED_EDGE('',*,*,#1062,.T.);
#352=ORIENTED_EDGE('',*,*,#923,.F.);
#353=ORIENTED_EDGE('',*,*,#1063,.F.);
#354=ORIENTED_EDGE('',*,*,#998,.T.);
#355=ORIENTED_EDGE('',*,*,#1064,.T.);
#356=ORIENTED_EDGE('',*,*,#922,.T.);
#357=ORIENTED_EDGE('',*,*,#1065,.F.);
#358=ORIENTED_EDGE('',*,*,#999,.F.);
#359=ORIENTED_EDGE('',*,*,#1063,.T.);
#360=ORIENTED_EDGE('',*,*,#925,.T.);
#361=ORIENTED_EDGE('',*,*,#1066,.F.);
#362=ORIENTED_EDGE('',*,*,#1000,.F.);
#363=ORIENTED_EDGE('',*,*,#1065,.T.);
#364=ORIENTED_EDGE('',*,*,#924,.F.);
#365=ORIENTED_EDGE('',*,*,#1064,.F.);
#366=ORIENTED_EDGE('',*,*,#1001,.T.);
#367=ORIENTED_EDGE('',*,*,#1066,.T.);
#368=ORIENTED_EDGE('',*,*,#927,.F.);
#369=ORIENTED_EDGE('',*,*,#1067,.F.);
#370=ORIENTED_EDGE('',*,*,#986,.T.);
#371=ORIENTED_EDGE('',*,*,#1068,.T.);
#372=ORIENTED_EDGE('',*,*,#926,.T.);
#373=ORIENTED_EDGE('',*,*,#1069,.F.);
#374=ORIENTED_EDGE('',*,*,#987,.F.);
#375=ORIENTED_EDGE('',*,*,#1067,.T.);
#376=ORIENTED_EDGE('',*,*,#929,.T.);
#377=ORIENTED_EDGE('',*,*,#1070,.F.);
#378=ORIENTED_EDGE('',*,*,#988,.F.);
#379=ORIENTED_EDGE('',*,*,#1069,.T.);
#380=ORIENTED_EDGE('',*,*,#928,.F.);
#381=ORIENTED_EDGE('',*,*,#1068,.F.);
#382=ORIENTED_EDGE('',*,*,#989,.T.);
#383=ORIENTED_EDGE('',*,*,#1070,.T.);
#384=ORIENTED_EDGE('',*,*,#931,.F.);
#385=ORIENTED_EDGE('',*,*,#1071,.F.);
#386=ORIENTED_EDGE('',*,*,#1002,.T.);
#387=ORIENTED_EDGE('',*,*,#1072,.T.);
#388=ORIENTED_EDGE('',*,*,#930,.T.);
#389=ORIENTED_EDGE('',*,*,#1073,.F.);
#390=ORIENTED_EDGE('',*,*,#1003,.F.);
#391=ORIENTED_EDGE('',*,*,#1071,.T.);
#392=ORIENTED_EDGE('',*,*,#933,.T.);
#393=ORIENTED_EDGE('',*,*,#1074,.F.);
#394=ORIENTED_EDGE('',*,*,#1004,.F.);
#395=ORIENTED_EDGE('',*,*,#1073,.T.);
#396=ORIENTED_EDGE('',*,*,#932,.F.);
#397=ORIENTED_EDGE('',*,*,#1072,.F.);
#398=ORIENTED_EDGE('',*,*,#1005,.T.);
#399=ORIENTED_EDGE('',*,*,#1074,.T.);
#400=ORIENTED_EDGE('',*,*,#1044,.F.);
#401=ORIENTED_EDGE('',*,*,#1040,.F.);
#402=ORIENTED_EDGE('',*,*,#1075,.T.);
#403=ORIENTED_EDGE('',*,*,#1017,.T.);
#404=ORIENTED_EDGE('',*,*,#1043,.F.);
#405=ORIENTED_EDGE('',*,*,#1076,.F.);
#406=ORIENTED_EDGE('',*,*,#1077,.T.);
#407=ORIENTED_EDGE('',*,*,#1009,.T.);
#408=ORIENTED_EDGE('',*,*,#1042,.F.);
#409=ORIENTED_EDGE('',*,*,#1024,.F.);
#410=ORIENTED_EDGE('',*,*,#1078,.T.);
#411=ORIENTED_EDGE('',*,*,#1076,.T.);
#412=ORIENTED_EDGE('',*,*,#1075,.F.);
#413=ORIENTED_EDGE('',*,*,#1039,.T.);
#414=ORIENTED_EDGE('',*,*,#1010,.F.);
#415=ORIENTED_EDGE('',*,*,#1077,.F.);
#416=ORIENTED_EDGE('',*,*,#1078,.F.);
#417=ORIENTED_EDGE('',*,*,#1023,.T.);
#418=ORIENTED_EDGE('',*,*,#786,.T.);
#419=ORIENTED_EDGE('',*,*,#1018,.F.);
#420=ORIENTED_EDGE('',*,*,#1038,.T.);
#421=ORIENTED_EDGE('',*,*,#961,.F.);
#422=ORIENTED_EDGE('',*,*,#1079,.T.);
#423=ORIENTED_EDGE('',*,*,#1080,.F.);
#424=ORIENTED_EDGE('',*,*,#1020,.F.);
#425=ORIENTED_EDGE('',*,*,#1006,.T.);
#426=ORIENTED_EDGE('',*,*,#1036,.T.);
#427=ORIENTED_EDGE('',*,*,#1081,.F.);
#428=ORIENTED_EDGE('',*,*,#1079,.F.);
#429=ORIENTED_EDGE('',*,*,#960,.T.);
#430=ORIENTED_EDGE('',*,*,#1035,.F.);
#431=ORIENTED_EDGE('',*,*,#1021,.F.);
#432=ORIENTED_EDGE('',*,*,#1080,.T.);
#433=ORIENTED_EDGE('',*,*,#1081,.T.);
#434=ORIENTED_EDGE('',*,*,#1014,.T.);
#435=ORIENTED_EDGE('',*,*,#1082,.T.);
#436=ORIENTED_EDGE('',*,*,#1083,.T.);
#437=ORIENTED_EDGE('',*,*,#1032,.F.);
#438=ORIENTED_EDGE('',*,*,#1082,.F.);
#439=ORIENTED_EDGE('',*,*,#1013,.T.);
#440=ORIENTED_EDGE('',*,*,#1084,.T.);
#441=ORIENTED_EDGE('',*,*,#1085,.F.);
#442=ORIENTED_EDGE('',*,*,#1034,.T.);
#443=ORIENTED_EDGE('',*,*,#1086,.F.);
#444=ORIENTED_EDGE('',*,*,#1084,.F.);
#445=ORIENTED_EDGE('',*,*,#1012,.T.);
#446=ORIENTED_EDGE('',*,*,#1033,.F.);
#447=ORIENTED_EDGE('',*,*,#1083,.F.);
#448=ORIENTED_EDGE('',*,*,#1085,.T.);
#449=ORIENTED_EDGE('',*,*,#1086,.T.);
#450=ORIENTED_EDGE('',*,*,#1026,.F.);
#451=ORIENTED_EDGE('',*,*,#907,.F.);
#452=ORIENTED_EDGE('',*,*,#1046,.F.);
#453=ORIENTED_EDGE('',*,*,#1051,.F.);
#454=ORIENTED_EDGE('',*,*,#1031,.F.);
#455=ORIENTED_EDGE('',*,*,#1053,.F.);
#456=ORIENTED_EDGE('',*,*,#1047,.F.);
#457=ORIENTED_EDGE('',*,*,#913,.F.);
#458=ORIENTED_EDGE('',*,*,#1028,.F.);
#459=ORIENTED_EDGE('',*,*,#1052,.F.);
#460=ORIENTED_EDGE('',*,*,#1050,.F.);
#461=ORIENTED_EDGE('',*,*,#875,.F.);
#462=ORIENTED_EDGE('',*,*,#1029,.F.);
#463=ORIENTED_EDGE('',*,*,#877,.F.);
#464=ORIENTED_EDGE('',*,*,#1049,.F.);
#465=ORIENTED_EDGE('',*,*,#1054,.F.);
#466=ORIENTED_EDGE('',*,*,#1087,.T.);
#467=ORIENTED_EDGE('',*,*,#964,.F.);
#468=ORIENTED_EDGE('',*,*,#1088,.F.);
#469=ORIENTED_EDGE('',*,*,#934,.F.);
#470=ORIENTED_EDGE('',*,*,#937,.T.);
#471=ORIENTED_EDGE('',*,*,#1089,.T.);
#472=ORIENTED_EDGE('',*,*,#965,.T.);
#473=ORIENTED_EDGE('',*,*,#1087,.F.);
#474=ORIENTED_EDGE('',*,*,#936,.T.);
#475=ORIENTED_EDGE('',*,*,#1090,.T.);
#476=ORIENTED_EDGE('',*,*,#962,.T.);
#477=ORIENTED_EDGE('',*,*,#1089,.F.);
#478=ORIENTED_EDGE('',*,*,#1088,.T.);
#479=ORIENTED_EDGE('',*,*,#963,.F.);
#480=ORIENTED_EDGE('',*,*,#1090,.F.);
#481=ORIENTED_EDGE('',*,*,#935,.F.);
#482=ORIENTED_EDGE('',*,*,#1091,.T.);
#483=ORIENTED_EDGE('',*,*,#968,.F.);
#484=ORIENTED_EDGE('',*,*,#1092,.F.);
#485=ORIENTED_EDGE('',*,*,#938,.F.);
#486=ORIENTED_EDGE('',*,*,#941,.T.);
#487=ORIENTED_EDGE('',*,*,#1093,.T.);
#488=ORIENTED_EDGE('',*,*,#969,.T.);
#489=ORIENTED_EDGE('',*,*,#1091,.F.);
#490=ORIENTED_EDGE('',*,*,#940,.T.);
#491=ORIENTED_EDGE('',*,*,#1094,.T.);
#492=ORIENTED_EDGE('',*,*,#966,.T.);
#493=ORIENTED_EDGE('',*,*,#1093,.F.);
#494=ORIENTED_EDGE('',*,*,#1092,.T.);
#495=ORIENTED_EDGE('',*,*,#967,.F.);
#496=ORIENTED_EDGE('',*,*,#1094,.F.);
#497=ORIENTED_EDGE('',*,*,#939,.F.);
#498=ORIENTED_EDGE('',*,*,#1095,.T.);
#499=ORIENTED_EDGE('',*,*,#972,.F.);
#500=ORIENTED_EDGE('',*,*,#1096,.F.);
#501=ORIENTED_EDGE('',*,*,#942,.F.);
#502=ORIENTED_EDGE('',*,*,#945,.T.);
#503=ORIENTED_EDGE('',*,*,#1097,.T.);
#504=ORIENTED_EDGE('',*,*,#973,.T.);
#505=ORIENTED_EDGE('',*,*,#1095,.F.);
#506=ORIENTED_EDGE('',*,*,#944,.T.);
#507=ORIENTED_EDGE('',*,*,#1098,.T.);
#508=ORIENTED_EDGE('',*,*,#970,.T.);
#509=ORIENTED_EDGE('',*,*,#1097,.F.);
#510=ORIENTED_EDGE('',*,*,#1096,.T.);
#511=ORIENTED_EDGE('',*,*,#971,.F.);
#512=ORIENTED_EDGE('',*,*,#1098,.F.);
#513=ORIENTED_EDGE('',*,*,#943,.F.);
#514=ORIENTED_EDGE('',*,*,#1099,.T.);
#515=ORIENTED_EDGE('',*,*,#976,.F.);
#516=ORIENTED_EDGE('',*,*,#1100,.F.);
#517=ORIENTED_EDGE('',*,*,#946,.F.);
#518=ORIENTED_EDGE('',*,*,#949,.T.);
#519=ORIENTED_EDGE('',*,*,#1101,.T.);
#520=ORIENTED_EDGE('',*,*,#977,.T.);
#521=ORIENTED_EDGE('',*,*,#1099,.F.);
#522=ORIENTED_EDGE('',*,*,#948,.T.);
#523=ORIENTED_EDGE('',*,*,#1102,.T.);
#524=ORIENTED_EDGE('',*,*,#974,.T.);
#525=ORIENTED_EDGE('',*,*,#1101,.F.);
#526=ORIENTED_EDGE('',*,*,#1100,.T.);
#527=ORIENTED_EDGE('',*,*,#975,.F.);
#528=ORIENTED_EDGE('',*,*,#1102,.F.);
#529=ORIENTED_EDGE('',*,*,#947,.F.);
#530=ORIENTED_EDGE('',*,*,#1103,.T.);
#531=ORIENTED_EDGE('',*,*,#980,.F.);
#532=ORIENTED_EDGE('',*,*,#1104,.F.);
#533=ORIENTED_EDGE('',*,*,#950,.F.);
#534=ORIENTED_EDGE('',*,*,#953,.T.);
#535=ORIENTED_EDGE('',*,*,#1105,.T.);
#536=ORIENTED_EDGE('',*,*,#981,.T.);
#537=ORIENTED_EDGE('',*,*,#1103,.F.);
#538=ORIENTED_EDGE('',*,*,#952,.T.);
#539=ORIENTED_EDGE('',*,*,#1106,.T.);
#540=ORIENTED_EDGE('',*,*,#978,.T.);
#541=ORIENTED_EDGE('',*,*,#1105,.F.);
#542=ORIENTED_EDGE('',*,*,#1104,.T.);
#543=ORIENTED_EDGE('',*,*,#979,.F.);
#544=ORIENTED_EDGE('',*,*,#1106,.F.);
#545=ORIENTED_EDGE('',*,*,#951,.F.);
#546=ORIENTED_EDGE('',*,*,#1107,.T.);
#547=ORIENTED_EDGE('',*,*,#984,.F.);
#548=ORIENTED_EDGE('',*,*,#1108,.F.);
#549=ORIENTED_EDGE('',*,*,#954,.F.);
#550=ORIENTED_EDGE('',*,*,#957,.T.);
#551=ORIENTED_EDGE('',*,*,#1109,.T.);
#552=ORIENTED_EDGE('',*,*,#985,.T.);
#553=ORIENTED_EDGE('',*,*,#1107,.F.);
#554=ORIENTED_EDGE('',*,*,#956,.T.);
#555=ORIENTED_EDGE('',*,*,#1110,.T.);
#556=ORIENTED_EDGE('',*,*,#982,.T.);
#557=ORIENTED_EDGE('',*,*,#1109,.F.);
#558=ORIENTED_EDGE('',*,*,#1108,.T.);
#559=ORIENTED_EDGE('',*,*,#983,.F.);
#560=ORIENTED_EDGE('',*,*,#1110,.F.);
#561=ORIENTED_EDGE('',*,*,#955,.F.);
#562=ORIENTED_EDGE('',*,*,#1111,.T.);
#563=ORIENTED_EDGE('',*,*,#870,.F.);
#564=ORIENTED_EDGE('',*,*,#1112,.F.);
#565=ORIENTED_EDGE('',*,*,#791,.F.);
#566=ORIENTED_EDGE('',*,*,#792,.T.);
#567=ORIENTED_EDGE('',*,*,#1112,.T.);
#568=ORIENTED_EDGE('',*,*,#873,.T.);
#569=ORIENTED_EDGE('',*,*,#1113,.F.);
#570=ORIENTED_EDGE('',*,*,#793,.T.);
#571=ORIENTED_EDGE('',*,*,#1113,.T.);
#572=ORIENTED_EDGE('',*,*,#872,.T.);
#573=ORIENTED_EDGE('',*,*,#1114,.F.);
#574=ORIENTED_EDGE('',*,*,#1114,.T.);
#575=ORIENTED_EDGE('',*,*,#871,.F.);
#576=ORIENTED_EDGE('',*,*,#1111,.F.);
#577=ORIENTED_EDGE('',*,*,#790,.F.);
#578=ORIENTED_EDGE('',*,*,#1115,.T.);
#579=ORIENTED_EDGE('',*,*,#878,.F.);
#580=ORIENTED_EDGE('',*,*,#1116,.F.);
#581=ORIENTED_EDGE('',*,*,#795,.F.);
#582=ORIENTED_EDGE('',*,*,#796,.T.);
#583=ORIENTED_EDGE('',*,*,#1116,.T.);
#584=ORIENTED_EDGE('',*,*,#881,.T.);
#585=ORIENTED_EDGE('',*,*,#1117,.F.);
#586=ORIENTED_EDGE('',*,*,#797,.T.);
#587=ORIENTED_EDGE('',*,*,#1117,.T.);
#588=ORIENTED_EDGE('',*,*,#880,.T.);
#589=ORIENTED_EDGE('',*,*,#1118,.F.);
#590=ORIENTED_EDGE('',*,*,#1118,.T.);
#591=ORIENTED_EDGE('',*,*,#879,.F.);
#592=ORIENTED_EDGE('',*,*,#1115,.F.);
#593=ORIENTED_EDGE('',*,*,#794,.F.);
#594=ORIENTED_EDGE('',*,*,#1119,.T.);
#595=ORIENTED_EDGE('',*,*,#866,.F.);
#596=ORIENTED_EDGE('',*,*,#1120,.F.);
#597=ORIENTED_EDGE('',*,*,#799,.F.);
#598=ORIENTED_EDGE('',*,*,#800,.T.);
#599=ORIENTED_EDGE('',*,*,#1120,.T.);
#600=ORIENTED_EDGE('',*,*,#869,.T.);
#601=ORIENTED_EDGE('',*,*,#1121,.F.);
#602=ORIENTED_EDGE('',*,*,#801,.T.);
#603=ORIENTED_EDGE('',*,*,#1121,.T.);
#604=ORIENTED_EDGE('',*,*,#868,.T.);
#605=ORIENTED_EDGE('',*,*,#1122,.F.);
#606=ORIENTED_EDGE('',*,*,#1122,.T.);
#607=ORIENTED_EDGE('',*,*,#867,.F.);
#608=ORIENTED_EDGE('',*,*,#1119,.F.);
#609=ORIENTED_EDGE('',*,*,#798,.F.);
#610=ORIENTED_EDGE('',*,*,#1123,.T.);
#611=ORIENTED_EDGE('',*,*,#882,.F.);
#612=ORIENTED_EDGE('',*,*,#1124,.F.);
#613=ORIENTED_EDGE('',*,*,#803,.F.);
#614=ORIENTED_EDGE('',*,*,#804,.T.);
#615=ORIENTED_EDGE('',*,*,#1124,.T.);
#616=ORIENTED_EDGE('',*,*,#885,.T.);
#617=ORIENTED_EDGE('',*,*,#1125,.F.);
#618=ORIENTED_EDGE('',*,*,#805,.T.);
#619=ORIENTED_EDGE('',*,*,#1125,.T.);
#620=ORIENTED_EDGE('',*,*,#884,.T.);
#621=ORIENTED_EDGE('',*,*,#1126,.F.);
#622=ORIENTED_EDGE('',*,*,#1126,.T.);
#623=ORIENTED_EDGE('',*,*,#883,.F.);
#624=ORIENTED_EDGE('',*,*,#1123,.F.);
#625=ORIENTED_EDGE('',*,*,#802,.F.);
#626=ORIENTED_EDGE('',*,*,#1127,.T.);
#627=ORIENTED_EDGE('',*,*,#862,.F.);
#628=ORIENTED_EDGE('',*,*,#1128,.F.);
#629=ORIENTED_EDGE('',*,*,#807,.F.);
#630=ORIENTED_EDGE('',*,*,#808,.T.);
#631=ORIENTED_EDGE('',*,*,#1128,.T.);
#632=ORIENTED_EDGE('',*,*,#865,.T.);
#633=ORIENTED_EDGE('',*,*,#1129,.F.);
#634=ORIENTED_EDGE('',*,*,#809,.T.);
#635=ORIENTED_EDGE('',*,*,#1129,.T.);
#636=ORIENTED_EDGE('',*,*,#864,.T.);
#637=ORIENTED_EDGE('',*,*,#1130,.F.);
#638=ORIENTED_EDGE('',*,*,#1130,.T.);
#639=ORIENTED_EDGE('',*,*,#863,.F.);
#640=ORIENTED_EDGE('',*,*,#1127,.F.);
#641=ORIENTED_EDGE('',*,*,#806,.F.);
#642=ORIENTED_EDGE('',*,*,#1131,.T.);
#643=ORIENTED_EDGE('',*,*,#886,.F.);
#644=ORIENTED_EDGE('',*,*,#1132,.F.);
#645=ORIENTED_EDGE('',*,*,#811,.F.);
#646=ORIENTED_EDGE('',*,*,#812,.T.);
#647=ORIENTED_EDGE('',*,*,#1132,.T.);
#648=ORIENTED_EDGE('',*,*,#889,.T.);
#649=ORIENTED_EDGE('',*,*,#1133,.F.);
#650=ORIENTED_EDGE('',*,*,#813,.T.);
#651=ORIENTED_EDGE('',*,*,#1133,.T.);
#652=ORIENTED_EDGE('',*,*,#888,.T.);
#653=ORIENTED_EDGE('',*,*,#1134,.F.);
#654=ORIENTED_EDGE('',*,*,#1134,.T.);
#655=ORIENTED_EDGE('',*,*,#887,.F.);
#656=ORIENTED_EDGE('',*,*,#1131,.F.);
#657=ORIENTED_EDGE('',*,*,#810,.F.);
#658=ORIENTED_EDGE('',*,*,#1135,.T.);
#659=ORIENTED_EDGE('',*,*,#858,.F.);
#660=ORIENTED_EDGE('',*,*,#1136,.F.);
#661=ORIENTED_EDGE('',*,*,#815,.F.);
#662=ORIENTED_EDGE('',*,*,#816,.T.);
#663=ORIENTED_EDGE('',*,*,#1136,.T.);
#664=ORIENTED_EDGE('',*,*,#861,.T.);
#665=ORIENTED_EDGE('',*,*,#1137,.F.);
#666=ORIENTED_EDGE('',*,*,#817,.T.);
#667=ORIENTED_EDGE('',*,*,#1137,.T.);
#668=ORIENTED_EDGE('',*,*,#860,.T.);
#669=ORIENTED_EDGE('',*,*,#1138,.F.);
#670=ORIENTED_EDGE('',*,*,#1138,.T.);
#671=ORIENTED_EDGE('',*,*,#859,.F.);
#672=ORIENTED_EDGE('',*,*,#1135,.F.);
#673=ORIENTED_EDGE('',*,*,#814,.F.);
#674=ORIENTED_EDGE('',*,*,#890,.F.);
#675=ORIENTED_EDGE('',*,*,#1139,.F.);
#676=ORIENTED_EDGE('',*,*,#819,.T.);
#677=ORIENTED_EDGE('',*,*,#1140,.T.);
#678=ORIENTED_EDGE('',*,*,#893,.T.);
#679=ORIENTED_EDGE('',*,*,#1141,.F.);
#680=ORIENTED_EDGE('',*,*,#820,.F.);
#681=ORIENTED_EDGE('',*,*,#1139,.T.);
#682=ORIENTED_EDGE('',*,*,#892,.T.);
#683=ORIENTED_EDGE('',*,*,#1142,.F.);
#684=ORIENTED_EDGE('',*,*,#821,.F.);
#685=ORIENTED_EDGE('',*,*,#1141,.T.);
#686=ORIENTED_EDGE('',*,*,#891,.F.);
#687=ORIENTED_EDGE('',*,*,#1140,.F.);
#688=ORIENTED_EDGE('',*,*,#818,.T.);
#689=ORIENTED_EDGE('',*,*,#1142,.T.);
#690=ORIENTED_EDGE('',*,*,#854,.F.);
#691=ORIENTED_EDGE('',*,*,#1143,.F.);
#692=ORIENTED_EDGE('',*,*,#823,.T.);
#693=ORIENTED_EDGE('',*,*,#1144,.T.);
#694=ORIENTED_EDGE('',*,*,#857,.T.);
#695=ORIENTED_EDGE('',*,*,#1145,.F.);
#696=ORIENTED_EDGE('',*,*,#824,.F.);
#697=ORIENTED_EDGE('',*,*,#1143,.T.);
#698=ORIENTED_EDGE('',*,*,#856,.T.);
#699=ORIENTED_EDGE('',*,*,#1146,.F.);
#700=ORIENTED_EDGE('',*,*,#825,.F.);
#701=ORIENTED_EDGE('',*,*,#1145,.T.);
#702=ORIENTED_EDGE('',*,*,#855,.F.);
#703=ORIENTED_EDGE('',*,*,#1144,.F.);
#704=ORIENTED_EDGE('',*,*,#822,.T.);
#705=ORIENTED_EDGE('',*,*,#1146,.T.);
#706=ORIENTED_EDGE('',*,*,#894,.F.);
#707=ORIENTED_EDGE('',*,*,#1147,.F.);
#708=ORIENTED_EDGE('',*,*,#827,.T.);
#709=ORIENTED_EDGE('',*,*,#1148,.T.);
#710=ORIENTED_EDGE('',*,*,#897,.T.);
#711=ORIENTED_EDGE('',*,*,#1149,.F.);
#712=ORIENTED_EDGE('',*,*,#828,.F.);
#713=ORIENTED_EDGE('',*,*,#1147,.T.);
#714=ORIENTED_EDGE('',*,*,#896,.T.);
#715=ORIENTED_EDGE('',*,*,#1150,.F.);
#716=ORIENTED_EDGE('',*,*,#829,.F.);
#717=ORIENTED_EDGE('',*,*,#1149,.T.);
#718=ORIENTED_EDGE('',*,*,#895,.F.);
#719=ORIENTED_EDGE('',*,*,#1148,.F.);
#720=ORIENTED_EDGE('',*,*,#826,.T.);
#721=ORIENTED_EDGE('',*,*,#1150,.T.);
#722=ORIENTED_EDGE('',*,*,#850,.F.);
#723=ORIENTED_EDGE('',*,*,#1151,.F.);
#724=ORIENTED_EDGE('',*,*,#831,.T.);
#725=ORIENTED_EDGE('',*,*,#1152,.T.);
#726=ORIENTED_EDGE('',*,*,#853,.T.);
#727=ORIENTED_EDGE('',*,*,#1153,.F.);
#728=ORIENTED_EDGE('',*,*,#832,.F.);
#729=ORIENTED_EDGE('',*,*,#1151,.T.);
#730=ORIENTED_EDGE('',*,*,#852,.T.);
#731=ORIENTED_EDGE('',*,*,#1154,.F.);
#732=ORIENTED_EDGE('',*,*,#833,.F.);
#733=ORIENTED_EDGE('',*,*,#1153,.T.);
#734=ORIENTED_EDGE('',*,*,#851,.F.);
#735=ORIENTED_EDGE('',*,*,#1152,.F.);
#736=ORIENTED_EDGE('',*,*,#830,.T.);
#737=ORIENTED_EDGE('',*,*,#1154,.T.);
#738=ORIENTED_EDGE('',*,*,#898,.F.);
#739=ORIENTED_EDGE('',*,*,#1155,.F.);
#740=ORIENTED_EDGE('',*,*,#835,.T.);
#741=ORIENTED_EDGE('',*,*,#1156,.T.);
#742=ORIENTED_EDGE('',*,*,#901,.T.);
#743=ORIENTED_EDGE('',*,*,#1157,.F.);
#744=ORIENTED_EDGE('',*,*,#836,.F.);
#745=ORIENTED_EDGE('',*,*,#1155,.T.);
#746=ORIENTED_EDGE('',*,*,#900,.T.);
#747=ORIENTED_EDGE('',*,*,#1158,.F.);
#748=ORIENTED_EDGE('',*,*,#837,.F.);
#749=ORIENTED_EDGE('',*,*,#1157,.T.);
#750=ORIENTED_EDGE('',*,*,#899,.F.);
#751=ORIENTED_EDGE('',*,*,#1156,.F.);
#752=ORIENTED_EDGE('',*,*,#834,.T.);
#753=ORIENTED_EDGE('',*,*,#1158,.T.);
#754=ORIENTED_EDGE('',*,*,#846,.F.);
#755=ORIENTED_EDGE('',*,*,#1159,.F.);
#756=ORIENTED_EDGE('',*,*,#839,.T.);
#757=ORIENTED_EDGE('',*,*,#1160,.T.);
#758=ORIENTED_EDGE('',*,*,#849,.T.);
#759=ORIENTED_EDGE('',*,*,#1161,.F.);
#760=ORIENTED_EDGE('',*,*,#840,.F.);
#761=ORIENTED_EDGE('',*,*,#1159,.T.);
#762=ORIENTED_EDGE('',*,*,#848,.T.);
#763=ORIENTED_EDGE('',*,*,#1162,.F.);
#764=ORIENTED_EDGE('',*,*,#841,.F.);
#765=ORIENTED_EDGE('',*,*,#1161,.T.);
#766=ORIENTED_EDGE('',*,*,#847,.F.);
#767=ORIENTED_EDGE('',*,*,#1160,.F.);
#768=ORIENTED_EDGE('',*,*,#838,.T.);
#769=ORIENTED_EDGE('',*,*,#1162,.T.);
#770=ORIENTED_EDGE('',*,*,#902,.F.);
#771=ORIENTED_EDGE('',*,*,#1163,.F.);
#772=ORIENTED_EDGE('',*,*,#843,.T.);
#773=ORIENTED_EDGE('',*,*,#1164,.T.);
#774=ORIENTED_EDGE('',*,*,#905,.T.);
#775=ORIENTED_EDGE('',*,*,#1165,.F.);
#776=ORIENTED_EDGE('',*,*,#844,.F.);
#777=ORIENTED_EDGE('',*,*,#1163,.T.);
#778=ORIENTED_EDGE('',*,*,#904,.T.);
#779=ORIENTED_EDGE('',*,*,#1166,.F.);
#780=ORIENTED_EDGE('',*,*,#845,.F.);
#781=ORIENTED_EDGE('',*,*,#1165,.T.);
#782=ORIENTED_EDGE('',*,*,#903,.F.);
#783=ORIENTED_EDGE('',*,*,#1164,.F.);
#784=ORIENTED_EDGE('',*,*,#842,.T.);
#785=ORIENTED_EDGE('',*,*,#1166,.T.);
#786=EDGE_CURVE('',#1167,#1168,#1421,.T.);
#787=EDGE_CURVE('',#1169,#1167,#1422,.T.);
#788=EDGE_CURVE('',#1169,#1170,#1423,.T.);
#789=EDGE_CURVE('',#1170,#1168,#1424,.T.);
#790=EDGE_CURVE('',#1171,#1172,#1425,.T.);
#791=EDGE_CURVE('',#1172,#1173,#1426,.T.);
#792=EDGE_CURVE('',#1174,#1173,#1427,.T.);
#793=EDGE_CURVE('',#1171,#1174,#1428,.T.);
#794=EDGE_CURVE('',#1175,#1176,#1429,.T.);
#795=EDGE_CURVE('',#1176,#1177,#1430,.T.);
#796=EDGE_CURVE('',#1178,#1177,#1431,.T.);
#797=EDGE_CURVE('',#1175,#1178,#1432,.T.);
#798=EDGE_CURVE('',#1179,#1180,#1433,.T.);
#799=EDGE_CURVE('',#1180,#1181,#1434,.T.);
#800=EDGE_CURVE('',#1182,#1181,#1435,.T.);
#801=EDGE_CURVE('',#1179,#1182,#1436,.T.);
#802=EDGE_CURVE('',#1183,#1184,#1437,.T.);
#803=EDGE_CURVE('',#1184,#1185,#1438,.T.);
#804=EDGE_CURVE('',#1186,#1185,#1439,.T.);
#805=EDGE_CURVE('',#1183,#1186,#1440,.T.);
#806=EDGE_CURVE('',#1187,#1188,#1441,.T.);
#807=EDGE_CURVE('',#1188,#1189,#1442,.T.);
#808=EDGE_CURVE('',#1190,#1189,#1443,.T.);
#809=EDGE_CURVE('',#1187,#1190,#1444,.T.);
#810=EDGE_CURVE('',#1191,#1192,#1445,.T.);
#811=EDGE_CURVE('',#1192,#1193,#1446,.T.);
#812=EDGE_CURVE('',#1194,#1193,#1447,.T.);
#813=EDGE_CURVE('',#1191,#1194,#1448,.T.);
#814=EDGE_CURVE('',#1195,#1196,#1449,.T.);
#815=EDGE_CURVE('',#1196,#1197,#1450,.T.);
#816=EDGE_CURVE('',#1198,#1197,#1451,.T.);
#817=EDGE_CURVE('',#1195,#1198,#1452,.T.);
#818=EDGE_CURVE('',#1199,#1200,#1453,.T.);
#819=EDGE_CURVE('',#1201,#1199,#1454,.T.);
#820=EDGE_CURVE('',#1201,#1202,#1455,.T.);
#821=EDGE_CURVE('',#1202,#1200,#1456,.T.);
#822=EDGE_CURVE('',#1203,#1204,#1457,.T.);
#823=EDGE_CURVE('',#1205,#1203,#1458,.T.);
#824=EDGE_CURVE('',#1205,#1206,#1459,.T.);
#825=EDGE_CURVE('',#1206,#1204,#1460,.T.);
#826=EDGE_CURVE('',#1207,#1208,#1461,.T.);
#827=EDGE_CURVE('',#1209,#1207,#1462,.T.);
#828=EDGE_CURVE('',#1209,#1210,#1463,.T.);
#829=EDGE_CURVE('',#1210,#1208,#1464,.T.);
#830=EDGE_CURVE('',#1211,#1212,#1465,.T.);
#831=EDGE_CURVE('',#1213,#1211,#1466,.T.);
#832=EDGE_CURVE('',#1213,#1214,#1467,.T.);
#833=EDGE_CURVE('',#1214,#1212,#1468,.T.);
#834=EDGE_CURVE('',#1215,#1216,#1469,.T.);
#835=EDGE_CURVE('',#1217,#1215,#1470,.T.);
#836=EDGE_CURVE('',#1217,#1218,#1471,.T.);
#837=EDGE_CURVE('',#1218,#1216,#1472,.T.);
#838=EDGE_CURVE('',#1219,#1220,#1473,.T.);
#839=EDGE_CURVE('',#1221,#1219,#1474,.T.);
#840=EDGE_CURVE('',#1221,#1222,#1475,.T.);
#841=EDGE_CURVE('',#1222,#1220,#1476,.T.);
#842=EDGE_CURVE('',#1223,#1224,#1477,.T.);
#843=EDGE_CURVE('',#1225,#1223,#1478,.T.);
#844=EDGE_CURVE('',#1225,#1226,#1479,.T.);
#845=EDGE_CURVE('',#1226,#1224,#1480,.T.);
#846=EDGE_CURVE('',#1227,#1228,#1481,.T.);
#847=EDGE_CURVE('',#1228,#1229,#1482,.T.);
#848=EDGE_CURVE('',#1230,#1229,#1483,.T.);
#849=EDGE_CURVE('',#1227,#1230,#1484,.T.);
#850=EDGE_CURVE('',#1231,#1232,#1485,.T.);
#851=EDGE_CURVE('',#1232,#1233,#1486,.T.);
#852=EDGE_CURVE('',#1234,#1233,#1487,.T.);
#853=EDGE_CURVE('',#1231,#1234,#1488,.T.);
#854=EDGE_CURVE('',#1235,#1236,#1489,.T.);
#855=EDGE_CURVE('',#1236,#1237,#1490,.T.);
#856=EDGE_CURVE('',#1238,#1237,#1491,.T.);
#857=EDGE_CURVE('',#1235,#1238,#1492,.T.);
#858=EDGE_CURVE('',#1239,#1240,#1493,.T.);
#859=EDGE_CURVE('',#1240,#1241,#1494,.T.);
#860=EDGE_CURVE('',#1242,#1241,#1495,.T.);
#861=EDGE_CURVE('',#1239,#1242,#1496,.T.);
#862=EDGE_CURVE('',#1243,#1244,#1497,.T.);
#863=EDGE_CURVE('',#1244,#1245,#1498,.T.);
#864=EDGE_CURVE('',#1246,#1245,#1499,.T.);
#865=EDGE_CURVE('',#1243,#1246,#1500,.T.);
#866=EDGE_CURVE('',#1247,#1248,#1501,.T.);
#867=EDGE_CURVE('',#1248,#1249,#1502,.T.);
#868=EDGE_CURVE('',#1250,#1249,#1503,.T.);
#869=EDGE_CURVE('',#1247,#1250,#1504,.T.);
#870=EDGE_CURVE('',#1251,#1252,#1505,.T.);
#871=EDGE_CURVE('',#1252,#1253,#1506,.T.);
#872=EDGE_CURVE('',#1254,#1253,#1507,.T.);
#873=EDGE_CURVE('',#1251,#1254,#1508,.T.);
#874=EDGE_CURVE('',#1255,#1256,#1509,.T.);
#875=EDGE_CURVE('',#1255,#1257,#1510,.T.);
#876=EDGE_CURVE('',#1257,#1258,#1511,.T.);
#877=EDGE_CURVE('',#1258,#1256,#1512,.F.);
#878=EDGE_CURVE('',#1259,#1260,#1513,.T.);
#879=EDGE_CURVE('',#1260,#1261,#1514,.T.);
#880=EDGE_CURVE('',#1262,#1261,#1515,.T.);
#881=EDGE_CURVE('',#1259,#1262,#1516,.T.);
#882=EDGE_CURVE('',#1263,#1264,#1517,.T.);
#883=EDGE_CURVE('',#1264,#1265,#1518,.T.);
#884=EDGE_CURVE('',#1266,#1265,#1519,.T.);
#885=EDGE_CURVE('',#1263,#1266,#1520,.T.);
#886=EDGE_CURVE('',#1267,#1268,#1521,.T.);
#887=EDGE_CURVE('',#1268,#1269,#1522,.T.);
#888=EDGE_CURVE('',#1270,#1269,#1523,.T.);
#889=EDGE_CURVE('',#1267,#1270,#1524,.T.);
#890=EDGE_CURVE('',#1271,#1272,#1525,.T.);
#891=EDGE_CURVE('',#1272,#1273,#1526,.T.);
#892=EDGE_CURVE('',#1274,#1273,#1527,.T.);
#893=EDGE_CURVE('',#1271,#1274,#1528,.T.);
#894=EDGE_CURVE('',#1275,#1276,#1529,.T.);
#895=EDGE_CURVE('',#1276,#1277,#1530,.T.);
#896=EDGE_CURVE('',#1278,#1277,#1531,.T.);
#897=EDGE_CURVE('',#1275,#1278,#1532,.T.);
#898=EDGE_CURVE('',#1279,#1280,#1533,.T.);
#899=EDGE_CURVE('',#1280,#1281,#1534,.T.);
#900=EDGE_CURVE('',#1282,#1281,#1535,.T.);
#901=EDGE_CURVE('',#1279,#1282,#1536,.T.);
#902=EDGE_CURVE('',#1283,#1284,#1537,.T.);
#903=EDGE_CURVE('',#1284,#1285,#1538,.T.);
#904=EDGE_CURVE('',#1286,#1285,#1539,.T.);
#905=EDGE_CURVE('',#1283,#1286,#1540,.T.);
#906=EDGE_CURVE('',#1287,#1288,#1541,.T.);
#907=EDGE_CURVE('',#1287,#1289,#1542,.F.);
#908=EDGE_CURVE('',#1289,#1290,#1543,.T.);
#909=EDGE_CURVE('',#1291,#1290,#1544,.T.);
#910=EDGE_CURVE('',#1291,#1292,#1545,.T.);
#911=EDGE_CURVE('',#1292,#1293,#1546,.T.);
#912=EDGE_CURVE('',#1293,#1294,#1547,.T.);
#913=EDGE_CURVE('',#1294,#1288,#1548,.T.);
#914=EDGE_CURVE('',#1295,#1296,#1549,.T.);
#915=EDGE_CURVE('',#1295,#1297,#1550,.T.);
#916=EDGE_CURVE('',#1297,#1298,#1551,.T.);
#917=EDGE_CURVE('',#1296,#1298,#1552,.T.);
#918=EDGE_CURVE('',#1299,#1300,#1553,.T.);
#919=EDGE_CURVE('',#1299,#1301,#1554,.T.);
#920=EDGE_CURVE('',#1301,#1302,#1555,.T.);
#921=EDGE_CURVE('',#1300,#1302,#1556,.T.);
#922=EDGE_CURVE('',#1303,#1304,#1557,.T.);
#923=EDGE_CURVE('',#1303,#1305,#1558,.T.);
#924=EDGE_CURVE('',#1305,#1306,#1559,.T.);
#925=EDGE_CURVE('',#1304,#1306,#1560,.T.);
#926=EDGE_CURVE('',#1307,#1308,#1561,.T.);
#927=EDGE_CURVE('',#1307,#1309,#1562,.T.);
#928=EDGE_CURVE('',#1309,#1310,#1563,.T.);
#929=EDGE_CURVE('',#1308,#1310,#1564,.T.);
#930=EDGE_CURVE('',#1311,#1312,#1565,.T.);
#931=EDGE_CURVE('',#1311,#1313,#1566,.T.);
#932=EDGE_CURVE('',#1313,#1314,#1567,.T.);
#933=EDGE_CURVE('',#1312,#1314,#1568,.T.);
#934=EDGE_CURVE('',#1315,#1316,#1569,.T.);
#935=EDGE_CURVE('',#1316,#1317,#1570,.T.);
#936=EDGE_CURVE('',#1318,#1317,#1571,.T.);
#937=EDGE_CURVE('',#1315,#1318,#1572,.T.);
#938=EDGE_CURVE('',#1319,#1320,#1573,.T.);
#939=EDGE_CURVE('',#1320,#1321,#1574,.T.);
#940=EDGE_CURVE('',#1322,#1321,#1575,.T.);
#941=EDGE_CURVE('',#1319,#1322,#1576,.T.);
#942=EDGE_CURVE('',#1323,#1324,#1577,.T.);
#943=EDGE_CURVE('',#1324,#1325,#1578,.T.);
#944=EDGE_CURVE('',#1326,#1325,#1579,.T.);
#945=EDGE_CURVE('',#1323,#1326,#1580,.T.);
#946=EDGE_CURVE('',#1327,#1328,#1581,.T.);
#947=EDGE_CURVE('',#1328,#1329,#1582,.T.);
#948=EDGE_CURVE('',#1330,#1329,#1583,.T.);
#949=EDGE_CURVE('',#1327,#1330,#1584,.T.);
#950=EDGE_CURVE('',#1331,#1332,#1585,.T.);
#951=EDGE_CURVE('',#1332,#1333,#1586,.T.);
#952=EDGE_CURVE('',#1334,#1333,#1587,.T.);
#953=EDGE_CURVE('',#1331,#1334,#1588,.T.);
#954=EDGE_CURVE('',#1335,#1336,#1589,.T.);
#955=EDGE_CURVE('',#1336,#1337,#1590,.T.);
#956=EDGE_CURVE('',#1338,#1337,#1591,.T.);
#957=EDGE_CURVE('',#1335,#1338,#1592,.T.);
#958=EDGE_CURVE('',#1339,#1340,#1593,.T.);
#959=EDGE_CURVE('',#1341,#1340,#1594,.T.);
#960=EDGE_CURVE('',#1342,#1341,#1595,.T.);
#961=EDGE_CURVE('',#1342,#1339,#1596,.T.);
#962=EDGE_CURVE('',#1343,#1344,#1597,.T.);
#963=EDGE_CURVE('',#1343,#1345,#1598,.T.);
#964=EDGE_CURVE('',#1345,#1346,#1599,.T.);
#965=EDGE_CURVE('',#1344,#1346,#1600,.T.);
#966=EDGE_CURVE('',#1347,#1348,#1601,.T.);
#967=EDGE_CURVE('',#1347,#1349,#1602,.T.);
#968=EDGE_CURVE('',#1349,#1350,#1603,.T.);
#969=EDGE_CURVE('',#1348,#1350,#1604,.T.);
#970=EDGE_CURVE('',#1351,#1352,#1605,.T.);
#971=EDGE_CURVE('',#1351,#1353,#1606,.T.);
#972=EDGE_CURVE('',#1353,#1354,#1607,.T.);
#973=EDGE_CURVE('',#1352,#1354,#1608,.T.);
#974=EDGE_CURVE('',#1355,#1356,#1609,.T.);
#975=EDGE_CURVE('',#1355,#1357,#1610,.T.);
#976=EDGE_CURVE('',#1357,#1358,#1611,.T.);
#977=EDGE_CURVE('',#1356,#1358,#1612,.T.);
#978=EDGE_CURVE('',#1359,#1360,#1613,.T.);
#979=EDGE_CURVE('',#1359,#1361,#1614,.T.);
#980=EDGE_CURVE('',#1361,#1362,#1615,.T.);
#981=EDGE_CURVE('',#1360,#1362,#1616,.T.);
#982=EDGE_CURVE('',#1363,#1364,#1617,.T.);
#983=EDGE_CURVE('',#1363,#1365,#1618,.T.);
#984=EDGE_CURVE('',#1365,#1366,#1619,.T.);
#985=EDGE_CURVE('',#1364,#1366,#1620,.T.);
#986=EDGE_CURVE('',#1367,#1368,#1621,.T.);
#987=EDGE_CURVE('',#1367,#1369,#1622,.T.);
#988=EDGE_CURVE('',#1369,#1370,#1623,.T.);
#989=EDGE_CURVE('',#1368,#1370,#1624,.T.);
#990=EDGE_CURVE('',#1371,#1372,#1625,.T.);
#991=EDGE_CURVE('',#1371,#1373,#1626,.T.);
#992=EDGE_CURVE('',#1373,#1374,#1627,.T.);
#993=EDGE_CURVE('',#1372,#1374,#1628,.T.);
#994=EDGE_CURVE('',#1375,#1376,#1629,.T.);
#995=EDGE_CURVE('',#1375,#1377,#1630,.T.);
#996=EDGE_CURVE('',#1377,#1378,#1631,.T.);
#997=EDGE_CURVE('',#1376,#1378,#1632,.T.);
#998=EDGE_CURVE('',#1379,#1380,#1633,.T.);
#999=EDGE_CURVE('',#1379,#1381,#1634,.T.);
#1000=EDGE_CURVE('',#1381,#1382,#1635,.T.);
#1001=EDGE_CURVE('',#1380,#1382,#1636,.T.);
#1002=EDGE_CURVE('',#1383,#1384,#1637,.T.);
#1003=EDGE_CURVE('',#1383,#1385,#1638,.T.);
#1004=EDGE_CURVE('',#1385,#1386,#1639,.T.);
#1005=EDGE_CURVE('',#1384,#1386,#1640,.T.);
#1006=EDGE_CURVE('',#1387,#1388,#1641,.T.);
#1007=EDGE_CURVE('',#1387,#1389,#1642,.T.);
#1008=EDGE_CURVE('',#1389,#1390,#1643,.T.);
#1009=EDGE_CURVE('',#1391,#1390,#1644,.T.);
#1010=EDGE_CURVE('',#1391,#1392,#1645,.T.);
#1011=EDGE_CURVE('',#1392,#1388,#1646,.T.);
#1012=EDGE_CURVE('',#1393,#1394,#1647,.T.);
#1013=EDGE_CURVE('',#1395,#1393,#1648,.T.);
#1014=EDGE_CURVE('',#1396,#1395,#1649,.T.);
#1015=EDGE_CURVE('',#1293,#1396,#1650,.T.);
#1016=EDGE_CURVE('',#1292,#1397,#1651,.T.);
#1017=EDGE_CURVE('',#1398,#1397,#1652,.T.);
#1018=EDGE_CURVE('',#1398,#1168,#1653,.T.);
#1019=EDGE_CURVE('',#1394,#1170,#1654,.T.);
#1020=EDGE_CURVE('',#1387,#1399,#1655,.T.);
#1021=EDGE_CURVE('',#1399,#1400,#1656,.T.);
#1022=EDGE_CURVE('',#1400,#1169,#1657,.T.);
#1023=EDGE_CURVE('',#1401,#1167,#1658,.T.);
#1024=EDGE_CURVE('',#1401,#1402,#1659,.T.);
#1025=EDGE_CURVE('',#1389,#1402,#1660,.T.);
#1026=EDGE_CURVE('',#1289,#1403,#16,.T.);
#1027=EDGE_CURVE('',#1403,#1404,#1661,.T.);
#1028=EDGE_CURVE('',#1404,#1255,#17,.T.);
#1029=EDGE_CURVE('',#1256,#1405,#18,.T.);
#1030=EDGE_CURVE('',#1406,#1405,#1662,.T.);
#1031=EDGE_CURVE('',#1406,#1294,#19,.T.);
#1032=EDGE_CURVE('',#1396,#1407,#1663,.T.);
#1033=EDGE_CURVE('',#1407,#1408,#1664,.T.);
#1034=EDGE_CURVE('',#1394,#1408,#1665,.T.);
#1035=EDGE_CURVE('',#1400,#1409,#1666,.T.);
#1036=EDGE_CURVE('',#1341,#1409,#1667,.T.);
#1037=EDGE_CURVE('',#1290,#1340,#1668,.T.);
#1038=EDGE_CURVE('',#1388,#1339,#1669,.T.);
#1039=EDGE_CURVE('',#1410,#1392,#1670,.T.);
#1040=EDGE_CURVE('',#1410,#1411,#1671,.T.);
#1041=EDGE_CURVE('',#1291,#1411,#1672,.T.);
#1042=EDGE_CURVE('',#1402,#1412,#1673,.T.);
#1043=EDGE_CURVE('',#1412,#1390,#1674,.T.);
#1044=EDGE_CURVE('',#1411,#1397,#1675,.T.);
#1045=EDGE_CURVE('',#1413,#1414,#1676,.T.);
#1046=EDGE_CURVE('',#1413,#1287,#20,.F.);
#1047=EDGE_CURVE('',#1288,#1415,#21,.F.);
#1048=EDGE_CURVE('',#1415,#1416,#1677,.T.);
#1049=EDGE_CURVE('',#1416,#1258,#22,.F.);
#1050=EDGE_CURVE('',#1257,#1414,#23,.F.);
#1051=EDGE_CURVE('',#1403,#1413,#1678,.T.);
#1052=EDGE_CURVE('',#1414,#1404,#1679,.F.);
#1053=EDGE_CURVE('',#1415,#1406,#1680,.F.);
#1054=EDGE_CURVE('',#1405,#1416,#1681,.T.);
#1055=EDGE_CURVE('',#1375,#1295,#1682,.T.);
#1056=EDGE_CURVE('',#1376,#1297,#1683,.T.);
#1057=EDGE_CURVE('',#1377,#1296,#1684,.T.);
#1058=EDGE_CURVE('',#1378,#1298,#1685,.T.);
#1059=EDGE_CURVE('',#1371,#1299,#1686,.T.);
#1060=EDGE_CURVE('',#1372,#1301,#1687,.T.);
#1061=EDGE_CURVE('',#1373,#1300,#1688,.T.);
#1062=EDGE_CURVE('',#1374,#1302,#1689,.T.);
#1063=EDGE_CURVE('',#1379,#1303,#1690,.T.);
#1064=EDGE_CURVE('',#1380,#1305,#1691,.T.);
#1065=EDGE_CURVE('',#1381,#1304,#1692,.T.);
#1066=EDGE_CURVE('',#1382,#1306,#1693,.T.);
#1067=EDGE_CURVE('',#1367,#1307,#1694,.T.);
#1068=EDGE_CURVE('',#1368,#1309,#1695,.T.);
#1069=EDGE_CURVE('',#1369,#1308,#1696,.T.);
#1070=EDGE_CURVE('',#1370,#1310,#1697,.T.);
#1071=EDGE_CURVE('',#1383,#1311,#1698,.T.);
#1072=EDGE_CURVE('',#1384,#1313,#1699,.T.);
#1073=EDGE_CURVE('',#1385,#1312,#1700,.T.);
#1074=EDGE_CURVE('',#1386,#1314,#1701,.T.);
#1075=EDGE_CURVE('',#1410,#1398,#1702,.T.);
#1076=EDGE_CURVE('',#1417,#1412,#1703,.T.);
#1077=EDGE_CURVE('',#1417,#1391,#1704,.T.);
#1078=EDGE_CURVE('',#1401,#1417,#1705,.T.);
#1079=EDGE_CURVE('',#1342,#1418,#1706,.T.);
#1080=EDGE_CURVE('',#1399,#1418,#1707,.T.);
#1081=EDGE_CURVE('',#1418,#1409,#1708,.T.);
#1082=EDGE_CURVE('',#1395,#1419,#1709,.T.);
#1083=EDGE_CURVE('',#1419,#1407,#1710,.T.);
#1084=EDGE_CURVE('',#1393,#1420,#1711,.T.);
#1085=EDGE_CURVE('',#1419,#1420,#1712,.T.);
#1086=EDGE_CURVE('',#1420,#1408,#1713,.T.);
#1087=EDGE_CURVE('',#1315,#1346,#1714,.T.);
#1088=EDGE_CURVE('',#1316,#1345,#1715,.T.);
#1089=EDGE_CURVE('',#1318,#1344,#1716,.T.);
#1090=EDGE_CURVE('',#1317,#1343,#1717,.T.);
#1091=EDGE_CURVE('',#1319,#1350,#1718,.T.);
#1092=EDGE_CURVE('',#1320,#1349,#1719,.T.);
#1093=EDGE_CURVE('',#1322,#1348,#1720,.T.);
#1094=EDGE_CURVE('',#1321,#1347,#1721,.T.);
#1095=EDGE_CURVE('',#1323,#1354,#1722,.T.);
#1096=EDGE_CURVE('',#1324,#1353,#1723,.T.);
#1097=EDGE_CURVE('',#1326,#1352,#1724,.T.);
#1098=EDGE_CURVE('',#1325,#1351,#1725,.T.);
#1099=EDGE_CURVE('',#1327,#1358,#1726,.T.);
#1100=EDGE_CURVE('',#1328,#1357,#1727,.T.);
#1101=EDGE_CURVE('',#1330,#1356,#1728,.T.);
#1102=EDGE_CURVE('',#1329,#1355,#1729,.T.);
#1103=EDGE_CURVE('',#1331,#1362,#1730,.T.);
#1104=EDGE_CURVE('',#1332,#1361,#1731,.T.);
#1105=EDGE_CURVE('',#1334,#1360,#1732,.T.);
#1106=EDGE_CURVE('',#1333,#1359,#1733,.T.);
#1107=EDGE_CURVE('',#1335,#1366,#1734,.T.);
#1108=EDGE_CURVE('',#1336,#1365,#1735,.T.);
#1109=EDGE_CURVE('',#1338,#1364,#1736,.T.);
#1110=EDGE_CURVE('',#1337,#1363,#1737,.T.);
#1111=EDGE_CURVE('',#1172,#1252,#1738,.T.);
#1112=EDGE_CURVE('',#1173,#1251,#1739,.T.);
#1113=EDGE_CURVE('',#1174,#1254,#1740,.T.);
#1114=EDGE_CURVE('',#1171,#1253,#1741,.T.);
#1115=EDGE_CURVE('',#1176,#1260,#1742,.T.);
#1116=EDGE_CURVE('',#1177,#1259,#1743,.T.);
#1117=EDGE_CURVE('',#1178,#1262,#1744,.T.);
#1118=EDGE_CURVE('',#1175,#1261,#1745,.T.);
#1119=EDGE_CURVE('',#1180,#1248,#1746,.T.);
#1120=EDGE_CURVE('',#1181,#1247,#1747,.T.);
#1121=EDGE_CURVE('',#1182,#1250,#1748,.T.);
#1122=EDGE_CURVE('',#1179,#1249,#1749,.T.);
#1123=EDGE_CURVE('',#1184,#1264,#1750,.T.);
#1124=EDGE_CURVE('',#1185,#1263,#1751,.T.);
#1125=EDGE_CURVE('',#1186,#1266,#1752,.T.);
#1126=EDGE_CURVE('',#1183,#1265,#1753,.T.);
#1127=EDGE_CURVE('',#1188,#1244,#1754,.T.);
#1128=EDGE_CURVE('',#1189,#1243,#1755,.T.);
#1129=EDGE_CURVE('',#1190,#1246,#1756,.T.);
#1130=EDGE_CURVE('',#1187,#1245,#1757,.T.);
#1131=EDGE_CURVE('',#1192,#1268,#1758,.T.);
#1132=EDGE_CURVE('',#1193,#1267,#1759,.T.);
#1133=EDGE_CURVE('',#1194,#1270,#1760,.T.);
#1134=EDGE_CURVE('',#1191,#1269,#1761,.T.);
#1135=EDGE_CURVE('',#1196,#1240,#1762,.T.);
#1136=EDGE_CURVE('',#1197,#1239,#1763,.T.);
#1137=EDGE_CURVE('',#1198,#1242,#1764,.T.);
#1138=EDGE_CURVE('',#1195,#1241,#1765,.T.);
#1139=EDGE_CURVE('',#1201,#1271,#1766,.T.);
#1140=EDGE_CURVE('',#1199,#1272,#1767,.T.);
#1141=EDGE_CURVE('',#1202,#1274,#1768,.T.);
#1142=EDGE_CURVE('',#1200,#1273,#1769,.T.);
#1143=EDGE_CURVE('',#1205,#1235,#1770,.T.);
#1144=EDGE_CURVE('',#1203,#1236,#1771,.T.);
#1145=EDGE_CURVE('',#1206,#1238,#1772,.T.);
#1146=EDGE_CURVE('',#1204,#1237,#1773,.T.);
#1147=EDGE_CURVE('',#1209,#1275,#1774,.T.);
#1148=EDGE_CURVE('',#1207,#1276,#1775,.T.);
#1149=EDGE_CURVE('',#1210,#1278,#1776,.T.);
#1150=EDGE_CURVE('',#1208,#1277,#1777,.T.);
#1151=EDGE_CURVE('',#1213,#1231,#1778,.T.);
#1152=EDGE_CURVE('',#1211,#1232,#1779,.T.);
#1153=EDGE_CURVE('',#1214,#1234,#1780,.T.);
#1154=EDGE_CURVE('',#1212,#1233,#1781,.T.);
#1155=EDGE_CURVE('',#1217,#1279,#1782,.T.);
#1156=EDGE_CURVE('',#1215,#1280,#1783,.T.);
#1157=EDGE_CURVE('',#1218,#1282,#1784,.T.);
#1158=EDGE_CURVE('',#1216,#1281,#1785,.T.);
#1159=EDGE_CURVE('',#1221,#1227,#1786,.T.);
#1160=EDGE_CURVE('',#1219,#1228,#1787,.T.);
#1161=EDGE_CURVE('',#1222,#1230,#1788,.T.);
#1162=EDGE_CURVE('',#1220,#1229,#1789,.T.);
#1163=EDGE_CURVE('',#1225,#1283,#1790,.T.);
#1164=EDGE_CURVE('',#1223,#1284,#1791,.T.);
#1165=EDGE_CURVE('',#1226,#1286,#1792,.T.);
#1166=EDGE_CURVE('',#1224,#1285,#1793,.T.);
#1167=VERTEX_POINT('',#3581);
#1168=VERTEX_POINT('',#3582);
#1169=VERTEX_POINT('',#3584);
#1170=VERTEX_POINT('',#3586);
#1171=VERTEX_POINT('',#3589);
#1172=VERTEX_POINT('',#3590);
#1173=VERTEX_POINT('',#3592);
#1174=VERTEX_POINT('',#3594);
#1175=VERTEX_POINT('',#3597);
#1176=VERTEX_POINT('',#3598);
#1177=VERTEX_POINT('',#3600);
#1178=VERTEX_POINT('',#3602);
#1179=VERTEX_POINT('',#3605);
#1180=VERTEX_POINT('',#3606);
#1181=VERTEX_POINT('',#3608);
#1182=VERTEX_POINT('',#3610);
#1183=VERTEX_POINT('',#3613);
#1184=VERTEX_POINT('',#3614);
#1185=VERTEX_POINT('',#3616);
#1186=VERTEX_POINT('',#3618);
#1187=VERTEX_POINT('',#3621);
#1188=VERTEX_POINT('',#3622);
#1189=VERTEX_POINT('',#3624);
#1190=VERTEX_POINT('',#3626);
#1191=VERTEX_POINT('',#3629);
#1192=VERTEX_POINT('',#3630);
#1193=VERTEX_POINT('',#3632);
#1194=VERTEX_POINT('',#3634);
#1195=VERTEX_POINT('',#3637);
#1196=VERTEX_POINT('',#3638);
#1197=VERTEX_POINT('',#3640);
#1198=VERTEX_POINT('',#3642);
#1199=VERTEX_POINT('',#3645);
#1200=VERTEX_POINT('',#3646);
#1201=VERTEX_POINT('',#3648);
#1202=VERTEX_POINT('',#3650);
#1203=VERTEX_POINT('',#3653);
#1204=VERTEX_POINT('',#3654);
#1205=VERTEX_POINT('',#3656);
#1206=VERTEX_POINT('',#3658);
#1207=VERTEX_POINT('',#3661);
#1208=VERTEX_POINT('',#3662);
#1209=VERTEX_POINT('',#3664);
#1210=VERTEX_POINT('',#3666);
#1211=VERTEX_POINT('',#3669);
#1212=VERTEX_POINT('',#3670);
#1213=VERTEX_POINT('',#3672);
#1214=VERTEX_POINT('',#3674);
#1215=VERTEX_POINT('',#3677);
#1216=VERTEX_POINT('',#3678);
#1217=VERTEX_POINT('',#3680);
#1218=VERTEX_POINT('',#3682);
#1219=VERTEX_POINT('',#3685);
#1220=VERTEX_POINT('',#3686);
#1221=VERTEX_POINT('',#3688);
#1222=VERTEX_POINT('',#3690);
#1223=VERTEX_POINT('',#3693);
#1224=VERTEX_POINT('',#3694);
#1225=VERTEX_POINT('',#3696);
#1226=VERTEX_POINT('',#3698);
#1227=VERTEX_POINT('',#3702);
#1228=VERTEX_POINT('',#3703);
#1229=VERTEX_POINT('',#3705);
#1230=VERTEX_POINT('',#3707);
#1231=VERTEX_POINT('',#3710);
#1232=VERTEX_POINT('',#3711);
#1233=VERTEX_POINT('',#3713);
#1234=VERTEX_POINT('',#3715);
#1235=VERTEX_POINT('',#3718);
#1236=VERTEX_POINT('',#3719);
#1237=VERTEX_POINT('',#3721);
#1238=VERTEX_POINT('',#3723);
#1239=VERTEX_POINT('',#3726);
#1240=VERTEX_POINT('',#3727);
#1241=VERTEX_POINT('',#3729);
#1242=VERTEX_POINT('',#3731);
#1243=VERTEX_POINT('',#3734);
#1244=VERTEX_POINT('',#3735);
#1245=VERTEX_POINT('',#3737);
#1246=VERTEX_POINT('',#3739);
#1247=VERTEX_POINT('',#3742);
#1248=VERTEX_POINT('',#3743);
#1249=VERTEX_POINT('',#3745);
#1250=VERTEX_POINT('',#3747);
#1251=VERTEX_POINT('',#3750);
#1252=VERTEX_POINT('',#3751);
#1253=VERTEX_POINT('',#3753);
#1254=VERTEX_POINT('',#3755);
#1255=VERTEX_POINT('',#3758);
#1256=VERTEX_POINT('',#3759);
#1257=VERTEX_POINT('',#3761);
#1258=VERTEX_POINT('',#3763);
#1259=VERTEX_POINT('',#3766);
#1260=VERTEX_POINT('',#3767);
#1261=VERTEX_POINT('',#3769);
#1262=VERTEX_POINT('',#3771);
#1263=VERTEX_POINT('',#3774);
#1264=VERTEX_POINT('',#3775);
#1265=VERTEX_POINT('',#3777);
#1266=VERTEX_POINT('',#3779);
#1267=VERTEX_POINT('',#3782);
#1268=VERTEX_POINT('',#3783);
#1269=VERTEX_POINT('',#3785);
#1270=VERTEX_POINT('',#3787);
#1271=VERTEX_POINT('',#3790);
#1272=VERTEX_POINT('',#3791);
#1273=VERTEX_POINT('',#3793);
#1274=VERTEX_POINT('',#3795);
#1275=VERTEX_POINT('',#3798);
#1276=VERTEX_POINT('',#3799);
#1277=VERTEX_POINT('',#3801);
#1278=VERTEX_POINT('',#3803);
#1279=VERTEX_POINT('',#3806);
#1280=VERTEX_POINT('',#3807);
#1281=VERTEX_POINT('',#3809);
#1282=VERTEX_POINT('',#3811);
#1283=VERTEX_POINT('',#3814);
#1284=VERTEX_POINT('',#3815);
#1285=VERTEX_POINT('',#3817);
#1286=VERTEX_POINT('',#3819);
#1287=VERTEX_POINT('',#3823);
#1288=VERTEX_POINT('',#3824);
#1289=VERTEX_POINT('',#3826);
#1290=VERTEX_POINT('',#3828);
#1291=VERTEX_POINT('',#3830);
#1292=VERTEX_POINT('',#3832);
#1293=VERTEX_POINT('',#3834);
#1294=VERTEX_POINT('',#3836);
#1295=VERTEX_POINT('',#3839);
#1296=VERTEX_POINT('',#3840);
#1297=VERTEX_POINT('',#3842);
#1298=VERTEX_POINT('',#3844);
#1299=VERTEX_POINT('',#3847);
#1300=VERTEX_POINT('',#3848);
#1301=VERTEX_POINT('',#3850);
#1302=VERTEX_POINT('',#3852);
#1303=VERTEX_POINT('',#3855);
#1304=VERTEX_POINT('',#3856);
#1305=VERTEX_POINT('',#3858);
#1306=VERTEX_POINT('',#3860);
#1307=VERTEX_POINT('',#3863);
#1308=VERTEX_POINT('',#3864);
#1309=VERTEX_POINT('',#3866);
#1310=VERTEX_POINT('',#3868);
#1311=VERTEX_POINT('',#3871);
#1312=VERTEX_POINT('',#3872);
#1313=VERTEX_POINT('',#3874);
#1314=VERTEX_POINT('',#3876);
#1315=VERTEX_POINT('',#3879);
#1316=VERTEX_POINT('',#3880);
#1317=VERTEX_POINT('',#3882);
#1318=VERTEX_POINT('',#3884);
#1319=VERTEX_POINT('',#3887);
#1320=VERTEX_POINT('',#3888);
#1321=VERTEX_POINT('',#3890);
#1322=VERTEX_POINT('',#3892);
#1323=VERTEX_POINT('',#3895);
#1324=VERTEX_POINT('',#3896);
#1325=VERTEX_POINT('',#3898);
#1326=VERTEX_POINT('',#3900);
#1327=VERTEX_POINT('',#3903);
#1328=VERTEX_POINT('',#3904);
#1329=VERTEX_POINT('',#3906);
#1330=VERTEX_POINT('',#3908);
#1331=VERTEX_POINT('',#3911);
#1332=VERTEX_POINT('',#3912);
#1333=VERTEX_POINT('',#3914);
#1334=VERTEX_POINT('',#3916);
#1335=VERTEX_POINT('',#3919);
#1336=VERTEX_POINT('',#3920);
#1337=VERTEX_POINT('',#3922);
#1338=VERTEX_POINT('',#3924);
#1339=VERTEX_POINT('',#3928);
#1340=VERTEX_POINT('',#3929);
#1341=VERTEX_POINT('',#3931);
#1342=VERTEX_POINT('',#3933);
#1343=VERTEX_POINT('',#3936);
#1344=VERTEX_POINT('',#3937);
#1345=VERTEX_POINT('',#3939);
#1346=VERTEX_POINT('',#3941);
#1347=VERTEX_POINT('',#3944);
#1348=VERTEX_POINT('',#3945);
#1349=VERTEX_POINT('',#3947);
#1350=VERTEX_POINT('',#3949);
#1351=VERTEX_POINT('',#3952);
#1352=VERTEX_POINT('',#3953);
#1353=VERTEX_POINT('',#3955);
#1354=VERTEX_POINT('',#3957);
#1355=VERTEX_POINT('',#3960);
#1356=VERTEX_POINT('',#3961);
#1357=VERTEX_POINT('',#3963);
#1358=VERTEX_POINT('',#3965);
#1359=VERTEX_POINT('',#3968);
#1360=VERTEX_POINT('',#3969);
#1361=VERTEX_POINT('',#3971);
#1362=VERTEX_POINT('',#3973);
#1363=VERTEX_POINT('',#3976);
#1364=VERTEX_POINT('',#3977);
#1365=VERTEX_POINT('',#3979);
#1366=VERTEX_POINT('',#3981);
#1367=VERTEX_POINT('',#3985);
#1368=VERTEX_POINT('',#3986);
#1369=VERTEX_POINT('',#3988);
#1370=VERTEX_POINT('',#3990);
#1371=VERTEX_POINT('',#3993);
#1372=VERTEX_POINT('',#3994);
#1373=VERTEX_POINT('',#3996);
#1374=VERTEX_POINT('',#3998);
#1375=VERTEX_POINT('',#4001);
#1376=VERTEX_POINT('',#4002);
#1377=VERTEX_POINT('',#4004);
#1378=VERTEX_POINT('',#4006);
#1379=VERTEX_POINT('',#4009);
#1380=VERTEX_POINT('',#4010);
#1381=VERTEX_POINT('',#4012);
#1382=VERTEX_POINT('',#4014);
#1383=VERTEX_POINT('',#4017);
#1384=VERTEX_POINT('',#4018);
#1385=VERTEX_POINT('',#4020);
#1386=VERTEX_POINT('',#4022);
#1387=VERTEX_POINT('',#4025);
#1388=VERTEX_POINT('',#4026);
#1389=VERTEX_POINT('',#4028);
#1390=VERTEX_POINT('',#4030);
#1391=VERTEX_POINT('',#4032);
#1392=VERTEX_POINT('',#4034);
#1393=VERTEX_POINT('',#4038);
#1394=VERTEX_POINT('',#4039);
#1395=VERTEX_POINT('',#4041);
#1396=VERTEX_POINT('',#4043);
#1397=VERTEX_POINT('',#4046);
#1398=VERTEX_POINT('',#4048);
#1399=VERTEX_POINT('',#4053);
#1400=VERTEX_POINT('',#4055);
#1401=VERTEX_POINT('',#4058);
#1402=VERTEX_POINT('',#4060);
#1403=VERTEX_POINT('',#4064);
#1404=VERTEX_POINT('',#4066);
#1405=VERTEX_POINT('',#4069);
#1406=VERTEX_POINT('',#4071);
#1407=VERTEX_POINT('',#4074);
#1408=VERTEX_POINT('',#4076);
#1409=VERTEX_POINT('',#4079);
#1410=VERTEX_POINT('',#4085);
#1411=VERTEX_POINT('',#4087);
#1412=VERTEX_POINT('',#4091);
#1413=VERTEX_POINT('',#4097);
#1414=VERTEX_POINT('',#4098);
#1415=VERTEX_POINT('',#4101);
#1416=VERTEX_POINT('',#4103);
#1417=VERTEX_POINT('',#4156);
#1418=VERTEX_POINT('',#4163);
#1419=VERTEX_POINT('',#4170);
#1420=VERTEX_POINT('',#4174);
#1421=LINE('',#3580,#1794);
#1422=LINE('',#3583,#1795);
#1423=LINE('',#3585,#1796);
#1424=LINE('',#3587,#1797);
#1425=LINE('',#3588,#1798);
#1426=LINE('',#3591,#1799);
#1427=LINE('',#3593,#1800);
#1428=LINE('',#3595,#1801);
#1429=LINE('',#3596,#1802);
#1430=LINE('',#3599,#1803);
#1431=LINE('',#3601,#1804);
#1432=LINE('',#3603,#1805);
#1433=LINE('',#3604,#1806);
#1434=LINE('',#3607,#1807);
#1435=LINE('',#3609,#1808);
#1436=LINE('',#3611,#1809);
#1437=LINE('',#3612,#1810);
#1438=LINE('',#3615,#1811);
#1439=LINE('',#3617,#1812);
#1440=LINE('',#3619,#1813);
#1441=LINE('',#3620,#1814);
#1442=LINE('',#3623,#1815);
#1443=LINE('',#3625,#1816);
#1444=LINE('',#3627,#1817);
#1445=LINE('',#3628,#1818);
#1446=LINE('',#3631,#1819);
#1447=LINE('',#3633,#1820);
#1448=LINE('',#3635,#1821);
#1449=LINE('',#3636,#1822);
#1450=LINE('',#3639,#1823);
#1451=LINE('',#3641,#1824);
#1452=LINE('',#3643,#1825);
#1453=LINE('',#3644,#1826);
#1454=LINE('',#3647,#1827);
#1455=LINE('',#3649,#1828);
#1456=LINE('',#3651,#1829);
#1457=LINE('',#3652,#1830);
#1458=LINE('',#3655,#1831);
#1459=LINE('',#3657,#1832);
#1460=LINE('',#3659,#1833);
#1461=LINE('',#3660,#1834);
#1462=LINE('',#3663,#1835);
#1463=LINE('',#3665,#1836);
#1464=LINE('',#3667,#1837);
#1465=LINE('',#3668,#1838);
#1466=LINE('',#3671,#1839);
#1467=LINE('',#3673,#1840);
#1468=LINE('',#3675,#1841);
#1469=LINE('',#3676,#1842);
#1470=LINE('',#3679,#1843);
#1471=LINE('',#3681,#1844);
#1472=LINE('',#3683,#1845);
#1473=LINE('',#3684,#1846);
#1474=LINE('',#3687,#1847);
#1475=LINE('',#3689,#1848);
#1476=LINE('',#3691,#1849);
#1477=LINE('',#3692,#1850);
#1478=LINE('',#3695,#1851);
#1479=LINE('',#3697,#1852);
#1480=LINE('',#3699,#1853);
#1481=LINE('',#3701,#1854);
#1482=LINE('',#3704,#1855);
#1483=LINE('',#3706,#1856);
#1484=LINE('',#3708,#1857);
#1485=LINE('',#3709,#1858);
#1486=LINE('',#3712,#1859);
#1487=LINE('',#3714,#1860);
#1488=LINE('',#3716,#1861);
#1489=LINE('',#3717,#1862);
#1490=LINE('',#3720,#1863);
#1491=LINE('',#3722,#1864);
#1492=LINE('',#3724,#1865);
#1493=LINE('',#3725,#1866);
#1494=LINE('',#3728,#1867);
#1495=LINE('',#3730,#1868);
#1496=LINE('',#3732,#1869);
#1497=LINE('',#3733,#1870);
#1498=LINE('',#3736,#1871);
#1499=LINE('',#3738,#1872);
#1500=LINE('',#3740,#1873);
#1501=LINE('',#3741,#1874);
#1502=LINE('',#3744,#1875);
#1503=LINE('',#3746,#1876);
#1504=LINE('',#3748,#1877);
#1505=LINE('',#3749,#1878);
#1506=LINE('',#3752,#1879);
#1507=LINE('',#3754,#1880);
#1508=LINE('',#3756,#1881);
#1509=LINE('',#3757,#1882);
#1510=LINE('',#3760,#1883);
#1511=LINE('',#3762,#1884);
#1512=LINE('',#3764,#1885);
#1513=LINE('',#3765,#1886);
#1514=LINE('',#3768,#1887);
#1515=LINE('',#3770,#1888);
#1516=LINE('',#3772,#1889);
#1517=LINE('',#3773,#1890);
#1518=LINE('',#3776,#1891);
#1519=LINE('',#3778,#1892);
#1520=LINE('',#3780,#1893);
#1521=LINE('',#3781,#1894);
#1522=LINE('',#3784,#1895);
#1523=LINE('',#3786,#1896);
#1524=LINE('',#3788,#1897);
#1525=LINE('',#3789,#1898);
#1526=LINE('',#3792,#1899);
#1527=LINE('',#3794,#1900);
#1528=LINE('',#3796,#1901);
#1529=LINE('',#3797,#1902);
#1530=LINE('',#3800,#1903);
#1531=LINE('',#3802,#1904);
#1532=LINE('',#3804,#1905);
#1533=LINE('',#3805,#1906);
#1534=LINE('',#3808,#1907);
#1535=LINE('',#3810,#1908);
#1536=LINE('',#3812,#1909);
#1537=LINE('',#3813,#1910);
#1538=LINE('',#3816,#1911);
#1539=LINE('',#3818,#1912);
#1540=LINE('',#3820,#1913);
#1541=LINE('',#3822,#1914);
#1542=LINE('',#3825,#1915);
#1543=LINE('',#3827,#1916);
#1544=LINE('',#3829,#1917);
#1545=LINE('',#3831,#1918);
#1546=LINE('',#3833,#1919);
#1547=LINE('',#3835,#1920);
#1548=LINE('',#3837,#1921);
#1549=LINE('',#3838,#1922);
#1550=LINE('',#3841,#1923);
#1551=LINE('',#3843,#1924);
#1552=LINE('',#3845,#1925);
#1553=LINE('',#3846,#1926);
#1554=LINE('',#3849,#1927);
#1555=LINE('',#3851,#1928);
#1556=LINE('',#3853,#1929);
#1557=LINE('',#3854,#1930);
#1558=LINE('',#3857,#1931);
#1559=LINE('',#3859,#1932);
#1560=LINE('',#3861,#1933);
#1561=LINE('',#3862,#1934);
#1562=LINE('',#3865,#1935);
#1563=LINE('',#3867,#1936);
#1564=LINE('',#3869,#1937);
#1565=LINE('',#3870,#1938);
#1566=LINE('',#3873,#1939);
#1567=LINE('',#3875,#1940);
#1568=LINE('',#3877,#1941);
#1569=LINE('',#3878,#1942);
#1570=LINE('',#3881,#1943);
#1571=LINE('',#3883,#1944);
#1572=LINE('',#3885,#1945);
#1573=LINE('',#3886,#1946);
#1574=LINE('',#3889,#1947);
#1575=LINE('',#3891,#1948);
#1576=LINE('',#3893,#1949);
#1577=LINE('',#3894,#1950);
#1578=LINE('',#3897,#1951);
#1579=LINE('',#3899,#1952);
#1580=LINE('',#3901,#1953);
#1581=LINE('',#3902,#1954);
#1582=LINE('',#3905,#1955);
#1583=LINE('',#3907,#1956);
#1584=LINE('',#3909,#1957);
#1585=LINE('',#3910,#1958);
#1586=LINE('',#3913,#1959);
#1587=LINE('',#3915,#1960);
#1588=LINE('',#3917,#1961);
#1589=LINE('',#3918,#1962);
#1590=LINE('',#3921,#1963);
#1591=LINE('',#3923,#1964);
#1592=LINE('',#3925,#1965);
#1593=LINE('',#3927,#1966);
#1594=LINE('',#3930,#1967);
#1595=LINE('',#3932,#1968);
#1596=LINE('',#3934,#1969);
#1597=LINE('',#3935,#1970);
#1598=LINE('',#3938,#1971);
#1599=LINE('',#3940,#1972);
#1600=LINE('',#3942,#1973);
#1601=LINE('',#3943,#1974);
#1602=LINE('',#3946,#1975);
#1603=LINE('',#3948,#1976);
#1604=LINE('',#3950,#1977);
#1605=LINE('',#3951,#1978);
#1606=LINE('',#3954,#1979);
#1607=LINE('',#3956,#1980);
#1608=LINE('',#3958,#1981);
#1609=LINE('',#3959,#1982);
#1610=LINE('',#3962,#1983);
#1611=LINE('',#3964,#1984);
#1612=LINE('',#3966,#1985);
#1613=LINE('',#3967,#1986);
#1614=LINE('',#3970,#1987);
#1615=LINE('',#3972,#1988);
#1616=LINE('',#3974,#1989);
#1617=LINE('',#3975,#1990);
#1618=LINE('',#3978,#1991);
#1619=LINE('',#3980,#1992);
#1620=LINE('',#3982,#1993);
#1621=LINE('',#3984,#1994);
#1622=LINE('',#3987,#1995);
#1623=LINE('',#3989,#1996);
#1624=LINE('',#3991,#1997);
#1625=LINE('',#3992,#1998);
#1626=LINE('',#3995,#1999);
#1627=LINE('',#3997,#2000);
#1628=LINE('',#3999,#2001);
#1629=LINE('',#4000,#2002);
#1630=LINE('',#4003,#2003);
#1631=LINE('',#4005,#2004);
#1632=LINE('',#4007,#2005);
#1633=LINE('',#4008,#2006);
#1634=LINE('',#4011,#2007);
#1635=LINE('',#4013,#2008);
#1636=LINE('',#4015,#2009);
#1637=LINE('',#4016,#2010);
#1638=LINE('',#4019,#2011);
#1639=LINE('',#4021,#2012);
#1640=LINE('',#4023,#2013);
#1641=LINE('',#4024,#2014);
#1642=LINE('',#4027,#2015);
#1643=LINE('',#4029,#2016);
#1644=LINE('',#4031,#2017);
#1645=LINE('',#4033,#2018);
#1646=LINE('',#4035,#2019);
#1647=LINE('',#4037,#2020);
#1648=LINE('',#4040,#2021);
#1649=LINE('',#4042,#2022);
#1650=LINE('',#4044,#2023);
#1651=LINE('',#4045,#2024);
#1652=LINE('',#4047,#2025);
#1653=LINE('',#4049,#2026);
#1654=LINE('',#4050,#2027);
#1655=LINE('',#4052,#2028);
#1656=LINE('',#4054,#2029);
#1657=LINE('',#4056,#2030);
#1658=LINE('',#4057,#2031);
#1659=LINE('',#4059,#2032);
#1660=LINE('',#4061,#2033);
#1661=LINE('',#4065,#2034);
#1662=LINE('',#4070,#2035);
#1663=LINE('',#4073,#2036);
#1664=LINE('',#4075,#2037);
#1665=LINE('',#4077,#2038);
#1666=LINE('',#4078,#2039);
#1667=LINE('',#4080,#2040);
#1668=LINE('',#4081,#2041);
#1669=LINE('',#4083,#2042);
#1670=LINE('',#4084,#2043);
#1671=LINE('',#4086,#2044);
#1672=LINE('',#4088,#2045);
#1673=LINE('',#4090,#2046);
#1674=LINE('',#4092,#2047);
#1675=LINE('',#4094,#2048);
#1676=LINE('',#4096,#2049);
#1677=LINE('',#4102,#2050);
#1678=LINE('',#4107,#2051);
#1679=LINE('',#4108,#2052);
#1680=LINE('',#4110,#2053);
#1681=LINE('',#4111,#2054);
#1682=LINE('',#4113,#2055);
#1683=LINE('',#4114,#2056);
#1684=LINE('',#4116,#2057);
#1685=LINE('',#4118,#2058);
#1686=LINE('',#4121,#2059);
#1687=LINE('',#4122,#2060);
#1688=LINE('',#4124,#2061);
#1689=LINE('',#4126,#2062);
#1690=LINE('',#4129,#2063);
#1691=LINE('',#4130,#2064);
#1692=LINE('',#4132,#2065);
#1693=LINE('',#4134,#2066);
#1694=LINE('',#4137,#2067);
#1695=LINE('',#4138,#2068);
#1696=LINE('',#4140,#2069);
#1697=LINE('',#4142,#2070);
#1698=LINE('',#4145,#2071);
#1699=LINE('',#4146,#2072);
#1700=LINE('',#4148,#2073);
#1701=LINE('',#4150,#2074);
#1702=LINE('',#4153,#2075);
#1703=LINE('',#4155,#2076);
#1704=LINE('',#4157,#2077);
#1705=LINE('',#4159,#2078);
#1706=LINE('',#4162,#2079);
#1707=LINE('',#4164,#2080);
#1708=LINE('',#4166,#2081);
#1709=LINE('',#4169,#2082);
#1710=LINE('',#4171,#2083);
#1711=LINE('',#4173,#2084);
#1712=LINE('',#4175,#2085);
#1713=LINE('',#4177,#2086);
#1714=LINE('',#4184,#2087);
#1715=LINE('',#4185,#2088);
#1716=LINE('',#4187,#2089);
#1717=LINE('',#4189,#2090);
#1718=LINE('',#4192,#2091);
#1719=LINE('',#4193,#2092);
#1720=LINE('',#4195,#2093);
#1721=LINE('',#4197,#2094);
#1722=LINE('',#4200,#2095);
#1723=LINE('',#4201,#2096);
#1724=LINE('',#4203,#2097);
#1725=LINE('',#4205,#2098);
#1726=LINE('',#4208,#2099);
#1727=LINE('',#4209,#2100);
#1728=LINE('',#4211,#2101);
#1729=LINE('',#4213,#2102);
#1730=LINE('',#4216,#2103);
#1731=LINE('',#4217,#2104);
#1732=LINE('',#4219,#2105);
#1733=LINE('',#4221,#2106);
#1734=LINE('',#4224,#2107);
#1735=LINE('',#4225,#2108);
#1736=LINE('',#4227,#2109);
#1737=LINE('',#4229,#2110);
#1738=LINE('',#4232,#2111);
#1739=LINE('',#4233,#2112);
#1740=LINE('',#4235,#2113);
#1741=LINE('',#4237,#2114);
#1742=LINE('',#4240,#2115);
#1743=LINE('',#4241,#2116);
#1744=LINE('',#4243,#2117);
#1745=LINE('',#4245,#2118);
#1746=LINE('',#4248,#2119);
#1747=LINE('',#4249,#2120);
#1748=LINE('',#4251,#2121);
#1749=LINE('',#4253,#2122);
#1750=LINE('',#4256,#2123);
#1751=LINE('',#4257,#2124);
#1752=LINE('',#4259,#2125);
#1753=LINE('',#4261,#2126);
#1754=LINE('',#4264,#2127);
#1755=LINE('',#4265,#2128);
#1756=LINE('',#4267,#2129);
#1757=LINE('',#4269,#2130);
#1758=LINE('',#4272,#2131);
#1759=LINE('',#4273,#2132);
#1760=LINE('',#4275,#2133);
#1761=LINE('',#4277,#2134);
#1762=LINE('',#4280,#2135);
#1763=LINE('',#4281,#2136);
#1764=LINE('',#4283,#2137);
#1765=LINE('',#4285,#2138);
#1766=LINE('',#4288,#2139);
#1767=LINE('',#4289,#2140);
#1768=LINE('',#4291,#2141);
#1769=LINE('',#4293,#2142);
#1770=LINE('',#4296,#2143);
#1771=LINE('',#4297,#2144);
#1772=LINE('',#4299,#2145);
#1773=LINE('',#4301,#2146);
#1774=LINE('',#4304,#2147);
#1775=LINE('',#4305,#2148);
#1776=LINE('',#4307,#2149);
#1777=LINE('',#4309,#2150);
#1778=LINE('',#4312,#2151);
#1779=LINE('',#4313,#2152);
#1780=LINE('',#4315,#2153);
#1781=LINE('',#4317,#2154);
#1782=LINE('',#4320,#2155);
#1783=LINE('',#4321,#2156);
#1784=LINE('',#4323,#2157);
#1785=LINE('',#4325,#2158);
#1786=LINE('',#4328,#2159);
#1787=LINE('',#4329,#2160);
#1788=LINE('',#4331,#2161);
#1789=LINE('',#4333,#2162);
#1790=LINE('',#4336,#2163);
#1791=LINE('',#4337,#2164);
#1792=LINE('',#4339,#2165);
#1793=LINE('',#4341,#2166);
#1794=VECTOR('',#2933,1.);
#1795=VECTOR('',#2934,1.);
#1796=VECTOR('',#2935,1.);
#1797=VECTOR('',#2936,1.);
#1798=VECTOR('',#2937,1.);
#1799=VECTOR('',#2938,1.);
#1800=VECTOR('',#2939,1.);
#1801=VECTOR('',#2940,1.);
#1802=VECTOR('',#2941,1.);
#1803=VECTOR('',#2942,1.);
#1804=VECTOR('',#2943,1.);
#1805=VECTOR('',#2944,1.);
#1806=VECTOR('',#2945,1.);
#1807=VECTOR('',#2946,1.);
#1808=VECTOR('',#2947,1.);
#1809=VECTOR('',#2948,1.);
#1810=VECTOR('',#2949,1.);
#1811=VECTOR('',#2950,1.);
#1812=VECTOR('',#2951,1.);
#1813=VECTOR('',#2952,1.);
#1814=VECTOR('',#2953,1.);
#1815=VECTOR('',#2954,1.);
#1816=VECTOR('',#2955,1.);
#1817=VECTOR('',#2956,1.);
#1818=VECTOR('',#2957,1.);
#1819=VECTOR('',#2958,1.);
#1820=VECTOR('',#2959,1.);
#1821=VECTOR('',#2960,1.);
#1822=VECTOR('',#2961,1.);
#1823=VECTOR('',#2962,1.);
#1824=VECTOR('',#2963,1.);
#1825=VECTOR('',#2964,1.);
#1826=VECTOR('',#2965,1.);
#1827=VECTOR('',#2966,1.);
#1828=VECTOR('',#2967,1.);
#1829=VECTOR('',#2968,1.);
#1830=VECTOR('',#2969,1.);
#1831=VECTOR('',#2970,1.);
#1832=VECTOR('',#2971,1.);
#1833=VECTOR('',#2972,1.);
#1834=VECTOR('',#2973,1.);
#1835=VECTOR('',#2974,1.);
#1836=VECTOR('',#2975,1.);
#1837=VECTOR('',#2976,1.);
#1838=VECTOR('',#2977,1.);
#1839=VECTOR('',#2978,1.);
#1840=VECTOR('',#2979,1.);
#1841=VECTOR('',#2980,1.);
#1842=VECTOR('',#2981,1.);
#1843=VECTOR('',#2982,1.);
#1844=VECTOR('',#2983,1.);
#1845=VECTOR('',#2984,1.);
#1846=VECTOR('',#2985,1.);
#1847=VECTOR('',#2986,1.);
#1848=VECTOR('',#2987,1.);
#1849=VECTOR('',#2988,1.);
#1850=VECTOR('',#2989,1.);
#1851=VECTOR('',#2990,1.);
#1852=VECTOR('',#2991,1.);
#1853=VECTOR('',#2992,1.);
#1854=VECTOR('',#2995,1.);
#1855=VECTOR('',#2996,1.);
#1856=VECTOR('',#2997,1.);
#1857=VECTOR('',#2998,1.);
#1858=VECTOR('',#2999,1.);
#1859=VECTOR('',#3000,1.);
#1860=VECTOR('',#3001,1.);
#1861=VECTOR('',#3002,1.);
#1862=VECTOR('',#3003,1.);
#1863=VECTOR('',#3004,1.);
#1864=VECTOR('',#3005,1.);
#1865=VECTOR('',#3006,1.);
#1866=VECTOR('',#3007,1.);
#1867=VECTOR('',#3008,1.);
#1868=VECTOR('',#3009,1.);
#1869=VECTOR('',#3010,1.);
#1870=VECTOR('',#3011,1.);
#1871=VECTOR('',#3012,1.);
#1872=VECTOR('',#3013,1.);
#1873=VECTOR('',#3014,1.);
#1874=VECTOR('',#3015,1.);
#1875=VECTOR('',#3016,1.);
#1876=VECTOR('',#3017,1.);
#1877=VECTOR('',#3018,1.);
#1878=VECTOR('',#3019,1.);
#1879=VECTOR('',#3020,1.);
#1880=VECTOR('',#3021,1.);
#1881=VECTOR('',#3022,1.);
#1882=VECTOR('',#3023,1.);
#1883=VECTOR('',#3024,1.);
#1884=VECTOR('',#3025,1.);
#1885=VECTOR('',#3026,1.);
#1886=VECTOR('',#3027,1.);
#1887=VECTOR('',#3028,1.);
#1888=VECTOR('',#3029,1.);
#1889=VECTOR('',#3030,1.);
#1890=VECTOR('',#3031,1.);
#1891=VECTOR('',#3032,1.);
#1892=VECTOR('',#3033,1.);
#1893=VECTOR('',#3034,1.);
#1894=VECTOR('',#3035,1.);
#1895=VECTOR('',#3036,1.);
#1896=VECTOR('',#3037,1.);
#1897=VECTOR('',#3038,1.);
#1898=VECTOR('',#3039,1.);
#1899=VECTOR('',#3040,1.);
#1900=VECTOR('',#3041,1.);
#1901=VECTOR('',#3042,1.);
#1902=VECTOR('',#3043,1.);
#1903=VECTOR('',#3044,1.);
#1904=VECTOR('',#3045,1.);
#1905=VECTOR('',#3046,1.);
#1906=VECTOR('',#3047,1.);
#1907=VECTOR('',#3048,1.);
#1908=VECTOR('',#3049,1.);
#1909=VECTOR('',#3050,1.);
#1910=VECTOR('',#3051,1.);
#1911=VECTOR('',#3052,1.);
#1912=VECTOR('',#3053,1.);
#1913=VECTOR('',#3054,1.);
#1914=VECTOR('',#3057,1.);
#1915=VECTOR('',#3058,1.);
#1916=VECTOR('',#3059,1.);
#1917=VECTOR('',#3060,1.);
#1918=VECTOR('',#3061,1.);
#1919=VECTOR('',#3062,1.);
#1920=VECTOR('',#3063,1.);
#1921=VECTOR('',#3064,1.);
#1922=VECTOR('',#3065,1.);
#1923=VECTOR('',#3066,1.);
#1924=VECTOR('',#3067,1.);
#1925=VECTOR('',#3068,1.);
#1926=VECTOR('',#3069,1.);
#1927=VECTOR('',#3070,1.);
#1928=VECTOR('',#3071,1.);
#1929=VECTOR('',#3072,1.);
#1930=VECTOR('',#3073,1.);
#1931=VECTOR('',#3074,1.);
#1932=VECTOR('',#3075,1.);
#1933=VECTOR('',#3076,1.);
#1934=VECTOR('',#3077,1.);
#1935=VECTOR('',#3078,1.);
#1936=VECTOR('',#3079,1.);
#1937=VECTOR('',#3080,1.);
#1938=VECTOR('',#3081,1.);
#1939=VECTOR('',#3082,1.);
#1940=VECTOR('',#3083,1.);
#1941=VECTOR('',#3084,1.);
#1942=VECTOR('',#3085,1.);
#1943=VECTOR('',#3086,1.);
#1944=VECTOR('',#3087,1.);
#1945=VECTOR('',#3088,1.);
#1946=VECTOR('',#3089,1.);
#1947=VECTOR('',#3090,1.);
#1948=VECTOR('',#3091,1.);
#1949=VECTOR('',#3092,1.);
#1950=VECTOR('',#3093,1.);
#1951=VECTOR('',#3094,1.);
#1952=VECTOR('',#3095,1.);
#1953=VECTOR('',#3096,1.);
#1954=VECTOR('',#3097,1.);
#1955=VECTOR('',#3098,1.);
#1956=VECTOR('',#3099,1.);
#1957=VECTOR('',#3100,1.);
#1958=VECTOR('',#3101,1.);
#1959=VECTOR('',#3102,1.);
#1960=VECTOR('',#3103,1.);
#1961=VECTOR('',#3104,1.);
#1962=VECTOR('',#3105,1.);
#1963=VECTOR('',#3106,1.);
#1964=VECTOR('',#3107,1.);
#1965=VECTOR('',#3108,1.);
#1966=VECTOR('',#3111,1.);
#1967=VECTOR('',#3112,1.);
#1968=VECTOR('',#3113,1.);
#1969=VECTOR('',#3114,1.);
#1970=VECTOR('',#3115,1.);
#1971=VECTOR('',#3116,1.);
#1972=VECTOR('',#3117,1.);
#1973=VECTOR('',#3118,1.);
#1974=VECTOR('',#3119,1.);
#1975=VECTOR('',#3120,1.);
#1976=VECTOR('',#3121,1.);
#1977=VECTOR('',#3122,1.);
#1978=VECTOR('',#3123,1.);
#1979=VECTOR('',#3124,1.);
#1980=VECTOR('',#3125,1.);
#1981=VECTOR('',#3126,1.);
#1982=VECTOR('',#3127,1.);
#1983=VECTOR('',#3128,1.);
#1984=VECTOR('',#3129,1.);
#1985=VECTOR('',#3130,1.);
#1986=VECTOR('',#3131,1.);
#1987=VECTOR('',#3132,1.);
#1988=VECTOR('',#3133,1.);
#1989=VECTOR('',#3134,1.);
#1990=VECTOR('',#3135,1.);
#1991=VECTOR('',#3136,1.);
#1992=VECTOR('',#3137,1.);
#1993=VECTOR('',#3138,1.);
#1994=VECTOR('',#3141,1.);
#1995=VECTOR('',#3142,1.);
#1996=VECTOR('',#3143,1.);
#1997=VECTOR('',#3144,1.);
#1998=VECTOR('',#3145,1.);
#1999=VECTOR('',#3146,1.);
#2000=VECTOR('',#3147,1.);
#2001=VECTOR('',#3148,1.);
#2002=VECTOR('',#3149,1.);
#2003=VECTOR('',#3150,1.);
#2004=VECTOR('',#3151,1.);
#2005=VECTOR('',#3152,1.);
#2006=VECTOR('',#3153,1.);
#2007=VECTOR('',#3154,1.);
#2008=VECTOR('',#3155,1.);
#2009=VECTOR('',#3156,1.);
#2010=VECTOR('',#3157,1.);
#2011=VECTOR('',#3158,1.);
#2012=VECTOR('',#3159,1.);
#2013=VECTOR('',#3160,1.);
#2014=VECTOR('',#3161,1.);
#2015=VECTOR('',#3162,1.);
#2016=VECTOR('',#3163,1.);
#2017=VECTOR('',#3164,1.);
#2018=VECTOR('',#3165,1.);
#2019=VECTOR('',#3166,1.);
#2020=VECTOR('',#3169,1.);
#2021=VECTOR('',#3170,1.);
#2022=VECTOR('',#3171,1.);
#2023=VECTOR('',#3172,1.);
#2024=VECTOR('',#3173,1.);
#2025=VECTOR('',#3174,1.);
#2026=VECTOR('',#3175,1.);
#2027=VECTOR('',#3176,1.);
#2028=VECTOR('',#3179,1.);
#2029=VECTOR('',#3180,1.);
#2030=VECTOR('',#3181,1.);
#2031=VECTOR('',#3182,1.);
#2032=VECTOR('',#3183,1.);
#2033=VECTOR('',#3184,1.);
#2034=VECTOR('',#3189,1.);
#2035=VECTOR('',#3194,1.);
#2036=VECTOR('',#3197,1.);
#2037=VECTOR('',#3198,1.);
#2038=VECTOR('',#3199,1.);
#2039=VECTOR('',#3200,1.);
#2040=VECTOR('',#3201,1.);
#2041=VECTOR('',#3202,1.);
#2042=VECTOR('',#3205,1.);
#2043=VECTOR('',#3206,1.);
#2044=VECTOR('',#3207,1.);
#2045=VECTOR('',#3208,1.);
#2046=VECTOR('',#3211,1.);
#2047=VECTOR('',#3212,1.);
#2048=VECTOR('',#3215,1.);
#2049=VECTOR('',#3218,1.);
#2050=VECTOR('',#3223,1.);
#2051=VECTOR('',#3230,1.);
#2052=VECTOR('',#3231,1.);
#2053=VECTOR('',#3234,1.);
#2054=VECTOR('',#3235,1.);
#2055=VECTOR('',#3238,1.);
#2056=VECTOR('',#3239,1.);
#2057=VECTOR('',#3242,1.);
#2058=VECTOR('',#3245,1.);
#2059=VECTOR('',#3250,1.);
#2060=VECTOR('',#3251,1.);
#2061=VECTOR('',#3254,1.);
#2062=VECTOR('',#3257,1.);
#2063=VECTOR('',#3262,1.);
#2064=VECTOR('',#3263,1.);
#2065=VECTOR('',#3266,1.);
#2066=VECTOR('',#3269,1.);
#2067=VECTOR('',#3274,1.);
#2068=VECTOR('',#3275,1.);
#2069=VECTOR('',#3278,1.);
#2070=VECTOR('',#3281,1.);
#2071=VECTOR('',#3286,1.);
#2072=VECTOR('',#3287,1.);
#2073=VECTOR('',#3290,1.);
#2074=VECTOR('',#3293,1.);
#2075=VECTOR('',#3298,1.);
#2076=VECTOR('',#3301,1.);
#2077=VECTOR('',#3302,1.);
#2078=VECTOR('',#3305,1.);
#2079=VECTOR('',#3310,1.);
#2080=VECTOR('',#3311,1.);
#2081=VECTOR('',#3314,1.);
#2082=VECTOR('',#3319,1.);
#2083=VECTOR('',#3320,1.);
#2084=VECTOR('',#3323,1.);
#2085=VECTOR('',#3324,1.);
#2086=VECTOR('',#3327,1.);
#2087=VECTOR('',#3340,1.);
#2088=VECTOR('',#3341,1.);
#2089=VECTOR('',#3344,1.);
#2090=VECTOR('',#3347,1.);
#2091=VECTOR('',#3352,1.);
#2092=VECTOR('',#3353,1.);
#2093=VECTOR('',#3356,1.);
#2094=VECTOR('',#3359,1.);
#2095=VECTOR('',#3364,1.);
#2096=VECTOR('',#3365,1.);
#2097=VECTOR('',#3368,1.);
#2098=VECTOR('',#3371,1.);
#2099=VECTOR('',#3376,1.);
#2100=VECTOR('',#3377,1.);
#2101=VECTOR('',#3380,1.);
#2102=VECTOR('',#3383,1.);
#2103=VECTOR('',#3388,1.);
#2104=VECTOR('',#3389,1.);
#2105=VECTOR('',#3392,1.);
#2106=VECTOR('',#3395,1.);
#2107=VECTOR('',#3400,1.);
#2108=VECTOR('',#3401,1.);
#2109=VECTOR('',#3404,1.);
#2110=VECTOR('',#3407,1.);
#2111=VECTOR('',#3412,1.);
#2112=VECTOR('',#3413,1.);
#2113=VECTOR('',#3416,1.);
#2114=VECTOR('',#3419,1.);
#2115=VECTOR('',#3424,1.);
#2116=VECTOR('',#3425,1.);
#2117=VECTOR('',#3428,1.);
#2118=VECTOR('',#3431,1.);
#2119=VECTOR('',#3436,1.);
#2120=VECTOR('',#3437,1.);
#2121=VECTOR('',#3440,1.);
#2122=VECTOR('',#3443,1.);
#2123=VECTOR('',#3448,1.);
#2124=VECTOR('',#3449,1.);
#2125=VECTOR('',#3452,1.);
#2126=VECTOR('',#3455,1.);
#2127=VECTOR('',#3460,1.);
#2128=VECTOR('',#3461,1.);
#2129=VECTOR('',#3464,1.);
#2130=VECTOR('',#3467,1.);
#2131=VECTOR('',#3472,1.);
#2132=VECTOR('',#3473,1.);
#2133=VECTOR('',#3476,1.);
#2134=VECTOR('',#3479,1.);
#2135=VECTOR('',#3484,1.);
#2136=VECTOR('',#3485,1.);
#2137=VECTOR('',#3488,1.);
#2138=VECTOR('',#3491,1.);
#2139=VECTOR('',#3496,1.);
#2140=VECTOR('',#3497,1.);
#2141=VECTOR('',#3500,1.);
#2142=VECTOR('',#3503,1.);
#2143=VECTOR('',#3508,1.);
#2144=VECTOR('',#3509,1.);
#2145=VECTOR('',#3512,1.);
#2146=VECTOR('',#3515,1.);
#2147=VECTOR('',#3520,1.);
#2148=VECTOR('',#3521,1.);
#2149=VECTOR('',#3524,1.);
#2150=VECTOR('',#3527,1.);
#2151=VECTOR('',#3532,1.);
#2152=VECTOR('',#3533,1.);
#2153=VECTOR('',#3536,1.);
#2154=VECTOR('',#3539,1.);
#2155=VECTOR('',#3544,1.);
#2156=VECTOR('',#3545,1.);
#2157=VECTOR('',#3548,1.);
#2158=VECTOR('',#3551,1.);
#2159=VECTOR('',#3556,1.);
#2160=VECTOR('',#3557,1.);
#2161=VECTOR('',#3560,1.);
#2162=VECTOR('',#3563,1.);
#2163=VECTOR('',#3568,1.);
#2164=VECTOR('',#3569,1.);
#2165=VECTOR('',#3572,1.);
#2166=VECTOR('',#3575,1.);
#2167=EDGE_LOOP('',(#24,#25,#26,#27));
#2168=EDGE_LOOP('',(#28,#29,#30,#31));
#2169=EDGE_LOOP('',(#32,#33,#34,#35));
#2170=EDGE_LOOP('',(#36,#37,#38,#39));
#2171=EDGE_LOOP('',(#40,#41,#42,#43));
#2172=EDGE_LOOP('',(#44,#45,#46,#47));
#2173=EDGE_LOOP('',(#48,#49,#50,#51));
#2174=EDGE_LOOP('',(#52,#53,#54,#55));
#2175=EDGE_LOOP('',(#56,#57,#58,#59));
#2176=EDGE_LOOP('',(#60,#61,#62,#63));
#2177=EDGE_LOOP('',(#64,#65,#66,#67));
#2178=EDGE_LOOP('',(#68,#69,#70,#71));
#2179=EDGE_LOOP('',(#72,#73,#74,#75));
#2180=EDGE_LOOP('',(#76,#77,#78,#79));
#2181=EDGE_LOOP('',(#80,#81,#82,#83));
#2182=EDGE_LOOP('',(#84,#85,#86,#87));
#2183=EDGE_LOOP('',(#88,#89,#90,#91));
#2184=EDGE_LOOP('',(#92,#93,#94,#95));
#2185=EDGE_LOOP('',(#96,#97,#98,#99));
#2186=EDGE_LOOP('',(#100,#101,#102,#103));
#2187=EDGE_LOOP('',(#104,#105,#106,#107));
#2188=EDGE_LOOP('',(#108,#109,#110,#111));
#2189=EDGE_LOOP('',(#112,#113,#114,#115));
#2190=EDGE_LOOP('',(#116,#117,#118,#119));
#2191=EDGE_LOOP('',(#120,#121,#122,#123));
#2192=EDGE_LOOP('',(#124,#125,#126,#127));
#2193=EDGE_LOOP('',(#128,#129,#130,#131));
#2194=EDGE_LOOP('',(#132,#133,#134,#135));
#2195=EDGE_LOOP('',(#136,#137,#138,#139));
#2196=EDGE_LOOP('',(#140,#141,#142,#143));
#2197=EDGE_LOOP('',(#144,#145,#146,#147,#148,#149,#150,#151));
#2198=EDGE_LOOP('',(#152,#153,#154,#155));
#2199=EDGE_LOOP('',(#156,#157,#158,#159));
#2200=EDGE_LOOP('',(#160,#161,#162,#163));
#2201=EDGE_LOOP('',(#164,#165,#166,#167));
#2202=EDGE_LOOP('',(#168,#169,#170,#171));
#2203=EDGE_LOOP('',(#172,#173,#174,#175));
#2204=EDGE_LOOP('',(#176,#177,#178,#179));
#2205=EDGE_LOOP('',(#180,#181,#182,#183));
#2206=EDGE_LOOP('',(#184,#185,#186,#187));
#2207=EDGE_LOOP('',(#188,#189,#190,#191));
#2208=EDGE_LOOP('',(#192,#193,#194,#195));
#2209=EDGE_LOOP('',(#196,#197,#198,#199));
#2210=EDGE_LOOP('',(#200,#201,#202,#203));
#2211=EDGE_LOOP('',(#204,#205,#206,#207));
#2212=EDGE_LOOP('',(#208,#209,#210,#211));
#2213=EDGE_LOOP('',(#212,#213,#214,#215));
#2214=EDGE_LOOP('',(#216,#217,#218,#219));
#2215=EDGE_LOOP('',(#220,#221,#222,#223));
#2216=EDGE_LOOP('',(#224,#225,#226,#227));
#2217=EDGE_LOOP('',(#228,#229,#230,#231));
#2218=EDGE_LOOP('',(#232,#233,#234,#235));
#2219=EDGE_LOOP('',(#236,#237,#238,#239));
#2220=EDGE_LOOP('',(#240,#241,#242,#243));
#2221=EDGE_LOOP('',(#244,#245,#246,#247,#248,#249));
#2222=EDGE_LOOP('',(#250,#251,#252,#253,#254,#255,#256,#257,#258,#259));
#2223=EDGE_LOOP('',(#260,#261,#262,#263,#264,#265,#266,#267));
#2224=EDGE_LOOP('',(#268,#269,#270,#271,#272,#273,#274,#275,#276,#277,#278,
#279,#280,#281,#282,#283,#284,#285,#286,#287));
#2225=EDGE_LOOP('',(#288,#289,#290,#291,#292,#293,#294,#295));
#2226=EDGE_LOOP('',(#296,#297,#298,#299));
#2227=EDGE_LOOP('',(#300,#301,#302,#303));
#2228=EDGE_LOOP('',(#304,#305,#306,#307,#308,#309,#310,#311));
#2229=EDGE_LOOP('',(#312,#313,#314,#315));
#2230=EDGE_LOOP('',(#316,#317,#318,#319));
#2231=EDGE_LOOP('',(#320,#321,#322,#323));
#2232=EDGE_LOOP('',(#324,#325,#326,#327));
#2233=EDGE_LOOP('',(#328,#329,#330,#331));
#2234=EDGE_LOOP('',(#332,#333,#334,#335));
#2235=EDGE_LOOP('',(#336,#337,#338,#339));
#2236=EDGE_LOOP('',(#340,#341,#342,#343));
#2237=EDGE_LOOP('',(#344,#345,#346,#347));
#2238=EDGE_LOOP('',(#348,#349,#350,#351));
#2239=EDGE_LOOP('',(#352,#353,#354,#355));
#2240=EDGE_LOOP('',(#356,#357,#358,#359));
#2241=EDGE_LOOP('',(#360,#361,#362,#363));
#2242=EDGE_LOOP('',(#364,#365,#366,#367));
#2243=EDGE_LOOP('',(#368,#369,#370,#371));
#2244=EDGE_LOOP('',(#372,#373,#374,#375));
#2245=EDGE_LOOP('',(#376,#377,#378,#379));
#2246=EDGE_LOOP('',(#380,#381,#382,#383));
#2247=EDGE_LOOP('',(#384,#385,#386,#387));
#2248=EDGE_LOOP('',(#388,#389,#390,#391));
#2249=EDGE_LOOP('',(#392,#393,#394,#395));
#2250=EDGE_LOOP('',(#396,#397,#398,#399));
#2251=EDGE_LOOP('',(#400,#401,#402,#403));
#2252=EDGE_LOOP('',(#404,#405,#406,#407));
#2253=EDGE_LOOP('',(#408,#409,#410,#411));
#2254=EDGE_LOOP('',(#412,#413,#414,#415,#416,#417,#418,#419));
#2255=EDGE_LOOP('',(#420,#421,#422,#423,#424,#425));
#2256=EDGE_LOOP('',(#426,#427,#428,#429));
#2257=EDGE_LOOP('',(#430,#431,#432,#433));
#2258=EDGE_LOOP('',(#434,#435,#436,#437));
#2259=EDGE_LOOP('',(#438,#439,#440,#441));
#2260=EDGE_LOOP('',(#442,#443,#444,#445));
#2261=EDGE_LOOP('',(#446,#447,#448,#449));
#2262=EDGE_LOOP('',(#450,#451,#452,#453));
#2263=EDGE_LOOP('',(#454,#455,#456,#457));
#2264=EDGE_LOOP('',(#458,#459,#460,#461));
#2265=EDGE_LOOP('',(#462,#463,#464,#465));
#2266=EDGE_LOOP('',(#466,#467,#468,#469));
#2267=EDGE_LOOP('',(#470,#471,#472,#473));
#2268=EDGE_LOOP('',(#474,#475,#476,#477));
#2269=EDGE_LOOP('',(#478,#479,#480,#481));
#2270=EDGE_LOOP('',(#482,#483,#484,#485));
#2271=EDGE_LOOP('',(#486,#487,#488,#489));
#2272=EDGE_LOOP('',(#490,#491,#492,#493));
#2273=EDGE_LOOP('',(#494,#495,#496,#497));
#2274=EDGE_LOOP('',(#498,#499,#500,#501));
#2275=EDGE_LOOP('',(#502,#503,#504,#505));
#2276=EDGE_LOOP('',(#506,#507,#508,#509));
#2277=EDGE_LOOP('',(#510,#511,#512,#513));
#2278=EDGE_LOOP('',(#514,#515,#516,#517));
#2279=EDGE_LOOP('',(#518,#519,#520,#521));
#2280=EDGE_LOOP('',(#522,#523,#524,#525));
#2281=EDGE_LOOP('',(#526,#527,#528,#529));
#2282=EDGE_LOOP('',(#530,#531,#532,#533));
#2283=EDGE_LOOP('',(#534,#535,#536,#537));
#2284=EDGE_LOOP('',(#538,#539,#540,#541));
#2285=EDGE_LOOP('',(#542,#543,#544,#545));
#2286=EDGE_LOOP('',(#546,#547,#548,#549));
#2287=EDGE_LOOP('',(#550,#551,#552,#553));
#2288=EDGE_LOOP('',(#554,#555,#556,#557));
#2289=EDGE_LOOP('',(#558,#559,#560,#561));
#2290=EDGE_LOOP('',(#562,#563,#564,#565));
#2291=EDGE_LOOP('',(#566,#567,#568,#569));
#2292=EDGE_LOOP('',(#570,#571,#572,#573));
#2293=EDGE_LOOP('',(#574,#575,#576,#577));
#2294=EDGE_LOOP('',(#578,#579,#580,#581));
#2295=EDGE_LOOP('',(#582,#583,#584,#585));
#2296=EDGE_LOOP('',(#586,#587,#588,#589));
#2297=EDGE_LOOP('',(#590,#591,#592,#593));
#2298=EDGE_LOOP('',(#594,#595,#596,#597));
#2299=EDGE_LOOP('',(#598,#599,#600,#601));
#2300=EDGE_LOOP('',(#602,#603,#604,#605));
#2301=EDGE_LOOP('',(#606,#607,#608,#609));
#2302=EDGE_LOOP('',(#610,#611,#612,#613));
#2303=EDGE_LOOP('',(#614,#615,#616,#617));
#2304=EDGE_LOOP('',(#618,#619,#620,#621));
#2305=EDGE_LOOP('',(#622,#623,#624,#625));
#2306=EDGE_LOOP('',(#626,#627,#628,#629));
#2307=EDGE_LOOP('',(#630,#631,#632,#633));
#2308=EDGE_LOOP('',(#634,#635,#636,#637));
#2309=EDGE_LOOP('',(#638,#639,#640,#641));
#2310=EDGE_LOOP('',(#642,#643,#644,#645));
#2311=EDGE_LOOP('',(#646,#647,#648,#649));
#2312=EDGE_LOOP('',(#650,#651,#652,#653));
#2313=EDGE_LOOP('',(#654,#655,#656,#657));
#2314=EDGE_LOOP('',(#658,#659,#660,#661));
#2315=EDGE_LOOP('',(#662,#663,#664,#665));
#2316=EDGE_LOOP('',(#666,#667,#668,#669));
#2317=EDGE_LOOP('',(#670,#671,#672,#673));
#2318=EDGE_LOOP('',(#674,#675,#676,#677));
#2319=EDGE_LOOP('',(#678,#679,#680,#681));
#2320=EDGE_LOOP('',(#682,#683,#684,#685));
#2321=EDGE_LOOP('',(#686,#687,#688,#689));
#2322=EDGE_LOOP('',(#690,#691,#692,#693));
#2323=EDGE_LOOP('',(#694,#695,#696,#697));
#2324=EDGE_LOOP('',(#698,#699,#700,#701));
#2325=EDGE_LOOP('',(#702,#703,#704,#705));
#2326=EDGE_LOOP('',(#706,#707,#708,#709));
#2327=EDGE_LOOP('',(#710,#711,#712,#713));
#2328=EDGE_LOOP('',(#714,#715,#716,#717));
#2329=EDGE_LOOP('',(#718,#719,#720,#721));
#2330=EDGE_LOOP('',(#722,#723,#724,#725));
#2331=EDGE_LOOP('',(#726,#727,#728,#729));
#2332=EDGE_LOOP('',(#730,#731,#732,#733));
#2333=EDGE_LOOP('',(#734,#735,#736,#737));
#2334=EDGE_LOOP('',(#738,#739,#740,#741));
#2335=EDGE_LOOP('',(#742,#743,#744,#745));
#2336=EDGE_LOOP('',(#746,#747,#748,#749));
#2337=EDGE_LOOP('',(#750,#751,#752,#753));
#2338=EDGE_LOOP('',(#754,#755,#756,#757));
#2339=EDGE_LOOP('',(#758,#759,#760,#761));
#2340=EDGE_LOOP('',(#762,#763,#764,#765));
#2341=EDGE_LOOP('',(#766,#767,#768,#769));
#2342=EDGE_LOOP('',(#770,#771,#772,#773));
#2343=EDGE_LOOP('',(#774,#775,#776,#777));
#2344=EDGE_LOOP('',(#778,#779,#780,#781));
#2345=EDGE_LOOP('',(#782,#783,#784,#785));
#2346=FACE_BOUND('',#2167,.T.);
#2347=FACE_BOUND('',#2168,.T.);
#2348=FACE_BOUND('',#2169,.T.);
#2349=FACE_BOUND('',#2170,.T.);
#2350=FACE_BOUND('',#2171,.T.);
#2351=FACE_BOUND('',#2172,.T.);
#2352=FACE_BOUND('',#2173,.T.);
#2353=FACE_BOUND('',#2174,.T.);
#2354=FACE_BOUND('',#2175,.T.);
#2355=FACE_BOUND('',#2176,.T.);
#2356=FACE_BOUND('',#2177,.T.);
#2357=FACE_BOUND('',#2178,.T.);
#2358=FACE_BOUND('',#2179,.T.);
#2359=FACE_BOUND('',#2180,.T.);
#2360=FACE_BOUND('',#2181,.T.);
#2361=FACE_BOUND('',#2182,.T.);
#2362=FACE_BOUND('',#2183,.T.);
#2363=FACE_BOUND('',#2184,.T.);
#2364=FACE_BOUND('',#2185,.T.);
#2365=FACE_BOUND('',#2186,.T.);
#2366=FACE_BOUND('',#2187,.T.);
#2367=FACE_BOUND('',#2188,.T.);
#2368=FACE_BOUND('',#2189,.T.);
#2369=FACE_BOUND('',#2190,.T.);
#2370=FACE_BOUND('',#2191,.T.);
#2371=FACE_BOUND('',#2192,.T.);
#2372=FACE_BOUND('',#2193,.T.);
#2373=FACE_BOUND('',#2194,.T.);
#2374=FACE_BOUND('',#2195,.T.);
#2375=FACE_BOUND('',#2196,.T.);
#2376=FACE_BOUND('',#2197,.T.);
#2377=FACE_BOUND('',#2198,.T.);
#2378=FACE_BOUND('',#2199,.T.);
#2379=FACE_BOUND('',#2200,.T.);
#2380=FACE_BOUND('',#2201,.T.);
#2381=FACE_BOUND('',#2202,.T.);
#2382=FACE_BOUND('',#2203,.T.);
#2383=FACE_BOUND('',#2204,.T.);
#2384=FACE_BOUND('',#2205,.T.);
#2385=FACE_BOUND('',#2206,.T.);
#2386=FACE_BOUND('',#2207,.T.);
#2387=FACE_BOUND('',#2208,.T.);
#2388=FACE_BOUND('',#2209,.T.);
#2389=FACE_BOUND('',#2210,.T.);
#2390=FACE_BOUND('',#2211,.T.);
#2391=FACE_BOUND('',#2212,.T.);
#2392=FACE_BOUND('',#2213,.T.);
#2393=FACE_BOUND('',#2214,.T.);
#2394=FACE_BOUND('',#2215,.T.);
#2395=FACE_BOUND('',#2216,.T.);
#2396=FACE_BOUND('',#2217,.T.);
#2397=FACE_BOUND('',#2218,.T.);
#2398=FACE_BOUND('',#2219,.T.);
#2399=FACE_BOUND('',#2220,.T.);
#2400=FACE_BOUND('',#2221,.T.);
#2401=FACE_BOUND('',#2222,.T.);
#2402=FACE_BOUND('',#2223,.T.);
#2403=FACE_BOUND('',#2224,.T.);
#2404=FACE_BOUND('',#2225,.T.);
#2405=FACE_BOUND('',#2226,.T.);
#2406=FACE_BOUND('',#2227,.T.);
#2407=FACE_BOUND('',#2228,.T.);
#2408=FACE_BOUND('',#2229,.T.);
#2409=FACE_BOUND('',#2230,.T.);
#2410=FACE_BOUND('',#2231,.T.);
#2411=FACE_BOUND('',#2232,.T.);
#2412=FACE_BOUND('',#2233,.T.);
#2413=FACE_BOUND('',#2234,.T.);
#2414=FACE_BOUND('',#2235,.T.);
#2415=FACE_BOUND('',#2236,.T.);
#2416=FACE_BOUND('',#2237,.T.);
#2417=FACE_BOUND('',#2238,.T.);
#2418=FACE_BOUND('',#2239,.T.);
#2419=FACE_BOUND('',#2240,.T.);
#2420=FACE_BOUND('',#2241,.T.);
#2421=FACE_BOUND('',#2242,.T.);
#2422=FACE_BOUND('',#2243,.T.);
#2423=FACE_BOUND('',#2244,.T.);
#2424=FACE_BOUND('',#2245,.T.);
#2425=FACE_BOUND('',#2246,.T.);
#2426=FACE_BOUND('',#2247,.T.);
#2427=FACE_BOUND('',#2248,.T.);
#2428=FACE_BOUND('',#2249,.T.);
#2429=FACE_BOUND('',#2250,.T.);
#2430=FACE_BOUND('',#2251,.T.);
#2431=FACE_BOUND('',#2252,.T.);
#2432=FACE_BOUND('',#2253,.T.);
#2433=FACE_BOUND('',#2254,.T.);
#2434=FACE_BOUND('',#2255,.T.);
#2435=FACE_BOUND('',#2256,.T.);
#2436=FACE_BOUND('',#2257,.T.);
#2437=FACE_BOUND('',#2258,.T.);
#2438=FACE_BOUND('',#2259,.T.);
#2439=FACE_BOUND('',#2260,.T.);
#2440=FACE_BOUND('',#2261,.T.);
#2441=FACE_BOUND('',#2262,.T.);
#2442=FACE_BOUND('',#2263,.T.);
#2443=FACE_BOUND('',#2264,.T.);
#2444=FACE_BOUND('',#2265,.T.);
#2445=FACE_BOUND('',#2266,.T.);
#2446=FACE_BOUND('',#2267,.T.);
#2447=FACE_BOUND('',#2268,.T.);
#2448=FACE_BOUND('',#2269,.T.);
#2449=FACE_BOUND('',#2270,.T.);
#2450=FACE_BOUND('',#2271,.T.);
#2451=FACE_BOUND('',#2272,.T.);
#2452=FACE_BOUND('',#2273,.T.);
#2453=FACE_BOUND('',#2274,.T.);
#2454=FACE_BOUND('',#2275,.T.);
#2455=FACE_BOUND('',#2276,.T.);
#2456=FACE_BOUND('',#2277,.T.);
#2457=FACE_BOUND('',#2278,.T.);
#2458=FACE_BOUND('',#2279,.T.);
#2459=FACE_BOUND('',#2280,.T.);
#2460=FACE_BOUND('',#2281,.T.);
#2461=FACE_BOUND('',#2282,.T.);
#2462=FACE_BOUND('',#2283,.T.);
#2463=FACE_BOUND('',#2284,.T.);
#2464=FACE_BOUND('',#2285,.T.);
#2465=FACE_BOUND('',#2286,.T.);
#2466=FACE_BOUND('',#2287,.T.);
#2467=FACE_BOUND('',#2288,.T.);
#2468=FACE_BOUND('',#2289,.T.);
#2469=FACE_BOUND('',#2290,.T.);
#2470=FACE_BOUND('',#2291,.T.);
#2471=FACE_BOUND('',#2292,.T.);
#2472=FACE_BOUND('',#2293,.T.);
#2473=FACE_BOUND('',#2294,.T.);
#2474=FACE_BOUND('',#2295,.T.);
#2475=FACE_BOUND('',#2296,.T.);
#2476=FACE_BOUND('',#2297,.T.);
#2477=FACE_BOUND('',#2298,.T.);
#2478=FACE_BOUND('',#2299,.T.);
#2479=FACE_BOUND('',#2300,.T.);
#2480=FACE_BOUND('',#2301,.T.);
#2481=FACE_BOUND('',#2302,.T.);
#2482=FACE_BOUND('',#2303,.T.);
#2483=FACE_BOUND('',#2304,.T.);
#2484=FACE_BOUND('',#2305,.T.);
#2485=FACE_BOUND('',#2306,.T.);
#2486=FACE_BOUND('',#2307,.T.);
#2487=FACE_BOUND('',#2308,.T.);
#2488=FACE_BOUND('',#2309,.T.);
#2489=FACE_BOUND('',#2310,.T.);
#2490=FACE_BOUND('',#2311,.T.);
#2491=FACE_BOUND('',#2312,.T.);
#2492=FACE_BOUND('',#2313,.T.);
#2493=FACE_BOUND('',#2314,.T.);
#2494=FACE_BOUND('',#2315,.T.);
#2495=FACE_BOUND('',#2316,.T.);
#2496=FACE_BOUND('',#2317,.T.);
#2497=FACE_BOUND('',#2318,.T.);
#2498=FACE_BOUND('',#2319,.T.);
#2499=FACE_BOUND('',#2320,.T.);
#2500=FACE_BOUND('',#2321,.T.);
#2501=FACE_BOUND('',#2322,.T.);
#2502=FACE_BOUND('',#2323,.T.);
#2503=FACE_BOUND('',#2324,.T.);
#2504=FACE_BOUND('',#2325,.T.);
#2505=FACE_BOUND('',#2326,.T.);
#2506=FACE_BOUND('',#2327,.T.);
#2507=FACE_BOUND('',#2328,.T.);
#2508=FACE_BOUND('',#2329,.T.);
#2509=FACE_BOUND('',#2330,.T.);
#2510=FACE_BOUND('',#2331,.T.);
#2511=FACE_BOUND('',#2332,.T.);
#2512=FACE_BOUND('',#2333,.T.);
#2513=FACE_BOUND('',#2334,.T.);
#2514=FACE_BOUND('',#2335,.T.);
#2515=FACE_BOUND('',#2336,.T.);
#2516=FACE_BOUND('',#2337,.T.);
#2517=FACE_BOUND('',#2338,.T.);
#2518=FACE_BOUND('',#2339,.T.);
#2519=FACE_BOUND('',#2340,.T.);
#2520=FACE_BOUND('',#2341,.T.);
#2521=FACE_BOUND('',#2342,.T.);
#2522=FACE_BOUND('',#2343,.T.);
#2523=FACE_BOUND('',#2344,.T.);
#2524=FACE_BOUND('',#2345,.T.);
#2525=PLANE('',#2792);
#2526=PLANE('',#2793);
#2527=PLANE('',#2794);
#2528=PLANE('',#2795);
#2529=PLANE('',#2796);
#2530=PLANE('',#2797);
#2531=PLANE('',#2798);
#2532=PLANE('',#2799);
#2533=PLANE('',#2804);
#2534=PLANE('',#2805);
#2535=PLANE('',#2806);
#2536=PLANE('',#2807);
#2537=PLANE('',#2812);
#2538=PLANE('',#2813);
#2539=PLANE('',#2814);
#2540=PLANE('',#2815);
#2541=PLANE('',#2816);
#2542=PLANE('',#2817);
#2543=PLANE('',#2818);
#2544=PLANE('',#2819);
#2545=PLANE('',#2820);
#2546=PLANE('',#2821);
#2547=PLANE('',#2822);
#2548=PLANE('',#2823);
#2549=PLANE('',#2824);
#2550=PLANE('',#2825);
#2551=PLANE('',#2826);
#2552=PLANE('',#2827);
#2553=PLANE('',#2828);
#2554=PLANE('',#2829);
#2555=PLANE('',#2830);
#2556=PLANE('',#2831);
#2557=PLANE('',#2832);
#2558=PLANE('',#2833);
#2559=PLANE('',#2834);
#2560=PLANE('',#2835);
#2561=PLANE('',#2836);
#2562=PLANE('',#2837);
#2563=PLANE('',#2838);
#2564=PLANE('',#2839);
#2565=PLANE('',#2840);
#2566=PLANE('',#2841);
#2567=PLANE('',#2842);
#2568=PLANE('',#2843);
#2569=PLANE('',#2844);
#2570=PLANE('',#2849);
#2571=PLANE('',#2850);
#2572=PLANE('',#2851);
#2573=PLANE('',#2852);
#2574=PLANE('',#2853);
#2575=PLANE('',#2854);
#2576=PLANE('',#2855);
#2577=PLANE('',#2856);
#2578=PLANE('',#2857);
#2579=PLANE('',#2858);
#2580=PLANE('',#2859);
#2581=PLANE('',#2860);
#2582=PLANE('',#2861);
#2583=PLANE('',#2862);
#2584=PLANE('',#2863);
#2585=PLANE('',#2864);
#2586=PLANE('',#2865);
#2587=PLANE('',#2866);
#2588=PLANE('',#2867);
#2589=PLANE('',#2868);
#2590=PLANE('',#2869);
#2591=PLANE('',#2870);
#2592=PLANE('',#2871);
#2593=PLANE('',#2872);
#2594=PLANE('',#2873);
#2595=PLANE('',#2874);
#2596=PLANE('',#2875);
#2597=PLANE('',#2876);
#2598=PLANE('',#2877);
#2599=PLANE('',#2878);
#2600=PLANE('',#2879);
#2601=PLANE('',#2880);
#2602=PLANE('',#2881);
#2603=PLANE('',#2882);
#2604=PLANE('',#2883);
#2605=PLANE('',#2884);
#2606=PLANE('',#2885);
#2607=PLANE('',#2886);
#2608=PLANE('',#2887);
#2609=PLANE('',#2888);
#2610=PLANE('',#2889);
#2611=PLANE('',#2890);
#2612=PLANE('',#2891);
#2613=PLANE('',#2892);
#2614=PLANE('',#2893);
#2615=PLANE('',#2894);
#2616=PLANE('',#2895);
#2617=PLANE('',#2896);
#2618=PLANE('',#2897);
#2619=PLANE('',#2898);
#2620=PLANE('',#2899);
#2621=PLANE('',#2900);
#2622=PLANE('',#2901);
#2623=PLANE('',#2902);
#2624=PLANE('',#2903);
#2625=PLANE('',#2904);
#2626=PLANE('',#2905);
#2627=PLANE('',#2906);
#2628=PLANE('',#2907);
#2629=PLANE('',#2908);
#2630=PLANE('',#2909);
#2631=PLANE('',#2910);
#2632=PLANE('',#2911);
#2633=PLANE('',#2912);
#2634=PLANE('',#2913);
#2635=PLANE('',#2914);
#2636=PLANE('',#2915);
#2637=PLANE('',#2916);
#2638=PLANE('',#2917);
#2639=PLANE('',#2918);
#2640=PLANE('',#2919);
#2641=PLANE('',#2920);
#2642=PLANE('',#2921);
#2643=PLANE('',#2922);
#2644=PLANE('',#2923);
#2645=PLANE('',#2924);
#2646=PLANE('',#2925);
#2647=PLANE('',#2926);
#2648=PLANE('',#2927);
#2649=PLANE('',#2928);
#2650=ADVANCED_FACE('',(#2346,#2347,#2348,#2349,#2350,#2351,#2352,#2353,
#2354,#2355,#2356,#2357,#2358,#2359,#2360),#2525,.T.);
#2651=ADVANCED_FACE('',(#2361,#2362,#2363,#2364,#2365,#2366,#2367,#2368,
#2369,#2370,#2371,#2372,#2373,#2374,#2375),#2526,.F.);
#2652=ADVANCED_FACE('',(#2376,#2377,#2378,#2379,#2380,#2381,#2382,#2383,
#2384,#2385,#2386,#2387),#2527,.T.);
#2653=ADVANCED_FACE('',(#2388,#2389,#2390,#2391,#2392,#2393,#2394),#2528,
 .T.);
#2654=ADVANCED_FACE('',(#2395,#2396,#2397,#2398,#2399,#2400),#2529,.F.);
#2655=ADVANCED_FACE('',(#2401),#2530,.F.);
#2656=ADVANCED_FACE('',(#2402),#2531,.T.);
#2657=ADVANCED_FACE('',(#2403),#2532,.T.);
#2658=ADVANCED_FACE('',(#2404),#2533,.F.);
#2659=ADVANCED_FACE('',(#2405),#2534,.T.);
#2660=ADVANCED_FACE('',(#2406),#2535,.T.);
#2661=ADVANCED_FACE('',(#2407),#2536,.F.);
#2662=ADVANCED_FACE('',(#2408),#2537,.F.);
#2663=ADVANCED_FACE('',(#2409),#2538,.T.);
#2664=ADVANCED_FACE('',(#2410),#2539,.T.);
#2665=ADVANCED_FACE('',(#2411),#2540,.F.);
#2666=ADVANCED_FACE('',(#2412),#2541,.F.);
#2667=ADVANCED_FACE('',(#2413),#2542,.T.);
#2668=ADVANCED_FACE('',(#2414),#2543,.T.);
#2669=ADVANCED_FACE('',(#2415),#2544,.F.);
#2670=ADVANCED_FACE('',(#2416),#2545,.F.);
#2671=ADVANCED_FACE('',(#2417),#2546,.T.);
#2672=ADVANCED_FACE('',(#2418),#2547,.T.);
#2673=ADVANCED_FACE('',(#2419),#2548,.F.);
#2674=ADVANCED_FACE('',(#2420),#2549,.F.);
#2675=ADVANCED_FACE('',(#2421),#2550,.T.);
#2676=ADVANCED_FACE('',(#2422),#2551,.T.);
#2677=ADVANCED_FACE('',(#2423),#2552,.F.);
#2678=ADVANCED_FACE('',(#2424),#2553,.F.);
#2679=ADVANCED_FACE('',(#2425),#2554,.T.);
#2680=ADVANCED_FACE('',(#2426),#2555,.T.);
#2681=ADVANCED_FACE('',(#2427),#2556,.F.);
#2682=ADVANCED_FACE('',(#2428),#2557,.F.);
#2683=ADVANCED_FACE('',(#2429),#2558,.T.);
#2684=ADVANCED_FACE('',(#2430),#2559,.T.);
#2685=ADVANCED_FACE('',(#2431),#2560,.T.);
#2686=ADVANCED_FACE('',(#2432),#2561,.T.);
#2687=ADVANCED_FACE('',(#2433),#2562,.T.);
#2688=ADVANCED_FACE('',(#2434),#2563,.T.);
#2689=ADVANCED_FACE('',(#2435),#2564,.F.);
#2690=ADVANCED_FACE('',(#2436),#2565,.T.);
#2691=ADVANCED_FACE('',(#2437),#2566,.T.);
#2692=ADVANCED_FACE('',(#2438),#2567,.T.);
#2693=ADVANCED_FACE('',(#2439),#2568,.F.);
#2694=ADVANCED_FACE('',(#2440),#2569,.T.);
#2695=ADVANCED_FACE('',(#2441),#12,.T.);
#2696=ADVANCED_FACE('',(#2442),#13,.T.);
#2697=ADVANCED_FACE('',(#2443),#14,.T.);
#2698=ADVANCED_FACE('',(#2444),#15,.T.);
#2699=ADVANCED_FACE('',(#2445),#2570,.T.);
#2700=ADVANCED_FACE('',(#2446),#2571,.F.);
#2701=ADVANCED_FACE('',(#2447),#2572,.F.);
#2702=ADVANCED_FACE('',(#2448),#2573,.T.);
#2703=ADVANCED_FACE('',(#2449),#2574,.T.);
#2704=ADVANCED_FACE('',(#2450),#2575,.F.);
#2705=ADVANCED_FACE('',(#2451),#2576,.F.);
#2706=ADVANCED_FACE('',(#2452),#2577,.T.);
#2707=ADVANCED_FACE('',(#2453),#2578,.T.);
#2708=ADVANCED_FACE('',(#2454),#2579,.F.);
#2709=ADVANCED_FACE('',(#2455),#2580,.F.);
#2710=ADVANCED_FACE('',(#2456),#2581,.T.);
#2711=ADVANCED_FACE('',(#2457),#2582,.T.);
#2712=ADVANCED_FACE('',(#2458),#2583,.F.);
#2713=ADVANCED_FACE('',(#2459),#2584,.F.);
#2714=ADVANCED_FACE('',(#2460),#2585,.T.);
#2715=ADVANCED_FACE('',(#2461),#2586,.T.);
#2716=ADVANCED_FACE('',(#2462),#2587,.F.);
#2717=ADVANCED_FACE('',(#2463),#2588,.F.);
#2718=ADVANCED_FACE('',(#2464),#2589,.T.);
#2719=ADVANCED_FACE('',(#2465),#2590,.T.);
#2720=ADVANCED_FACE('',(#2466),#2591,.F.);
#2721=ADVANCED_FACE('',(#2467),#2592,.F.);
#2722=ADVANCED_FACE('',(#2468),#2593,.T.);
#2723=ADVANCED_FACE('',(#2469),#2594,.T.);
#2724=ADVANCED_FACE('',(#2470),#2595,.F.);
#2725=ADVANCED_FACE('',(#2471),#2596,.F.);
#2726=ADVANCED_FACE('',(#2472),#2597,.T.);
#2727=ADVANCED_FACE('',(#2473),#2598,.T.);
#2728=ADVANCED_FACE('',(#2474),#2599,.F.);
#2729=ADVANCED_FACE('',(#2475),#2600,.F.);
#2730=ADVANCED_FACE('',(#2476),#2601,.T.);
#2731=ADVANCED_FACE('',(#2477),#2602,.T.);
#2732=ADVANCED_FACE('',(#2478),#2603,.F.);
#2733=ADVANCED_FACE('',(#2479),#2604,.F.);
#2734=ADVANCED_FACE('',(#2480),#2605,.T.);
#2735=ADVANCED_FACE('',(#2481),#2606,.T.);
#2736=ADVANCED_FACE('',(#2482),#2607,.F.);
#2737=ADVANCED_FACE('',(#2483),#2608,.F.);
#2738=ADVANCED_FACE('',(#2484),#2609,.T.);
#2739=ADVANCED_FACE('',(#2485),#2610,.T.);
#2740=ADVANCED_FACE('',(#2486),#2611,.F.);
#2741=ADVANCED_FACE('',(#2487),#2612,.F.);
#2742=ADVANCED_FACE('',(#2488),#2613,.T.);
#2743=ADVANCED_FACE('',(#2489),#2614,.T.);
#2744=ADVANCED_FACE('',(#2490),#2615,.F.);
#2745=ADVANCED_FACE('',(#2491),#2616,.F.);
#2746=ADVANCED_FACE('',(#2492),#2617,.T.);
#2747=ADVANCED_FACE('',(#2493),#2618,.T.);
#2748=ADVANCED_FACE('',(#2494),#2619,.F.);
#2749=ADVANCED_FACE('',(#2495),#2620,.F.);
#2750=ADVANCED_FACE('',(#2496),#2621,.T.);
#2751=ADVANCED_FACE('',(#2497),#2622,.T.);
#2752=ADVANCED_FACE('',(#2498),#2623,.F.);
#2753=ADVANCED_FACE('',(#2499),#2624,.F.);
#2754=ADVANCED_FACE('',(#2500),#2625,.T.);
#2755=ADVANCED_FACE('',(#2501),#2626,.T.);
#2756=ADVANCED_FACE('',(#2502),#2627,.F.);
#2757=ADVANCED_FACE('',(#2503),#2628,.F.);
#2758=ADVANCED_FACE('',(#2504),#2629,.T.);
#2759=ADVANCED_FACE('',(#2505),#2630,.T.);
#2760=ADVANCED_FACE('',(#2506),#2631,.F.);
#2761=ADVANCED_FACE('',(#2507),#2632,.F.);
#2762=ADVANCED_FACE('',(#2508),#2633,.T.);
#2763=ADVANCED_FACE('',(#2509),#2634,.T.);
#2764=ADVANCED_FACE('',(#2510),#2635,.F.);
#2765=ADVANCED_FACE('',(#2511),#2636,.F.);
#2766=ADVANCED_FACE('',(#2512),#2637,.T.);
#2767=ADVANCED_FACE('',(#2513),#2638,.T.);
#2768=ADVANCED_FACE('',(#2514),#2639,.F.);
#2769=ADVANCED_FACE('',(#2515),#2640,.F.);
#2770=ADVANCED_FACE('',(#2516),#2641,.T.);
#2771=ADVANCED_FACE('',(#2517),#2642,.T.);
#2772=ADVANCED_FACE('',(#2518),#2643,.F.);
#2773=ADVANCED_FACE('',(#2519),#2644,.F.);
#2774=ADVANCED_FACE('',(#2520),#2645,.T.);
#2775=ADVANCED_FACE('',(#2521),#2646,.T.);
#2776=ADVANCED_FACE('',(#2522),#2647,.F.);
#2777=ADVANCED_FACE('',(#2523),#2648,.F.);
#2778=ADVANCED_FACE('',(#2524),#2649,.T.);
#2779=CLOSED_SHELL('',(#2650,#2651,#2652,#2653,#2654,#2655,#2656,#2657,
#2658,#2659,#2660,#2661,#2662,#2663,#2664,#2665,#2666,#2667,#2668,#2669,
#2670,#2671,#2672,#2673,#2674,#2675,#2676,#2677,#2678,#2679,#2680,#2681,
#2682,#2683,#2684,#2685,#2686,#2687,#2688,#2689,#2690,#2691,#2692,#2693,
#2694,#2695,#2696,#2697,#2698,#2699,#2700,#2701,#2702,#2703,#2704,#2705,
#2706,#2707,#2708,#2709,#2710,#2711,#2712,#2713,#2714,#2715,#2716,#2717,
#2718,#2719,#2720,#2721,#2722,#2723,#2724,#2725,#2726,#2727,#2728,#2729,
#2730,#2731,#2732,#2733,#2734,#2735,#2736,#2737,#2738,#2739,#2740,#2741,
#2742,#2743,#2744,#2745,#2746,#2747,#2748,#2749,#2750,#2751,#2752,#2753,
#2754,#2755,#2756,#2757,#2758,#2759,#2760,#2761,#2762,#2763,#2764,#2765,
#2766,#2767,#2768,#2769,#2770,#2771,#2772,#2773,#2774,#2775,#2776,#2777,
#2778));
#2780=STYLED_ITEM('',(#2781),#2788);
#2781=PRESENTATION_STYLE_ASSIGNMENT((#2782));
#2782=SURFACE_STYLE_USAGE(.BOTH.,#2783);
#2783=SURFACE_SIDE_STYLE('',(#2784));
#2784=SURFACE_STYLE_FILL_AREA(#2785);
#2785=FILL_AREA_STYLE('',(#2786));
#2786=FILL_AREA_STYLE_COLOUR('',#2787);
#2787=COLOUR_RGB('',0.615686274509804,0.811764705882353,0.929411764705882);
#2788=MANIFOLD_SOLID_BREP('Part 1',#2779);
#2789=SHAPE_DEFINITION_REPRESENTATION(#4349,#2790);
#2790=SHAPE_REPRESENTATION('Part 1',(#2791),#4344);
#2791=AXIS2_PLACEMENT_3D('',#3578,#2929,#2930);
#2792=AXIS2_PLACEMENT_3D('',#3579,#2931,#2932);
#2793=AXIS2_PLACEMENT_3D('',#3700,#2993,#2994);
#2794=AXIS2_PLACEMENT_3D('',#3821,#3055,#3056);
#2795=AXIS2_PLACEMENT_3D('',#3926,#3109,#3110);
#2796=AXIS2_PLACEMENT_3D('',#3983,#3139,#3140);
#2797=AXIS2_PLACEMENT_3D('',#4036,#3167,#3168);
#2798=AXIS2_PLACEMENT_3D('',#4051,#3177,#3178);
#2799=AXIS2_PLACEMENT_3D('',#4062,#3185,#3186);
#2800=AXIS2_PLACEMENT_3D('',#4063,#3187,#3188);
#2801=AXIS2_PLACEMENT_3D('',#4067,#3190,#3191);
#2802=AXIS2_PLACEMENT_3D('',#4068,#3192,#3193);
#2803=AXIS2_PLACEMENT_3D('',#4072,#3195,#3196);
#2804=AXIS2_PLACEMENT_3D('',#4082,#3203,#3204);
#2805=AXIS2_PLACEMENT_3D('',#4089,#3209,#3210);
#2806=AXIS2_PLACEMENT_3D('',#4093,#3213,#3214);
#2807=AXIS2_PLACEMENT_3D('',#4095,#3216,#3217);
#2808=AXIS2_PLACEMENT_3D('',#4099,#3219,#3220);
#2809=AXIS2_PLACEMENT_3D('',#4100,#3221,#3222);
#2810=AXIS2_PLACEMENT_3D('',#4104,#3224,#3225);
#2811=AXIS2_PLACEMENT_3D('',#4105,#3226,#3227);
#2812=AXIS2_PLACEMENT_3D('',#4106,#3228,#3229);
#2813=AXIS2_PLACEMENT_3D('',#4109,#3232,#3233);
#2814=AXIS2_PLACEMENT_3D('',#4112,#3236,#3237);
#2815=AXIS2_PLACEMENT_3D('',#4115,#3240,#3241);
#2816=AXIS2_PLACEMENT_3D('',#4117,#3243,#3244);
#2817=AXIS2_PLACEMENT_3D('',#4119,#3246,#3247);
#2818=AXIS2_PLACEMENT_3D('',#4120,#3248,#3249);
#2819=AXIS2_PLACEMENT_3D('',#4123,#3252,#3253);
#2820=AXIS2_PLACEMENT_3D('',#4125,#3255,#3256);
#2821=AXIS2_PLACEMENT_3D('',#4127,#3258,#3259);
#2822=AXIS2_PLACEMENT_3D('',#4128,#3260,#3261);
#2823=AXIS2_PLACEMENT_3D('',#4131,#3264,#3265);
#2824=AXIS2_PLACEMENT_3D('',#4133,#3267,#3268);
#2825=AXIS2_PLACEMENT_3D('',#4135,#3270,#3271);
#2826=AXIS2_PLACEMENT_3D('',#4136,#3272,#3273);
#2827=AXIS2_PLACEMENT_3D('',#4139,#3276,#3277);
#2828=AXIS2_PLACEMENT_3D('',#4141,#3279,#3280);
#2829=AXIS2_PLACEMENT_3D('',#4143,#3282,#3283);
#2830=AXIS2_PLACEMENT_3D('',#4144,#3284,#3285);
#2831=AXIS2_PLACEMENT_3D('',#4147,#3288,#3289);
#2832=AXIS2_PLACEMENT_3D('',#4149,#3291,#3292);
#2833=AXIS2_PLACEMENT_3D('',#4151,#3294,#3295);
#2834=AXIS2_PLACEMENT_3D('',#4152,#3296,#3297);
#2835=AXIS2_PLACEMENT_3D('',#4154,#3299,#3300);
#2836=AXIS2_PLACEMENT_3D('',#4158,#3303,#3304);
#2837=AXIS2_PLACEMENT_3D('',#4160,#3306,#3307);
#2838=AXIS2_PLACEMENT_3D('',#4161,#3308,#3309);
#2839=AXIS2_PLACEMENT_3D('',#4165,#3312,#3313);
#2840=AXIS2_PLACEMENT_3D('',#4167,#3315,#3316);
#2841=AXIS2_PLACEMENT_3D('',#4168,#3317,#3318);
#2842=AXIS2_PLACEMENT_3D('',#4172,#3321,#3322);
#2843=AXIS2_PLACEMENT_3D('',#4176,#3325,#3326);
#2844=AXIS2_PLACEMENT_3D('',#4178,#3328,#3329);
#2845=AXIS2_PLACEMENT_3D('',#4179,#3330,#3331);
#2846=AXIS2_PLACEMENT_3D('',#4180,#3332,#3333);
#2847=AXIS2_PLACEMENT_3D('',#4181,#3334,#3335);
#2848=AXIS2_PLACEMENT_3D('',#4182,#3336,#3337);
#2849=AXIS2_PLACEMENT_3D('',#4183,#3338,#3339);
#2850=AXIS2_PLACEMENT_3D('',#4186,#3342,#3343);
#2851=AXIS2_PLACEMENT_3D('',#4188,#3345,#3346);
#2852=AXIS2_PLACEMENT_3D('',#4190,#3348,#3349);
#2853=AXIS2_PLACEMENT_3D('',#4191,#3350,#3351);
#2854=AXIS2_PLACEMENT_3D('',#4194,#3354,#3355);
#2855=AXIS2_PLACEMENT_3D('',#4196,#3357,#3358);
#2856=AXIS2_PLACEMENT_3D('',#4198,#3360,#3361);
#2857=AXIS2_PLACEMENT_3D('',#4199,#3362,#3363);
#2858=AXIS2_PLACEMENT_3D('',#4202,#3366,#3367);
#2859=AXIS2_PLACEMENT_3D('',#4204,#3369,#3370);
#2860=AXIS2_PLACEMENT_3D('',#4206,#3372,#3373);
#2861=AXIS2_PLACEMENT_3D('',#4207,#3374,#3375);
#2862=AXIS2_PLACEMENT_3D('',#4210,#3378,#3379);
#2863=AXIS2_PLACEMENT_3D('',#4212,#3381,#3382);
#2864=AXIS2_PLACEMENT_3D('',#4214,#3384,#3385);
#2865=AXIS2_PLACEMENT_3D('',#4215,#3386,#3387);
#2866=AXIS2_PLACEMENT_3D('',#4218,#3390,#3391);
#2867=AXIS2_PLACEMENT_3D('',#4220,#3393,#3394);
#2868=AXIS2_PLACEMENT_3D('',#4222,#3396,#3397);
#2869=AXIS2_PLACEMENT_3D('',#4223,#3398,#3399);
#2870=AXIS2_PLACEMENT_3D('',#4226,#3402,#3403);
#2871=AXIS2_PLACEMENT_3D('',#4228,#3405,#3406);
#2872=AXIS2_PLACEMENT_3D('',#4230,#3408,#3409);
#2873=AXIS2_PLACEMENT_3D('',#4231,#3410,#3411);
#2874=AXIS2_PLACEMENT_3D('',#4234,#3414,#3415);
#2875=AXIS2_PLACEMENT_3D('',#4236,#3417,#3418);
#2876=AXIS2_PLACEMENT_3D('',#4238,#3420,#3421);
#2877=AXIS2_PLACEMENT_3D('',#4239,#3422,#3423);
#2878=AXIS2_PLACEMENT_3D('',#4242,#3426,#3427);
#2879=AXIS2_PLACEMENT_3D('',#4244,#3429,#3430);
#2880=AXIS2_PLACEMENT_3D('',#4246,#3432,#3433);
#2881=AXIS2_PLACEMENT_3D('',#4247,#3434,#3435);
#2882=AXIS2_PLACEMENT_3D('',#4250,#3438,#3439);
#2883=AXIS2_PLACEMENT_3D('',#4252,#3441,#3442);
#2884=AXIS2_PLACEMENT_3D('',#4254,#3444,#3445);
#2885=AXIS2_PLACEMENT_3D('',#4255,#3446,#3447);
#2886=AXIS2_PLACEMENT_3D('',#4258,#3450,#3451);
#2887=AXIS2_PLACEMENT_3D('',#4260,#3453,#3454);
#2888=AXIS2_PLACEMENT_3D('',#4262,#3456,#3457);
#2889=AXIS2_PLACEMENT_3D('',#4263,#3458,#3459);
#2890=AXIS2_PLACEMENT_3D('',#4266,#3462,#3463);
#2891=AXIS2_PLACEMENT_3D('',#4268,#3465,#3466);
#2892=AXIS2_PLACEMENT_3D('',#4270,#3468,#3469);
#2893=AXIS2_PLACEMENT_3D('',#4271,#3470,#3471);
#2894=AXIS2_PLACEMENT_3D('',#4274,#3474,#3475);
#2895=AXIS2_PLACEMENT_3D('',#4276,#3477,#3478);
#2896=AXIS2_PLACEMENT_3D('',#4278,#3480,#3481);
#2897=AXIS2_PLACEMENT_3D('',#4279,#3482,#3483);
#2898=AXIS2_PLACEMENT_3D('',#4282,#3486,#3487);
#2899=AXIS2_PLACEMENT_3D('',#4284,#3489,#3490);
#2900=AXIS2_PLACEMENT_3D('',#4286,#3492,#3493);
#2901=AXIS2_PLACEMENT_3D('',#4287,#3494,#3495);
#2902=AXIS2_PLACEMENT_3D('',#4290,#3498,#3499);
#2903=AXIS2_PLACEMENT_3D('',#4292,#3501,#3502);
#2904=AXIS2_PLACEMENT_3D('',#4294,#3504,#3505);
#2905=AXIS2_PLACEMENT_3D('',#4295,#3506,#3507);
#2906=AXIS2_PLACEMENT_3D('',#4298,#3510,#3511);
#2907=AXIS2_PLACEMENT_3D('',#4300,#3513,#3514);
#2908=AXIS2_PLACEMENT_3D('',#4302,#3516,#3517);
#2909=AXIS2_PLACEMENT_3D('',#4303,#3518,#3519);
#2910=AXIS2_PLACEMENT_3D('',#4306,#3522,#3523);
#2911=AXIS2_PLACEMENT_3D('',#4308,#3525,#3526);
#2912=AXIS2_PLACEMENT_3D('',#4310,#3528,#3529);
#2913=AXIS2_PLACEMENT_3D('',#4311,#3530,#3531);
#2914=AXIS2_PLACEMENT_3D('',#4314,#3534,#3535);
#2915=AXIS2_PLACEMENT_3D('',#4316,#3537,#3538);
#2916=AXIS2_PLACEMENT_3D('',#4318,#3540,#3541);
#2917=AXIS2_PLACEMENT_3D('',#4319,#3542,#3543);
#2918=AXIS2_PLACEMENT_3D('',#4322,#3546,#3547);
#2919=AXIS2_PLACEMENT_3D('',#4324,#3549,#3550);
#2920=AXIS2_PLACEMENT_3D('',#4326,#3552,#3553);
#2921=AXIS2_PLACEMENT_3D('',#4327,#3554,#3555);
#2922=AXIS2_PLACEMENT_3D('',#4330,#3558,#3559);
#2923=AXIS2_PLACEMENT_3D('',#4332,#3561,#3562);
#2924=AXIS2_PLACEMENT_3D('',#4334,#3564,#3565);
#2925=AXIS2_PLACEMENT_3D('',#4335,#3566,#3567);
#2926=AXIS2_PLACEMENT_3D('',#4338,#3570,#3571);
#2927=AXIS2_PLACEMENT_3D('',#4340,#3573,#3574);
#2928=AXIS2_PLACEMENT_3D('',#4342,#3576,#3577);
#2929=DIRECTION('',(0.,0.,1.));
#2930=DIRECTION('',(1.,0.,0.));
#2931=DIRECTION('',(0.,1.,0.));
#2932=DIRECTION('',(0.,0.,1.));
#2933=DIRECTION('',(1.,0.,0.));
#2934=DIRECTION('',(0.,0.,-1.));
#2935=DIRECTION('',(1.,0.,0.));
#2936=DIRECTION('',(0.,0.,-1.));
#2937=DIRECTION('',(0.,0.,1.));
#2938=DIRECTION('',(-1.,0.,0.));
#2939=DIRECTION('',(0.,0.,1.));
#2940=DIRECTION('',(-1.,0.,0.));
#2941=DIRECTION('',(0.,0.,1.));
#2942=DIRECTION('',(-1.,0.,0.));
#2943=DIRECTION('',(0.,0.,1.));
#2944=DIRECTION('',(-1.,0.,0.));
#2945=DIRECTION('',(0.,0.,1.));
#2946=DIRECTION('',(-1.,0.,0.));
#2947=DIRECTION('',(-1.0842021724855E-16,0.,1.));
#2948=DIRECTION('',(-1.,0.,0.));
#2949=DIRECTION('',(-5.42101086242752E-17,0.,1.));
#2950=DIRECTION('',(-1.,0.,0.));
#2951=DIRECTION('',(0.,0.,1.));
#2952=DIRECTION('',(-1.,0.,0.));
#2953=DIRECTION('',(0.,0.,1.));
#2954=DIRECTION('',(-1.,0.,0.));
#2955=DIRECTION('',(0.,0.,1.));
#2956=DIRECTION('',(-1.,0.,0.));
#2957=DIRECTION('',(0.,0.,1.));
#2958=DIRECTION('',(-1.,0.,0.));
#2959=DIRECTION('',(0.,0.,1.));
#2960=DIRECTION('',(-1.,0.,0.));
#2961=DIRECTION('',(0.,0.,1.));
#2962=DIRECTION('',(-1.,0.,0.));
#2963=DIRECTION('',(0.,0.,1.));
#2964=DIRECTION('',(-1.,0.,0.));
#2965=DIRECTION('',(0.,0.,-1.));
#2966=DIRECTION('',(1.,0.,3.46944695195362E-16));
#2967=DIRECTION('',(0.,0.,-1.));
#2968=DIRECTION('',(1.,0.,3.46944695195362E-16));
#2969=DIRECTION('',(0.,0.,-1.));
#2970=DIRECTION('',(1.,0.,3.46944695195362E-16));
#2971=DIRECTION('',(0.,0.,-1.));
#2972=DIRECTION('',(1.,0.,3.46944695195362E-16));
#2973=DIRECTION('',(0.,0.,-1.));
#2974=DIRECTION('',(1.,0.,1.7347234759768E-16));
#2975=DIRECTION('',(0.,0.,-1.));
#2976=DIRECTION('',(1.,0.,1.7347234759768E-16));
#2977=DIRECTION('',(8.13151629364128E-17,0.,-1.));
#2978=DIRECTION('',(1.,0.,3.46944695195362E-16));
#2979=DIRECTION('',(0.,0.,-1.));
#2980=DIRECTION('',(1.,0.,3.46944695195362E-16));
#2981=DIRECTION('',(0.,0.,-1.));
#2982=DIRECTION('',(1.,0.,1.7347234759768E-16));
#2983=DIRECTION('',(0.,0.,-1.));
#2984=DIRECTION('',(1.,0.,1.7347234759768E-16));
#2985=DIRECTION('',(0.,0.,-1.));
#2986=DIRECTION('',(1.,0.,0.));
#2987=DIRECTION('',(0.,0.,-1.));
#2988=DIRECTION('',(1.,0.,0.));
#2989=DIRECTION('',(0.,0.,-1.));
#2990=DIRECTION('',(1.,0.,0.));
#2991=DIRECTION('',(0.,0.,-1.));
#2992=DIRECTION('',(1.,0.,0.));
#2993=DIRECTION('',(0.,1.,0.));
#2994=DIRECTION('',(0.,0.,1.));
#2995=DIRECTION('',(1.,0.,0.));
#2996=DIRECTION('',(0.,0.,-1.));
#2997=DIRECTION('',(1.,0.,0.));
#2998=DIRECTION('',(0.,0.,-1.));
#2999=DIRECTION('',(1.,0.,3.46944695195362E-16));
#3000=DIRECTION('',(8.13151629364128E-17,0.,-1.));
#3001=DIRECTION('',(1.,0.,3.46944695195362E-16));
#3002=DIRECTION('',(0.,0.,-1.));
#3003=DIRECTION('',(1.,0.,3.46944695195362E-16));
#3004=DIRECTION('',(0.,0.,-1.));
#3005=DIRECTION('',(1.,0.,3.46944695195362E-16));
#3006=DIRECTION('',(0.,0.,-1.));
#3007=DIRECTION('',(1.,0.,0.));
#3008=DIRECTION('',(0.,0.,-1.));
#3009=DIRECTION('',(1.,0.,0.));
#3010=DIRECTION('',(0.,0.,-1.));
#3011=DIRECTION('',(1.,0.,0.));
#3012=DIRECTION('',(0.,0.,-1.));
#3013=DIRECTION('',(1.,0.,0.));
#3014=DIRECTION('',(0.,0.,-1.));
#3015=DIRECTION('',(1.,0.,0.));
#3016=DIRECTION('',(0.,0.,-1.));
#3017=DIRECTION('',(1.,0.,0.));
#3018=DIRECTION('',(1.0842021724855E-16,0.,-1.));
#3019=DIRECTION('',(1.,0.,0.));
#3020=DIRECTION('',(0.,0.,-1.));
#3021=DIRECTION('',(1.,0.,0.));
#3022=DIRECTION('',(0.,0.,-1.));
#3023=DIRECTION('',(1.,0.,0.));
#3024=DIRECTION('',(0.,0.,-1.));
#3025=DIRECTION('',(1.,0.,0.));
#3026=DIRECTION('',(0.,0.,-1.));
#3027=DIRECTION('',(1.,0.,0.));
#3028=DIRECTION('',(0.,0.,-1.));
#3029=DIRECTION('',(1.,0.,0.));
#3030=DIRECTION('',(0.,0.,-1.));
#3031=DIRECTION('',(1.,0.,0.));
#3032=DIRECTION('',(5.42101086242752E-17,0.,-1.));
#3033=DIRECTION('',(1.,0.,0.));
#3034=DIRECTION('',(0.,0.,-1.));
#3035=DIRECTION('',(1.,0.,0.));
#3036=DIRECTION('',(0.,0.,-1.));
#3037=DIRECTION('',(1.,0.,0.));
#3038=DIRECTION('',(0.,0.,-1.));
#3039=DIRECTION('',(1.,0.,3.46944695195362E-16));
#3040=DIRECTION('',(0.,0.,-1.));
#3041=DIRECTION('',(1.,0.,3.46944695195362E-16));
#3042=DIRECTION('',(0.,0.,-1.));
#3043=DIRECTION('',(1.,0.,1.7347234759768E-16));
#3044=DIRECTION('',(0.,0.,-1.));
#3045=DIRECTION('',(1.,0.,1.7347234759768E-16));
#3046=DIRECTION('',(0.,0.,-1.));
#3047=DIRECTION('',(1.,0.,1.7347234759768E-16));
#3048=DIRECTION('',(0.,0.,-1.));
#3049=DIRECTION('',(1.,0.,1.7347234759768E-16));
#3050=DIRECTION('',(0.,0.,-1.));
#3051=DIRECTION('',(1.,0.,0.));
#3052=DIRECTION('',(0.,0.,-1.));
#3053=DIRECTION('',(1.,0.,0.));
#3054=DIRECTION('',(0.,0.,-1.));
#3055=DIRECTION('',(0.,1.,0.));
#3056=DIRECTION('',(0.,0.,1.));
#3057=DIRECTION('',(1.,0.,0.));
#3058=DIRECTION('',(0.,0.,-1.));
#3059=DIRECTION('',(1.,0.,0.));
#3060=DIRECTION('',(0.,0.,1.));
#3061=DIRECTION('',(1.,0.,0.));
#3062=DIRECTION('',(0.,0.,1.));
#3063=DIRECTION('',(1.,0.,0.));
#3064=DIRECTION('',(0.,0.,-1.));
#3065=DIRECTION('',(2.89120579329468E-16,0.,1.));
#3066=DIRECTION('',(1.,0.,-1.44560289664734E-16));
#3067=DIRECTION('',(1.8521787113294E-16,0.,1.));
#3068=DIRECTION('',(1.,0.,-1.44560289664734E-16));
#3069=DIRECTION('',(2.16840434497101E-16,0.,1.));
#3070=DIRECTION('',(1.,0.,-8.67361737988404E-16));
#3071=DIRECTION('',(0.,0.,1.));
#3072=DIRECTION('',(1.,0.,-8.67361737988404E-16));
#3073=DIRECTION('',(0.,0.,1.));
#3074=DIRECTION('',(1.,0.,-8.67361737988404E-16));
#3075=DIRECTION('',(0.,0.,1.));
#3076=DIRECTION('',(1.,0.,-8.67361737988404E-16));
#3077=DIRECTION('',(0.,0.,1.));
#3078=DIRECTION('',(1.,0.,-3.46944695195362E-16));
#3079=DIRECTION('',(0.,0.,1.));
#3080=DIRECTION('',(1.,0.,-3.46944695195362E-16));
#3081=DIRECTION('',(0.,0.,1.));
#3082=DIRECTION('',(1.,0.,-3.46944695195362E-16));
#3083=DIRECTION('',(0.,0.,1.));
#3084=DIRECTION('',(1.,0.,-3.46944695195362E-16));
#3085=DIRECTION('',(0.,0.,1.));
#3086=DIRECTION('',(-1.,0.,0.));
#3087=DIRECTION('',(0.,0.,1.));
#3088=DIRECTION('',(-1.,0.,0.));
#3089=DIRECTION('',(0.,0.,1.));
#3090=DIRECTION('',(-1.,0.,0.));
#3091=DIRECTION('',(-1.0842021724855E-16,0.,1.));
#3092=DIRECTION('',(-1.,0.,0.));
#3093=DIRECTION('',(-5.42101086242752E-17,0.,1.));
#3094=DIRECTION('',(-1.,0.,0.));
#3095=DIRECTION('',(0.,0.,1.));
#3096=DIRECTION('',(-1.,0.,0.));
#3097=DIRECTION('',(0.,0.,1.));
#3098=DIRECTION('',(-1.,0.,0.));
#3099=DIRECTION('',(0.,0.,1.));
#3100=DIRECTION('',(-1.,0.,0.));
#3101=DIRECTION('',(0.,0.,1.));
#3102=DIRECTION('',(-1.,0.,0.));
#3103=DIRECTION('',(0.,0.,1.));
#3104=DIRECTION('',(-1.,0.,0.));
#3105=DIRECTION('',(0.,0.,1.));
#3106=DIRECTION('',(-1.,0.,0.));
#3107=DIRECTION('',(0.,0.,1.));
#3108=DIRECTION('',(-1.,0.,0.));
#3109=DIRECTION('',(0.,-1.,0.));
#3110=DIRECTION('',(0.,0.,-1.));
#3111=DIRECTION('',(0.,0.,1.));
#3112=DIRECTION('',(1.,0.,0.));
#3113=DIRECTION('',(0.,0.,1.));
#3114=DIRECTION('',(1.,0.,0.));
#3115=DIRECTION('',(0.,0.,-1.));
#3116=DIRECTION('',(1.,0.,0.));
#3117=DIRECTION('',(0.,0.,-1.));
#3118=DIRECTION('',(1.,0.,0.));
#3119=DIRECTION('',(1.0842021724855E-16,0.,-1.));
#3120=DIRECTION('',(1.,0.,0.));
#3121=DIRECTION('',(0.,0.,-1.));
#3122=DIRECTION('',(1.,0.,0.));
#3123=DIRECTION('',(0.,0.,-1.));
#3124=DIRECTION('',(1.,0.,0.));
#3125=DIRECTION('',(5.42101086242752E-17,0.,-1.));
#3126=DIRECTION('',(1.,0.,0.));
#3127=DIRECTION('',(0.,0.,-1.));
#3128=DIRECTION('',(1.,0.,0.));
#3129=DIRECTION('',(0.,0.,-1.));
#3130=DIRECTION('',(1.,0.,0.));
#3131=DIRECTION('',(0.,0.,-1.));
#3132=DIRECTION('',(1.,0.,0.));
#3133=DIRECTION('',(0.,0.,-1.));
#3134=DIRECTION('',(1.,0.,0.));
#3135=DIRECTION('',(0.,0.,-1.));
#3136=DIRECTION('',(1.,0.,0.));
#3137=DIRECTION('',(0.,0.,-1.));
#3138=DIRECTION('',(1.,0.,0.));
#3139=DIRECTION('',(0.,1.,0.));
#3140=DIRECTION('',(0.,0.,1.));
#3141=DIRECTION('',(1.,0.,-3.46944695195362E-16));
#3142=DIRECTION('',(0.,0.,1.));
#3143=DIRECTION('',(1.,0.,-3.46944695195362E-16));
#3144=DIRECTION('',(0.,0.,1.));
#3145=DIRECTION('',(1.,0.,-8.67361737988404E-16));
#3146=DIRECTION('',(2.16840434497101E-16,0.,1.));
#3147=DIRECTION('',(1.,0.,-8.67361737988404E-16));
#3148=DIRECTION('',(0.,0.,1.));
#3149=DIRECTION('',(1.,0.,-1.44560289664734E-16));
#3150=DIRECTION('',(2.89120579329468E-16,0.,1.));
#3151=DIRECTION('',(1.,0.,-1.44560289664734E-16));
#3152=DIRECTION('',(1.8521787113294E-16,0.,1.));
#3153=DIRECTION('',(1.,0.,-8.67361737988404E-16));
#3154=DIRECTION('',(0.,0.,1.));
#3155=DIRECTION('',(1.,0.,-8.67361737988404E-16));
#3156=DIRECTION('',(0.,0.,1.));
#3157=DIRECTION('',(1.,0.,-3.46944695195362E-16));
#3158=DIRECTION('',(0.,0.,1.));
#3159=DIRECTION('',(1.,0.,-3.46944695195362E-16));
#3160=DIRECTION('',(0.,0.,1.));
#3161=DIRECTION('',(1.,0.,0.));
#3162=DIRECTION('',(0.,0.,-1.));
#3163=DIRECTION('',(1.,0.,0.));
#3164=DIRECTION('',(0.,0.,-1.));
#3165=DIRECTION('',(1.,0.,0.));
#3166=DIRECTION('',(0.,0.,1.));
#3167=DIRECTION('',(1.,0.,0.));
#3168=DIRECTION('',(0.,0.,-1.));
#3169=DIRECTION('',(0.,0.,1.));
#3170=DIRECTION('',(0.,-1.,0.));
#3171=DIRECTION('',(0.,0.,-1.));
#3172=DIRECTION('',(0.,-1.,0.));
#3173=DIRECTION('',(0.,-1.,0.));
#3174=DIRECTION('',(0.,0.,-1.));
#3175=DIRECTION('',(0.,-1.,0.));
#3176=DIRECTION('',(0.,-1.,0.));
#3177=DIRECTION('',(1.,0.,0.));
#3178=DIRECTION('',(0.,0.,-1.));
#3179=DIRECTION('',(0.,-1.,0.));
#3180=DIRECTION('',(0.,0.,1.));
#3181=DIRECTION('',(0.,-1.,0.));
#3182=DIRECTION('',(0.,-1.,0.));
#3183=DIRECTION('',(0.,0.,-1.));
#3184=DIRECTION('',(0.,-1.,0.));
#3185=DIRECTION('',(0.,0.,1.));
#3186=DIRECTION('',(1.,0.,0.));
#3187=DIRECTION('',(0.,0.,1.));
#3188=DIRECTION('',(1.,0.,0.));
#3189=DIRECTION('',(0.,-1.,0.));
#3190=DIRECTION('',(0.,0.,1.));
#3191=DIRECTION('',(1.,0.,0.));
#3192=DIRECTION('',(0.,0.,1.));
#3193=DIRECTION('',(1.,0.,0.));
#3194=DIRECTION('',(0.,-1.,0.));
#3195=DIRECTION('',(0.,0.,1.));
#3196=DIRECTION('',(1.,0.,0.));
#3197=DIRECTION('',(1.,0.,0.));
#3198=DIRECTION('',(0.,-1.,0.));
#3199=DIRECTION('',(1.,0.,0.));
#3200=DIRECTION('',(-1.,-4.33680868994202E-16,0.));
#3201=DIRECTION('',(3.01691039300315E-16,-1.,0.));
#3202=DIRECTION('',(0.,-1.,0.));
#3203=DIRECTION('',(-1.,0.,0.));
#3204=DIRECTION('',(0.,0.,1.));
#3205=DIRECTION('',(0.,1.,0.));
#3206=DIRECTION('',(0.,1.,0.));
#3207=DIRECTION('',(0.,0.,-1.));
#3208=DIRECTION('',(0.,-1.,0.));
#3209=DIRECTION('',(0.,0.,1.));
#3210=DIRECTION('',(1.,0.,0.));
#3211=DIRECTION('',(1.,0.,0.));
#3212=DIRECTION('',(0.,1.,0.));
#3213=DIRECTION('',(0.,0.,1.));
#3214=DIRECTION('',(1.,0.,0.));
#3215=DIRECTION('',(1.,0.,0.));
#3216=DIRECTION('',(0.,0.,1.));
#3217=DIRECTION('',(1.,0.,0.));
#3218=DIRECTION('',(0.,-1.,0.));
#3219=DIRECTION('',(0.,0.,1.));
#3220=DIRECTION('',(1.,0.,0.));
#3221=DIRECTION('',(0.,0.,1.));
#3222=DIRECTION('',(1.,0.,0.));
#3223=DIRECTION('',(0.,-1.,0.));
#3224=DIRECTION('',(0.,0.,1.));
#3225=DIRECTION('',(1.,0.,0.));
#3226=DIRECTION('',(0.,0.,1.));
#3227=DIRECTION('',(1.,0.,0.));
#3228=DIRECTION('',(1.,0.,0.));
#3229=DIRECTION('',(0.,0.,-1.));
#3230=DIRECTION('',(0.,0.,-1.));
#3231=DIRECTION('',(0.,0.,-1.));
#3232=DIRECTION('',(1.,0.,0.));
#3233=DIRECTION('',(0.,0.,-1.));
#3234=DIRECTION('',(0.,0.,-1.));
#3235=DIRECTION('',(0.,0.,-1.));
#3236=DIRECTION('',(1.44560289664734E-16,0.,1.));
#3237=DIRECTION('',(1.,0.,-1.44560289664734E-16));
#3238=DIRECTION('',(0.,1.,0.));
#3239=DIRECTION('',(0.,1.,0.));
#3240=DIRECTION('',(-1.,0.,2.89120579329468E-16));
#3241=DIRECTION('',(2.89120579329468E-16,0.,1.));
#3242=DIRECTION('',(0.,1.,0.));
#3243=DIRECTION('',(1.44560289664734E-16,0.,1.));
#3244=DIRECTION('',(1.,0.,-1.44560289664734E-16));
#3245=DIRECTION('',(0.,1.,0.));
#3246=DIRECTION('',(-1.,0.,1.8521787113294E-16));
#3247=DIRECTION('',(1.8521787113294E-16,0.,1.));
#3248=DIRECTION('',(8.67361737988404E-16,0.,1.));
#3249=DIRECTION('',(1.,0.,-8.67361737988404E-16));
#3250=DIRECTION('',(0.,1.,0.));
#3251=DIRECTION('',(0.,1.,0.));
#3252=DIRECTION('',(-1.,0.,2.16840434497101E-16));
#3253=DIRECTION('',(2.16840434497101E-16,0.,1.));
#3254=DIRECTION('',(0.,1.,0.));
#3255=DIRECTION('',(8.67361737988404E-16,0.,1.));
#3256=DIRECTION('',(1.,0.,-8.67361737988404E-16));
#3257=DIRECTION('',(0.,1.,0.));
#3258=DIRECTION('',(-1.,0.,0.));
#3259=DIRECTION('',(0.,0.,1.));
#3260=DIRECTION('',(8.67361737988404E-16,0.,1.));
#3261=DIRECTION('',(1.,0.,-8.67361737988404E-16));
#3262=DIRECTION('',(0.,1.,0.));
#3263=DIRECTION('',(0.,1.,0.));
#3264=DIRECTION('',(-1.,0.,0.));
#3265=DIRECTION('',(0.,0.,1.));
#3266=DIRECTION('',(0.,1.,0.));
#3267=DIRECTION('',(8.67361737988404E-16,0.,1.));
#3268=DIRECTION('',(1.,0.,-8.67361737988404E-16));
#3269=DIRECTION('',(0.,1.,0.));
#3270=DIRECTION('',(-1.,0.,0.));
#3271=DIRECTION('',(0.,0.,1.));
#3272=DIRECTION('',(3.46944695195362E-16,0.,1.));
#3273=DIRECTION('',(1.,0.,-3.46944695195362E-16));
#3274=DIRECTION('',(0.,1.,0.));
#3275=DIRECTION('',(0.,1.,0.));
#3276=DIRECTION('',(-1.,0.,0.));
#3277=DIRECTION('',(0.,0.,1.));
#3278=DIRECTION('',(0.,1.,0.));
#3279=DIRECTION('',(3.46944695195362E-16,0.,1.));
#3280=DIRECTION('',(1.,0.,-3.46944695195362E-16));
#3281=DIRECTION('',(0.,1.,0.));
#3282=DIRECTION('',(-1.,0.,0.));
#3283=DIRECTION('',(0.,0.,1.));
#3284=DIRECTION('',(3.46944695195362E-16,0.,1.));
#3285=DIRECTION('',(1.,0.,-3.46944695195362E-16));
#3286=DIRECTION('',(0.,1.,0.));
#3287=DIRECTION('',(0.,1.,0.));
#3288=DIRECTION('',(-1.,0.,0.));
#3289=DIRECTION('',(0.,0.,1.));
#3290=DIRECTION('',(0.,1.,0.));
#3291=DIRECTION('',(3.46944695195362E-16,0.,1.));
#3292=DIRECTION('',(1.,0.,-3.46944695195362E-16));
#3293=DIRECTION('',(0.,1.,0.));
#3294=DIRECTION('',(-1.,0.,0.));
#3295=DIRECTION('',(0.,0.,1.));
#3296=DIRECTION('',(0.,1.,0.));
#3297=DIRECTION('',(0.,0.,1.));
#3298=DIRECTION('',(1.,0.,0.));
#3299=DIRECTION('',(-1.,0.,0.));
#3300=DIRECTION('',(0.,0.,1.));
#3301=DIRECTION('',(0.,0.,-1.));
#3302=DIRECTION('',(0.,1.,0.));
#3303=DIRECTION('',(0.,1.,0.));
#3304=DIRECTION('',(0.,0.,1.));
#3305=DIRECTION('',(1.,0.,0.));
#3306=DIRECTION('',(0.,0.,1.));
#3307=DIRECTION('',(1.,0.,0.));
#3308=DIRECTION('',(0.,0.,1.));
#3309=DIRECTION('',(1.,0.,0.));
#3310=DIRECTION('',(3.01691039300315E-16,-1.,0.));
#3311=DIRECTION('',(-1.,-4.33680868994202E-16,0.));
#3312=DIRECTION('',(-1.,-3.01691039300315E-16,0.));
#3313=DIRECTION('',(3.01691039300315E-16,-1.,0.));
#3314=DIRECTION('',(0.,0.,1.));
#3315=DIRECTION('',(-4.33680868994202E-16,1.,0.));
#3316=DIRECTION('',(-1.,-4.33680868994202E-16,0.));
#3317=DIRECTION('',(0.,-1.,0.));
#3318=DIRECTION('',(0.,0.,-1.));
#3319=DIRECTION('',(1.,0.,0.));
#3320=DIRECTION('',(0.,0.,1.));
#3321=DIRECTION('',(0.,0.,1.));
#3322=DIRECTION('',(1.,0.,0.));
#3323=DIRECTION('',(1.,0.,0.));
#3324=DIRECTION('',(0.,-1.,0.));
#3325=DIRECTION('',(0.,-1.,0.));
#3326=DIRECTION('',(0.,0.,-1.));
#3327=DIRECTION('',(0.,0.,1.));
#3328=DIRECTION('',(-1.,0.,0.));
#3329=DIRECTION('',(0.,0.,1.));
#3330=DIRECTION('',(0.,0.,1.));
#3331=DIRECTION('',(1.,0.,0.));
#3332=DIRECTION('',(0.,0.,-1.));
#3333=DIRECTION('',(-1.,0.,0.));
#3334=DIRECTION('',(0.,0.,-1.));
#3335=DIRECTION('',(-1.,0.,0.));
#3336=DIRECTION('',(0.,0.,1.));
#3337=DIRECTION('',(1.,0.,0.));
#3338=DIRECTION('',(-1.,0.,0.));
#3339=DIRECTION('',(0.,0.,1.));
#3340=DIRECTION('',(0.,-1.,0.));
#3341=DIRECTION('',(0.,-1.,0.));
#3342=DIRECTION('',(0.,0.,-1.));
#3343=DIRECTION('',(-1.,0.,0.));
#3344=DIRECTION('',(0.,-1.,0.));
#3345=DIRECTION('',(-1.,0.,0.));
#3346=DIRECTION('',(0.,0.,1.));
#3347=DIRECTION('',(0.,-1.,0.));
#3348=DIRECTION('',(0.,0.,-1.));
#3349=DIRECTION('',(-1.,0.,0.));
#3350=DIRECTION('',(-1.,0.,0.));
#3351=DIRECTION('',(0.,0.,1.));
#3352=DIRECTION('',(0.,-1.,0.));
#3353=DIRECTION('',(0.,-1.,0.));
#3354=DIRECTION('',(0.,0.,-1.));
#3355=DIRECTION('',(-1.,0.,0.));
#3356=DIRECTION('',(0.,-1.,0.));
#3357=DIRECTION('',(-1.,0.,-1.0842021724855E-16));
#3358=DIRECTION('',(-1.0842021724855E-16,0.,1.));
#3359=DIRECTION('',(0.,-1.,0.));
#3360=DIRECTION('',(0.,0.,-1.));
#3361=DIRECTION('',(-1.,0.,0.));
#3362=DIRECTION('',(-1.,0.,-5.42101086242752E-17));
#3363=DIRECTION('',(-5.42101086242752E-17,0.,1.));
#3364=DIRECTION('',(0.,-1.,0.));
#3365=DIRECTION('',(0.,-1.,0.));
#3366=DIRECTION('',(0.,0.,-1.));
#3367=DIRECTION('',(-1.,0.,0.));
#3368=DIRECTION('',(0.,-1.,0.));
#3369=DIRECTION('',(-1.,0.,0.));
#3370=DIRECTION('',(0.,0.,1.));
#3371=DIRECTION('',(0.,-1.,0.));
#3372=DIRECTION('',(0.,0.,-1.));
#3373=DIRECTION('',(-1.,0.,0.));
#3374=DIRECTION('',(-1.,0.,0.));
#3375=DIRECTION('',(0.,0.,1.));
#3376=DIRECTION('',(0.,-1.,0.));
#3377=DIRECTION('',(0.,-1.,0.));
#3378=DIRECTION('',(0.,0.,-1.));
#3379=DIRECTION('',(-1.,0.,0.));
#3380=DIRECTION('',(0.,-1.,0.));
#3381=DIRECTION('',(-1.,0.,0.));
#3382=DIRECTION('',(0.,0.,1.));
#3383=DIRECTION('',(0.,-1.,0.));
#3384=DIRECTION('',(0.,0.,-1.));
#3385=DIRECTION('',(-1.,0.,0.));
#3386=DIRECTION('',(-1.,0.,0.));
#3387=DIRECTION('',(0.,0.,1.));
#3388=DIRECTION('',(0.,-1.,0.));
#3389=DIRECTION('',(0.,-1.,0.));
#3390=DIRECTION('',(0.,0.,-1.));
#3391=DIRECTION('',(-1.,0.,0.));
#3392=DIRECTION('',(0.,-1.,0.));
#3393=DIRECTION('',(-1.,0.,0.));
#3394=DIRECTION('',(0.,0.,1.));
#3395=DIRECTION('',(0.,-1.,0.));
#3396=DIRECTION('',(0.,0.,-1.));
#3397=DIRECTION('',(-1.,0.,0.));
#3398=DIRECTION('',(-1.,0.,0.));
#3399=DIRECTION('',(0.,0.,1.));
#3400=DIRECTION('',(0.,-1.,0.));
#3401=DIRECTION('',(0.,-1.,0.));
#3402=DIRECTION('',(0.,0.,-1.));
#3403=DIRECTION('',(-1.,0.,0.));
#3404=DIRECTION('',(0.,-1.,0.));
#3405=DIRECTION('',(-1.,0.,0.));
#3406=DIRECTION('',(0.,0.,1.));
#3407=DIRECTION('',(0.,-1.,0.));
#3408=DIRECTION('',(0.,0.,-1.));
#3409=DIRECTION('',(-1.,0.,0.));
#3410=DIRECTION('',(0.,0.,-1.));
#3411=DIRECTION('',(-1.,0.,0.));
#3412=DIRECTION('',(0.,-1.,0.));
#3413=DIRECTION('',(0.,-1.,0.));
#3414=DIRECTION('',(-1.,0.,0.));
#3415=DIRECTION('',(0.,0.,1.));
#3416=DIRECTION('',(0.,-1.,0.));
#3417=DIRECTION('',(0.,0.,-1.));
#3418=DIRECTION('',(-1.,0.,0.));
#3419=DIRECTION('',(0.,-1.,0.));
#3420=DIRECTION('',(-1.,0.,0.));
#3421=DIRECTION('',(0.,0.,1.));
#3422=DIRECTION('',(0.,0.,-1.));
#3423=DIRECTION('',(-1.,0.,0.));
#3424=DIRECTION('',(0.,-1.,0.));
#3425=DIRECTION('',(0.,-1.,0.));
#3426=DIRECTION('',(-1.,0.,0.));
#3427=DIRECTION('',(0.,0.,1.));
#3428=DIRECTION('',(0.,-1.,0.));
#3429=DIRECTION('',(0.,0.,-1.));
#3430=DIRECTION('',(-1.,0.,0.));
#3431=DIRECTION('',(0.,-1.,0.));
#3432=DIRECTION('',(-1.,0.,0.));
#3433=DIRECTION('',(0.,0.,1.));
#3434=DIRECTION('',(0.,0.,-1.));
#3435=DIRECTION('',(-1.,0.,0.));
#3436=DIRECTION('',(0.,-1.,0.));
#3437=DIRECTION('',(0.,-1.,0.));
#3438=DIRECTION('',(-1.,0.,-1.0842021724855E-16));
#3439=DIRECTION('',(-1.0842021724855E-16,0.,1.));
#3440=DIRECTION('',(0.,-1.,0.));
#3441=DIRECTION('',(0.,0.,-1.));
#3442=DIRECTION('',(-1.,0.,0.));
#3443=DIRECTION('',(0.,-1.,0.));
#3444=DIRECTION('',(-1.,0.,0.));
#3445=DIRECTION('',(0.,0.,1.));
#3446=DIRECTION('',(0.,0.,-1.));
#3447=DIRECTION('',(-1.,0.,0.));
#3448=DIRECTION('',(0.,-1.,0.));
#3449=DIRECTION('',(0.,-1.,0.));
#3450=DIRECTION('',(-1.,0.,0.));
#3451=DIRECTION('',(0.,0.,1.));
#3452=DIRECTION('',(0.,-1.,0.));
#3453=DIRECTION('',(0.,0.,-1.));
#3454=DIRECTION('',(-1.,0.,0.));
#3455=DIRECTION('',(0.,-1.,0.));
#3456=DIRECTION('',(-1.,0.,-5.42101086242752E-17));
#3457=DIRECTION('',(-5.42101086242752E-17,0.,1.));
#3458=DIRECTION('',(0.,0.,-1.));
#3459=DIRECTION('',(-1.,0.,0.));
#3460=DIRECTION('',(0.,-1.,0.));
#3461=DIRECTION('',(0.,-1.,0.));
#3462=DIRECTION('',(-1.,0.,0.));
#3463=DIRECTION('',(0.,0.,1.));
#3464=DIRECTION('',(0.,-1.,0.));
#3465=DIRECTION('',(0.,0.,-1.));
#3466=DIRECTION('',(-1.,0.,0.));
#3467=DIRECTION('',(0.,-1.,0.));
#3468=DIRECTION('',(-1.,0.,0.));
#3469=DIRECTION('',(0.,0.,1.));
#3470=DIRECTION('',(0.,0.,-1.));
#3471=DIRECTION('',(-1.,0.,0.));
#3472=DIRECTION('',(0.,-1.,0.));
#3473=DIRECTION('',(0.,-1.,0.));
#3474=DIRECTION('',(-1.,0.,0.));
#3475=DIRECTION('',(0.,0.,1.));
#3476=DIRECTION('',(0.,-1.,0.));
#3477=DIRECTION('',(0.,0.,-1.));
#3478=DIRECTION('',(-1.,0.,0.));
#3479=DIRECTION('',(0.,-1.,0.));
#3480=DIRECTION('',(-1.,0.,0.));
#3481=DIRECTION('',(0.,0.,1.));
#3482=DIRECTION('',(0.,0.,-1.));
#3483=DIRECTION('',(-1.,0.,0.));
#3484=DIRECTION('',(0.,-1.,0.));
#3485=DIRECTION('',(0.,-1.,0.));
#3486=DIRECTION('',(-1.,0.,0.));
#3487=DIRECTION('',(0.,0.,1.));
#3488=DIRECTION('',(0.,-1.,0.));
#3489=DIRECTION('',(0.,0.,-1.));
#3490=DIRECTION('',(-1.,0.,0.));
#3491=DIRECTION('',(0.,-1.,0.));
#3492=DIRECTION('',(-1.,0.,0.));
#3493=DIRECTION('',(0.,0.,1.));
#3494=DIRECTION('',(3.46944695195362E-16,0.,-1.));
#3495=DIRECTION('',(-1.,0.,-3.46944695195362E-16));
#3496=DIRECTION('',(0.,-1.,0.));
#3497=DIRECTION('',(0.,-1.,0.));
#3498=DIRECTION('',(-1.,0.,0.));
#3499=DIRECTION('',(0.,0.,1.));
#3500=DIRECTION('',(0.,-1.,0.));
#3501=DIRECTION('',(3.46944695195362E-16,0.,-1.));
#3502=DIRECTION('',(-1.,0.,-3.46944695195362E-16));
#3503=DIRECTION('',(0.,-1.,0.));
#3504=DIRECTION('',(-1.,0.,0.));
#3505=DIRECTION('',(0.,0.,1.));
#3506=DIRECTION('',(3.46944695195362E-16,0.,-1.));
#3507=DIRECTION('',(-1.,0.,-3.46944695195362E-16));
#3508=DIRECTION('',(0.,-1.,0.));
#3509=DIRECTION('',(0.,-1.,0.));
#3510=DIRECTION('',(-1.,0.,0.));
#3511=DIRECTION('',(0.,0.,1.));
#3512=DIRECTION('',(0.,-1.,0.));
#3513=DIRECTION('',(3.46944695195362E-16,0.,-1.));
#3514=DIRECTION('',(-1.,0.,-3.46944695195362E-16));
#3515=DIRECTION('',(0.,-1.,0.));
#3516=DIRECTION('',(-1.,0.,0.));
#3517=DIRECTION('',(0.,0.,1.));
#3518=DIRECTION('',(1.7347234759768E-16,0.,-1.));
#3519=DIRECTION('',(-1.,0.,-1.7347234759768E-16));
#3520=DIRECTION('',(0.,-1.,0.));
#3521=DIRECTION('',(0.,-1.,0.));
#3522=DIRECTION('',(-1.,0.,0.));
#3523=DIRECTION('',(0.,0.,1.));
#3524=DIRECTION('',(0.,-1.,0.));
#3525=DIRECTION('',(1.7347234759768E-16,0.,-1.));
#3526=DIRECTION('',(-1.,0.,-1.7347234759768E-16));
#3527=DIRECTION('',(0.,-1.,0.));
#3528=DIRECTION('',(-1.,0.,0.));
#3529=DIRECTION('',(0.,0.,1.));
#3530=DIRECTION('',(3.46944695195362E-16,0.,-1.));
#3531=DIRECTION('',(-1.,0.,-3.46944695195362E-16));
#3532=DIRECTION('',(0.,-1.,0.));
#3533=DIRECTION('',(0.,-1.,0.));
#3534=DIRECTION('',(-1.,0.,0.));
#3535=DIRECTION('',(0.,0.,1.));
#3536=DIRECTION('',(0.,-1.,0.));
#3537=DIRECTION('',(3.46944695195362E-16,0.,-1.));
#3538=DIRECTION('',(-1.,0.,-3.46944695195362E-16));
#3539=DIRECTION('',(0.,-1.,0.));
#3540=DIRECTION('',(-1.,0.,-8.13151629364128E-17));
#3541=DIRECTION('',(-8.13151629364128E-17,0.,1.));
#3542=DIRECTION('',(1.7347234759768E-16,0.,-1.));
#3543=DIRECTION('',(-1.,0.,-1.7347234759768E-16));
#3544=DIRECTION('',(0.,-1.,0.));
#3545=DIRECTION('',(0.,-1.,0.));
#3546=DIRECTION('',(-1.,0.,0.));
#3547=DIRECTION('',(0.,0.,1.));
#3548=DIRECTION('',(0.,-1.,0.));
#3549=DIRECTION('',(1.7347234759768E-16,0.,-1.));
#3550=DIRECTION('',(-1.,0.,-1.7347234759768E-16));
#3551=DIRECTION('',(0.,-1.,0.));
#3552=DIRECTION('',(-1.,0.,0.));
#3553=DIRECTION('',(0.,0.,1.));
#3554=DIRECTION('',(0.,0.,-1.));
#3555=DIRECTION('',(-1.,0.,0.));
#3556=DIRECTION('',(0.,-1.,0.));
#3557=DIRECTION('',(0.,-1.,0.));
#3558=DIRECTION('',(-1.,0.,0.));
#3559=DIRECTION('',(0.,0.,1.));
#3560=DIRECTION('',(0.,-1.,0.));
#3561=DIRECTION('',(0.,0.,-1.));
#3562=DIRECTION('',(-1.,0.,0.));
#3563=DIRECTION('',(0.,-1.,0.));
#3564=DIRECTION('',(-1.,0.,0.));
#3565=DIRECTION('',(0.,0.,1.));
#3566=DIRECTION('',(0.,0.,-1.));
#3567=DIRECTION('',(-1.,0.,0.));
#3568=DIRECTION('',(0.,-1.,0.));
#3569=DIRECTION('',(0.,-1.,0.));
#3570=DIRECTION('',(-1.,0.,0.));
#3571=DIRECTION('',(0.,0.,1.));
#3572=DIRECTION('',(0.,-1.,0.));
#3573=DIRECTION('',(0.,0.,-1.));
#3574=DIRECTION('',(-1.,0.,0.));
#3575=DIRECTION('',(0.,-1.,0.));
#3576=DIRECTION('',(-1.,0.,0.));
#3577=DIRECTION('',(0.,0.,1.));
#3578=CARTESIAN_POINT('',(0.,0.,0.));
#3579=CARTESIAN_POINT('',(-0.00570177483558655,-0.017609508484602,0.021));
#3580=CARTESIAN_POINT('',(-0.00570177483558655,-0.017609508484602,0.006));
#3581=CARTESIAN_POINT('',(-0.0462017748355866,-0.017609508484602,0.006));
#3582=CARTESIAN_POINT('',(0.0347982251644135,-0.017609508484602,0.006));
#3583=CARTESIAN_POINT('',(-0.0462017748355866,-0.017609508484602,0.021));
#3584=CARTESIAN_POINT('',(-0.0462017748355866,-0.017609508484602,0.021));
#3585=CARTESIAN_POINT('',(-0.00570177483558655,-0.017609508484602,0.021));
#3586=CARTESIAN_POINT('',(0.0347982251644135,-0.017609508484602,0.021));
#3587=CARTESIAN_POINT('',(0.0347982251644135,-0.017609508484602,0.021));
#3588=CARTESIAN_POINT('',(0.0327982251644134,-0.017609508484602,0.021));
#3589=CARTESIAN_POINT('',(0.0327982251644134,-0.017609508484602,0.019));
#3590=CARTESIAN_POINT('',(0.0327982251644134,-0.017609508484602,0.02));
#3591=CARTESIAN_POINT('',(-0.00570177483558655,-0.017609508484602,0.02));
#3592=CARTESIAN_POINT('',(0.0227982251644134,-0.017609508484602,0.02));
#3593=CARTESIAN_POINT('',(0.0227982251644134,-0.017609508484602,0.021));
#3594=CARTESIAN_POINT('',(0.0227982251644134,-0.017609508484602,0.019));
#3595=CARTESIAN_POINT('',(-0.00570177483558655,-0.017609508484602,0.019));
#3596=CARTESIAN_POINT('',(0.0217982251644134,-0.017609508484602,0.021));
#3597=CARTESIAN_POINT('',(0.0217982251644134,-0.017609508484602,0.019));
#3598=CARTESIAN_POINT('',(0.0217982251644134,-0.017609508484602,0.02));
#3599=CARTESIAN_POINT('',(-0.00570177483558655,-0.017609508484602,0.02));
#3600=CARTESIAN_POINT('',(0.0117982251644134,-0.017609508484602,0.02));
#3601=CARTESIAN_POINT('',(0.0117982251644134,-0.017609508484602,0.021));
#3602=CARTESIAN_POINT('',(0.0117982251644134,-0.017609508484602,0.019));
#3603=CARTESIAN_POINT('',(-0.00570177483558655,-0.017609508484602,0.019));
#3604=CARTESIAN_POINT('',(0.0107982251644134,-0.017609508484602,0.021));
#3605=CARTESIAN_POINT('',(0.0107982251644134,-0.017609508484602,0.019));
#3606=CARTESIAN_POINT('',(0.0107982251644134,-0.017609508484602,0.02));
#3607=CARTESIAN_POINT('',(-0.00570177483558655,-0.017609508484602,0.02));
#3608=CARTESIAN_POINT('',(0.000798225164413448,-0.017609508484602,0.02));
#3609=CARTESIAN_POINT('',(0.000798225164413444,-0.017609508484602,0.021));
#3610=CARTESIAN_POINT('',(0.000798225164413448,-0.017609508484602,0.019));
#3611=CARTESIAN_POINT('',(-0.00570177483558655,-0.017609508484602,0.019));
#3612=CARTESIAN_POINT('',(-0.000201774835586555,-0.017609508484602,0.021));
#3613=CARTESIAN_POINT('',(-0.000201774835586555,-0.017609508484602,0.019));
#3614=CARTESIAN_POINT('',(-0.000201774835586555,-0.017609508484602,0.02));
#3615=CARTESIAN_POINT('',(-0.00570177483558655,-0.017609508484602,0.02));
#3616=CARTESIAN_POINT('',(-0.0102017748355865,-0.017609508484602,0.02));
#3617=CARTESIAN_POINT('',(-0.0102017748355866,-0.017609508484602,0.021));
#3618=CARTESIAN_POINT('',(-0.0102017748355865,-0.017609508484602,0.019));
#3619=CARTESIAN_POINT('',(-0.00570177483558655,-0.017609508484602,0.019));
#3620=CARTESIAN_POINT('',(-0.0112017748355866,-0.017609508484602,0.021));
#3621=CARTESIAN_POINT('',(-0.0112017748355866,-0.017609508484602,0.019));
#3622=CARTESIAN_POINT('',(-0.0112017748355866,-0.017609508484602,0.02));
#3623=CARTESIAN_POINT('',(-0.00570177483558655,-0.017609508484602,0.02));
#3624=CARTESIAN_POINT('',(-0.0212017748355865,-0.017609508484602,0.02));
#3625=CARTESIAN_POINT('',(-0.0212017748355865,-0.017609508484602,0.021));
#3626=CARTESIAN_POINT('',(-0.0212017748355865,-0.017609508484602,0.019));
#3627=CARTESIAN_POINT('',(-0.00570177483558655,-0.017609508484602,0.019));
#3628=CARTESIAN_POINT('',(-0.0222017748355866,-0.017609508484602,0.021));
#3629=CARTESIAN_POINT('',(-0.0222017748355866,-0.017609508484602,0.019));
#3630=CARTESIAN_POINT('',(-0.0222017748355866,-0.017609508484602,0.02));
#3631=CARTESIAN_POINT('',(-0.00570177483558655,-0.017609508484602,0.02));
#3632=CARTESIAN_POINT('',(-0.0322017748355865,-0.017609508484602,0.02));
#3633=CARTESIAN_POINT('',(-0.0322017748355865,-0.017609508484602,0.021));
#3634=CARTESIAN_POINT('',(-0.0322017748355865,-0.017609508484602,0.019));
#3635=CARTESIAN_POINT('',(-0.00570177483558655,-0.017609508484602,0.019));
#3636=CARTESIAN_POINT('',(-0.0332017748355865,-0.017609508484602,0.021));
#3637=CARTESIAN_POINT('',(-0.0332017748355865,-0.017609508484602,0.019));
#3638=CARTESIAN_POINT('',(-0.0332017748355865,-0.017609508484602,0.02));
#3639=CARTESIAN_POINT('',(-0.00570177483558655,-0.017609508484602,0.02));
#3640=CARTESIAN_POINT('',(-0.0432017748355865,-0.017609508484602,0.02));
#3641=CARTESIAN_POINT('',(-0.0432017748355865,-0.017609508484602,0.021));
#3642=CARTESIAN_POINT('',(-0.0432017748355865,-0.017609508484602,0.019));
#3643=CARTESIAN_POINT('',(-0.00570177483558655,-0.017609508484602,0.019));
#3644=CARTESIAN_POINT('',(0.0327982251644134,-0.017609508484602,0.0085));
#3645=CARTESIAN_POINT('',(0.0327982251644134,-0.017609508484602,0.009));
#3646=CARTESIAN_POINT('',(0.0327982251644134,-0.017609508484602,0.008));
#3647=CARTESIAN_POINT('',(0.0277982251644135,-0.017609508484602,0.009));
#3648=CARTESIAN_POINT('',(0.0227982251644134,-0.017609508484602,0.009));
#3649=CARTESIAN_POINT('',(0.0227982251644134,-0.017609508484602,0.0085));
#3650=CARTESIAN_POINT('',(0.0227982251644134,-0.017609508484602,0.008));
#3651=CARTESIAN_POINT('',(0.0277982251644135,-0.017609508484602,0.008));
#3652=CARTESIAN_POINT('',(0.0217982251644134,-0.017609508484602,0.0085));
#3653=CARTESIAN_POINT('',(0.0217982251644134,-0.017609508484602,0.009));
#3654=CARTESIAN_POINT('',(0.0217982251644134,-0.017609508484602,0.008));
#3655=CARTESIAN_POINT('',(0.0167982251644134,-0.017609508484602,0.009));
#3656=CARTESIAN_POINT('',(0.0117982251644134,-0.017609508484602,0.009));
#3657=CARTESIAN_POINT('',(0.0117982251644134,-0.017609508484602,0.0085));
#3658=CARTESIAN_POINT('',(0.0117982251644134,-0.017609508484602,0.008));
#3659=CARTESIAN_POINT('',(0.0167982251644134,-0.017609508484602,0.008));
#3660=CARTESIAN_POINT('',(0.0107982251644134,-0.017609508484602,0.0085));
#3661=CARTESIAN_POINT('',(0.0107982251644134,-0.017609508484602,0.009));
#3662=CARTESIAN_POINT('',(0.0107982251644134,-0.017609508484602,0.008));
#3663=CARTESIAN_POINT('',(0.00579822516441345,-0.017609508484602,0.009));
#3664=CARTESIAN_POINT('',(0.000798225164413448,-0.017609508484602,0.009));
#3665=CARTESIAN_POINT('',(0.000798225164413449,-0.017609508484602,0.0085));
#3666=CARTESIAN_POINT('',(0.000798225164413448,-0.017609508484602,0.008));
#3667=CARTESIAN_POINT('',(0.00579822516441345,-0.017609508484602,0.008));
#3668=CARTESIAN_POINT('',(-0.000201774835586551,-0.017609508484602,0.0085));
#3669=CARTESIAN_POINT('',(-0.000201774835586551,-0.017609508484602,0.009));
#3670=CARTESIAN_POINT('',(-0.000201774835586551,-0.017609508484602,0.008));
#3671=CARTESIAN_POINT('',(-0.00520177483558655,-0.017609508484602,0.009));
#3672=CARTESIAN_POINT('',(-0.0102017748355865,-0.017609508484602,0.009));
#3673=CARTESIAN_POINT('',(-0.0102017748355865,-0.017609508484602,0.0085));
#3674=CARTESIAN_POINT('',(-0.0102017748355865,-0.017609508484602,0.008));
#3675=CARTESIAN_POINT('',(-0.00520177483558655,-0.017609508484602,0.008));
#3676=CARTESIAN_POINT('',(-0.0112017748355865,-0.017609508484602,0.0085));
#3677=CARTESIAN_POINT('',(-0.0112017748355865,-0.017609508484602,0.009));
#3678=CARTESIAN_POINT('',(-0.0112017748355865,-0.017609508484602,0.008));
#3679=CARTESIAN_POINT('',(-0.0162017748355865,-0.017609508484602,0.009));
#3680=CARTESIAN_POINT('',(-0.0212017748355865,-0.017609508484602,0.009));
#3681=CARTESIAN_POINT('',(-0.0212017748355865,-0.017609508484602,0.0085));
#3682=CARTESIAN_POINT('',(-0.0212017748355865,-0.017609508484602,0.008));
#3683=CARTESIAN_POINT('',(-0.0162017748355865,-0.017609508484602,0.008));
#3684=CARTESIAN_POINT('',(-0.0222017748355866,-0.017609508484602,0.0085));
#3685=CARTESIAN_POINT('',(-0.0222017748355866,-0.017609508484602,0.009));
#3686=CARTESIAN_POINT('',(-0.0222017748355866,-0.017609508484602,0.008));
#3687=CARTESIAN_POINT('',(-0.0272017748355865,-0.017609508484602,0.009));
#3688=CARTESIAN_POINT('',(-0.0322017748355865,-0.017609508484602,0.009));
#3689=CARTESIAN_POINT('',(-0.0322017748355865,-0.017609508484602,0.0085));
#3690=CARTESIAN_POINT('',(-0.0322017748355865,-0.017609508484602,0.008));
#3691=CARTESIAN_POINT('',(-0.0272017748355865,-0.017609508484602,0.008));
#3692=CARTESIAN_POINT('',(-0.0332017748355865,-0.017609508484602,0.0085));
#3693=CARTESIAN_POINT('',(-0.0332017748355865,-0.017609508484602,0.009));
#3694=CARTESIAN_POINT('',(-0.0332017748355865,-0.017609508484602,0.008));
#3695=CARTESIAN_POINT('',(-0.0382017748355865,-0.017609508484602,0.009));
#3696=CARTESIAN_POINT('',(-0.0432017748355865,-0.017609508484602,0.009));
#3697=CARTESIAN_POINT('',(-0.0432017748355865,-0.017609508484602,0.0085));
#3698=CARTESIAN_POINT('',(-0.0432017748355865,-0.017609508484602,0.008));
#3699=CARTESIAN_POINT('',(-0.0382017748355865,-0.017609508484602,0.008));
#3700=CARTESIAN_POINT('',(-0.00570177483558655,-0.027609508484602,0.021));
#3701=CARTESIAN_POINT('',(-0.0272017748355865,-0.027609508484602,0.009));
#3702=CARTESIAN_POINT('',(-0.0322017748355865,-0.027609508484602,0.009));
#3703=CARTESIAN_POINT('',(-0.0222017748355866,-0.027609508484602,0.009));
#3704=CARTESIAN_POINT('',(-0.0222017748355866,-0.027609508484602,0.0085));
#3705=CARTESIAN_POINT('',(-0.0222017748355866,-0.027609508484602,0.008));
#3706=CARTESIAN_POINT('',(-0.0272017748355865,-0.027609508484602,0.008));
#3707=CARTESIAN_POINT('',(-0.0322017748355865,-0.027609508484602,0.008));
#3708=CARTESIAN_POINT('',(-0.0322017748355865,-0.027609508484602,0.0085));
#3709=CARTESIAN_POINT('',(-0.00520177483558655,-0.027609508484602,0.009));
#3710=CARTESIAN_POINT('',(-0.0102017748355865,-0.027609508484602,0.009));
#3711=CARTESIAN_POINT('',(-0.000201774835586551,-0.027609508484602,0.009));
#3712=CARTESIAN_POINT('',(-0.000201774835586551,-0.027609508484602,0.0085));
#3713=CARTESIAN_POINT('',(-0.000201774835586551,-0.027609508484602,0.008));
#3714=CARTESIAN_POINT('',(-0.00520177483558655,-0.027609508484602,0.008));
#3715=CARTESIAN_POINT('',(-0.0102017748355865,-0.027609508484602,0.008));
#3716=CARTESIAN_POINT('',(-0.0102017748355865,-0.027609508484602,0.0085));
#3717=CARTESIAN_POINT('',(0.0167982251644134,-0.027609508484602,0.009));
#3718=CARTESIAN_POINT('',(0.0117982251644134,-0.027609508484602,0.009));
#3719=CARTESIAN_POINT('',(0.0217982251644134,-0.027609508484602,0.009));
#3720=CARTESIAN_POINT('',(0.0217982251644134,-0.027609508484602,0.0085));
#3721=CARTESIAN_POINT('',(0.0217982251644134,-0.027609508484602,0.008));
#3722=CARTESIAN_POINT('',(0.0167982251644134,-0.027609508484602,0.008));
#3723=CARTESIAN_POINT('',(0.0117982251644134,-0.027609508484602,0.008));
#3724=CARTESIAN_POINT('',(0.0117982251644134,-0.027609508484602,0.0085));
#3725=CARTESIAN_POINT('',(-0.0382017748355865,-0.027609508484602,0.02));
#3726=CARTESIAN_POINT('',(-0.0432017748355865,-0.027609508484602,0.02));
#3727=CARTESIAN_POINT('',(-0.0332017748355865,-0.027609508484602,0.02));
#3728=CARTESIAN_POINT('',(-0.0332017748355865,-0.027609508484602,0.0195));
#3729=CARTESIAN_POINT('',(-0.0332017748355865,-0.027609508484602,0.019));
#3730=CARTESIAN_POINT('',(-0.0382017748355865,-0.027609508484602,0.019));
#3731=CARTESIAN_POINT('',(-0.0432017748355865,-0.027609508484602,0.019));
#3732=CARTESIAN_POINT('',(-0.0432017748355865,-0.027609508484602,0.0195));
#3733=CARTESIAN_POINT('',(-0.0162017748355865,-0.027609508484602,0.02));
#3734=CARTESIAN_POINT('',(-0.0212017748355865,-0.027609508484602,0.02));
#3735=CARTESIAN_POINT('',(-0.0112017748355866,-0.027609508484602,0.02));
#3736=CARTESIAN_POINT('',(-0.0112017748355866,-0.027609508484602,0.0195));
#3737=CARTESIAN_POINT('',(-0.0112017748355866,-0.027609508484602,0.019));
#3738=CARTESIAN_POINT('',(-0.0162017748355865,-0.027609508484602,0.019));
#3739=CARTESIAN_POINT('',(-0.0212017748355865,-0.027609508484602,0.019));
#3740=CARTESIAN_POINT('',(-0.0212017748355865,-0.027609508484602,0.0195));
#3741=CARTESIAN_POINT('',(0.00579822516441345,-0.027609508484602,0.02));
#3742=CARTESIAN_POINT('',(0.000798225164413448,-0.027609508484602,0.02));
#3743=CARTESIAN_POINT('',(0.0107982251644134,-0.027609508484602,0.02));
#3744=CARTESIAN_POINT('',(0.0107982251644134,-0.027609508484602,0.0195));
#3745=CARTESIAN_POINT('',(0.0107982251644134,-0.027609508484602,0.019));
#3746=CARTESIAN_POINT('',(0.00579822516441345,-0.027609508484602,0.019));
#3747=CARTESIAN_POINT('',(0.000798225164413448,-0.027609508484602,0.019));
#3748=CARTESIAN_POINT('',(0.000798225164413445,-0.027609508484602,0.0195));
#3749=CARTESIAN_POINT('',(0.0277982251644135,-0.027609508484602,0.02));
#3750=CARTESIAN_POINT('',(0.0227982251644134,-0.027609508484602,0.02));
#3751=CARTESIAN_POINT('',(0.0327982251644134,-0.027609508484602,0.02));
#3752=CARTESIAN_POINT('',(0.0327982251644134,-0.027609508484602,0.0195));
#3753=CARTESIAN_POINT('',(0.0327982251644134,-0.027609508484602,0.019));
#3754=CARTESIAN_POINT('',(0.0277982251644135,-0.027609508484602,0.019));
#3755=CARTESIAN_POINT('',(0.0227982251644134,-0.027609508484602,0.019));
#3756=CARTESIAN_POINT('',(0.0227982251644134,-0.027609508484602,0.0195));
#3757=CARTESIAN_POINT('',(-0.00570177483558655,-0.027609508484602,0.021));
#3758=CARTESIAN_POINT('',(-0.0542017748355866,-0.027609508484602,0.021));
#3759=CARTESIAN_POINT('',(0.0427982251644134,-0.027609508484602,0.021));
#3760=CARTESIAN_POINT('',(-0.0542017748355866,-0.027609508484602,0.021));
#3761=CARTESIAN_POINT('',(-0.0542017748355866,-0.027609508484602,0.));
#3762=CARTESIAN_POINT('',(-0.00570177483558655,-0.027609508484602,0.));
#3763=CARTESIAN_POINT('',(0.0427982251644134,-0.027609508484602,0.));
#3764=CARTESIAN_POINT('',(0.0427982251644134,-0.027609508484602,0.021));
#3765=CARTESIAN_POINT('',(0.0167982251644134,-0.027609508484602,0.02));
#3766=CARTESIAN_POINT('',(0.0117982251644134,-0.027609508484602,0.02));
#3767=CARTESIAN_POINT('',(0.0217982251644134,-0.027609508484602,0.02));
#3768=CARTESIAN_POINT('',(0.0217982251644134,-0.027609508484602,0.0195));
#3769=CARTESIAN_POINT('',(0.0217982251644134,-0.027609508484602,0.019));
#3770=CARTESIAN_POINT('',(0.0167982251644134,-0.027609508484602,0.019));
#3771=CARTESIAN_POINT('',(0.0117982251644134,-0.027609508484602,0.019));
#3772=CARTESIAN_POINT('',(0.0117982251644134,-0.027609508484602,0.0195));
#3773=CARTESIAN_POINT('',(-0.00520177483558655,-0.027609508484602,0.02));
#3774=CARTESIAN_POINT('',(-0.0102017748355865,-0.027609508484602,0.02));
#3775=CARTESIAN_POINT('',(-0.000201774835586555,-0.027609508484602,0.02));
#3776=CARTESIAN_POINT('',(-0.000201774835586555,-0.027609508484602,0.0195));
#3777=CARTESIAN_POINT('',(-0.000201774835586555,-0.027609508484602,0.019));
#3778=CARTESIAN_POINT('',(-0.00520177483558655,-0.027609508484602,0.019));
#3779=CARTESIAN_POINT('',(-0.0102017748355865,-0.027609508484602,0.019));
#3780=CARTESIAN_POINT('',(-0.0102017748355866,-0.027609508484602,0.0195));
#3781=CARTESIAN_POINT('',(-0.0272017748355865,-0.027609508484602,0.02));
#3782=CARTESIAN_POINT('',(-0.0322017748355865,-0.027609508484602,0.02));
#3783=CARTESIAN_POINT('',(-0.0222017748355866,-0.027609508484602,0.02));
#3784=CARTESIAN_POINT('',(-0.0222017748355866,-0.027609508484602,0.0195));
#3785=CARTESIAN_POINT('',(-0.0222017748355866,-0.027609508484602,0.019));
#3786=CARTESIAN_POINT('',(-0.0272017748355865,-0.027609508484602,0.019));
#3787=CARTESIAN_POINT('',(-0.0322017748355865,-0.027609508484602,0.019));
#3788=CARTESIAN_POINT('',(-0.0322017748355865,-0.027609508484602,0.0195));
#3789=CARTESIAN_POINT('',(0.0277982251644135,-0.027609508484602,0.009));
#3790=CARTESIAN_POINT('',(0.0227982251644134,-0.027609508484602,0.009));
#3791=CARTESIAN_POINT('',(0.0327982251644134,-0.027609508484602,0.009));
#3792=CARTESIAN_POINT('',(0.0327982251644134,-0.027609508484602,0.0085));
#3793=CARTESIAN_POINT('',(0.0327982251644134,-0.027609508484602,0.008));
#3794=CARTESIAN_POINT('',(0.0277982251644135,-0.027609508484602,0.008));
#3795=CARTESIAN_POINT('',(0.0227982251644134,-0.027609508484602,0.008));
#3796=CARTESIAN_POINT('',(0.0227982251644134,-0.027609508484602,0.0085));
#3797=CARTESIAN_POINT('',(0.00579822516441345,-0.027609508484602,0.009));
#3798=CARTESIAN_POINT('',(0.000798225164413448,-0.027609508484602,0.009));
#3799=CARTESIAN_POINT('',(0.0107982251644134,-0.027609508484602,0.009));
#3800=CARTESIAN_POINT('',(0.0107982251644134,-0.027609508484602,0.0085));
#3801=CARTESIAN_POINT('',(0.0107982251644134,-0.027609508484602,0.008));
#3802=CARTESIAN_POINT('',(0.00579822516441345,-0.027609508484602,0.008));
#3803=CARTESIAN_POINT('',(0.000798225164413448,-0.027609508484602,0.008));
#3804=CARTESIAN_POINT('',(0.000798225164413449,-0.027609508484602,0.0085));
#3805=CARTESIAN_POINT('',(-0.0162017748355865,-0.027609508484602,0.009));
#3806=CARTESIAN_POINT('',(-0.0212017748355865,-0.027609508484602,0.009));
#3807=CARTESIAN_POINT('',(-0.0112017748355865,-0.027609508484602,0.009));
#3808=CARTESIAN_POINT('',(-0.0112017748355865,-0.027609508484602,0.0085));
#3809=CARTESIAN_POINT('',(-0.0112017748355865,-0.027609508484602,0.008));
#3810=CARTESIAN_POINT('',(-0.0162017748355865,-0.027609508484602,0.008));
#3811=CARTESIAN_POINT('',(-0.0212017748355865,-0.027609508484602,0.008));
#3812=CARTESIAN_POINT('',(-0.0212017748355865,-0.027609508484602,0.0085));
#3813=CARTESIAN_POINT('',(-0.0382017748355865,-0.027609508484602,0.009));
#3814=CARTESIAN_POINT('',(-0.0432017748355865,-0.027609508484602,0.009));
#3815=CARTESIAN_POINT('',(-0.0332017748355865,-0.027609508484602,0.009));
#3816=CARTESIAN_POINT('',(-0.0332017748355865,-0.027609508484602,0.0085));
#3817=CARTESIAN_POINT('',(-0.0332017748355865,-0.027609508484602,0.008));
#3818=CARTESIAN_POINT('',(-0.0382017748355865,-0.027609508484602,0.008));
#3819=CARTESIAN_POINT('',(-0.0432017748355865,-0.027609508484602,0.008));
#3820=CARTESIAN_POINT('',(-0.0432017748355865,-0.027609508484602,0.0085));
#3821=CARTESIAN_POINT('',(-0.00570177483558655,0.059390491515398,0.021));
#3822=CARTESIAN_POINT('',(-0.00570177483558655,0.059390491515398,0.));
#3823=CARTESIAN_POINT('',(-0.0542017748355866,0.059390491515398,0.));
#3824=CARTESIAN_POINT('',(0.0427982251644134,0.059390491515398,0.));
#3825=CARTESIAN_POINT('',(-0.0542017748355866,0.059390491515398,0.021));
#3826=CARTESIAN_POINT('',(-0.0542017748355866,0.059390491515398,0.021));
#3827=CARTESIAN_POINT('',(-0.00570177483558655,0.059390491515398,0.021));
#3828=CARTESIAN_POINT('',(0.0227982251644134,0.059390491515398,0.021));
#3829=CARTESIAN_POINT('',(0.0227982251644134,0.059390491515398,0.004));
#3830=CARTESIAN_POINT('',(0.0227982251644134,0.059390491515398,0.004));
#3831=CARTESIAN_POINT('',(-0.00570177483558655,0.059390491515398,0.004));
#3832=CARTESIAN_POINT('',(0.0347982251644135,0.059390491515398,0.004));
#3833=CARTESIAN_POINT('',(0.0347982251644135,0.059390491515398,0.004));
#3834=CARTESIAN_POINT('',(0.0347982251644135,0.059390491515398,0.021));
#3835=CARTESIAN_POINT('',(-0.00570177483558655,0.059390491515398,0.021));
#3836=CARTESIAN_POINT('',(0.0427982251644134,0.059390491515398,0.021));
#3837=CARTESIAN_POINT('',(0.0427982251644134,0.059390491515398,0.021));
#3838=CARTESIAN_POINT('',(-0.0122017748355866,0.059390491515398,0.01));
#3839=CARTESIAN_POINT('',(-0.0122017748355866,0.059390491515398,0.007));
#3840=CARTESIAN_POINT('',(-0.0122017748355866,0.059390491515398,0.013));
#3841=CARTESIAN_POINT('',(-0.00620177483558656,0.059390491515398,0.007));
#3842=CARTESIAN_POINT('',(-0.000201774835586556,0.059390491515398,0.007));
#3843=CARTESIAN_POINT('',(-0.000201774835586556,0.059390491515398,0.01));
#3844=CARTESIAN_POINT('',(-0.000201774835586555,0.059390491515398,0.013));
#3845=CARTESIAN_POINT('',(-0.00620177483558656,0.059390491515398,0.013));
#3846=CARTESIAN_POINT('',(0.00279822516441344,0.059390491515398,0.009));
#3847=CARTESIAN_POINT('',(0.00279822516441344,0.059390491515398,0.008));
#3848=CARTESIAN_POINT('',(0.00279822516441344,0.059390491515398,0.01));
#3849=CARTESIAN_POINT('',(0.00379822516441344,0.059390491515398,0.008));
#3850=CARTESIAN_POINT('',(0.00479822516441344,0.059390491515398,0.008));
#3851=CARTESIAN_POINT('',(0.00479822516441344,0.059390491515398,0.009));
#3852=CARTESIAN_POINT('',(0.00479822516441344,0.059390491515398,0.01));
#3853=CARTESIAN_POINT('',(0.00379822516441344,0.059390491515398,0.01));
#3854=CARTESIAN_POINT('',(-0.0172017748355865,0.059390491515398,0.009));
#3855=CARTESIAN_POINT('',(-0.0172017748355865,0.059390491515398,0.008));
#3856=CARTESIAN_POINT('',(-0.0172017748355865,0.059390491515398,0.01));
#3857=CARTESIAN_POINT('',(-0.0162017748355865,0.059390491515398,0.008));
#3858=CARTESIAN_POINT('',(-0.0152017748355866,0.059390491515398,0.008));
#3859=CARTESIAN_POINT('',(-0.0152017748355866,0.059390491515398,0.009));
#3860=CARTESIAN_POINT('',(-0.0152017748355866,0.059390491515398,0.01));
#3861=CARTESIAN_POINT('',(-0.0162017748355865,0.059390491515398,0.01));
#3862=CARTESIAN_POINT('',(0.00879822516441345,0.059390491515398,0.011));
#3863=CARTESIAN_POINT('',(0.00879822516441345,0.059390491515398,0.008));
#3864=CARTESIAN_POINT('',(0.00879822516441345,0.059390491515398,0.014));
#3865=CARTESIAN_POINT('',(0.0137982251644134,0.059390491515398,0.008));
#3866=CARTESIAN_POINT('',(0.0187982251644134,0.059390491515398,0.008));
#3867=CARTESIAN_POINT('',(0.0187982251644134,0.059390491515398,0.011));
#3868=CARTESIAN_POINT('',(0.0187982251644134,0.059390491515398,0.014));
#3869=CARTESIAN_POINT('',(0.0137982251644134,0.059390491515398,0.014));
#3870=CARTESIAN_POINT('',(-0.0312017748355865,0.059390491515398,0.011));
#3871=CARTESIAN_POINT('',(-0.0312017748355865,0.059390491515398,0.008));
#3872=CARTESIAN_POINT('',(-0.0312017748355865,0.059390491515398,0.014));
#3873=CARTESIAN_POINT('',(-0.0262017748355866,0.059390491515398,0.008));
#3874=CARTESIAN_POINT('',(-0.0212017748355865,0.059390491515398,0.008));
#3875=CARTESIAN_POINT('',(-0.0212017748355865,0.059390491515398,0.011));
#3876=CARTESIAN_POINT('',(-0.0212017748355865,0.059390491515398,0.014));
#3877=CARTESIAN_POINT('',(-0.0262017748355866,0.059390491515398,0.014));
#3878=CARTESIAN_POINT('',(0.0217982251644134,0.059390491515398,0.021));
#3879=CARTESIAN_POINT('',(0.0217982251644134,0.059390491515398,0.019));
#3880=CARTESIAN_POINT('',(0.0217982251644134,0.059390491515398,0.02));
#3881=CARTESIAN_POINT('',(-0.00570177483558655,0.059390491515398,0.02));
#3882=CARTESIAN_POINT('',(0.0117982251644134,0.059390491515398,0.02));
#3883=CARTESIAN_POINT('',(0.0117982251644134,0.059390491515398,0.021));
#3884=CARTESIAN_POINT('',(0.0117982251644134,0.059390491515398,0.019));
#3885=CARTESIAN_POINT('',(-0.00570177483558655,0.059390491515398,0.019));
#3886=CARTESIAN_POINT('',(0.0107982251644134,0.059390491515398,0.021));
#3887=CARTESIAN_POINT('',(0.0107982251644134,0.059390491515398,0.019));
#3888=CARTESIAN_POINT('',(0.0107982251644134,0.059390491515398,0.02));
#3889=CARTESIAN_POINT('',(-0.00570177483558655,0.059390491515398,0.02));
#3890=CARTESIAN_POINT('',(0.000798225164413448,0.059390491515398,0.02));
#3891=CARTESIAN_POINT('',(0.000798225164413444,0.059390491515398,0.021));
#3892=CARTESIAN_POINT('',(0.000798225164413448,0.059390491515398,0.019));
#3893=CARTESIAN_POINT('',(-0.00570177483558655,0.059390491515398,0.019));
#3894=CARTESIAN_POINT('',(-0.000201774835586555,0.059390491515398,0.021));
#3895=CARTESIAN_POINT('',(-0.000201774835586555,0.059390491515398,0.019));
#3896=CARTESIAN_POINT('',(-0.000201774835586555,0.059390491515398,0.02));
#3897=CARTESIAN_POINT('',(-0.00570177483558655,0.059390491515398,0.02));
#3898=CARTESIAN_POINT('',(-0.0102017748355865,0.059390491515398,0.02));
#3899=CARTESIAN_POINT('',(-0.0102017748355866,0.059390491515398,0.021));
#3900=CARTESIAN_POINT('',(-0.0102017748355865,0.059390491515398,0.019));
#3901=CARTESIAN_POINT('',(-0.00570177483558655,0.059390491515398,0.019));
#3902=CARTESIAN_POINT('',(-0.0112017748355866,0.059390491515398,0.021));
#3903=CARTESIAN_POINT('',(-0.0112017748355866,0.059390491515398,0.019));
#3904=CARTESIAN_POINT('',(-0.0112017748355866,0.059390491515398,0.02));
#3905=CARTESIAN_POINT('',(-0.00570177483558655,0.059390491515398,0.02));
#3906=CARTESIAN_POINT('',(-0.0212017748355865,0.059390491515398,0.02));
#3907=CARTESIAN_POINT('',(-0.0212017748355865,0.059390491515398,0.021));
#3908=CARTESIAN_POINT('',(-0.0212017748355865,0.059390491515398,0.019));
#3909=CARTESIAN_POINT('',(-0.00570177483558655,0.059390491515398,0.019));
#3910=CARTESIAN_POINT('',(-0.0222017748355866,0.059390491515398,0.021));
#3911=CARTESIAN_POINT('',(-0.0222017748355866,0.059390491515398,0.019));
#3912=CARTESIAN_POINT('',(-0.0222017748355866,0.059390491515398,0.02));
#3913=CARTESIAN_POINT('',(-0.00570177483558655,0.059390491515398,0.02));
#3914=CARTESIAN_POINT('',(-0.0322017748355865,0.059390491515398,0.02));
#3915=CARTESIAN_POINT('',(-0.0322017748355865,0.059390491515398,0.021));
#3916=CARTESIAN_POINT('',(-0.0322017748355865,0.059390491515398,0.019));
#3917=CARTESIAN_POINT('',(-0.00570177483558655,0.059390491515398,0.019));
#3918=CARTESIAN_POINT('',(-0.0332017748355865,0.059390491515398,0.021));
#3919=CARTESIAN_POINT('',(-0.0332017748355865,0.059390491515398,0.019));
#3920=CARTESIAN_POINT('',(-0.0332017748355865,0.059390491515398,0.02));
#3921=CARTESIAN_POINT('',(-0.00570177483558655,0.059390491515398,0.02));
#3922=CARTESIAN_POINT('',(-0.0432017748355865,0.059390491515398,0.02));
#3923=CARTESIAN_POINT('',(-0.0432017748355865,0.059390491515398,0.021));
#3924=CARTESIAN_POINT('',(-0.0432017748355865,0.059390491515398,0.019));
#3925=CARTESIAN_POINT('',(-0.00570177483558655,0.059390491515398,0.019));
#3926=CARTESIAN_POINT('',(0.0372982251644134,0.054390491515398,0.017));
#3927=CARTESIAN_POINT('',(0.0227982251644134,0.054390491515398,0.004));
#3928=CARTESIAN_POINT('',(0.0227982251644134,0.054390491515398,0.017));
#3929=CARTESIAN_POINT('',(0.0227982251644134,0.054390491515398,0.021));
#3930=CARTESIAN_POINT('',(0.0372982251644134,0.054390491515398,0.021));
#3931=CARTESIAN_POINT('',(-0.0472017748355866,0.054390491515398,0.021));
#3932=CARTESIAN_POINT('',(-0.0472017748355866,0.054390491515398,0.017));
#3933=CARTESIAN_POINT('',(-0.0472017748355866,0.054390491515398,0.017));
#3934=CARTESIAN_POINT('',(0.0372982251644134,0.054390491515398,0.017));
#3935=CARTESIAN_POINT('',(0.0117982251644134,0.054390491515398,0.017));
#3936=CARTESIAN_POINT('',(0.0117982251644134,0.054390491515398,0.02));
#3937=CARTESIAN_POINT('',(0.0117982251644134,0.054390491515398,0.019));
#3938=CARTESIAN_POINT('',(0.0372982251644134,0.054390491515398,0.02));
#3939=CARTESIAN_POINT('',(0.0217982251644134,0.054390491515398,0.02));
#3940=CARTESIAN_POINT('',(0.0217982251644134,0.054390491515398,0.017));
#3941=CARTESIAN_POINT('',(0.0217982251644134,0.054390491515398,0.019));
#3942=CARTESIAN_POINT('',(0.0372982251644134,0.054390491515398,0.019));
#3943=CARTESIAN_POINT('',(0.000798225164413448,0.054390491515398,0.017));
#3944=CARTESIAN_POINT('',(0.000798225164413448,0.054390491515398,0.02));
#3945=CARTESIAN_POINT('',(0.000798225164413448,0.054390491515398,0.019));
#3946=CARTESIAN_POINT('',(0.0372982251644134,0.054390491515398,0.02));
#3947=CARTESIAN_POINT('',(0.0107982251644134,0.054390491515398,0.02));
#3948=CARTESIAN_POINT('',(0.0107982251644134,0.054390491515398,0.017));
#3949=CARTESIAN_POINT('',(0.0107982251644134,0.054390491515398,0.019));
#3950=CARTESIAN_POINT('',(0.0372982251644134,0.054390491515398,0.019));
#3951=CARTESIAN_POINT('',(-0.0102017748355866,0.054390491515398,0.017));
#3952=CARTESIAN_POINT('',(-0.0102017748355865,0.054390491515398,0.02));
#3953=CARTESIAN_POINT('',(-0.0102017748355865,0.054390491515398,0.019));
#3954=CARTESIAN_POINT('',(0.0372982251644134,0.054390491515398,0.02));
#3955=CARTESIAN_POINT('',(-0.000201774835586555,0.054390491515398,0.02));
#3956=CARTESIAN_POINT('',(-0.000201774835586553,0.054390491515398,0.017));
#3957=CARTESIAN_POINT('',(-0.000201774835586553,0.054390491515398,0.019));
#3958=CARTESIAN_POINT('',(0.0372982251644134,0.054390491515398,0.019));
#3959=CARTESIAN_POINT('',(-0.0212017748355865,0.054390491515398,0.017));
#3960=CARTESIAN_POINT('',(-0.0212017748355865,0.054390491515398,0.02));
#3961=CARTESIAN_POINT('',(-0.0212017748355865,0.054390491515398,0.019));
#3962=CARTESIAN_POINT('',(0.0372982251644134,0.054390491515398,0.02));
#3963=CARTESIAN_POINT('',(-0.0112017748355866,0.054390491515398,0.02));
#3964=CARTESIAN_POINT('',(-0.0112017748355866,0.054390491515398,0.017));
#3965=CARTESIAN_POINT('',(-0.0112017748355866,0.054390491515398,0.019));
#3966=CARTESIAN_POINT('',(0.0372982251644134,0.054390491515398,0.019));
#3967=CARTESIAN_POINT('',(-0.0322017748355865,0.054390491515398,0.017));
#3968=CARTESIAN_POINT('',(-0.0322017748355865,0.054390491515398,0.02));
#3969=CARTESIAN_POINT('',(-0.0322017748355865,0.054390491515398,0.019));
#3970=CARTESIAN_POINT('',(0.0372982251644134,0.054390491515398,0.02));
#3971=CARTESIAN_POINT('',(-0.0222017748355866,0.054390491515398,0.02));
#3972=CARTESIAN_POINT('',(-0.0222017748355866,0.054390491515398,0.017));
#3973=CARTESIAN_POINT('',(-0.0222017748355866,0.054390491515398,0.019));
#3974=CARTESIAN_POINT('',(0.0372982251644134,0.054390491515398,0.019));
#3975=CARTESIAN_POINT('',(-0.0432017748355865,0.054390491515398,0.017));
#3976=CARTESIAN_POINT('',(-0.0432017748355865,0.054390491515398,0.02));
#3977=CARTESIAN_POINT('',(-0.0432017748355865,0.054390491515398,0.019));
#3978=CARTESIAN_POINT('',(0.0372982251644134,0.054390491515398,0.02));
#3979=CARTESIAN_POINT('',(-0.0332017748355865,0.054390491515398,0.02));
#3980=CARTESIAN_POINT('',(-0.0332017748355865,0.054390491515398,0.017));
#3981=CARTESIAN_POINT('',(-0.0332017748355865,0.054390491515398,0.019));
#3982=CARTESIAN_POINT('',(0.0372982251644134,0.054390491515398,0.019));
#3983=CARTESIAN_POINT('',(-0.00570177483558655,0.049390491515398,0.021));
#3984=CARTESIAN_POINT('',(0.0137982251644134,0.049390491515398,0.008));
#3985=CARTESIAN_POINT('',(0.00879822516441345,0.049390491515398,0.008));
#3986=CARTESIAN_POINT('',(0.0187982251644134,0.049390491515398,0.008));
#3987=CARTESIAN_POINT('',(0.00879822516441345,0.049390491515398,0.011));
#3988=CARTESIAN_POINT('',(0.00879822516441345,0.049390491515398,0.014));
#3989=CARTESIAN_POINT('',(0.0137982251644134,0.049390491515398,0.014));
#3990=CARTESIAN_POINT('',(0.0187982251644134,0.049390491515398,0.014));
#3991=CARTESIAN_POINT('',(0.0187982251644134,0.049390491515398,0.011));
#3992=CARTESIAN_POINT('',(0.00379822516441344,0.049390491515398,0.008));
#3993=CARTESIAN_POINT('',(0.00279822516441344,0.049390491515398,0.008));
#3994=CARTESIAN_POINT('',(0.00479822516441344,0.049390491515398,0.008));
#3995=CARTESIAN_POINT('',(0.00279822516441344,0.049390491515398,0.009));
#3996=CARTESIAN_POINT('',(0.00279822516441344,0.049390491515398,0.01));
#3997=CARTESIAN_POINT('',(0.00379822516441344,0.049390491515398,0.01));
#3998=CARTESIAN_POINT('',(0.00479822516441344,0.049390491515398,0.01));
#3999=CARTESIAN_POINT('',(0.00479822516441344,0.049390491515398,0.009));
#4000=CARTESIAN_POINT('',(-0.00620177483558656,0.049390491515398,0.007));
#4001=CARTESIAN_POINT('',(-0.0122017748355866,0.049390491515398,0.007));
#4002=CARTESIAN_POINT('',(-0.000201774835586556,0.049390491515398,0.007));
#4003=CARTESIAN_POINT('',(-0.0122017748355866,0.049390491515398,0.01));
#4004=CARTESIAN_POINT('',(-0.0122017748355866,0.049390491515398,0.013));
#4005=CARTESIAN_POINT('',(-0.00620177483558656,0.049390491515398,0.013));
#4006=CARTESIAN_POINT('',(-0.000201774835586555,0.049390491515398,0.013));
#4007=CARTESIAN_POINT('',(-0.000201774835586556,0.049390491515398,0.01));
#4008=CARTESIAN_POINT('',(-0.0162017748355865,0.049390491515398,0.008));
#4009=CARTESIAN_POINT('',(-0.0172017748355865,0.049390491515398,0.008));
#4010=CARTESIAN_POINT('',(-0.0152017748355866,0.049390491515398,0.008));
#4011=CARTESIAN_POINT('',(-0.0172017748355865,0.049390491515398,0.009));
#4012=CARTESIAN_POINT('',(-0.0172017748355865,0.049390491515398,0.01));
#4013=CARTESIAN_POINT('',(-0.0162017748355865,0.049390491515398,0.01));
#4014=CARTESIAN_POINT('',(-0.0152017748355866,0.049390491515398,0.01));
#4015=CARTESIAN_POINT('',(-0.0152017748355866,0.049390491515398,0.009));
#4016=CARTESIAN_POINT('',(-0.0262017748355866,0.049390491515398,0.008));
#4017=CARTESIAN_POINT('',(-0.0312017748355865,0.049390491515398,0.008));
#4018=CARTESIAN_POINT('',(-0.0212017748355865,0.049390491515398,0.008));
#4019=CARTESIAN_POINT('',(-0.0312017748355865,0.049390491515398,0.011));
#4020=CARTESIAN_POINT('',(-0.0312017748355865,0.049390491515398,0.014));
#4021=CARTESIAN_POINT('',(-0.0262017748355866,0.049390491515398,0.014));
#4022=CARTESIAN_POINT('',(-0.0212017748355865,0.049390491515398,0.014));
#4023=CARTESIAN_POINT('',(-0.0212017748355865,0.049390491515398,0.011));
#4024=CARTESIAN_POINT('',(-0.00570177483558655,0.049390491515398,0.017));
#4025=CARTESIAN_POINT('',(-0.0462017748355866,0.049390491515398,0.017));
#4026=CARTESIAN_POINT('',(0.0227982251644134,0.049390491515398,0.017));
#4027=CARTESIAN_POINT('',(-0.0462017748355866,0.049390491515398,0.021));
#4028=CARTESIAN_POINT('',(-0.0462017748355866,0.049390491515398,0.004));
#4029=CARTESIAN_POINT('',(-0.00570177483558655,0.049390491515398,0.004));
#4030=CARTESIAN_POINT('',(-0.00628226244430625,0.049390491515398,0.004));
#4031=CARTESIAN_POINT('',(-0.00628226244430625,0.049390491515398,0.006));
#4032=CARTESIAN_POINT('',(-0.00628226244430625,0.049390491515398,0.006));
#4033=CARTESIAN_POINT('',(-0.00570177483558655,0.049390491515398,0.006));
#4034=CARTESIAN_POINT('',(0.0227982251644134,0.049390491515398,0.006));
#4035=CARTESIAN_POINT('',(0.0227982251644134,0.049390491515398,0.004));
#4036=CARTESIAN_POINT('',(0.0347982251644135,0.0158904915153981,0.021));
#4037=CARTESIAN_POINT('',(0.0347982251644135,0.00339049151539804,0.017));
#4038=CARTESIAN_POINT('',(0.0347982251644135,0.00339049151539804,0.017));
#4039=CARTESIAN_POINT('',(0.0347982251644135,0.00339049151539804,0.021));
#4040=CARTESIAN_POINT('',(0.0347982251644135,0.0158904915153981,0.017));
#4041=CARTESIAN_POINT('',(0.0347982251644135,0.054390491515398,0.017));
#4042=CARTESIAN_POINT('',(0.0347982251644135,0.054390491515398,0.021));
#4043=CARTESIAN_POINT('',(0.0347982251644135,0.054390491515398,0.021));
#4044=CARTESIAN_POINT('',(0.0347982251644135,0.0158904915153981,0.021));
#4045=CARTESIAN_POINT('',(0.0347982251644135,0.0158904915153981,0.004));
#4046=CARTESIAN_POINT('',(0.0347982251644135,0.0382224827646472,0.004));
#4047=CARTESIAN_POINT('',(0.0347982251644135,0.0382224827646472,0.006));
#4048=CARTESIAN_POINT('',(0.0347982251644135,0.0382224827646472,0.006));
#4049=CARTESIAN_POINT('',(0.0347982251644135,0.0158904915153981,0.006));
#4050=CARTESIAN_POINT('',(0.0347982251644135,0.0158904915153981,0.021));
#4051=CARTESIAN_POINT('',(-0.0462017748355866,0.0158904915153981,0.021));
#4052=CARTESIAN_POINT('',(-0.0462017748355866,0.0158904915153981,0.017));
#4053=CARTESIAN_POINT('',(-0.0462017748355866,0.00339049151539803,0.017));
#4054=CARTESIAN_POINT('',(-0.0462017748355866,0.00339049151539803,0.017));
#4055=CARTESIAN_POINT('',(-0.0462017748355866,0.00339049151539803,0.021));
#4056=CARTESIAN_POINT('',(-0.0462017748355866,0.0158904915153981,0.021));
#4057=CARTESIAN_POINT('',(-0.0462017748355866,0.0158904915153981,0.006));
#4058=CARTESIAN_POINT('',(-0.0462017748355866,-0.00757668857336739,0.006));
#4059=CARTESIAN_POINT('',(-0.0462017748355866,-0.00757668857336739,0.006));
#4060=CARTESIAN_POINT('',(-0.0462017748355866,-0.00757668857336739,0.004));
#4061=CARTESIAN_POINT('',(-0.0462017748355866,0.0158904915153981,0.004));
#4062=CARTESIAN_POINT('',(-0.00570177483558655,0.0158904915153981,0.021));
#4063=CARTESIAN_POINT('',(-0.0542017748355866,0.057390491515398,0.021));
#4064=CARTESIAN_POINT('',(-0.0562017748355866,0.057390491515398,0.021));
#4065=CARTESIAN_POINT('',(-0.0562017748355866,0.0158904915153981,0.021));
#4066=CARTESIAN_POINT('',(-0.0562017748355866,-0.025609508484602,0.021));
#4067=CARTESIAN_POINT('',(-0.0542017748355866,-0.025609508484602,0.021));
#4068=CARTESIAN_POINT('',(0.0427982251644134,-0.025609508484602,0.021));
#4069=CARTESIAN_POINT('',(0.0447982251644134,-0.025609508484602,0.021));
#4070=CARTESIAN_POINT('',(0.0447982251644134,0.0158904915153981,0.021));
#4071=CARTESIAN_POINT('',(0.0447982251644134,0.057390491515398,0.021));
#4072=CARTESIAN_POINT('',(0.0427982251644134,0.057390491515398,0.021));
#4073=CARTESIAN_POINT('',(0.0372982251644134,0.054390491515398,0.021));
#4074=CARTESIAN_POINT('',(0.0397982251644134,0.054390491515398,0.021));
#4075=CARTESIAN_POINT('',(0.0397982251644134,0.026390491515398,0.021));
#4076=CARTESIAN_POINT('',(0.0397982251644134,0.00339049151539804,0.021));
#4077=CARTESIAN_POINT('',(0.0372982251644134,0.00339049151539804,0.021));
#4078=CARTESIAN_POINT('',(-0.0467017748355865,0.00339049151539803,0.021));
#4079=CARTESIAN_POINT('',(-0.0472017748355865,0.00339049151539803,0.021));
#4080=CARTESIAN_POINT('',(-0.0472017748355866,0.026390491515398,0.021));
#4081=CARTESIAN_POINT('',(0.0227982251644134,0.054390491515398,0.021));
#4082=CARTESIAN_POINT('',(0.0227982251644134,0.054390491515398,0.004));
#4083=CARTESIAN_POINT('',(0.0227982251644134,0.054390491515398,0.017));
#4084=CARTESIAN_POINT('',(0.0227982251644134,0.0438064871400226,0.006));
#4085=CARTESIAN_POINT('',(0.0227982251644134,0.0382224827646472,0.006));
#4086=CARTESIAN_POINT('',(0.0227982251644134,0.0382224827646472,0.006));
#4087=CARTESIAN_POINT('',(0.0227982251644134,0.0382224827646472,0.004));
#4088=CARTESIAN_POINT('',(0.0227982251644134,0.054390491515398,0.004));
#4089=CARTESIAN_POINT('',(-0.00570177483558655,0.0158904915153981,0.004));
#4090=CARTESIAN_POINT('',(-0.0262420186399464,-0.00757668857336739,0.004));
#4091=CARTESIAN_POINT('',(-0.00628226244430625,-0.00757668857336739,0.004));
#4092=CARTESIAN_POINT('',(-0.00628226244430625,0.0209069014710153,0.004));
#4093=CARTESIAN_POINT('',(-0.00570177483558655,0.0158904915153981,0.004));
#4094=CARTESIAN_POINT('',(0.0287982251644135,0.0382224827646472,0.004));
#4095=CARTESIAN_POINT('',(-0.00570177483558655,0.0158904915153981,0.));
#4096=CARTESIAN_POINT('',(-0.0562017748355866,0.0158904915153981,0.));
#4097=CARTESIAN_POINT('',(-0.0562017748355866,0.057390491515398,0.));
#4098=CARTESIAN_POINT('',(-0.0562017748355866,-0.025609508484602,0.));
#4099=CARTESIAN_POINT('',(-0.0542017748355866,0.057390491515398,0.));
#4100=CARTESIAN_POINT('',(0.0427982251644134,0.057390491515398,0.));
#4101=CARTESIAN_POINT('',(0.0447982251644134,0.057390491515398,0.));
#4102=CARTESIAN_POINT('',(0.0447982251644134,0.0158904915153981,0.));
#4103=CARTESIAN_POINT('',(0.0447982251644134,-0.025609508484602,0.));
#4104=CARTESIAN_POINT('',(0.0427982251644134,-0.025609508484602,0.));
#4105=CARTESIAN_POINT('',(-0.0542017748355866,-0.025609508484602,0.));
#4106=CARTESIAN_POINT('',(-0.0562017748355866,0.0158904915153981,0.021));
#4107=CARTESIAN_POINT('',(-0.0562017748355866,0.057390491515398,0.));
#4108=CARTESIAN_POINT('',(-0.0562017748355866,-0.025609508484602,0.021));
#4109=CARTESIAN_POINT('',(0.0447982251644134,0.0158904915153981,0.021));
#4110=CARTESIAN_POINT('',(0.0447982251644134,0.057390491515398,0.021));
#4111=CARTESIAN_POINT('',(0.0447982251644134,-0.025609508484602,0.));
#4112=CARTESIAN_POINT('',(-0.00620177483558656,0.049390491515398,0.007));
#4113=CARTESIAN_POINT('',(-0.0122017748355866,0.049390491515398,0.007));
#4114=CARTESIAN_POINT('',(-0.000201774835586556,0.049390491515398,0.007));
#4115=CARTESIAN_POINT('',(-0.0122017748355866,0.049390491515398,0.01));
#4116=CARTESIAN_POINT('',(-0.0122017748355866,0.049390491515398,0.013));
#4117=CARTESIAN_POINT('',(-0.00620177483558656,0.049390491515398,0.013));
#4118=CARTESIAN_POINT('',(-0.000201774835586555,0.049390491515398,0.013));
#4119=CARTESIAN_POINT('',(-0.000201774835586556,0.049390491515398,0.01));
#4120=CARTESIAN_POINT('',(0.00379822516441344,0.049390491515398,0.008));
#4121=CARTESIAN_POINT('',(0.00279822516441344,0.049390491515398,0.008));
#4122=CARTESIAN_POINT('',(0.00479822516441344,0.049390491515398,0.008));
#4123=CARTESIAN_POINT('',(0.00279822516441344,0.049390491515398,0.009));
#4124=CARTESIAN_POINT('',(0.00279822516441344,0.049390491515398,0.01));
#4125=CARTESIAN_POINT('',(0.00379822516441344,0.049390491515398,0.01));
#4126=CARTESIAN_POINT('',(0.00479822516441344,0.049390491515398,0.01));
#4127=CARTESIAN_POINT('',(0.00479822516441344,0.049390491515398,0.009));
#4128=CARTESIAN_POINT('',(-0.0162017748355865,0.049390491515398,0.008));
#4129=CARTESIAN_POINT('',(-0.0172017748355865,0.049390491515398,0.008));
#4130=CARTESIAN_POINT('',(-0.0152017748355866,0.049390491515398,0.008));
#4131=CARTESIAN_POINT('',(-0.0172017748355865,0.049390491515398,0.009));
#4132=CARTESIAN_POINT('',(-0.0172017748355865,0.049390491515398,0.01));
#4133=CARTESIAN_POINT('',(-0.0162017748355865,0.049390491515398,0.01));
#4134=CARTESIAN_POINT('',(-0.0152017748355866,0.049390491515398,0.01));
#4135=CARTESIAN_POINT('',(-0.0152017748355866,0.049390491515398,0.009));
#4136=CARTESIAN_POINT('',(0.0137982251644134,0.049390491515398,0.008));
#4137=CARTESIAN_POINT('',(0.00879822516441345,0.049390491515398,0.008));
#4138=CARTESIAN_POINT('',(0.0187982251644134,0.049390491515398,0.008));
#4139=CARTESIAN_POINT('',(0.00879822516441345,0.049390491515398,0.011));
#4140=CARTESIAN_POINT('',(0.00879822516441345,0.049390491515398,0.014));
#4141=CARTESIAN_POINT('',(0.0137982251644134,0.049390491515398,0.014));
#4142=CARTESIAN_POINT('',(0.0187982251644134,0.049390491515398,0.014));
#4143=CARTESIAN_POINT('',(0.0187982251644134,0.049390491515398,0.011));
#4144=CARTESIAN_POINT('',(-0.0262017748355866,0.049390491515398,0.008));
#4145=CARTESIAN_POINT('',(-0.0312017748355865,0.049390491515398,0.008));
#4146=CARTESIAN_POINT('',(-0.0212017748355865,0.049390491515398,0.008));
#4147=CARTESIAN_POINT('',(-0.0312017748355865,0.049390491515398,0.011));
#4148=CARTESIAN_POINT('',(-0.0312017748355865,0.049390491515398,0.014));
#4149=CARTESIAN_POINT('',(-0.0262017748355866,0.049390491515398,0.014));
#4150=CARTESIAN_POINT('',(-0.0212017748355865,0.049390491515398,0.014));
#4151=CARTESIAN_POINT('',(-0.0212017748355865,0.049390491515398,0.011));
#4152=CARTESIAN_POINT('',(0.0287982251644135,0.0382224827646472,0.006));
#4153=CARTESIAN_POINT('',(0.0287982251644135,0.0382224827646472,0.006));
#4154=CARTESIAN_POINT('',(-0.00628226244430625,0.0209069014710153,0.006));
#4155=CARTESIAN_POINT('',(-0.00628226244430625,-0.00757668857336739,0.006));
#4156=CARTESIAN_POINT('',(-0.00628226244430625,-0.00757668857336739,0.006));
#4157=CARTESIAN_POINT('',(-0.00628226244430625,0.0209069014710153,0.006));
#4158=CARTESIAN_POINT('',(-0.0262420186399464,-0.00757668857336739,0.006));
#4159=CARTESIAN_POINT('',(-0.0262420186399464,-0.00757668857336739,0.006));
#4160=CARTESIAN_POINT('',(-0.00570177483558655,0.0208904915153981,0.006));
#4161=CARTESIAN_POINT('',(-0.00570177483558655,0.0158904915153981,0.017));
#4162=CARTESIAN_POINT('',(-0.0472017748355866,0.026390491515398,0.017));
#4163=CARTESIAN_POINT('',(-0.0472017748355865,0.00339049151539803,0.017));
#4164=CARTESIAN_POINT('',(-0.0467017748355865,0.00339049151539803,0.017));
#4165=CARTESIAN_POINT('',(-0.0472017748355866,0.026390491515398,0.017));
#4166=CARTESIAN_POINT('',(-0.0472017748355865,0.00339049151539803,0.017));
#4167=CARTESIAN_POINT('',(-0.0467017748355865,0.00339049151539803,0.017));
#4168=CARTESIAN_POINT('',(0.0372982251644134,0.054390491515398,0.017));
#4169=CARTESIAN_POINT('',(0.0372982251644134,0.054390491515398,0.017));
#4170=CARTESIAN_POINT('',(0.0397982251644134,0.054390491515398,0.017));
#4171=CARTESIAN_POINT('',(0.0397982251644134,0.054390491515398,0.017));
#4172=CARTESIAN_POINT('',(-0.00570177483558655,0.0158904915153981,0.017));
#4173=CARTESIAN_POINT('',(0.0372982251644134,0.00339049151539804,0.017));
#4174=CARTESIAN_POINT('',(0.0397982251644134,0.00339049151539804,0.017));
#4175=CARTESIAN_POINT('',(0.0397982251644134,0.026390491515398,0.017));
#4176=CARTESIAN_POINT('',(0.0372982251644134,0.00339049151539804,0.017));
#4177=CARTESIAN_POINT('',(0.0397982251644134,0.00339049151539804,0.017));
#4178=CARTESIAN_POINT('',(0.0397982251644134,0.026390491515398,0.017));
#4179=CARTESIAN_POINT('',(-0.0542017748355866,0.057390491515398,0.021));
#4180=CARTESIAN_POINT('',(0.0427982251644134,0.057390491515398,0.021));
#4181=CARTESIAN_POINT('',(-0.0542017748355866,-0.025609508484602,0.021));
#4182=CARTESIAN_POINT('',(0.0427982251644134,-0.025609508484602,0.021));
#4183=CARTESIAN_POINT('',(0.0217982251644134,0.073390491515398,0.0195));
#4184=CARTESIAN_POINT('',(0.0217982251644134,0.073390491515398,0.019));
#4185=CARTESIAN_POINT('',(0.0217982251644134,0.073390491515398,0.02));
#4186=CARTESIAN_POINT('',(0.0167982251644134,0.073390491515398,0.019));
#4187=CARTESIAN_POINT('',(0.0117982251644134,0.073390491515398,0.019));
#4188=CARTESIAN_POINT('',(0.0117982251644134,0.073390491515398,0.0195));
#4189=CARTESIAN_POINT('',(0.0117982251644134,0.073390491515398,0.02));
#4190=CARTESIAN_POINT('',(0.0167982251644134,0.073390491515398,0.02));
#4191=CARTESIAN_POINT('',(0.0107982251644134,0.073390491515398,0.0195));
#4192=CARTESIAN_POINT('',(0.0107982251644134,0.073390491515398,0.019));
#4193=CARTESIAN_POINT('',(0.0107982251644134,0.073390491515398,0.02));
#4194=CARTESIAN_POINT('',(0.00579822516441345,0.073390491515398,0.019));
#4195=CARTESIAN_POINT('',(0.000798225164413448,0.073390491515398,0.019));
#4196=CARTESIAN_POINT('',(0.000798225164413445,0.073390491515398,0.0195));
#4197=CARTESIAN_POINT('',(0.000798225164413448,0.073390491515398,0.02));
#4198=CARTESIAN_POINT('',(0.00579822516441345,0.073390491515398,0.02));
#4199=CARTESIAN_POINT('',(-0.000201774835586555,0.073390491515398,0.0195));
#4200=CARTESIAN_POINT('',(-0.000201774835586555,0.073390491515398,0.019));
#4201=CARTESIAN_POINT('',(-0.000201774835586555,0.073390491515398,0.02));
#4202=CARTESIAN_POINT('',(-0.00520177483558655,0.073390491515398,0.019));
#4203=CARTESIAN_POINT('',(-0.0102017748355865,0.073390491515398,0.019));
#4204=CARTESIAN_POINT('',(-0.0102017748355866,0.073390491515398,0.0195));
#4205=CARTESIAN_POINT('',(-0.0102017748355865,0.073390491515398,0.02));
#4206=CARTESIAN_POINT('',(-0.00520177483558655,0.073390491515398,0.02));
#4207=CARTESIAN_POINT('',(-0.0112017748355866,0.073390491515398,0.0195));
#4208=CARTESIAN_POINT('',(-0.0112017748355866,0.073390491515398,0.019));
#4209=CARTESIAN_POINT('',(-0.0112017748355866,0.073390491515398,0.02));
#4210=CARTESIAN_POINT('',(-0.0162017748355865,0.073390491515398,0.019));
#4211=CARTESIAN_POINT('',(-0.0212017748355865,0.073390491515398,0.019));
#4212=CARTESIAN_POINT('',(-0.0212017748355865,0.073390491515398,0.0195));
#4213=CARTESIAN_POINT('',(-0.0212017748355865,0.073390491515398,0.02));
#4214=CARTESIAN_POINT('',(-0.0162017748355865,0.073390491515398,0.02));
#4215=CARTESIAN_POINT('',(-0.0222017748355866,0.073390491515398,0.0195));
#4216=CARTESIAN_POINT('',(-0.0222017748355866,0.073390491515398,0.019));
#4217=CARTESIAN_POINT('',(-0.0222017748355866,0.073390491515398,0.02));
#4218=CARTESIAN_POINT('',(-0.0272017748355865,0.073390491515398,0.019));
#4219=CARTESIAN_POINT('',(-0.0322017748355865,0.073390491515398,0.019));
#4220=CARTESIAN_POINT('',(-0.0322017748355865,0.073390491515398,0.0195));
#4221=CARTESIAN_POINT('',(-0.0322017748355865,0.073390491515398,0.02));
#4222=CARTESIAN_POINT('',(-0.0272017748355865,0.073390491515398,0.02));
#4223=CARTESIAN_POINT('',(-0.0332017748355865,0.073390491515398,0.0195));
#4224=CARTESIAN_POINT('',(-0.0332017748355865,0.073390491515398,0.019));
#4225=CARTESIAN_POINT('',(-0.0332017748355865,0.073390491515398,0.02));
#4226=CARTESIAN_POINT('',(-0.0382017748355865,0.073390491515398,0.019));
#4227=CARTESIAN_POINT('',(-0.0432017748355865,0.073390491515398,0.019));
#4228=CARTESIAN_POINT('',(-0.0432017748355865,0.073390491515398,0.0195));
#4229=CARTESIAN_POINT('',(-0.0432017748355865,0.073390491515398,0.02));
#4230=CARTESIAN_POINT('',(-0.0382017748355865,0.073390491515398,0.02));
#4231=CARTESIAN_POINT('',(0.0277982251644135,0.073390491515398,0.02));
#4232=CARTESIAN_POINT('',(0.0327982251644134,0.073390491515398,0.02));
#4233=CARTESIAN_POINT('',(0.0227982251644134,0.073390491515398,0.02));
#4234=CARTESIAN_POINT('',(0.0227982251644134,0.073390491515398,0.0195));
#4235=CARTESIAN_POINT('',(0.0227982251644134,0.073390491515398,0.019));
#4236=CARTESIAN_POINT('',(0.0277982251644135,0.073390491515398,0.019));
#4237=CARTESIAN_POINT('',(0.0327982251644134,0.073390491515398,0.019));
#4238=CARTESIAN_POINT('',(0.0327982251644134,0.073390491515398,0.0195));
#4239=CARTESIAN_POINT('',(0.0167982251644134,0.073390491515398,0.02));
#4240=CARTESIAN_POINT('',(0.0217982251644134,0.073390491515398,0.02));
#4241=CARTESIAN_POINT('',(0.0117982251644134,0.073390491515398,0.02));
#4242=CARTESIAN_POINT('',(0.0117982251644134,0.073390491515398,0.0195));
#4243=CARTESIAN_POINT('',(0.0117982251644134,0.073390491515398,0.019));
#4244=CARTESIAN_POINT('',(0.0167982251644134,0.073390491515398,0.019));
#4245=CARTESIAN_POINT('',(0.0217982251644134,0.073390491515398,0.019));
#4246=CARTESIAN_POINT('',(0.0217982251644134,0.073390491515398,0.0195));
#4247=CARTESIAN_POINT('',(0.00579822516441345,0.073390491515398,0.02));
#4248=CARTESIAN_POINT('',(0.0107982251644134,0.073390491515398,0.02));
#4249=CARTESIAN_POINT('',(0.000798225164413448,0.073390491515398,0.02));
#4250=CARTESIAN_POINT('',(0.000798225164413445,0.073390491515398,0.0195));
#4251=CARTESIAN_POINT('',(0.000798225164413448,0.073390491515398,0.019));
#4252=CARTESIAN_POINT('',(0.00579822516441345,0.073390491515398,0.019));
#4253=CARTESIAN_POINT('',(0.0107982251644134,0.073390491515398,0.019));
#4254=CARTESIAN_POINT('',(0.0107982251644134,0.073390491515398,0.0195));
#4255=CARTESIAN_POINT('',(-0.00520177483558655,0.073390491515398,0.02));
#4256=CARTESIAN_POINT('',(-0.000201774835586555,0.073390491515398,0.02));
#4257=CARTESIAN_POINT('',(-0.0102017748355865,0.073390491515398,0.02));
#4258=CARTESIAN_POINT('',(-0.0102017748355866,0.073390491515398,0.0195));
#4259=CARTESIAN_POINT('',(-0.0102017748355865,0.073390491515398,0.019));
#4260=CARTESIAN_POINT('',(-0.00520177483558655,0.073390491515398,0.019));
#4261=CARTESIAN_POINT('',(-0.000201774835586555,0.073390491515398,0.019));
#4262=CARTESIAN_POINT('',(-0.000201774835586555,0.073390491515398,0.0195));
#4263=CARTESIAN_POINT('',(-0.0162017748355865,0.073390491515398,0.02));
#4264=CARTESIAN_POINT('',(-0.0112017748355866,0.073390491515398,0.02));
#4265=CARTESIAN_POINT('',(-0.0212017748355865,0.073390491515398,0.02));
#4266=CARTESIAN_POINT('',(-0.0212017748355865,0.073390491515398,0.0195));
#4267=CARTESIAN_POINT('',(-0.0212017748355865,0.073390491515398,0.019));
#4268=CARTESIAN_POINT('',(-0.0162017748355865,0.073390491515398,0.019));
#4269=CARTESIAN_POINT('',(-0.0112017748355866,0.073390491515398,0.019));
#4270=CARTESIAN_POINT('',(-0.0112017748355866,0.073390491515398,0.0195));
#4271=CARTESIAN_POINT('',(-0.0272017748355865,0.073390491515398,0.02));
#4272=CARTESIAN_POINT('',(-0.0222017748355866,0.073390491515398,0.02));
#4273=CARTESIAN_POINT('',(-0.0322017748355865,0.073390491515398,0.02));
#4274=CARTESIAN_POINT('',(-0.0322017748355865,0.073390491515398,0.0195));
#4275=CARTESIAN_POINT('',(-0.0322017748355865,0.073390491515398,0.019));
#4276=CARTESIAN_POINT('',(-0.0272017748355865,0.073390491515398,0.019));
#4277=CARTESIAN_POINT('',(-0.0222017748355866,0.073390491515398,0.019));
#4278=CARTESIAN_POINT('',(-0.0222017748355866,0.073390491515398,0.0195));
#4279=CARTESIAN_POINT('',(-0.0382017748355865,0.073390491515398,0.02));
#4280=CARTESIAN_POINT('',(-0.0332017748355865,0.073390491515398,0.02));
#4281=CARTESIAN_POINT('',(-0.0432017748355865,0.073390491515398,0.02));
#4282=CARTESIAN_POINT('',(-0.0432017748355865,0.073390491515398,0.0195));
#4283=CARTESIAN_POINT('',(-0.0432017748355865,0.073390491515398,0.019));
#4284=CARTESIAN_POINT('',(-0.0382017748355865,0.073390491515398,0.019));
#4285=CARTESIAN_POINT('',(-0.0332017748355865,0.073390491515398,0.019));
#4286=CARTESIAN_POINT('',(-0.0332017748355865,0.073390491515398,0.0195));
#4287=CARTESIAN_POINT('',(0.0277982251644135,-0.017609508484602,0.009));
#4288=CARTESIAN_POINT('',(0.0227982251644134,-0.017609508484602,0.009));
#4289=CARTESIAN_POINT('',(0.0327982251644134,-0.017609508484602,0.009));
#4290=CARTESIAN_POINT('',(0.0227982251644134,-0.017609508484602,0.0085));
#4291=CARTESIAN_POINT('',(0.0227982251644134,-0.017609508484602,0.008));
#4292=CARTESIAN_POINT('',(0.0277982251644135,-0.017609508484602,0.008));
#4293=CARTESIAN_POINT('',(0.0327982251644134,-0.017609508484602,0.008));
#4294=CARTESIAN_POINT('',(0.0327982251644134,-0.017609508484602,0.0085));
#4295=CARTESIAN_POINT('',(0.0167982251644134,-0.017609508484602,0.009));
#4296=CARTESIAN_POINT('',(0.0117982251644134,-0.017609508484602,0.009));
#4297=CARTESIAN_POINT('',(0.0217982251644134,-0.017609508484602,0.009));
#4298=CARTESIAN_POINT('',(0.0117982251644134,-0.017609508484602,0.0085));
#4299=CARTESIAN_POINT('',(0.0117982251644134,-0.017609508484602,0.008));
#4300=CARTESIAN_POINT('',(0.0167982251644134,-0.017609508484602,0.008));
#4301=CARTESIAN_POINT('',(0.0217982251644134,-0.017609508484602,0.008));
#4302=CARTESIAN_POINT('',(0.0217982251644134,-0.017609508484602,0.0085));
#4303=CARTESIAN_POINT('',(0.00579822516441345,-0.017609508484602,0.009));
#4304=CARTESIAN_POINT('',(0.000798225164413448,-0.017609508484602,0.009));
#4305=CARTESIAN_POINT('',(0.0107982251644134,-0.017609508484602,0.009));
#4306=CARTESIAN_POINT('',(0.000798225164413449,-0.017609508484602,0.0085));
#4307=CARTESIAN_POINT('',(0.000798225164413448,-0.017609508484602,0.008));
#4308=CARTESIAN_POINT('',(0.00579822516441345,-0.017609508484602,0.008));
#4309=CARTESIAN_POINT('',(0.0107982251644134,-0.017609508484602,0.008));
#4310=CARTESIAN_POINT('',(0.0107982251644134,-0.017609508484602,0.0085));
#4311=CARTESIAN_POINT('',(-0.00520177483558655,-0.017609508484602,0.009));
#4312=CARTESIAN_POINT('',(-0.0102017748355865,-0.017609508484602,0.009));
#4313=CARTESIAN_POINT('',(-0.000201774835586551,-0.017609508484602,0.009));
#4314=CARTESIAN_POINT('',(-0.0102017748355865,-0.017609508484602,0.0085));
#4315=CARTESIAN_POINT('',(-0.0102017748355865,-0.017609508484602,0.008));
#4316=CARTESIAN_POINT('',(-0.00520177483558655,-0.017609508484602,0.008));
#4317=CARTESIAN_POINT('',(-0.000201774835586551,-0.017609508484602,0.008));
#4318=CARTESIAN_POINT('',(-0.000201774835586551,-0.017609508484602,0.0085));
#4319=CARTESIAN_POINT('',(-0.0162017748355865,-0.017609508484602,0.009));
#4320=CARTESIAN_POINT('',(-0.0212017748355865,-0.017609508484602,0.009));
#4321=CARTESIAN_POINT('',(-0.0112017748355865,-0.017609508484602,0.009));
#4322=CARTESIAN_POINT('',(-0.0212017748355865,-0.017609508484602,0.0085));
#4323=CARTESIAN_POINT('',(-0.0212017748355865,-0.017609508484602,0.008));
#4324=CARTESIAN_POINT('',(-0.0162017748355865,-0.017609508484602,0.008));
#4325=CARTESIAN_POINT('',(-0.0112017748355865,-0.017609508484602,0.008));
#4326=CARTESIAN_POINT('',(-0.0112017748355865,-0.017609508484602,0.0085));
#4327=CARTESIAN_POINT('',(-0.0272017748355865,-0.017609508484602,0.009));
#4328=CARTESIAN_POINT('',(-0.0322017748355865,-0.017609508484602,0.009));
#4329=CARTESIAN_POINT('',(-0.0222017748355866,-0.017609508484602,0.009));
#4330=CARTESIAN_POINT('',(-0.0322017748355865,-0.017609508484602,0.0085));
#4331=CARTESIAN_POINT('',(-0.0322017748355865,-0.017609508484602,0.008));
#4332=CARTESIAN_POINT('',(-0.0272017748355865,-0.017609508484602,0.008));
#4333=CARTESIAN_POINT('',(-0.0222017748355866,-0.017609508484602,0.008));
#4334=CARTESIAN_POINT('',(-0.0222017748355866,-0.017609508484602,0.0085));
#4335=CARTESIAN_POINT('',(-0.0382017748355865,-0.017609508484602,0.009));
#4336=CARTESIAN_POINT('',(-0.0432017748355865,-0.017609508484602,0.009));
#4337=CARTESIAN_POINT('',(-0.0332017748355865,-0.017609508484602,0.009));
#4338=CARTESIAN_POINT('',(-0.0432017748355865,-0.017609508484602,0.0085));
#4339=CARTESIAN_POINT('',(-0.0432017748355865,-0.017609508484602,0.008));
#4340=CARTESIAN_POINT('',(-0.0382017748355865,-0.017609508484602,0.008));
#4341=CARTESIAN_POINT('',(-0.0332017748355865,-0.017609508484602,0.008));
#4342=CARTESIAN_POINT('',(-0.0332017748355865,-0.017609508484602,0.0085));
#4343=MECHANICAL_DESIGN_GEOMETRIC_PRESENTATION_REPRESENTATION('',(#2780),
#4344);
#4344=(
GEOMETRIC_REPRESENTATION_CONTEXT(3)
GLOBAL_UNCERTAINTY_ASSIGNED_CONTEXT((#4345))
GLOBAL_UNIT_ASSIGNED_CONTEXT((#4348,#4347,#4346))
REPRESENTATION_CONTEXT('Part 1','TOP_LEVEL_ASSEMBLY_PART')
);
#4345=UNCERTAINTY_MEASURE_WITH_UNIT(LENGTH_MEASURE(1.E-8),#4348,
'DISTANCE_ACCURACY_VALUE','Maximum Tolerance applied to model');
#4346=(
NAMED_UNIT(*)
SI_UNIT($,.STERADIAN.)
SOLID_ANGLE_UNIT()
);
#4347=(
NAMED_UNIT(*)
PLANE_ANGLE_UNIT()
SI_UNIT($,.RADIAN.)
);
#4348=(
LENGTH_UNIT()
NAMED_UNIT(*)
SI_UNIT($,.METRE.)
);
#4349=PRODUCT_DEFINITION_SHAPE('','',#4350);
#4350=PRODUCT_DEFINITION('','',#4352,#4351);
#4351=PRODUCT_DEFINITION_CONTEXT('',#4358,'design');
#4352=PRODUCT_DEFINITION_FORMATION_WITH_SPECIFIED_SOURCE('','',#4354,
 .NOT_KNOWN.);
#4353=PRODUCT_RELATED_PRODUCT_CATEGORY('','',(#4354));
#4354=PRODUCT('Part 1','Part 1','Part 1',(#4356));
#4355=PRODUCT_CATEGORY('','');
#4356=PRODUCT_CONTEXT('',#4358,'mechanical');
#4357=APPLICATION_PROTOCOL_DEFINITION('international standard',
'ap242_managed_model_based_3d_engineering',2020,#4358);
#4358=APPLICATION_CONTEXT('managed model based 3d engineering');
ENDSEC;
END-ISO-10303-21;
