ISO-10303-21;
HEADER;
/* Generated by software containing ST-Developer
 * from STEP Tools, Inc. (www.steptools.com) 
 */
/* OPTION: using custom renumber hook */

FILE_DESCRIPTION(
/* description */ ('STEP AP242 Edition 2',
'CAx-IF Rec.Pracs.---Representation and Presentation of Product Manufa
cturing Information (PMI)---4.0---2014-10-13',
'CAx-IF Rec.Pracs.---3D Tessellated Geometry---0.4---2014-09-14','2;1',
'CAx-IF Rec.Pracs.---User Defined Attributes---1.5---2016-08-15'),
/* implementation_level */ '2;1');

FILE_NAME(
/* name */ 'Indoor-Top',
/* time_stamp */ '2026-10-06T00:27:13Z',
/* author */ (''),
/* organization */ (''),
/* preprocessor_version */ 'ST-DEVELOPER v20',
/* originating_system */ 'ONSHAPE BY PTC INC, 1.221',
/* authorisation */ '  ');

FILE_SCHEMA (('AP242_MANAGED_MODEL_BASED_3D_ENGINEERING_MIM_LF { 1 0 10303 442 3 1 4 }'));
ENDSEC;

DATA;
#10=SHAPE_REPRESENTATION_RELATIONSHIP('','',#4986,#11);
#11=ADVANCED_BREP_SHAPE_REPRESENTATION('',(#4984),#8832);
#12=B_SPLINE_SURFACE_WITH_KNOTS('',3,1,((#6988,#6989),(#6990,#6991),(#6992,
#6993),(#6994,#6995)),.SURF_OF_LINEAR_EXTRUSION.,.F.,.F.,.F.,(4,4),(2,2),
(0.,1.),(0.,1.),.PIECEWISE_BEZIER_KNOTS.);
#13=B_SPLINE_SURFACE_WITH_KNOTS('',3,1,((#7023,#7024),(#7025,#7026),(#7027,
#7028),(#7029,#7030)),.SURF_OF_LINEAR_EXTRUSION.,.F.,.F.,.F.,(4,4),(2,2),
(0.,1.),(0.,1.),.PIECEWISE_BEZIER_KNOTS.);
#14=B_SPLINE_SURFACE_WITH_KNOTS('',3,1,((#7036,#7037),(#7038,#7039),(#7040,
#7041),(#7042,#7043)),.SURF_OF_LINEAR_EXTRUSION.,.F.,.F.,.F.,(4,4),(2,2),
(0.,1.),(0.,1.),.PIECEWISE_BEZIER_KNOTS.);
#15=B_SPLINE_SURFACE_WITH_KNOTS('',3,1,((#7121,#7122),(#7123,#7124),(#7125,
#7126),(#7127,#7128)),.SURF_OF_LINEAR_EXTRUSION.,.F.,.F.,.F.,(4,4),(2,2),
(0.,1.),(0.,1.),.PIECEWISE_BEZIER_KNOTS.);
#16=B_SPLINE_SURFACE_WITH_KNOTS('',3,1,((#7138,#7139),(#7140,#7141),(#7142,
#7143),(#7144,#7145)),.SURF_OF_LINEAR_EXTRUSION.,.F.,.F.,.F.,(4,4),(2,2),
(0.,1.),(0.,1.),.PIECEWISE_BEZIER_KNOTS.);
#17=B_SPLINE_SURFACE_WITH_KNOTS('',3,1,((#7155,#7156),(#7157,#7158),(#7159,
#7160),(#7161,#7162)),.SURF_OF_LINEAR_EXTRUSION.,.F.,.F.,.F.,(4,4),(2,2),
(0.,1.),(0.,1.),.PIECEWISE_BEZIER_KNOTS.);
#18=B_SPLINE_SURFACE_WITH_KNOTS('',3,1,((#7172,#7173),(#7174,#7175),(#7176,
#7177),(#7178,#7179)),.SURF_OF_LINEAR_EXTRUSION.,.F.,.F.,.F.,(4,4),(2,2),
(0.,1.),(0.,1.),.PIECEWISE_BEZIER_KNOTS.);
#19=B_SPLINE_SURFACE_WITH_KNOTS('',3,1,((#7195,#7196),(#7197,#7198),(#7199,
#7200),(#7201,#7202)),.SURF_OF_LINEAR_EXTRUSION.,.F.,.F.,.F.,(4,4),(2,2),
(0.,1.),(0.,1.),.PIECEWISE_BEZIER_KNOTS.);
#20=B_SPLINE_SURFACE_WITH_KNOTS('',3,1,((#7210,#7211),(#7212,#7213),(#7214,
#7215),(#7216,#7217)),.SURF_OF_LINEAR_EXTRUSION.,.F.,.F.,.F.,(4,4),(2,2),
(0.,1.),(0.,1.),.PIECEWISE_BEZIER_KNOTS.);
#21=B_SPLINE_SURFACE_WITH_KNOTS('',3,1,((#7223,#7224),(#7225,#7226),(#7227,
#7228),(#7229,#7230)),.SURF_OF_LINEAR_EXTRUSION.,.F.,.F.,.F.,(4,4),(2,2),
(0.,1.),(0.,1.),.PIECEWISE_BEZIER_KNOTS.);
#22=B_SPLINE_SURFACE_WITH_KNOTS('',3,1,((#7256,#7257),(#7258,#7259),(#7260,
#7261),(#7262,#7263)),.SURF_OF_LINEAR_EXTRUSION.,.F.,.F.,.F.,(4,4),(2,2),
(0.,1.),(0.,1.),.PIECEWISE_BEZIER_KNOTS.);
#23=B_SPLINE_SURFACE_WITH_KNOTS('',3,1,((#7277,#7278),(#7279,#7280),(#7281,
#7282),(#7283,#7284)),.SURF_OF_LINEAR_EXTRUSION.,.F.,.F.,.F.,(4,4),(2,2),
(0.,1.),(0.,1.),.PIECEWISE_BEZIER_KNOTS.);
#24=B_SPLINE_SURFACE_WITH_KNOTS('',3,1,((#7306,#7307),(#7308,#7309),(#7310,
#7311),(#7312,#7313)),.SURF_OF_LINEAR_EXTRUSION.,.F.,.F.,.F.,(4,4),(2,2),
(0.,1.),(0.,1.),.PIECEWISE_BEZIER_KNOTS.);
#25=B_SPLINE_SURFACE_WITH_KNOTS('',3,1,((#7319,#7320),(#7321,#7322),(#7323,
#7324),(#7325,#7326)),.SURF_OF_LINEAR_EXTRUSION.,.F.,.F.,.F.,(4,4),(2,2),
(0.,1.),(0.,1.),.PIECEWISE_BEZIER_KNOTS.);
#26=B_SPLINE_SURFACE_WITH_KNOTS('',3,1,((#7332,#7333),(#7334,#7335),(#7336,
#7337),(#7338,#7339)),.SURF_OF_LINEAR_EXTRUSION.,.F.,.F.,.F.,(4,4),(2,2),
(0.,1.),(0.,1.),.PIECEWISE_BEZIER_KNOTS.);
#27=B_SPLINE_SURFACE_WITH_KNOTS('',3,1,((#7345,#7346),(#7347,#7348),(#7349,
#7350),(#7351,#7352)),.SURF_OF_LINEAR_EXTRUSION.,.F.,.F.,.F.,(4,4),(2,2),
(0.,1.),(0.,1.),.PIECEWISE_BEZIER_KNOTS.);
#28=B_SPLINE_SURFACE_WITH_KNOTS('',3,1,((#7358,#7359),(#7360,#7361),(#7362,
#7363),(#7364,#7365)),.SURF_OF_LINEAR_EXTRUSION.,.F.,.F.,.F.,(4,4),(2,2),
(0.,1.),(0.,1.),.PIECEWISE_BEZIER_KNOTS.);
#29=B_SPLINE_SURFACE_WITH_KNOTS('',3,1,((#7375,#7376),(#7377,#7378),(#7379,
#7380),(#7381,#7382)),.SURF_OF_LINEAR_EXTRUSION.,.F.,.F.,.F.,(4,4),(2,2),
(0.,1.),(0.,1.),.PIECEWISE_BEZIER_KNOTS.);
#30=B_SPLINE_SURFACE_WITH_KNOTS('',3,1,((#7388,#7389),(#7390,#7391),(#7392,
#7393),(#7394,#7395)),.SURF_OF_LINEAR_EXTRUSION.,.F.,.F.,.F.,(4,4),(2,2),
(0.,1.),(0.,1.),.PIECEWISE_BEZIER_KNOTS.);
#31=B_SPLINE_SURFACE_WITH_KNOTS('',3,1,((#7403,#7404),(#7405,#7406),(#7407,
#7408),(#7409,#7410)),.SURF_OF_LINEAR_EXTRUSION.,.F.,.F.,.F.,(4,4),(2,2),
(0.,1.),(0.,1.),.PIECEWISE_BEZIER_KNOTS.);
#32=B_SPLINE_SURFACE_WITH_KNOTS('',3,1,((#7423,#7424),(#7425,#7426),(#7427,
#7428),(#7429,#7430)),.SURF_OF_LINEAR_EXTRUSION.,.F.,.F.,.F.,(4,4),(2,2),
(0.,1.),(0.,1.),.PIECEWISE_BEZIER_KNOTS.);
#33=B_SPLINE_SURFACE_WITH_KNOTS('',3,1,((#7464,#7465),(#7466,#7467),(#7468,
#7469),(#7470,#7471)),.SURF_OF_LINEAR_EXTRUSION.,.F.,.F.,.F.,(4,4),(2,2),
(0.,1.),(0.,1.),.PIECEWISE_BEZIER_KNOTS.);
#34=B_SPLINE_SURFACE_WITH_KNOTS('',3,1,((#7481,#7482),(#7483,#7484),(#7485,
#7486),(#7487,#7488)),.SURF_OF_LINEAR_EXTRUSION.,.F.,.F.,.F.,(4,4),(2,2),
(0.,1.),(0.,1.),.PIECEWISE_BEZIER_KNOTS.);
#35=B_SPLINE_SURFACE_WITH_KNOTS('',3,1,((#7498,#7499),(#7500,#7501),(#7502,
#7503),(#7504,#7505)),.SURF_OF_LINEAR_EXTRUSION.,.F.,.F.,.F.,(4,4),(2,2),
(0.,1.),(0.,1.),.PIECEWISE_BEZIER_KNOTS.);
#36=B_SPLINE_SURFACE_WITH_KNOTS('',3,1,((#7539,#7540),(#7541,#7542),(#7543,
#7544),(#7545,#7546)),.SURF_OF_LINEAR_EXTRUSION.,.F.,.F.,.F.,(4,4),(2,2),
(0.,1.),(0.,1.),.PIECEWISE_BEZIER_KNOTS.);
#37=B_SPLINE_SURFACE_WITH_KNOTS('',3,1,((#7554,#7555),(#7556,#7557),(#7558,
#7559),(#7560,#7561)),.SURF_OF_LINEAR_EXTRUSION.,.F.,.F.,.F.,(4,4),(2,2),
(0.,1.),(0.,1.),.PIECEWISE_BEZIER_KNOTS.);
#38=B_SPLINE_SURFACE_WITH_KNOTS('',3,1,((#7567,#7568),(#7569,#7570),(#7571,
#7572),(#7573,#7574)),.SURF_OF_LINEAR_EXTRUSION.,.F.,.F.,.F.,(4,4),(2,2),
(0.,1.),(0.,1.),.PIECEWISE_BEZIER_KNOTS.);
#39=B_SPLINE_SURFACE_WITH_KNOTS('',3,1,((#7580,#7581),(#7582,#7583),(#7584,
#7585),(#7586,#7587)),.SURF_OF_LINEAR_EXTRUSION.,.F.,.F.,.F.,(4,4),(2,2),
(0.,1.),(0.,1.),.PIECEWISE_BEZIER_KNOTS.);
#40=B_SPLINE_SURFACE_WITH_KNOTS('',3,1,((#7597,#7598),(#7599,#7600),(#7601,
#7602),(#7603,#7604)),.SURF_OF_LINEAR_EXTRUSION.,.F.,.F.,.F.,(4,4),(2,2),
(0.,1.),(0.,1.),.PIECEWISE_BEZIER_KNOTS.);
#41=B_SPLINE_SURFACE_WITH_KNOTS('',3,1,((#7610,#7611),(#7612,#7613),(#7614,
#7615),(#7616,#7617)),.SURF_OF_LINEAR_EXTRUSION.,.F.,.F.,.F.,(4,4),(2,2),
(0.,1.),(0.,1.),.PIECEWISE_BEZIER_KNOTS.);
#42=B_SPLINE_SURFACE_WITH_KNOTS('',3,1,((#7623,#7624),(#7625,#7626),(#7627,
#7628),(#7629,#7630)),.SURF_OF_LINEAR_EXTRUSION.,.F.,.F.,.F.,(4,4),(2,2),
(0.,1.),(0.,1.),.PIECEWISE_BEZIER_KNOTS.);
#43=B_SPLINE_SURFACE_WITH_KNOTS('',3,1,((#7636,#7637),(#7638,#7639),(#7640,
#7641),(#7642,#7643)),.SURF_OF_LINEAR_EXTRUSION.,.F.,.F.,.F.,(4,4),(2,2),
(0.,1.),(0.,1.),.PIECEWISE_BEZIER_KNOTS.);
#44=B_SPLINE_SURFACE_WITH_KNOTS('',3,1,((#7649,#7650),(#7651,#7652),(#7653,
#7654),(#7655,#7656)),.SURF_OF_LINEAR_EXTRUSION.,.F.,.F.,.F.,(4,4),(2,2),
(0.,1.),(0.,1.),.PIECEWISE_BEZIER_KNOTS.);
#45=B_SPLINE_SURFACE_WITH_KNOTS('',3,1,((#7662,#7663),(#7664,#7665),(#7666,
#7667),(#7668,#7669)),.SURF_OF_LINEAR_EXTRUSION.,.F.,.F.,.F.,(4,4),(2,2),
(0.,1.),(0.,1.),.PIECEWISE_BEZIER_KNOTS.);
#46=B_SPLINE_SURFACE_WITH_KNOTS('',3,1,((#7679,#7680),(#7681,#7682),(#7683,
#7684),(#7685,#7686)),.SURF_OF_LINEAR_EXTRUSION.,.F.,.F.,.F.,(4,4),(2,2),
(0.,1.),(0.,1.),.PIECEWISE_BEZIER_KNOTS.);
#47=B_SPLINE_SURFACE_WITH_KNOTS('',3,1,((#7694,#7695),(#7696,#7697),(#7698,
#7699),(#7700,#7701)),.SURF_OF_LINEAR_EXTRUSION.,.F.,.F.,.F.,(4,4),(2,2),
(0.,1.),(0.,1.),.PIECEWISE_BEZIER_KNOTS.);
#48=B_SPLINE_SURFACE_WITH_KNOTS('',3,1,((#7709,#7710),(#7711,#7712),(#7713,
#7714),(#7715,#7716)),.SURF_OF_LINEAR_EXTRUSION.,.F.,.F.,.F.,(4,4),(2,2),
(0.,1.),(0.,1.),.PIECEWISE_BEZIER_KNOTS.);
#49=B_SPLINE_SURFACE_WITH_KNOTS('',3,1,((#7729,#7730),(#7731,#7732),(#7733,
#7734),(#7735,#7736)),.SURF_OF_LINEAR_EXTRUSION.,.F.,.F.,.F.,(4,4),(2,2),
(0.,1.),(0.,1.),.PIECEWISE_BEZIER_KNOTS.);
#50=B_SPLINE_SURFACE_WITH_KNOTS('',3,1,((#7770,#7771),(#7772,#7773),(#7774,
#7775),(#7776,#7777)),.SURF_OF_LINEAR_EXTRUSION.,.F.,.F.,.F.,(4,4),(2,2),
(0.,1.),(0.,1.),.PIECEWISE_BEZIER_KNOTS.);
#51=B_SPLINE_SURFACE_WITH_KNOTS('',3,1,((#7787,#7788),(#7789,#7790),(#7791,
#7792),(#7793,#7794)),.SURF_OF_LINEAR_EXTRUSION.,.F.,.F.,.F.,(4,4),(2,2),
(0.,1.),(0.,1.),.PIECEWISE_BEZIER_KNOTS.);
#52=B_SPLINE_SURFACE_WITH_KNOTS('',3,1,((#7804,#7805),(#7806,#7807),(#7808,
#7809),(#7810,#7811)),.SURF_OF_LINEAR_EXTRUSION.,.F.,.F.,.F.,(4,4),(2,2),
(0.,1.),(0.,1.),.PIECEWISE_BEZIER_KNOTS.);
#53=B_SPLINE_SURFACE_WITH_KNOTS('',3,1,((#7845,#7846),(#7847,#7848),(#7849,
#7850),(#7851,#7852)),.SURF_OF_LINEAR_EXTRUSION.,.F.,.F.,.F.,(4,4),(2,2),
(0.,1.),(0.,1.),.PIECEWISE_BEZIER_KNOTS.);
#54=B_SPLINE_SURFACE_WITH_KNOTS('',3,1,((#7860,#7861),(#7862,#7863),(#7864,
#7865),(#7866,#7867)),.SURF_OF_LINEAR_EXTRUSION.,.F.,.F.,.F.,(4,4),(2,2),
(0.,1.),(0.,1.),.PIECEWISE_BEZIER_KNOTS.);
#55=B_SPLINE_SURFACE_WITH_KNOTS('',3,1,((#7873,#7874),(#7875,#7876),(#7877,
#7878),(#7879,#7880)),.SURF_OF_LINEAR_EXTRUSION.,.F.,.F.,.F.,(4,4),(2,2),
(0.,1.),(0.,1.),.PIECEWISE_BEZIER_KNOTS.);
#56=B_SPLINE_SURFACE_WITH_KNOTS('',3,1,((#7886,#7887),(#7888,#7889),(#7890,
#7891),(#7892,#7893)),.SURF_OF_LINEAR_EXTRUSION.,.F.,.F.,.F.,(4,4),(2,2),
(0.,1.),(0.,1.),.PIECEWISE_BEZIER_KNOTS.);
#57=B_SPLINE_SURFACE_WITH_KNOTS('',3,1,((#7903,#7904),(#7905,#7906),(#7907,
#7908),(#7909,#7910)),.SURF_OF_LINEAR_EXTRUSION.,.F.,.F.,.F.,(4,4),(2,2),
(0.,1.),(0.,1.),.PIECEWISE_BEZIER_KNOTS.);
#58=B_SPLINE_SURFACE_WITH_KNOTS('',3,1,((#7916,#7917),(#7918,#7919),(#7920,
#7921),(#7922,#7923)),.SURF_OF_LINEAR_EXTRUSION.,.F.,.F.,.F.,(4,4),(2,2),
(0.,1.),(0.,1.),.PIECEWISE_BEZIER_KNOTS.);
#59=B_SPLINE_SURFACE_WITH_KNOTS('',3,1,((#7929,#7930),(#7931,#7932),(#7933,
#7934),(#7935,#7936)),.SURF_OF_LINEAR_EXTRUSION.,.F.,.F.,.F.,(4,4),(2,2),
(0.,1.),(0.,1.),.PIECEWISE_BEZIER_KNOTS.);
#60=B_SPLINE_SURFACE_WITH_KNOTS('',3,1,((#7942,#7943),(#7944,#7945),(#7946,
#7947),(#7948,#7949)),.SURF_OF_LINEAR_EXTRUSION.,.F.,.F.,.F.,(4,4),(2,2),
(0.,1.),(0.,1.),.PIECEWISE_BEZIER_KNOTS.);
#61=B_SPLINE_SURFACE_WITH_KNOTS('',3,1,((#7955,#7956),(#7957,#7958),(#7959,
#7960),(#7961,#7962)),.SURF_OF_LINEAR_EXTRUSION.,.F.,.F.,.F.,(4,4),(2,2),
(0.,1.),(0.,1.),.PIECEWISE_BEZIER_KNOTS.);
#62=B_SPLINE_SURFACE_WITH_KNOTS('',3,1,((#7968,#7969),(#7970,#7971),(#7972,
#7973),(#7974,#7975)),.SURF_OF_LINEAR_EXTRUSION.,.F.,.F.,.F.,(4,4),(2,2),
(0.,1.),(0.,1.),.PIECEWISE_BEZIER_KNOTS.);
#63=B_SPLINE_SURFACE_WITH_KNOTS('',3,1,((#7985,#7986),(#7987,#7988),(#7989,
#7990),(#7991,#7992)),.SURF_OF_LINEAR_EXTRUSION.,.F.,.F.,.F.,(4,4),(2,2),
(0.,1.),(0.,1.),.PIECEWISE_BEZIER_KNOTS.);
#64=B_SPLINE_SURFACE_WITH_KNOTS('',3,1,((#8000,#8001),(#8002,#8003),(#8004,
#8005),(#8006,#8007)),.SURF_OF_LINEAR_EXTRUSION.,.F.,.F.,.F.,(4,4),(2,2),
(0.,1.),(0.,1.),.PIECEWISE_BEZIER_KNOTS.);
#65=B_SPLINE_SURFACE_WITH_KNOTS('',3,1,((#8080,#8081),(#8082,#8083),(#8084,
#8085),(#8086,#8087)),.SURF_OF_LINEAR_EXTRUSION.,.F.,.F.,.F.,(4,4),(2,2),
(0.,1.),(0.,1.),.PIECEWISE_BEZIER_KNOTS.);
#66=B_SPLINE_SURFACE_WITH_KNOTS('',3,1,((#8121,#8122),(#8123,#8124),(#8125,
#8126),(#8127,#8128)),.SURF_OF_LINEAR_EXTRUSION.,.F.,.F.,.F.,(4,4),(2,2),
(0.,1.),(0.,1.),.PIECEWISE_BEZIER_KNOTS.);
#67=B_SPLINE_SURFACE_WITH_KNOTS('',3,1,((#8141,#8142),(#8143,#8144),(#8145,
#8146),(#8147,#8148)),.SURF_OF_LINEAR_EXTRUSION.,.F.,.F.,.F.,(4,4),(2,2),
(0.,1.),(0.,1.),.PIECEWISE_BEZIER_KNOTS.);
#68=B_SPLINE_SURFACE_WITH_KNOTS('',3,1,((#8156,#8157),(#8158,#8159),(#8160,
#8161),(#8162,#8163)),.SURF_OF_LINEAR_EXTRUSION.,.F.,.F.,.F.,(4,4),(2,2),
(0.,1.),(0.,1.),.PIECEWISE_BEZIER_KNOTS.);
#69=B_SPLINE_SURFACE_WITH_KNOTS('',3,1,((#8173,#8174),(#8175,#8176),(#8177,
#8178),(#8179,#8180)),.SURF_OF_LINEAR_EXTRUSION.,.F.,.F.,.F.,(4,4),(2,2),
(0.,1.),(0.,1.),.PIECEWISE_BEZIER_KNOTS.);
#70=B_SPLINE_SURFACE_WITH_KNOTS('',3,1,((#8202,#8203),(#8204,#8205),(#8206,
#8207),(#8208,#8209)),.SURF_OF_LINEAR_EXTRUSION.,.F.,.F.,.F.,(4,4),(2,2),
(0.,1.),(0.,1.),.PIECEWISE_BEZIER_KNOTS.);
#71=B_SPLINE_SURFACE_WITH_KNOTS('',3,1,((#8215,#8216),(#8217,#8218),(#8219,
#8220),(#8221,#8222)),.SURF_OF_LINEAR_EXTRUSION.,.F.,.F.,.F.,(4,4),(2,2),
(0.,1.),(0.,1.),.PIECEWISE_BEZIER_KNOTS.);
#72=B_SPLINE_SURFACE_WITH_KNOTS('',3,1,((#8228,#8229),(#8230,#8231),(#8232,
#8233),(#8234,#8235)),.SURF_OF_LINEAR_EXTRUSION.,.F.,.F.,.F.,(4,4),(2,2),
(0.,1.),(0.,1.),.PIECEWISE_BEZIER_KNOTS.);
#73=B_SPLINE_SURFACE_WITH_KNOTS('',3,1,((#8241,#8242),(#8243,#8244),(#8245,
#8246),(#8247,#8248)),.SURF_OF_LINEAR_EXTRUSION.,.F.,.F.,.F.,(4,4),(2,2),
(0.,1.),(0.,1.),.PIECEWISE_BEZIER_KNOTS.);
#74=B_SPLINE_SURFACE_WITH_KNOTS('',3,1,((#8254,#8255),(#8256,#8257),(#8258,
#8259),(#8260,#8261)),.SURF_OF_LINEAR_EXTRUSION.,.F.,.F.,.F.,(4,4),(2,2),
(0.,1.),(0.,1.),.PIECEWISE_BEZIER_KNOTS.);
#75=B_SPLINE_SURFACE_WITH_KNOTS('',3,1,((#8275,#8276),(#8277,#8278),(#8279,
#8280),(#8281,#8282)),.SURF_OF_LINEAR_EXTRUSION.,.F.,.F.,.F.,(4,4),(2,2),
(0.,1.),(0.,1.),.PIECEWISE_BEZIER_KNOTS.);
#76=B_SPLINE_SURFACE_WITH_KNOTS('',3,1,((#8288,#8289),(#8290,#8291),(#8292,
#8293),(#8294,#8295)),.SURF_OF_LINEAR_EXTRUSION.,.F.,.F.,.F.,(4,4),(2,2),
(0.,1.),(0.,1.),.PIECEWISE_BEZIER_KNOTS.);
#77=B_SPLINE_SURFACE_WITH_KNOTS('',3,1,((#8301,#8302),(#8303,#8304),(#8305,
#8306),(#8307,#8308)),.SURF_OF_LINEAR_EXTRUSION.,.F.,.F.,.F.,(4,4),(2,2),
(0.,1.),(0.,1.),.PIECEWISE_BEZIER_KNOTS.);
#78=B_SPLINE_SURFACE_WITH_KNOTS('',3,1,((#8314,#8315),(#8316,#8317),(#8318,
#8319),(#8320,#8321)),.SURF_OF_LINEAR_EXTRUSION.,.F.,.F.,.F.,(4,4),(2,2),
(0.,1.),(0.,1.),.PIECEWISE_BEZIER_KNOTS.);
#79=B_SPLINE_SURFACE_WITH_KNOTS('',3,1,((#8343,#8344),(#8345,#8346),(#8347,
#8348),(#8349,#8350)),.SURF_OF_LINEAR_EXTRUSION.,.F.,.F.,.F.,(4,4),(2,2),
(0.,1.),(0.,1.),.PIECEWISE_BEZIER_KNOTS.);
#80=B_SPLINE_SURFACE_WITH_KNOTS('',3,1,((#8360,#8361),(#8362,#8363),(#8364,
#8365),(#8366,#8367)),.SURF_OF_LINEAR_EXTRUSION.,.F.,.F.,.F.,(4,4),(2,2),
(0.,1.),(0.,1.),.PIECEWISE_BEZIER_KNOTS.);
#81=B_SPLINE_SURFACE_WITH_KNOTS('',3,1,((#8373,#8374),(#8375,#8376),(#8377,
#8378),(#8379,#8380)),.SURF_OF_LINEAR_EXTRUSION.,.F.,.F.,.F.,(4,4),(2,2),
(0.,1.),(0.,1.),.PIECEWISE_BEZIER_KNOTS.);
#82=B_SPLINE_SURFACE_WITH_KNOTS('',3,1,((#8386,#8387),(#8388,#8389),(#8390,
#8391),(#8392,#8393)),.SURF_OF_LINEAR_EXTRUSION.,.F.,.F.,.F.,(4,4),(2,2),
(0.,1.),(0.,1.),.PIECEWISE_BEZIER_KNOTS.);
#83=B_SPLINE_SURFACE_WITH_KNOTS('',3,1,((#8399,#8400),(#8401,#8402),(#8403,
#8404),(#8405,#8406)),.SURF_OF_LINEAR_EXTRUSION.,.F.,.F.,.F.,(4,4),(2,2),
(0.,1.),(0.,1.),.PIECEWISE_BEZIER_KNOTS.);
#84=B_SPLINE_SURFACE_WITH_KNOTS('',3,1,((#8420,#8421),(#8422,#8423),(#8424,
#8425),(#8426,#8427)),.SURF_OF_LINEAR_EXTRUSION.,.F.,.F.,.F.,(4,4),(2,2),
(0.,1.),(0.,1.),.PIECEWISE_BEZIER_KNOTS.);
#85=B_SPLINE_SURFACE_WITH_KNOTS('',3,1,((#8432,#8433),(#8434,#8435),(#8436,
#8437),(#8438,#8439)),.SURF_OF_LINEAR_EXTRUSION.,.F.,.F.,.F.,(4,4),(2,2),
(0.,1.),(0.,1.),.PIECEWISE_BEZIER_KNOTS.);
#86=B_SPLINE_SURFACE_WITH_KNOTS('',3,1,((#8455,#8456),(#8457,#8458),(#8459,
#8460),(#8461,#8462)),.SURF_OF_LINEAR_EXTRUSION.,.F.,.F.,.F.,(4,4),(2,2),
(0.,1.),(0.,1.),.PIECEWISE_BEZIER_KNOTS.);
#87=B_SPLINE_SURFACE_WITH_KNOTS('',3,1,((#8516,#8517),(#8518,#8519),(#8520,
#8521),(#8522,#8523)),.SURF_OF_LINEAR_EXTRUSION.,.F.,.F.,.F.,(4,4),(2,2),
(0.,1.),(0.,1.),.PIECEWISE_BEZIER_KNOTS.);
#88=B_SPLINE_SURFACE_WITH_KNOTS('',3,1,((#8529,#8530),(#8531,#8532),(#8533,
#8534),(#8535,#8536)),.SURF_OF_LINEAR_EXTRUSION.,.F.,.F.,.F.,(4,4),(2,2),
(0.,1.),(0.,1.),.PIECEWISE_BEZIER_KNOTS.);
#89=B_SPLINE_SURFACE_WITH_KNOTS('',3,1,((#8550,#8551),(#8552,#8553),(#8554,
#8555),(#8556,#8557)),.SURF_OF_LINEAR_EXTRUSION.,.F.,.F.,.F.,(4,4),(2,2),
(0.,1.),(0.,1.),.PIECEWISE_BEZIER_KNOTS.);
#90=B_SPLINE_SURFACE_WITH_KNOTS('',3,1,((#8563,#8564),(#8565,#8566),(#8567,
#8568),(#8569,#8570)),.SURF_OF_LINEAR_EXTRUSION.,.F.,.F.,.F.,(4,4),(2,2),
(0.,1.),(0.,1.),.PIECEWISE_BEZIER_KNOTS.);
#91=B_SPLINE_SURFACE_WITH_KNOTS('',3,1,((#8592,#8593),(#8594,#8595),(#8596,
#8597),(#8598,#8599)),.SURF_OF_LINEAR_EXTRUSION.,.F.,.F.,.F.,(4,4),(2,2),
(0.,1.),(0.,1.),.PIECEWISE_BEZIER_KNOTS.);
#92=B_SPLINE_SURFACE_WITH_KNOTS('',3,1,((#8605,#8606),(#8607,#8608),(#8609,
#8610),(#8611,#8612)),.SURF_OF_LINEAR_EXTRUSION.,.F.,.F.,.F.,(4,4),(2,2),
(0.,1.),(0.,1.),.PIECEWISE_BEZIER_KNOTS.);
#93=B_SPLINE_SURFACE_WITH_KNOTS('',3,1,((#8618,#8619),(#8620,#8621),(#8622,
#8623),(#8624,#8625)),.SURF_OF_LINEAR_EXTRUSION.,.F.,.F.,.F.,(4,4),(2,2),
(0.,1.),(0.,1.),.PIECEWISE_BEZIER_KNOTS.);
#94=B_SPLINE_SURFACE_WITH_KNOTS('',3,1,((#8631,#8632),(#8633,#8634),(#8635,
#8636),(#8637,#8638)),.SURF_OF_LINEAR_EXTRUSION.,.F.,.F.,.F.,(4,4),(2,2),
(0.,1.),(0.,1.),.PIECEWISE_BEZIER_KNOTS.);
#95=B_SPLINE_SURFACE_WITH_KNOTS('',3,1,((#8648,#8649),(#8650,#8651),(#8652,
#8653),(#8654,#8655)),.SURF_OF_LINEAR_EXTRUSION.,.F.,.F.,.F.,(4,4),(2,2),
(0.,1.),(0.,1.),.PIECEWISE_BEZIER_KNOTS.);
#96=B_SPLINE_SURFACE_WITH_KNOTS('',3,1,((#8686,#8687),(#8688,#8689),(#8690,
#8691),(#8692,#8693)),.SURF_OF_LINEAR_EXTRUSION.,.F.,.F.,.F.,(4,4),(2,2),
(0.,1.),(0.,1.),.PIECEWISE_BEZIER_KNOTS.);
#97=B_SPLINE_SURFACE_WITH_KNOTS('',3,1,((#8719,#8720),(#8721,#8722),(#8723,
#8724),(#8725,#8726)),.SURF_OF_LINEAR_EXTRUSION.,.F.,.F.,.F.,(4,4),(2,2),
(0.,1.),(0.,1.),.PIECEWISE_BEZIER_KNOTS.);
#98=B_SPLINE_SURFACE_WITH_KNOTS('',3,1,((#8732,#8733),(#8734,#8735),(#8736,
#8737),(#8738,#8739)),.SURF_OF_LINEAR_EXTRUSION.,.F.,.F.,.F.,(4,4),(2,2),
(0.,1.),(0.,1.),.PIECEWISE_BEZIER_KNOTS.);
#99=B_SPLINE_SURFACE_WITH_KNOTS('',3,1,((#8757,#8758),(#8759,#8760),(#8761,
#8762),(#8763,#8764)),.SURF_OF_LINEAR_EXTRUSION.,.F.,.F.,.F.,(4,4),(2,2),
(0.,1.),(0.,1.),.PIECEWISE_BEZIER_KNOTS.);
#100=B_SPLINE_SURFACE_WITH_KNOTS('',3,1,((#8782,#8783),(#8784,#8785),(#8786,
#8787),(#8788,#8789)),.SURF_OF_LINEAR_EXTRUSION.,.F.,.F.,.F.,(4,4),(2,2),
(0.,1.),(0.,1.),.PIECEWISE_BEZIER_KNOTS.);
#101=B_SPLINE_SURFACE_WITH_KNOTS('',3,1,((#8795,#8796),(#8797,#8798),(#8799,
#8800),(#8801,#8802)),.SURF_OF_LINEAR_EXTRUSION.,.F.,.F.,.F.,(4,4),(2,2),
(0.,1.),(0.,1.),.PIECEWISE_BEZIER_KNOTS.);
#102=CYLINDRICAL_SURFACE('',#5058,0.002);
#103=CYLINDRICAL_SURFACE('',#5059,0.002);
#104=CYLINDRICAL_SURFACE('',#5060,0.002);
#105=CYLINDRICAL_SURFACE('',#5061,0.002);
#106=CYLINDRICAL_SURFACE('',#5069,0.0023212857571581);
#107=CYLINDRICAL_SURFACE('',#5071,0.00336491312991613);
#108=CYLINDRICAL_SURFACE('',#5075,0.00115765376999906);
#109=CYLINDRICAL_SURFACE('',#5088,0.00105871202281167);
#110=CYLINDRICAL_SURFACE('',#5090,0.000526784014426421);
#111=CYLINDRICAL_SURFACE('',#5095,0.00267218426135251);
#112=CYLINDRICAL_SURFACE('',#5098,0.00211676879356735);
#113=CYLINDRICAL_SURFACE('',#5104,0.0013673320350149);
#114=CYLINDRICAL_SURFACE('',#5106,0.000327492401686283);
#115=CYLINDRICAL_SURFACE('',#5108,0.000338723707709886);
#116=CYLINDRICAL_SURFACE('',#5110,0.000321812269259287);
#117=CYLINDRICAL_SURFACE('',#5115,0.00392366621496934);
#118=CYLINDRICAL_SURFACE('',#5120,0.000508133424193419);
#119=CYLINDRICAL_SURFACE('',#5123,0.00393585956410335);
#120=CYLINDRICAL_SURFACE('',#5127,0.00391361144493707);
#121=CYLINDRICAL_SURFACE('',#5130,0.00053849365795968);
#122=CYLINDRICAL_SURFACE('',#5133,0.00391361144493466);
#123=CYLINDRICAL_SURFACE('',#5137,0.00393585956410347);
#124=CYLINDRICAL_SURFACE('',#5142,0.000754122433154952);
#125=CYLINDRICAL_SURFACE('',#5145,0.000508133424193779);
#126=CYLINDRICAL_SURFACE('',#5148,0.00393585956112289);
#127=CYLINDRICAL_SURFACE('',#5152,0.00391361144493489);
#128=CYLINDRICAL_SURFACE('',#5155,0.000538493657959768);
#129=CYLINDRICAL_SURFACE('',#5158,0.00391361144492175);
#130=CYLINDRICAL_SURFACE('',#5162,0.00393585956408761);
#131=CYLINDRICAL_SURFACE('',#5167,0.000754122433155096);
#132=CYLINDRICAL_SURFACE('',#5185,0.000493420401984573);
#133=CYLINDRICAL_SURFACE('',#5187,0.00076926578823482);
#134=CYLINDRICAL_SURFACE('',#5189,0.000920413628391771);
#135=CYLINDRICAL_SURFACE('',#5192,0.000374743962894646);
#136=CYLINDRICAL_SURFACE('',#5195,0.000703311141150774);
#137=CYLINDRICAL_SURFACE('',#5200,0.000901712118782329);
#138=CYLINDRICAL_SURFACE('',#5205,0.00337155037448686);
#139=CYLINDRICAL_SURFACE('',#5208,0.00283025583919584);
#140=CYLINDRICAL_SURFACE('',#5210,0.00341274483164033);
#141=CYLINDRICAL_SURFACE('',#5215,0.0008466902767695);
#142=CYLINDRICAL_SURFACE('',#5218,0.00253361876831104);
#143=CYLINDRICAL_SURFACE('',#5221,0.00108527562648648);
#144=CYLINDRICAL_SURFACE('',#5223,0.000672027237198336);
#145=CYLINDRICAL_SURFACE('',#5225,0.000891634894997422);
#146=CYLINDRICAL_SURFACE('',#5227,0.00107173195014868);
#147=CYLINDRICAL_SURFACE('',#5229,0.00218147528179904);
#148=CYLINDRICAL_SURFACE('',#5232,0.000466802199946441);
#149=CYLINDRICAL_SURFACE('',#5234,0.000385333260804189);
#150=CYLINDRICAL_SURFACE('',#5236,0.00032735139519113);
#151=CYLINDRICAL_SURFACE('',#5238,0.000284427034302296);
#152=CYLINDRICAL_SURFACE('',#5240,0.000289390479382949);
#153=CYLINDRICAL_SURFACE('',#5242,0.000454489491638904);
#154=CYLINDRICAL_SURFACE('',#5244,0.0013815684168837);
#155=CYLINDRICAL_SURFACE('',#5247,0.000954227424417712);
#156=CYLINDRICAL_SURFACE('',#5249,0.00064958500426512);
#157=CYLINDRICAL_SURFACE('',#5251,0.00145628537955359);
#158=CYLINDRICAL_SURFACE('',#5254,0.000817420720196497);
#159=CYLINDRICAL_SURFACE('',#5256,0.000498642267938123);
#160=CYLINDRICAL_SURFACE('',#5263,0.000963738067169678);
#161=CYLINDRICAL_SURFACE('',#5265,0.000522944881110423);
#162=CYLINDRICAL_SURFACE('',#5267,0.000257042853564208);
#163=CYLINDRICAL_SURFACE('',#5272,0.000853233334374047);
#164=CYLINDRICAL_SURFACE('',#5274,0.000541870433673866);
#165=CYLINDRICAL_SURFACE('',#5279,0.000519069118985894);
#166=CYLINDRICAL_SURFACE('',#5281,0.000532502104646884);
#167=CYLINDRICAL_SURFACE('',#5283,0.000943997358115552);
#168=CYLINDRICAL_SURFACE('',#5285,0.000571864850117324);
#169=CYLINDRICAL_SURFACE('',#5287,0.000925963494396856);
#170=CYLINDRICAL_SURFACE('',#5289,0.00104140764323139);
#171=CIRCLE('',#4989,0.000498642267938123);
#172=CIRCLE('',#4990,0.000817420720196497);
#173=CIRCLE('',#4991,0.00145628537955359);
#174=CIRCLE('',#4992,0.00064958500426512);
#175=CIRCLE('',#4993,0.000954227424417712);
#176=CIRCLE('',#4994,0.0013815684168837);
#177=CIRCLE('',#4995,0.000454489491638904);
#178=CIRCLE('',#4996,0.000289390479382949);
#179=CIRCLE('',#4997,0.000284427034302296);
#180=CIRCLE('',#4998,0.00032735139519113);
#181=CIRCLE('',#4999,0.000385333260804189);
#182=CIRCLE('',#5000,0.000466802199946441);
#183=CIRCLE('',#5001,0.00218147528179904);
#184=CIRCLE('',#5002,0.00107173195014868);
#185=CIRCLE('',#5003,0.000891634894997422);
#186=CIRCLE('',#5004,0.000672027237198336);
#187=CIRCLE('',#5005,0.00108527562648648);
#188=CIRCLE('',#5006,0.000703311141150774);
#189=CIRCLE('',#5007,0.000374743962894646);
#190=CIRCLE('',#5008,0.000920413628391771);
#191=CIRCLE('',#5009,0.000769995457063563);
#192=CIRCLE('',#5010,0.000493420401984573);
#193=CIRCLE('',#5011,0.000754122433155096);
#194=CIRCLE('',#5012,0.00392366621496934);
#195=CIRCLE('',#5013,0.000321812269259287);
#196=CIRCLE('',#5014,0.000338723707709886);
#197=CIRCLE('',#5015,0.000327492401686283);
#198=CIRCLE('',#5016,0.0013673320350149);
#199=CIRCLE('',#5017,0.002);
#200=CIRCLE('',#5018,0.002);
#201=CIRCLE('',#5019,0.002);
#202=CIRCLE('',#5020,0.002);
#203=CIRCLE('',#5021,0.000526784014426421);
#204=CIRCLE('',#5022,0.00105871202281167);
#205=CIRCLE('',#5023,0.00115765376999906);
#206=CIRCLE('',#5024,0.00336491312991613);
#207=CIRCLE('',#5025,0.0023212857571581);
#208=CIRCLE('',#5026,0.000754122433154952);
#209=CIRCLE('',#5027,0.00253361876831104);
#210=CIRCLE('',#5028,0.0008466902767695);
#211=CIRCLE('',#5029,0.00341274483164033);
#212=CIRCLE('',#5030,0.00283025583919584);
#213=CIRCLE('',#5031,0.00337155037448686);
#214=CIRCLE('',#5032,0.000901712118782329);
#215=CIRCLE('',#5033,0.00104140764323139);
#216=CIRCLE('',#5034,0.000925963494396856);
#217=CIRCLE('',#5035,0.000571864850117324);
#218=CIRCLE('',#5036,0.000943997358115552);
#219=CIRCLE('',#5037,0.000532502104646884);
#220=CIRCLE('',#5038,0.000519069118985894);
#221=CIRCLE('',#5039,0.000541870433673866);
#222=CIRCLE('',#5040,0.000853233334374047);
#223=CIRCLE('',#5041,0.000257042853564208);
#224=CIRCLE('',#5042,0.000522944881110423);
#225=CIRCLE('',#5043,0.000963738067169678);
#226=CIRCLE('',#5045,0.002);
#227=CIRCLE('',#5046,0.002);
#228=CIRCLE('',#5047,0.002);
#229=CIRCLE('',#5048,0.002);
#230=CIRCLE('',#5070,0.0023212857571581);
#231=CIRCLE('',#5072,0.00336491312991613);
#232=CIRCLE('',#5076,0.00115765376999906);
#233=CIRCLE('',#5089,0.00105871202281167);
#234=CIRCLE('',#5091,0.000526784014426421);
#235=CIRCLE('',#5096,0.00267218426135251);
#236=CIRCLE('',#5097,0.00267218426135251);
#237=CIRCLE('',#5099,0.00211676879356735);
#238=CIRCLE('',#5100,0.00211676879356735);
#239=CIRCLE('',#5105,0.0013673320350149);
#240=CIRCLE('',#5107,0.000327492401686283);
#241=CIRCLE('',#5109,0.000338723707709886);
#242=CIRCLE('',#5111,0.000321812269259287);
#243=CIRCLE('',#5116,0.00392366621496934);
#244=CIRCLE('',#5121,0.000508133424193419);
#245=CIRCLE('',#5122,0.000508133424193419);
#246=CIRCLE('',#5124,0.00393585956410335);
#247=CIRCLE('',#5125,0.00393585956410335);
#248=CIRCLE('',#5128,0.00391361144493707);
#249=CIRCLE('',#5129,0.00391361144493707);
#250=CIRCLE('',#5131,0.00053849365795968);
#251=CIRCLE('',#5132,0.00053849365795968);
#252=CIRCLE('',#5134,0.00391361144493466);
#253=CIRCLE('',#5135,0.00391361144493466);
#254=CIRCLE('',#5138,0.00393585956410347);
#255=CIRCLE('',#5139,0.00393585956410347);
#256=CIRCLE('',#5143,0.000754122433154952);
#257=CIRCLE('',#5146,0.000508133424193779);
#258=CIRCLE('',#5147,0.000508133424193779);
#259=CIRCLE('',#5149,0.00393585956112289);
#260=CIRCLE('',#5150,0.00393585956112289);
#261=CIRCLE('',#5153,0.00391361144493489);
#262=CIRCLE('',#5154,0.00391361144493489);
#263=CIRCLE('',#5156,0.000538493657959768);
#264=CIRCLE('',#5157,0.000538493657959768);
#265=CIRCLE('',#5159,0.00391361144492175);
#266=CIRCLE('',#5160,0.00391361144492175);
#267=CIRCLE('',#5163,0.00393585956408761);
#268=CIRCLE('',#5164,0.00393585956408761);
#269=CIRCLE('',#5168,0.000754122433155096);
#270=CIRCLE('',#5186,0.000493420401984573);
#271=CIRCLE('',#5188,0.000769995457063563);
#272=CIRCLE('',#5190,0.000920413628391771);
#273=CIRCLE('',#5193,0.000374743962894646);
#274=CIRCLE('',#5196,0.000703311141150774);
#275=CIRCLE('',#5201,0.000901712118782329);
#276=CIRCLE('',#5206,0.00337155037448686);
#277=CIRCLE('',#5209,0.00283025583919584);
#278=CIRCLE('',#5211,0.00341274483164033);
#279=CIRCLE('',#5216,0.0008466902767695);
#280=CIRCLE('',#5219,0.00253361876831104);
#281=CIRCLE('',#5222,0.00108527562648648);
#282=CIRCLE('',#5224,0.000672027237198336);
#283=CIRCLE('',#5226,0.000891634894997422);
#284=CIRCLE('',#5228,0.00107173195014868);
#285=CIRCLE('',#5230,0.00218147528179904);
#286=CIRCLE('',#5233,0.000466802199946441);
#287=CIRCLE('',#5235,0.000385333260804189);
#288=CIRCLE('',#5237,0.00032735139519113);
#289=CIRCLE('',#5239,0.000284427034302296);
#290=CIRCLE('',#5241,0.000289390479382949);
#291=CIRCLE('',#5243,0.000454489491638904);
#292=CIRCLE('',#5245,0.0013815684168837);
#293=CIRCLE('',#5248,0.000954227424417712);
#294=CIRCLE('',#5250,0.00064958500426512);
#295=CIRCLE('',#5252,0.00145628537955359);
#296=CIRCLE('',#5255,0.000817420720196497);
#297=CIRCLE('',#5257,0.000498642267938123);
#298=CIRCLE('',#5264,0.000963738067169678);
#299=CIRCLE('',#5266,0.000522944881110423);
#300=CIRCLE('',#5268,0.000257042853564208);
#301=CIRCLE('',#5273,0.000853233334374047);
#302=CIRCLE('',#5275,0.000541870433673866);
#303=CIRCLE('',#5280,0.000519069118985894);
#304=CIRCLE('',#5282,0.000532502104646884);
#305=CIRCLE('',#5284,0.000943997358115552);
#306=CIRCLE('',#5286,0.000571864850117324);
#307=CIRCLE('',#5288,0.000925963494396856);
#308=CIRCLE('',#5290,0.00104140764323139);
#309=LINE('',#6354,#732);
#310=LINE('',#6376,#733);
#311=LINE('',#6400,#734);
#312=LINE('',#6416,#735);
#313=LINE('',#6431,#736);
#314=LINE('',#6434,#737);
#315=LINE('',#6436,#738);
#316=LINE('',#6444,#739);
#317=LINE('',#6448,#740);
#318=LINE('',#6460,#741);
#319=LINE('',#6462,#742);
#320=LINE('',#6474,#743);
#321=LINE('',#6500,#744);
#322=LINE('',#6526,#745);
#323=LINE('',#6550,#746);
#324=LINE('',#6552,#747);
#325=LINE('',#6554,#748);
#326=LINE('',#6572,#749);
#327=LINE('',#6574,#750);
#328=LINE('',#6576,#751);
#329=LINE('',#6585,#752);
#330=LINE('',#6588,#753);
#331=LINE('',#6590,#754);
#332=LINE('',#6592,#755);
#333=LINE('',#6593,#756);
#334=LINE('',#6596,#757);
#335=LINE('',#6598,#758);
#336=LINE('',#6600,#759);
#337=LINE('',#6601,#760);
#338=LINE('',#6606,#761);
#339=LINE('',#6610,#762);
#340=LINE('',#6614,#763);
#341=LINE('',#6626,#764);
#342=LINE('',#6628,#765);
#343=LINE('',#6630,#766);
#344=LINE('',#6632,#767);
#345=LINE('',#6634,#768);
#346=LINE('',#6636,#769);
#347=LINE('',#6638,#770);
#348=LINE('',#6640,#771);
#349=LINE('',#6642,#772);
#350=LINE('',#6644,#773);
#351=LINE('',#6646,#774);
#352=LINE('',#6658,#775);
#353=LINE('',#6660,#776);
#354=LINE('',#6676,#777);
#355=LINE('',#6702,#778);
#356=LINE('',#6715,#779);
#357=LINE('',#6718,#780);
#358=LINE('',#6720,#781);
#359=LINE('',#6722,#782);
#360=LINE('',#6724,#783);
#361=LINE('',#6726,#784);
#362=LINE('',#6728,#785);
#363=LINE('',#6730,#786);
#364=LINE('',#6742,#787);
#365=LINE('',#6766,#788);
#366=LINE('',#6768,#789);
#367=LINE('',#6770,#790);
#368=LINE('',#6792,#791);
#369=LINE('',#6816,#792);
#370=LINE('',#6818,#793);
#371=LINE('',#6820,#794);
#372=LINE('',#6831,#795);
#373=LINE('',#6834,#796);
#374=LINE('',#6836,#797);
#375=LINE('',#6862,#798);
#376=LINE('',#6864,#799);
#377=LINE('',#6866,#800);
#378=LINE('',#6880,#801);
#379=LINE('',#6882,#802);
#380=LINE('',#6884,#803);
#381=LINE('',#6896,#804);
#382=LINE('',#6898,#805);
#383=LINE('',#6900,#806);
#384=LINE('',#6905,#807);
#385=LINE('',#6909,#808);
#386=LINE('',#6913,#809);
#387=LINE('',#6916,#810);
#388=LINE('',#6919,#811);
#389=LINE('',#6921,#812);
#390=LINE('',#6923,#813);
#391=LINE('',#6925,#814);
#392=LINE('',#6927,#815);
#393=LINE('',#6929,#816);
#394=LINE('',#6932,#817);
#395=LINE('',#6934,#818);
#396=LINE('',#6936,#819);
#397=LINE('',#6937,#820);
#398=LINE('',#6940,#821);
#399=LINE('',#6942,#822);
#400=LINE('',#6944,#823);
#401=LINE('',#6946,#824);
#402=LINE('',#6948,#825);
#403=LINE('',#6950,#826);
#404=LINE('',#6951,#827);
#405=LINE('',#6953,#828);
#406=LINE('',#6954,#829);
#407=LINE('',#6956,#830);
#408=LINE('',#6957,#831);
#409=LINE('',#6959,#832);
#410=LINE('',#6960,#833);
#411=LINE('',#6962,#834);
#412=LINE('',#6964,#835);
#413=LINE('',#6965,#836);
#414=LINE('',#6967,#837);
#415=LINE('',#6969,#838);
#416=LINE('',#6970,#839);
#417=LINE('',#6976,#840);
#418=LINE('',#6977,#841);
#419=LINE('',#6979,#842);
#420=LINE('',#6981,#843);
#421=LINE('',#6984,#844);
#422=LINE('',#6986,#845);
#423=LINE('',#6996,#846);
#424=LINE('',#7002,#847);
#425=LINE('',#7004,#848);
#426=LINE('',#7008,#849);
#427=LINE('',#7012,#850);
#428=LINE('',#7014,#851);
#429=LINE('',#7016,#852);
#430=LINE('',#7018,#853);
#431=LINE('',#7020,#854);
#432=LINE('',#7031,#855);
#433=LINE('',#7044,#856);
#434=LINE('',#7050,#857);
#435=LINE('',#7052,#858);
#436=LINE('',#7054,#859);
#437=LINE('',#7056,#860);
#438=LINE('',#7058,#861);
#439=LINE('',#7060,#862);
#440=LINE('',#7062,#863);
#441=LINE('',#7064,#864);
#442=LINE('',#7066,#865);
#443=LINE('',#7068,#866);
#444=LINE('',#7070,#867);
#445=LINE('',#7072,#868);
#446=LINE('',#7074,#869);
#447=LINE('',#7076,#870);
#448=LINE('',#7078,#871);
#449=LINE('',#7080,#872);
#450=LINE('',#7082,#873);
#451=LINE('',#7084,#874);
#452=LINE('',#7086,#875);
#453=LINE('',#7088,#876);
#454=LINE('',#7090,#877);
#455=LINE('',#7092,#878);
#456=LINE('',#7094,#879);
#457=LINE('',#7101,#880);
#458=LINE('',#7104,#881);
#459=LINE('',#7106,#882);
#460=LINE('',#7108,#883);
#461=LINE('',#7110,#884);
#462=LINE('',#7112,#885);
#463=LINE('',#7114,#886);
#464=LINE('',#7118,#887);
#465=LINE('',#7133,#888);
#466=LINE('',#7150,#889);
#467=LINE('',#7167,#890);
#468=LINE('',#7184,#891);
#469=LINE('',#7192,#892);
#470=LINE('',#7203,#893);
#471=LINE('',#7209,#894);
#472=LINE('',#7218,#895);
#473=LINE('',#7231,#896);
#474=LINE('',#7237,#897);
#475=LINE('',#7239,#898);
#476=LINE('',#7241,#899);
#477=LINE('',#7243,#900);
#478=LINE('',#7245,#901);
#479=LINE('',#7247,#902);
#480=LINE('',#7249,#903);
#481=LINE('',#7253,#904);
#482=LINE('',#7264,#905);
#483=LINE('',#7270,#906);
#484=LINE('',#7274,#907);
#485=LINE('',#7285,#908);
#486=LINE('',#7291,#909);
#487=LINE('',#7293,#910);
#488=LINE('',#7295,#911);
#489=LINE('',#7297,#912);
#490=LINE('',#7299,#913);
#491=LINE('',#7301,#914);
#492=LINE('',#7303,#915);
#493=LINE('',#7314,#916);
#494=LINE('',#7327,#917);
#495=LINE('',#7340,#918);
#496=LINE('',#7353,#919);
#497=LINE('',#7366,#920);
#498=LINE('',#7372,#921);
#499=LINE('',#7374,#922);
#500=LINE('',#7383,#923);
#501=LINE('',#7400,#924);
#502=LINE('',#7401,#925);
#503=LINE('',#7416,#926);
#504=LINE('',#7422,#927);
#505=LINE('',#7435,#928);
#506=LINE('',#7443,#929);
#507=LINE('',#7449,#930);
#508=LINE('',#7453,#931);
#509=LINE('',#7455,#932);
#510=LINE('',#7457,#933);
#511=LINE('',#7461,#934);
#512=LINE('',#7476,#935);
#513=LINE('',#7493,#936);
#514=LINE('',#7510,#937);
#515=LINE('',#7518,#938);
#516=LINE('',#7524,#939);
#517=LINE('',#7528,#940);
#518=LINE('',#7530,#941);
#519=LINE('',#7532,#942);
#520=LINE('',#7536,#943);
#521=LINE('',#7547,#944);
#522=LINE('',#7553,#945);
#523=LINE('',#7562,#946);
#524=LINE('',#7575,#947);
#525=LINE('',#7588,#948);
#526=LINE('',#7594,#949);
#527=LINE('',#7596,#950);
#528=LINE('',#7605,#951);
#529=LINE('',#7618,#952);
#530=LINE('',#7631,#953);
#531=LINE('',#7644,#954);
#532=LINE('',#7657,#955);
#533=LINE('',#7670,#956);
#534=LINE('',#7676,#957);
#535=LINE('',#7678,#958);
#536=LINE('',#7687,#959);
#537=LINE('',#7722,#960);
#538=LINE('',#7728,#961);
#539=LINE('',#7741,#962);
#540=LINE('',#7749,#963);
#541=LINE('',#7755,#964);
#542=LINE('',#7759,#965);
#543=LINE('',#7761,#966);
#544=LINE('',#7763,#967);
#545=LINE('',#7767,#968);
#546=LINE('',#7782,#969);
#547=LINE('',#7799,#970);
#548=LINE('',#7816,#971);
#549=LINE('',#7824,#972);
#550=LINE('',#7830,#973);
#551=LINE('',#7834,#974);
#552=LINE('',#7836,#975);
#553=LINE('',#7838,#976);
#554=LINE('',#7842,#977);
#555=LINE('',#7853,#978);
#556=LINE('',#7859,#979);
#557=LINE('',#7868,#980);
#558=LINE('',#7881,#981);
#559=LINE('',#7894,#982);
#560=LINE('',#7900,#983);
#561=LINE('',#7902,#984);
#562=LINE('',#7911,#985);
#563=LINE('',#7924,#986);
#564=LINE('',#7937,#987);
#565=LINE('',#7950,#988);
#566=LINE('',#7963,#989);
#567=LINE('',#7976,#990);
#568=LINE('',#7982,#991);
#569=LINE('',#7984,#992);
#570=LINE('',#7993,#993);
#571=LINE('',#8016,#994);
#572=LINE('',#8019,#995);
#573=LINE('',#8021,#996);
#574=LINE('',#8023,#997);
#575=LINE('',#8025,#998);
#576=LINE('',#8027,#999);
#577=LINE('',#8029,#1000);
#578=LINE('',#8031,#1001);
#579=LINE('',#8033,#1002);
#580=LINE('',#8035,#1003);
#581=LINE('',#8037,#1004);
#582=LINE('',#8039,#1005);
#583=LINE('',#8041,#1006);
#584=LINE('',#8043,#1007);
#585=LINE('',#8045,#1008);
#586=LINE('',#8047,#1009);
#587=LINE('',#8049,#1010);
#588=LINE('',#8051,#1011);
#589=LINE('',#8053,#1012);
#590=LINE('',#8055,#1013);
#591=LINE('',#8057,#1014);
#592=LINE('',#8059,#1015);
#593=LINE('',#8061,#1016);
#594=LINE('',#8063,#1017);
#595=LINE('',#8064,#1018);
#596=LINE('',#8067,#1019);
#597=LINE('',#8069,#1020);
#598=LINE('',#8071,#1021);
#599=LINE('',#8073,#1022);
#600=LINE('',#8075,#1023);
#601=LINE('',#8077,#1024);
#602=LINE('',#8079,#1025);
#603=LINE('',#8088,#1026);
#604=LINE('',#8094,#1027);
#605=LINE('',#8098,#1028);
#606=LINE('',#8102,#1029);
#607=LINE('',#8106,#1030);
#608=LINE('',#8108,#1031);
#609=LINE('',#8110,#1032);
#610=LINE('',#8114,#1033);
#611=LINE('',#8116,#1034);
#612=LINE('',#8118,#1035);
#613=LINE('',#8129,#1036);
#614=LINE('',#8135,#1037);
#615=LINE('',#8137,#1038);
#616=LINE('',#8139,#1039);
#617=LINE('',#8149,#1040);
#618=LINE('',#8155,#1041);
#619=LINE('',#8164,#1042);
#620=LINE('',#8170,#1043);
#621=LINE('',#8181,#1044);
#622=LINE('',#8187,#1045);
#623=LINE('',#8189,#1046);
#624=LINE('',#8191,#1047);
#625=LINE('',#8193,#1048);
#626=LINE('',#8195,#1049);
#627=LINE('',#8197,#1050);
#628=LINE('',#8199,#1051);
#629=LINE('',#8210,#1052);
#630=LINE('',#8223,#1053);
#631=LINE('',#8236,#1054);
#632=LINE('',#8249,#1055);
#633=LINE('',#8262,#1056);
#634=LINE('',#8268,#1057);
#635=LINE('',#8270,#1058);
#636=LINE('',#8272,#1059);
#637=LINE('',#8283,#1060);
#638=LINE('',#8296,#1061);
#639=LINE('',#8309,#1062);
#640=LINE('',#8322,#1063);
#641=LINE('',#8328,#1064);
#642=LINE('',#8332,#1065);
#643=LINE('',#8334,#1066);
#644=LINE('',#8336,#1067);
#645=LINE('',#8338,#1068);
#646=LINE('',#8340,#1069);
#647=LINE('',#8342,#1070);
#648=LINE('',#8351,#1071);
#649=LINE('',#8357,#1072);
#650=LINE('',#8368,#1073);
#651=LINE('',#8381,#1074);
#652=LINE('',#8394,#1075);
#653=LINE('',#8407,#1076);
#654=LINE('',#8413,#1077);
#655=LINE('',#8415,#1078);
#656=LINE('',#8417,#1079);
#657=LINE('',#8440,#1080);
#658=LINE('',#8446,#1081);
#659=LINE('',#8448,#1082);
#660=LINE('',#8452,#1083);
#661=LINE('',#8463,#1084);
#662=LINE('',#8469,#1085);
#663=LINE('',#8473,#1086);
#664=LINE('',#8477,#1087);
#665=LINE('',#8481,#1088);
#666=LINE('',#8483,#1089);
#667=LINE('',#8485,#1090);
#668=LINE('',#8489,#1091);
#669=LINE('',#8493,#1092);
#670=LINE('',#8497,#1093);
#671=LINE('',#8501,#1094);
#672=LINE('',#8505,#1095);
#673=LINE('',#8509,#1096);
#674=LINE('',#8513,#1097);
#675=LINE('',#8515,#1098);
#676=LINE('',#8524,#1099);
#677=LINE('',#8537,#1100);
#678=LINE('',#8543,#1101);
#679=LINE('',#8547,#1102);
#680=LINE('',#8558,#1103);
#681=LINE('',#8571,#1104);
#682=LINE('',#8577,#1105);
#683=LINE('',#8581,#1106);
#684=LINE('',#8583,#1107);
#685=LINE('',#8585,#1108);
#686=LINE('',#8589,#1109);
#687=LINE('',#8600,#1110);
#688=LINE('',#8613,#1111);
#689=LINE('',#8626,#1112);
#690=LINE('',#8639,#1113);
#691=LINE('',#8645,#1114);
#692=LINE('',#8647,#1115);
#693=LINE('',#8661,#1116);
#694=LINE('',#8663,#1117);
#695=LINE('',#8665,#1118);
#696=LINE('',#8667,#1119);
#697=LINE('',#8669,#1120);
#698=LINE('',#8671,#1121);
#699=LINE('',#8673,#1122);
#700=LINE('',#8675,#1123);
#701=LINE('',#8679,#1124);
#702=LINE('',#8683,#1125);
#703=LINE('',#8694,#1126);
#704=LINE('',#8700,#1127);
#705=LINE('',#8702,#1128);
#706=LINE('',#8704,#1129);
#707=LINE('',#8706,#1130);
#708=LINE('',#8708,#1131);
#709=LINE('',#8710,#1132);
#710=LINE('',#8712,#1133);
#711=LINE('',#8716,#1134);
#712=LINE('',#8727,#1135);
#713=LINE('',#8740,#1136);
#714=LINE('',#8746,#1137);
#715=LINE('',#8748,#1138);
#716=LINE('',#8750,#1139);
#717=LINE('',#8752,#1140);
#718=LINE('',#8754,#1141);
#719=LINE('',#8756,#1142);
#720=LINE('',#8765,#1143);
#721=LINE('',#8771,#1144);
#722=LINE('',#8775,#1145);
#723=LINE('',#8779,#1146);
#724=LINE('',#8790,#1147);
#725=LINE('',#8803,#1148);
#726=LINE('',#8809,#1149);
#727=LINE('',#8813,#1150);
#728=LINE('',#8817,#1151);
#729=LINE('',#8821,#1152);
#730=LINE('',#8823,#1153);
#731=LINE('',#8825,#1154);
#732=VECTOR('',#5302,1.);
#733=VECTOR('',#5307,1.);
#734=VECTOR('',#5314,1.);
#735=VECTOR('',#5329,1.);
#736=VECTOR('',#5340,1.);
#737=VECTOR('',#5341,1.);
#738=VECTOR('',#5342,1.);
#739=VECTOR('',#5345,1.);
#740=VECTOR('',#5348,1.);
#741=VECTOR('',#5355,1.);
#742=VECTOR('',#5356,1.);
#743=VECTOR('',#5359,1.);
#744=VECTOR('',#5360,1.);
#745=VECTOR('',#5361,1.);
#746=VECTOR('',#5364,1.);
#747=VECTOR('',#5365,1.);
#748=VECTOR('',#5366,1.);
#749=VECTOR('',#5375,1.);
#750=VECTOR('',#5376,1.);
#751=VECTOR('',#5377,1.);
#752=VECTOR('',#5378,1.);
#753=VECTOR('',#5379,1.);
#754=VECTOR('',#5380,1.);
#755=VECTOR('',#5381,1.);
#756=VECTOR('',#5382,1.);
#757=VECTOR('',#5383,1.);
#758=VECTOR('',#5384,1.);
#759=VECTOR('',#5385,1.);
#760=VECTOR('',#5386,1.);
#761=VECTOR('',#5389,1.);
#762=VECTOR('',#5392,1.);
#763=VECTOR('',#5395,1.);
#764=VECTOR('',#5402,1.);
#765=VECTOR('',#5403,1.);
#766=VECTOR('',#5404,1.);
#767=VECTOR('',#5405,1.);
#768=VECTOR('',#5406,1.);
#769=VECTOR('',#5407,1.);
#770=VECTOR('',#5408,1.);
#771=VECTOR('',#5409,1.);
#772=VECTOR('',#5410,1.);
#773=VECTOR('',#5411,1.);
#774=VECTOR('',#5412,1.);
#775=VECTOR('',#5415,1.);
#776=VECTOR('',#5416,1.);
#777=VECTOR('',#5423,1.);
#778=VECTOR('',#5424,1.);
#779=VECTOR('',#5425,1.);
#780=VECTOR('',#5426,1.);
#781=VECTOR('',#5427,1.);
#782=VECTOR('',#5428,1.);
#783=VECTOR('',#5429,1.);
#784=VECTOR('',#5430,1.);
#785=VECTOR('',#5431,1.);
#786=VECTOR('',#5432,1.);
#787=VECTOR('',#5435,1.);
#788=VECTOR('',#5438,1.);
#789=VECTOR('',#5439,1.);
#790=VECTOR('',#5440,1.);
#791=VECTOR('',#5445,1.);
#792=VECTOR('',#5448,1.);
#793=VECTOR('',#5449,1.);
#794=VECTOR('',#5450,1.);
#795=VECTOR('',#5453,1.);
#796=VECTOR('',#5454,1.);
#797=VECTOR('',#5455,1.);
#798=VECTOR('',#5468,1.);
#799=VECTOR('',#5469,1.);
#800=VECTOR('',#5470,1.);
#801=VECTOR('',#5475,1.);
#802=VECTOR('',#5476,1.);
#803=VECTOR('',#5477,1.);
#804=VECTOR('',#5484,1.);
#805=VECTOR('',#5485,1.);
#806=VECTOR('',#5488,1.);
#807=VECTOR('',#5491,1.);
#808=VECTOR('',#5494,1.);
#809=VECTOR('',#5497,1.);
#810=VECTOR('',#5500,1.);
#811=VECTOR('',#5501,1.);
#812=VECTOR('',#5502,1.);
#813=VECTOR('',#5503,1.);
#814=VECTOR('',#5504,1.);
#815=VECTOR('',#5505,1.);
#816=VECTOR('',#5508,1.);
#817=VECTOR('',#5509,1.);
#818=VECTOR('',#5510,1.);
#819=VECTOR('',#5511,1.);
#820=VECTOR('',#5512,1.);
#821=VECTOR('',#5513,1.);
#822=VECTOR('',#5514,1.);
#823=VECTOR('',#5515,1.);
#824=VECTOR('',#5516,1.);
#825=VECTOR('',#5517,1.);
#826=VECTOR('',#5520,1.);
#827=VECTOR('',#5521,1.);
#828=VECTOR('',#5524,1.);
#829=VECTOR('',#5525,1.);
#830=VECTOR('',#5528,1.);
#831=VECTOR('',#5529,1.);
#832=VECTOR('',#5532,1.);
#833=VECTOR('',#5533,1.);
#834=VECTOR('',#5536,1.);
#835=VECTOR('',#5539,1.);
#836=VECTOR('',#5540,1.);
#837=VECTOR('',#5543,1.);
#838=VECTOR('',#5546,1.);
#839=VECTOR('',#5547,1.);
#840=VECTOR('',#5558,1.);
#841=VECTOR('',#5559,1.);
#842=VECTOR('',#5562,1.);
#843=VECTOR('',#5565,1.);
#844=VECTOR('',#5570,1.);
#845=VECTOR('',#5573,1.);
#846=VECTOR('',#5576,1.);
#847=VECTOR('',#5577,1.);
#848=VECTOR('',#5580,1.);
#849=VECTOR('',#5585,1.);
#850=VECTOR('',#5590,1.);
#851=VECTOR('',#5591,1.);
#852=VECTOR('',#5594,1.);
#853=VECTOR('',#5595,1.);
#854=VECTOR('',#5598,1.);
#855=VECTOR('',#5601,1.);
#856=VECTOR('',#5602,1.);
#857=VECTOR('',#5605,1.);
#858=VECTOR('',#5606,1.);
#859=VECTOR('',#5609,1.);
#860=VECTOR('',#5610,1.);
#861=VECTOR('',#5613,1.);
#862=VECTOR('',#5614,1.);
#863=VECTOR('',#5617,1.);
#864=VECTOR('',#5618,1.);
#865=VECTOR('',#5621,1.);
#866=VECTOR('',#5622,1.);
#867=VECTOR('',#5625,1.);
#868=VECTOR('',#5626,1.);
#869=VECTOR('',#5629,1.);
#870=VECTOR('',#5630,1.);
#871=VECTOR('',#5633,1.);
#872=VECTOR('',#5634,1.);
#873=VECTOR('',#5637,1.);
#874=VECTOR('',#5638,1.);
#875=VECTOR('',#5641,1.);
#876=VECTOR('',#5642,1.);
#877=VECTOR('',#5645,1.);
#878=VECTOR('',#5646,1.);
#879=VECTOR('',#5649,1.);
#880=VECTOR('',#5660,1.);
#881=VECTOR('',#5661,1.);
#882=VECTOR('',#5662,1.);
#883=VECTOR('',#5663,1.);
#884=VECTOR('',#5666,1.);
#885=VECTOR('',#5667,1.);
#886=VECTOR('',#5668,1.);
#887=VECTOR('',#5673,1.);
#888=VECTOR('',#5676,1.);
#889=VECTOR('',#5677,1.);
#890=VECTOR('',#5678,1.);
#891=VECTOR('',#5679,1.);
#892=VECTOR('',#5684,1.);
#893=VECTOR('',#5687,1.);
#894=VECTOR('',#5688,1.);
#895=VECTOR('',#5689,1.);
#896=VECTOR('',#5690,1.);
#897=VECTOR('',#5693,1.);
#898=VECTOR('',#5694,1.);
#899=VECTOR('',#5697,1.);
#900=VECTOR('',#5698,1.);
#901=VECTOR('',#5701,1.);
#902=VECTOR('',#5702,1.);
#903=VECTOR('',#5705,1.);
#904=VECTOR('',#5710,1.);
#905=VECTOR('',#5713,1.);
#906=VECTOR('',#5716,1.);
#907=VECTOR('',#5721,1.);
#908=VECTOR('',#5724,1.);
#909=VECTOR('',#5727,1.);
#910=VECTOR('',#5728,1.);
#911=VECTOR('',#5731,1.);
#912=VECTOR('',#5732,1.);
#913=VECTOR('',#5735,1.);
#914=VECTOR('',#5736,1.);
#915=VECTOR('',#5739,1.);
#916=VECTOR('',#5742,1.);
#917=VECTOR('',#5743,1.);
#918=VECTOR('',#5744,1.);
#919=VECTOR('',#5745,1.);
#920=VECTOR('',#5746,1.);
#921=VECTOR('',#5749,1.);
#922=VECTOR('',#5750,1.);
#923=VECTOR('',#5751,1.);
#924=VECTOR('',#5754,1.);
#925=VECTOR('',#5755,1.);
#926=VECTOR('',#5758,1.);
#927=VECTOR('',#5759,1.);
#928=VECTOR('',#5760,1.);
#929=VECTOR('',#5765,1.);
#930=VECTOR('',#5772,1.);
#931=VECTOR('',#5777,1.);
#932=VECTOR('',#5778,1.);
#933=VECTOR('',#5779,1.);
#934=VECTOR('',#5784,1.);
#935=VECTOR('',#5787,1.);
#936=VECTOR('',#5788,1.);
#937=VECTOR('',#5789,1.);
#938=VECTOR('',#5794,1.);
#939=VECTOR('',#5801,1.);
#940=VECTOR('',#5806,1.);
#941=VECTOR('',#5807,1.);
#942=VECTOR('',#5808,1.);
#943=VECTOR('',#5813,1.);
#944=VECTOR('',#5816,1.);
#945=VECTOR('',#5817,1.);
#946=VECTOR('',#5818,1.);
#947=VECTOR('',#5819,1.);
#948=VECTOR('',#5820,1.);
#949=VECTOR('',#5823,1.);
#950=VECTOR('',#5824,1.);
#951=VECTOR('',#5825,1.);
#952=VECTOR('',#5826,1.);
#953=VECTOR('',#5827,1.);
#954=VECTOR('',#5828,1.);
#955=VECTOR('',#5829,1.);
#956=VECTOR('',#5830,1.);
#957=VECTOR('',#5833,1.);
#958=VECTOR('',#5834,1.);
#959=VECTOR('',#5835,1.);
#960=VECTOR('',#5842,1.);
#961=VECTOR('',#5843,1.);
#962=VECTOR('',#5844,1.);
#963=VECTOR('',#5849,1.);
#964=VECTOR('',#5856,1.);
#965=VECTOR('',#5861,1.);
#966=VECTOR('',#5862,1.);
#967=VECTOR('',#5863,1.);
#968=VECTOR('',#5868,1.);
#969=VECTOR('',#5871,1.);
#970=VECTOR('',#5872,1.);
#971=VECTOR('',#5873,1.);
#972=VECTOR('',#5878,1.);
#973=VECTOR('',#5885,1.);
#974=VECTOR('',#5890,1.);
#975=VECTOR('',#5891,1.);
#976=VECTOR('',#5892,1.);
#977=VECTOR('',#5897,1.);
#978=VECTOR('',#5900,1.);
#979=VECTOR('',#5901,1.);
#980=VECTOR('',#5902,1.);
#981=VECTOR('',#5903,1.);
#982=VECTOR('',#5904,1.);
#983=VECTOR('',#5907,1.);
#984=VECTOR('',#5908,1.);
#985=VECTOR('',#5909,1.);
#986=VECTOR('',#5910,1.);
#987=VECTOR('',#5911,1.);
#988=VECTOR('',#5912,1.);
#989=VECTOR('',#5913,1.);
#990=VECTOR('',#5914,1.);
#991=VECTOR('',#5917,1.);
#992=VECTOR('',#5918,1.);
#993=VECTOR('',#5919,1.);
#994=VECTOR('',#5928,1.);
#995=VECTOR('',#5929,1.);
#996=VECTOR('',#5930,1.);
#997=VECTOR('',#5931,1.);
#998=VECTOR('',#5934,1.);
#999=VECTOR('',#5935,1.);
#1000=VECTOR('',#5936,1.);
#1001=VECTOR('',#5939,1.);
#1002=VECTOR('',#5940,1.);
#1003=VECTOR('',#5941,1.);
#1004=VECTOR('',#5944,1.);
#1005=VECTOR('',#5945,1.);
#1006=VECTOR('',#5948,1.);
#1007=VECTOR('',#5949,1.);
#1008=VECTOR('',#5952,1.);
#1009=VECTOR('',#5953,1.);
#1010=VECTOR('',#5956,1.);
#1011=VECTOR('',#5957,1.);
#1012=VECTOR('',#5960,1.);
#1013=VECTOR('',#5961,1.);
#1014=VECTOR('',#5964,1.);
#1015=VECTOR('',#5965,1.);
#1016=VECTOR('',#5968,1.);
#1017=VECTOR('',#5971,1.);
#1018=VECTOR('',#5972,1.);
#1019=VECTOR('',#5977,1.);
#1020=VECTOR('',#5978,1.);
#1021=VECTOR('',#5979,1.);
#1022=VECTOR('',#5982,1.);
#1023=VECTOR('',#5983,1.);
#1024=VECTOR('',#5986,1.);
#1025=VECTOR('',#5987,1.);
#1026=VECTOR('',#5988,1.);
#1027=VECTOR('',#5991,1.);
#1028=VECTOR('',#5996,1.);
#1029=VECTOR('',#6001,1.);
#1030=VECTOR('',#6006,1.);
#1031=VECTOR('',#6007,1.);
#1032=VECTOR('',#6010,1.);
#1033=VECTOR('',#6015,1.);
#1034=VECTOR('',#6016,1.);
#1035=VECTOR('',#6019,1.);
#1036=VECTOR('',#6022,1.);
#1037=VECTOR('',#6025,1.);
#1038=VECTOR('',#6026,1.);
#1039=VECTOR('',#6029,1.);
#1040=VECTOR('',#6032,1.);
#1041=VECTOR('',#6033,1.);
#1042=VECTOR('',#6034,1.);
#1043=VECTOR('',#6037,1.);
#1044=VECTOR('',#6040,1.);
#1045=VECTOR('',#6043,1.);
#1046=VECTOR('',#6044,1.);
#1047=VECTOR('',#6047,1.);
#1048=VECTOR('',#6048,1.);
#1049=VECTOR('',#6051,1.);
#1050=VECTOR('',#6052,1.);
#1051=VECTOR('',#6055,1.);
#1052=VECTOR('',#6058,1.);
#1053=VECTOR('',#6059,1.);
#1054=VECTOR('',#6060,1.);
#1055=VECTOR('',#6061,1.);
#1056=VECTOR('',#6062,1.);
#1057=VECTOR('',#6065,1.);
#1058=VECTOR('',#6066,1.);
#1059=VECTOR('',#6069,1.);
#1060=VECTOR('',#6072,1.);
#1061=VECTOR('',#6073,1.);
#1062=VECTOR('',#6074,1.);
#1063=VECTOR('',#6075,1.);
#1064=VECTOR('',#6078,1.);
#1065=VECTOR('',#6083,1.);
#1066=VECTOR('',#6084,1.);
#1067=VECTOR('',#6087,1.);
#1068=VECTOR('',#6088,1.);
#1069=VECTOR('',#6091,1.);
#1070=VECTOR('',#6092,1.);
#1071=VECTOR('',#6093,1.);
#1072=VECTOR('',#6096,1.);
#1073=VECTOR('',#6099,1.);
#1074=VECTOR('',#6100,1.);
#1075=VECTOR('',#6101,1.);
#1076=VECTOR('',#6102,1.);
#1077=VECTOR('',#6105,1.);
#1078=VECTOR('',#6106,1.);
#1079=VECTOR('',#6109,1.);
#1080=VECTOR('',#6114,1.);
#1081=VECTOR('',#6115,1.);
#1082=VECTOR('',#6118,1.);
#1083=VECTOR('',#6123,1.);
#1084=VECTOR('',#6126,1.);
#1085=VECTOR('',#6129,1.);
#1086=VECTOR('',#6134,1.);
#1087=VECTOR('',#6139,1.);
#1088=VECTOR('',#6144,1.);
#1089=VECTOR('',#6145,1.);
#1090=VECTOR('',#6148,1.);
#1091=VECTOR('',#6153,1.);
#1092=VECTOR('',#6158,1.);
#1093=VECTOR('',#6163,1.);
#1094=VECTOR('',#6168,1.);
#1095=VECTOR('',#6173,1.);
#1096=VECTOR('',#6178,1.);
#1097=VECTOR('',#6183,1.);
#1098=VECTOR('',#6184,1.);
#1099=VECTOR('',#6185,1.);
#1100=VECTOR('',#6186,1.);
#1101=VECTOR('',#6189,1.);
#1102=VECTOR('',#6194,1.);
#1103=VECTOR('',#6197,1.);
#1104=VECTOR('',#6198,1.);
#1105=VECTOR('',#6201,1.);
#1106=VECTOR('',#6206,1.);
#1107=VECTOR('',#6207,1.);
#1108=VECTOR('',#6210,1.);
#1109=VECTOR('',#6215,1.);
#1110=VECTOR('',#6218,1.);
#1111=VECTOR('',#6219,1.);
#1112=VECTOR('',#6220,1.);
#1113=VECTOR('',#6221,1.);
#1114=VECTOR('',#6224,1.);
#1115=VECTOR('',#6225,1.);
#1116=VECTOR('',#6230,1.);
#1117=VECTOR('',#6231,1.);
#1118=VECTOR('',#6232,1.);
#1119=VECTOR('',#6235,1.);
#1120=VECTOR('',#6236,1.);
#1121=VECTOR('',#6239,1.);
#1122=VECTOR('',#6240,1.);
#1123=VECTOR('',#6243,1.);
#1124=VECTOR('',#6248,1.);
#1125=VECTOR('',#6253,1.);
#1126=VECTOR('',#6256,1.);
#1127=VECTOR('',#6259,1.);
#1128=VECTOR('',#6260,1.);
#1129=VECTOR('',#6263,1.);
#1130=VECTOR('',#6264,1.);
#1131=VECTOR('',#6267,1.);
#1132=VECTOR('',#6268,1.);
#1133=VECTOR('',#6271,1.);
#1134=VECTOR('',#6276,1.);
#1135=VECTOR('',#6279,1.);
#1136=VECTOR('',#6280,1.);
#1137=VECTOR('',#6283,1.);
#1138=VECTOR('',#6284,1.);
#1139=VECTOR('',#6287,1.);
#1140=VECTOR('',#6288,1.);
#1141=VECTOR('',#6291,1.);
#1142=VECTOR('',#6292,1.);
#1143=VECTOR('',#6293,1.);
#1144=VECTOR('',#6296,1.);
#1145=VECTOR('',#6301,1.);
#1146=VECTOR('',#6306,1.);
#1147=VECTOR('',#6309,1.);
#1148=VECTOR('',#6310,1.);
#1149=VECTOR('',#6313,1.);
#1150=VECTOR('',#6318,1.);
#1151=VECTOR('',#6323,1.);
#1152=VECTOR('',#6328,1.);
#1153=VECTOR('',#6329,1.);
#1154=VECTOR('',#6332,1.);
#1155=ORIENTED_EDGE('',*,*,#2637,.T.);
#1156=ORIENTED_EDGE('',*,*,#2638,.T.);
#1157=ORIENTED_EDGE('',*,*,#2639,.T.);
#1158=ORIENTED_EDGE('',*,*,#2640,.T.);
#1159=ORIENTED_EDGE('',*,*,#2641,.T.);
#1160=ORIENTED_EDGE('',*,*,#2642,.T.);
#1161=ORIENTED_EDGE('',*,*,#2643,.T.);
#1162=ORIENTED_EDGE('',*,*,#2644,.T.);
#1163=ORIENTED_EDGE('',*,*,#2645,.T.);
#1164=ORIENTED_EDGE('',*,*,#2646,.T.);
#1165=ORIENTED_EDGE('',*,*,#2647,.T.);
#1166=ORIENTED_EDGE('',*,*,#2648,.T.);
#1167=ORIENTED_EDGE('',*,*,#2649,.T.);
#1168=ORIENTED_EDGE('',*,*,#2650,.T.);
#1169=ORIENTED_EDGE('',*,*,#2651,.T.);
#1170=ORIENTED_EDGE('',*,*,#2652,.T.);
#1171=ORIENTED_EDGE('',*,*,#2653,.T.);
#1172=ORIENTED_EDGE('',*,*,#2654,.T.);
#1173=ORIENTED_EDGE('',*,*,#2655,.T.);
#1174=ORIENTED_EDGE('',*,*,#2656,.T.);
#1175=ORIENTED_EDGE('',*,*,#2657,.T.);
#1176=ORIENTED_EDGE('',*,*,#2658,.T.);
#1177=ORIENTED_EDGE('',*,*,#2659,.T.);
#1178=ORIENTED_EDGE('',*,*,#2660,.T.);
#1179=ORIENTED_EDGE('',*,*,#2661,.T.);
#1180=ORIENTED_EDGE('',*,*,#2662,.T.);
#1181=ORIENTED_EDGE('',*,*,#2663,.T.);
#1182=ORIENTED_EDGE('',*,*,#2664,.T.);
#1183=ORIENTED_EDGE('',*,*,#2665,.T.);
#1184=ORIENTED_EDGE('',*,*,#2666,.T.);
#1185=ORIENTED_EDGE('',*,*,#2667,.T.);
#1186=ORIENTED_EDGE('',*,*,#2668,.T.);
#1187=ORIENTED_EDGE('',*,*,#2669,.T.);
#1188=ORIENTED_EDGE('',*,*,#2670,.T.);
#1189=ORIENTED_EDGE('',*,*,#2671,.T.);
#1190=ORIENTED_EDGE('',*,*,#2672,.T.);
#1191=ORIENTED_EDGE('',*,*,#2673,.T.);
#1192=ORIENTED_EDGE('',*,*,#2674,.T.);
#1193=ORIENTED_EDGE('',*,*,#2675,.T.);
#1194=ORIENTED_EDGE('',*,*,#2676,.T.);
#1195=ORIENTED_EDGE('',*,*,#2677,.T.);
#1196=ORIENTED_EDGE('',*,*,#2678,.T.);
#1197=ORIENTED_EDGE('',*,*,#2679,.T.);
#1198=ORIENTED_EDGE('',*,*,#2680,.T.);
#1199=ORIENTED_EDGE('',*,*,#2681,.T.);
#1200=ORIENTED_EDGE('',*,*,#2682,.T.);
#1201=ORIENTED_EDGE('',*,*,#2683,.T.);
#1202=ORIENTED_EDGE('',*,*,#2684,.T.);
#1203=ORIENTED_EDGE('',*,*,#2685,.T.);
#1204=ORIENTED_EDGE('',*,*,#2686,.T.);
#1205=ORIENTED_EDGE('',*,*,#2687,.T.);
#1206=ORIENTED_EDGE('',*,*,#2688,.T.);
#1207=ORIENTED_EDGE('',*,*,#2689,.T.);
#1208=ORIENTED_EDGE('',*,*,#2690,.T.);
#1209=ORIENTED_EDGE('',*,*,#2691,.T.);
#1210=ORIENTED_EDGE('',*,*,#2692,.T.);
#1211=ORIENTED_EDGE('',*,*,#2693,.T.);
#1212=ORIENTED_EDGE('',*,*,#2694,.T.);
#1213=ORIENTED_EDGE('',*,*,#2695,.T.);
#1214=ORIENTED_EDGE('',*,*,#2696,.T.);
#1215=ORIENTED_EDGE('',*,*,#2697,.T.);
#1216=ORIENTED_EDGE('',*,*,#2698,.T.);
#1217=ORIENTED_EDGE('',*,*,#2699,.T.);
#1218=ORIENTED_EDGE('',*,*,#2700,.T.);
#1219=ORIENTED_EDGE('',*,*,#2701,.T.);
#1220=ORIENTED_EDGE('',*,*,#2702,.T.);
#1221=ORIENTED_EDGE('',*,*,#2703,.T.);
#1222=ORIENTED_EDGE('',*,*,#2704,.T.);
#1223=ORIENTED_EDGE('',*,*,#2705,.T.);
#1224=ORIENTED_EDGE('',*,*,#2706,.T.);
#1225=ORIENTED_EDGE('',*,*,#2707,.T.);
#1226=ORIENTED_EDGE('',*,*,#2708,.T.);
#1227=ORIENTED_EDGE('',*,*,#2709,.T.);
#1228=ORIENTED_EDGE('',*,*,#2710,.T.);
#1229=ORIENTED_EDGE('',*,*,#2711,.T.);
#1230=ORIENTED_EDGE('',*,*,#2712,.T.);
#1231=ORIENTED_EDGE('',*,*,#2713,.T.);
#1232=ORIENTED_EDGE('',*,*,#2714,.T.);
#1233=ORIENTED_EDGE('',*,*,#2715,.T.);
#1234=ORIENTED_EDGE('',*,*,#2716,.T.);
#1235=ORIENTED_EDGE('',*,*,#2717,.T.);
#1236=ORIENTED_EDGE('',*,*,#2718,.T.);
#1237=ORIENTED_EDGE('',*,*,#2719,.T.);
#1238=ORIENTED_EDGE('',*,*,#2720,.T.);
#1239=ORIENTED_EDGE('',*,*,#2721,.F.);
#1240=ORIENTED_EDGE('',*,*,#2722,.F.);
#1241=ORIENTED_EDGE('',*,*,#2723,.F.);
#1242=ORIENTED_EDGE('',*,*,#2724,.T.);
#1243=ORIENTED_EDGE('',*,*,#2725,.F.);
#1244=ORIENTED_EDGE('',*,*,#2726,.T.);
#1245=ORIENTED_EDGE('',*,*,#2727,.T.);
#1246=ORIENTED_EDGE('',*,*,#2728,.F.);
#1247=ORIENTED_EDGE('',*,*,#2729,.T.);
#1248=ORIENTED_EDGE('',*,*,#2730,.T.);
#1249=ORIENTED_EDGE('',*,*,#2731,.T.);
#1250=ORIENTED_EDGE('',*,*,#2732,.T.);
#1251=ORIENTED_EDGE('',*,*,#2733,.F.);
#1252=ORIENTED_EDGE('',*,*,#2734,.T.);
#1253=ORIENTED_EDGE('',*,*,#2735,.F.);
#1254=ORIENTED_EDGE('',*,*,#2736,.T.);
#1255=ORIENTED_EDGE('',*,*,#2737,.T.);
#1256=ORIENTED_EDGE('',*,*,#2738,.T.);
#1257=ORIENTED_EDGE('',*,*,#2739,.T.);
#1258=ORIENTED_EDGE('',*,*,#2740,.T.);
#1259=ORIENTED_EDGE('',*,*,#2741,.T.);
#1260=ORIENTED_EDGE('',*,*,#2742,.T.);
#1261=ORIENTED_EDGE('',*,*,#2743,.T.);
#1262=ORIENTED_EDGE('',*,*,#2744,.T.);
#1263=ORIENTED_EDGE('',*,*,#2745,.T.);
#1264=ORIENTED_EDGE('',*,*,#2746,.T.);
#1265=ORIENTED_EDGE('',*,*,#2747,.T.);
#1266=ORIENTED_EDGE('',*,*,#2748,.T.);
#1267=ORIENTED_EDGE('',*,*,#2749,.T.);
#1268=ORIENTED_EDGE('',*,*,#2750,.T.);
#1269=ORIENTED_EDGE('',*,*,#2751,.T.);
#1270=ORIENTED_EDGE('',*,*,#2752,.T.);
#1271=ORIENTED_EDGE('',*,*,#2753,.T.);
#1272=ORIENTED_EDGE('',*,*,#2754,.T.);
#1273=ORIENTED_EDGE('',*,*,#2755,.T.);
#1274=ORIENTED_EDGE('',*,*,#2756,.T.);
#1275=ORIENTED_EDGE('',*,*,#2757,.T.);
#1276=ORIENTED_EDGE('',*,*,#2758,.T.);
#1277=ORIENTED_EDGE('',*,*,#2759,.T.);
#1278=ORIENTED_EDGE('',*,*,#2760,.T.);
#1279=ORIENTED_EDGE('',*,*,#2761,.T.);
#1280=ORIENTED_EDGE('',*,*,#2762,.T.);
#1281=ORIENTED_EDGE('',*,*,#2763,.T.);
#1282=ORIENTED_EDGE('',*,*,#2764,.T.);
#1283=ORIENTED_EDGE('',*,*,#2765,.T.);
#1284=ORIENTED_EDGE('',*,*,#2766,.T.);
#1285=ORIENTED_EDGE('',*,*,#2767,.T.);
#1286=ORIENTED_EDGE('',*,*,#2768,.T.);
#1287=ORIENTED_EDGE('',*,*,#2769,.T.);
#1288=ORIENTED_EDGE('',*,*,#2770,.T.);
#1289=ORIENTED_EDGE('',*,*,#2771,.T.);
#1290=ORIENTED_EDGE('',*,*,#2772,.T.);
#1291=ORIENTED_EDGE('',*,*,#2773,.T.);
#1292=ORIENTED_EDGE('',*,*,#2774,.T.);
#1293=ORIENTED_EDGE('',*,*,#2775,.T.);
#1294=ORIENTED_EDGE('',*,*,#2776,.T.);
#1295=ORIENTED_EDGE('',*,*,#2777,.T.);
#1296=ORIENTED_EDGE('',*,*,#2778,.T.);
#1297=ORIENTED_EDGE('',*,*,#2779,.T.);
#1298=ORIENTED_EDGE('',*,*,#2780,.T.);
#1299=ORIENTED_EDGE('',*,*,#2781,.T.);
#1300=ORIENTED_EDGE('',*,*,#2782,.T.);
#1301=ORIENTED_EDGE('',*,*,#2783,.T.);
#1302=ORIENTED_EDGE('',*,*,#2784,.T.);
#1303=ORIENTED_EDGE('',*,*,#2785,.T.);
#1304=ORIENTED_EDGE('',*,*,#2786,.T.);
#1305=ORIENTED_EDGE('',*,*,#2787,.T.);
#1306=ORIENTED_EDGE('',*,*,#2788,.T.);
#1307=ORIENTED_EDGE('',*,*,#2789,.T.);
#1308=ORIENTED_EDGE('',*,*,#2790,.T.);
#1309=ORIENTED_EDGE('',*,*,#2791,.T.);
#1310=ORIENTED_EDGE('',*,*,#2792,.T.);
#1311=ORIENTED_EDGE('',*,*,#2793,.T.);
#1312=ORIENTED_EDGE('',*,*,#2794,.T.);
#1313=ORIENTED_EDGE('',*,*,#2795,.T.);
#1314=ORIENTED_EDGE('',*,*,#2796,.T.);
#1315=ORIENTED_EDGE('',*,*,#2797,.T.);
#1316=ORIENTED_EDGE('',*,*,#2798,.T.);
#1317=ORIENTED_EDGE('',*,*,#2799,.T.);
#1318=ORIENTED_EDGE('',*,*,#2800,.T.);
#1319=ORIENTED_EDGE('',*,*,#2801,.T.);
#1320=ORIENTED_EDGE('',*,*,#2802,.T.);
#1321=ORIENTED_EDGE('',*,*,#2803,.T.);
#1322=ORIENTED_EDGE('',*,*,#2804,.T.);
#1323=ORIENTED_EDGE('',*,*,#2805,.T.);
#1324=ORIENTED_EDGE('',*,*,#2806,.T.);
#1325=ORIENTED_EDGE('',*,*,#2807,.T.);
#1326=ORIENTED_EDGE('',*,*,#2808,.T.);
#1327=ORIENTED_EDGE('',*,*,#2809,.T.);
#1328=ORIENTED_EDGE('',*,*,#2810,.T.);
#1329=ORIENTED_EDGE('',*,*,#2811,.T.);
#1330=ORIENTED_EDGE('',*,*,#2812,.T.);
#1331=ORIENTED_EDGE('',*,*,#2813,.T.);
#1332=ORIENTED_EDGE('',*,*,#2814,.T.);
#1333=ORIENTED_EDGE('',*,*,#2815,.T.);
#1334=ORIENTED_EDGE('',*,*,#2816,.T.);
#1335=ORIENTED_EDGE('',*,*,#2817,.T.);
#1336=ORIENTED_EDGE('',*,*,#2818,.T.);
#1337=ORIENTED_EDGE('',*,*,#2819,.T.);
#1338=ORIENTED_EDGE('',*,*,#2820,.T.);
#1339=ORIENTED_EDGE('',*,*,#2821,.T.);
#1340=ORIENTED_EDGE('',*,*,#2822,.T.);
#1341=ORIENTED_EDGE('',*,*,#2823,.T.);
#1342=ORIENTED_EDGE('',*,*,#2824,.T.);
#1343=ORIENTED_EDGE('',*,*,#2825,.T.);
#1344=ORIENTED_EDGE('',*,*,#2826,.T.);
#1345=ORIENTED_EDGE('',*,*,#2827,.T.);
#1346=ORIENTED_EDGE('',*,*,#2828,.T.);
#1347=ORIENTED_EDGE('',*,*,#2829,.T.);
#1348=ORIENTED_EDGE('',*,*,#2830,.T.);
#1349=ORIENTED_EDGE('',*,*,#2831,.T.);
#1350=ORIENTED_EDGE('',*,*,#2832,.T.);
#1351=ORIENTED_EDGE('',*,*,#2833,.T.);
#1352=ORIENTED_EDGE('',*,*,#2834,.T.);
#1353=ORIENTED_EDGE('',*,*,#2835,.T.);
#1354=ORIENTED_EDGE('',*,*,#2836,.T.);
#1355=ORIENTED_EDGE('',*,*,#2837,.T.);
#1356=ORIENTED_EDGE('',*,*,#2838,.T.);
#1357=ORIENTED_EDGE('',*,*,#2839,.T.);
#1358=ORIENTED_EDGE('',*,*,#2840,.F.);
#1359=ORIENTED_EDGE('',*,*,#2841,.T.);
#1360=ORIENTED_EDGE('',*,*,#2842,.F.);
#1361=ORIENTED_EDGE('',*,*,#2843,.T.);
#1362=ORIENTED_EDGE('',*,*,#2844,.T.);
#1363=ORIENTED_EDGE('',*,*,#2845,.T.);
#1364=ORIENTED_EDGE('',*,*,#2846,.T.);
#1365=ORIENTED_EDGE('',*,*,#2847,.T.);
#1366=ORIENTED_EDGE('',*,*,#2848,.T.);
#1367=ORIENTED_EDGE('',*,*,#2849,.T.);
#1368=ORIENTED_EDGE('',*,*,#2850,.F.);
#1369=ORIENTED_EDGE('',*,*,#2851,.F.);
#1370=ORIENTED_EDGE('',*,*,#2852,.F.);
#1371=ORIENTED_EDGE('',*,*,#2853,.T.);
#1372=ORIENTED_EDGE('',*,*,#2854,.F.);
#1373=ORIENTED_EDGE('',*,*,#2855,.T.);
#1374=ORIENTED_EDGE('',*,*,#2856,.T.);
#1375=ORIENTED_EDGE('',*,*,#2857,.F.);
#1376=ORIENTED_EDGE('',*,*,#2858,.F.);
#1377=ORIENTED_EDGE('',*,*,#2859,.T.);
#1378=ORIENTED_EDGE('',*,*,#2860,.F.);
#1379=ORIENTED_EDGE('',*,*,#2861,.F.);
#1380=ORIENTED_EDGE('',*,*,#2862,.T.);
#1381=ORIENTED_EDGE('',*,*,#2863,.T.);
#1382=ORIENTED_EDGE('',*,*,#2842,.T.);
#1383=ORIENTED_EDGE('',*,*,#2864,.T.);
#1384=ORIENTED_EDGE('',*,*,#2729,.F.);
#1385=ORIENTED_EDGE('',*,*,#2865,.T.);
#1386=ORIENTED_EDGE('',*,*,#2735,.T.);
#1387=ORIENTED_EDGE('',*,*,#2866,.T.);
#1388=ORIENTED_EDGE('',*,*,#2844,.F.);
#1389=ORIENTED_EDGE('',*,*,#2867,.T.);
#1390=ORIENTED_EDGE('',*,*,#2846,.F.);
#1391=ORIENTED_EDGE('',*,*,#2868,.T.);
#1392=ORIENTED_EDGE('',*,*,#2733,.T.);
#1393=ORIENTED_EDGE('',*,*,#2869,.T.);
#1394=ORIENTED_EDGE('',*,*,#2862,.F.);
#1395=ORIENTED_EDGE('',*,*,#2870,.F.);
#1396=ORIENTED_EDGE('',*,*,#2852,.T.);
#1397=ORIENTED_EDGE('',*,*,#2871,.T.);
#1398=ORIENTED_EDGE('',*,*,#2870,.T.);
#1399=ORIENTED_EDGE('',*,*,#2861,.T.);
#1400=ORIENTED_EDGE('',*,*,#2872,.F.);
#1401=ORIENTED_EDGE('',*,*,#2853,.F.);
#1402=ORIENTED_EDGE('',*,*,#2872,.T.);
#1403=ORIENTED_EDGE('',*,*,#2860,.T.);
#1404=ORIENTED_EDGE('',*,*,#2873,.F.);
#1405=ORIENTED_EDGE('',*,*,#2722,.T.);
#1406=ORIENTED_EDGE('',*,*,#2874,.T.);
#1407=ORIENTED_EDGE('',*,*,#2848,.F.);
#1408=ORIENTED_EDGE('',*,*,#2875,.F.);
#1409=ORIENTED_EDGE('',*,*,#2863,.F.);
#1410=ORIENTED_EDGE('',*,*,#2871,.F.);
#1411=ORIENTED_EDGE('',*,*,#2851,.T.);
#1412=ORIENTED_EDGE('',*,*,#2731,.F.);
#1413=ORIENTED_EDGE('',*,*,#2876,.T.);
#1414=ORIENTED_EDGE('',*,*,#2840,.T.);
#1415=ORIENTED_EDGE('',*,*,#2877,.T.);
#1416=ORIENTED_EDGE('',*,*,#2841,.F.);
#1417=ORIENTED_EDGE('',*,*,#2876,.F.);
#1418=ORIENTED_EDGE('',*,*,#2730,.F.);
#1419=ORIENTED_EDGE('',*,*,#2864,.F.);
#1420=ORIENTED_EDGE('',*,*,#2845,.F.);
#1421=ORIENTED_EDGE('',*,*,#2866,.F.);
#1422=ORIENTED_EDGE('',*,*,#2734,.F.);
#1423=ORIENTED_EDGE('',*,*,#2868,.F.);
#1424=ORIENTED_EDGE('',*,*,#2847,.F.);
#1425=ORIENTED_EDGE('',*,*,#2869,.F.);
#1426=ORIENTED_EDGE('',*,*,#2732,.F.);
#1427=ORIENTED_EDGE('',*,*,#2877,.F.);
#1428=ORIENTED_EDGE('',*,*,#2843,.F.);
#1429=ORIENTED_EDGE('',*,*,#2865,.F.);
#1430=ORIENTED_EDGE('',*,*,#2736,.F.);
#1431=ORIENTED_EDGE('',*,*,#2867,.F.);
#1432=ORIENTED_EDGE('',*,*,#2725,.T.);
#1433=ORIENTED_EDGE('',*,*,#2878,.T.);
#1434=ORIENTED_EDGE('',*,*,#2855,.F.);
#1435=ORIENTED_EDGE('',*,*,#2879,.F.);
#1436=ORIENTED_EDGE('',*,*,#2879,.T.);
#1437=ORIENTED_EDGE('',*,*,#2854,.T.);
#1438=ORIENTED_EDGE('',*,*,#2880,.F.);
#1439=ORIENTED_EDGE('',*,*,#2726,.F.);
#1440=ORIENTED_EDGE('',*,*,#2880,.T.);
#1441=ORIENTED_EDGE('',*,*,#2857,.T.);
#1442=ORIENTED_EDGE('',*,*,#2881,.F.);
#1443=ORIENTED_EDGE('',*,*,#2727,.F.);
#1444=ORIENTED_EDGE('',*,*,#2728,.T.);
#1445=ORIENTED_EDGE('',*,*,#2881,.T.);
#1446=ORIENTED_EDGE('',*,*,#2856,.F.);
#1447=ORIENTED_EDGE('',*,*,#2878,.F.);
#1448=ORIENTED_EDGE('',*,*,#2723,.T.);
#1449=ORIENTED_EDGE('',*,*,#2873,.T.);
#1450=ORIENTED_EDGE('',*,*,#2859,.F.);
#1451=ORIENTED_EDGE('',*,*,#2882,.F.);
#1452=ORIENTED_EDGE('',*,*,#2882,.T.);
#1453=ORIENTED_EDGE('',*,*,#2858,.T.);
#1454=ORIENTED_EDGE('',*,*,#2875,.T.);
#1455=ORIENTED_EDGE('',*,*,#2850,.T.);
#1456=ORIENTED_EDGE('',*,*,#2883,.F.);
#1457=ORIENTED_EDGE('',*,*,#2724,.F.);
#1458=ORIENTED_EDGE('',*,*,#2721,.T.);
#1459=ORIENTED_EDGE('',*,*,#2883,.T.);
#1460=ORIENTED_EDGE('',*,*,#2849,.F.);
#1461=ORIENTED_EDGE('',*,*,#2874,.F.);
#1462=ORIENTED_EDGE('',*,*,#2737,.F.);
#1463=ORIENTED_EDGE('',*,*,#2884,.F.);
#1464=ORIENTED_EDGE('',*,*,#2885,.T.);
#1465=ORIENTED_EDGE('',*,*,#2886,.T.);
#1466=ORIENTED_EDGE('',*,*,#2757,.F.);
#1467=ORIENTED_EDGE('',*,*,#2887,.F.);
#1468=ORIENTED_EDGE('',*,*,#2888,.T.);
#1469=ORIENTED_EDGE('',*,*,#2884,.T.);
#1470=ORIENTED_EDGE('',*,*,#2756,.F.);
#1471=ORIENTED_EDGE('',*,*,#2889,.F.);
#1472=ORIENTED_EDGE('',*,*,#2890,.T.);
#1473=ORIENTED_EDGE('',*,*,#2887,.T.);
#1474=ORIENTED_EDGE('',*,*,#2755,.F.);
#1475=ORIENTED_EDGE('',*,*,#2891,.F.);
#1476=ORIENTED_EDGE('',*,*,#2892,.T.);
#1477=ORIENTED_EDGE('',*,*,#2889,.T.);
#1478=ORIENTED_EDGE('',*,*,#2754,.F.);
#1479=ORIENTED_EDGE('',*,*,#2893,.F.);
#1480=ORIENTED_EDGE('',*,*,#2894,.T.);
#1481=ORIENTED_EDGE('',*,*,#2891,.T.);
#1482=ORIENTED_EDGE('',*,*,#2753,.F.);
#1483=ORIENTED_EDGE('',*,*,#2895,.F.);
#1484=ORIENTED_EDGE('',*,*,#2896,.T.);
#1485=ORIENTED_EDGE('',*,*,#2893,.T.);
#1486=ORIENTED_EDGE('',*,*,#2752,.F.);
#1487=ORIENTED_EDGE('',*,*,#2897,.F.);
#1488=ORIENTED_EDGE('',*,*,#2898,.T.);
#1489=ORIENTED_EDGE('',*,*,#2895,.T.);
#1490=ORIENTED_EDGE('',*,*,#2751,.F.);
#1491=ORIENTED_EDGE('',*,*,#2899,.F.);
#1492=ORIENTED_EDGE('',*,*,#2900,.T.);
#1493=ORIENTED_EDGE('',*,*,#2897,.T.);
#1494=ORIENTED_EDGE('',*,*,#2750,.F.);
#1495=ORIENTED_EDGE('',*,*,#2901,.F.);
#1496=ORIENTED_EDGE('',*,*,#2902,.T.);
#1497=ORIENTED_EDGE('',*,*,#2899,.T.);
#1498=ORIENTED_EDGE('',*,*,#2749,.F.);
#1499=ORIENTED_EDGE('',*,*,#2903,.F.);
#1500=ORIENTED_EDGE('',*,*,#2904,.T.);
#1501=ORIENTED_EDGE('',*,*,#2901,.T.);
#1502=ORIENTED_EDGE('',*,*,#2748,.F.);
#1503=ORIENTED_EDGE('',*,*,#2905,.F.);
#1504=ORIENTED_EDGE('',*,*,#2906,.T.);
#1505=ORIENTED_EDGE('',*,*,#2903,.T.);
#1506=ORIENTED_EDGE('',*,*,#2747,.F.);
#1507=ORIENTED_EDGE('',*,*,#2907,.F.);
#1508=ORIENTED_EDGE('',*,*,#2908,.T.);
#1509=ORIENTED_EDGE('',*,*,#2905,.T.);
#1510=ORIENTED_EDGE('',*,*,#2746,.F.);
#1511=ORIENTED_EDGE('',*,*,#2909,.F.);
#1512=ORIENTED_EDGE('',*,*,#2910,.T.);
#1513=ORIENTED_EDGE('',*,*,#2907,.T.);
#1514=ORIENTED_EDGE('',*,*,#2745,.F.);
#1515=ORIENTED_EDGE('',*,*,#2911,.F.);
#1516=ORIENTED_EDGE('',*,*,#2912,.T.);
#1517=ORIENTED_EDGE('',*,*,#2909,.T.);
#1518=ORIENTED_EDGE('',*,*,#2744,.F.);
#1519=ORIENTED_EDGE('',*,*,#2913,.F.);
#1520=ORIENTED_EDGE('',*,*,#2914,.T.);
#1521=ORIENTED_EDGE('',*,*,#2911,.T.);
#1522=ORIENTED_EDGE('',*,*,#2743,.F.);
#1523=ORIENTED_EDGE('',*,*,#2915,.F.);
#1524=ORIENTED_EDGE('',*,*,#2916,.T.);
#1525=ORIENTED_EDGE('',*,*,#2913,.T.);
#1526=ORIENTED_EDGE('',*,*,#2742,.F.);
#1527=ORIENTED_EDGE('',*,*,#2917,.F.);
#1528=ORIENTED_EDGE('',*,*,#2918,.T.);
#1529=ORIENTED_EDGE('',*,*,#2915,.T.);
#1530=ORIENTED_EDGE('',*,*,#2741,.F.);
#1531=ORIENTED_EDGE('',*,*,#2919,.F.);
#1532=ORIENTED_EDGE('',*,*,#2920,.T.);
#1533=ORIENTED_EDGE('',*,*,#2917,.T.);
#1534=ORIENTED_EDGE('',*,*,#2740,.F.);
#1535=ORIENTED_EDGE('',*,*,#2921,.F.);
#1536=ORIENTED_EDGE('',*,*,#2922,.T.);
#1537=ORIENTED_EDGE('',*,*,#2919,.T.);
#1538=ORIENTED_EDGE('',*,*,#2739,.F.);
#1539=ORIENTED_EDGE('',*,*,#2923,.F.);
#1540=ORIENTED_EDGE('',*,*,#2924,.T.);
#1541=ORIENTED_EDGE('',*,*,#2921,.T.);
#1542=ORIENTED_EDGE('',*,*,#2738,.F.);
#1543=ORIENTED_EDGE('',*,*,#2886,.F.);
#1544=ORIENTED_EDGE('',*,*,#2925,.T.);
#1545=ORIENTED_EDGE('',*,*,#2923,.T.);
#1546=ORIENTED_EDGE('',*,*,#2885,.F.);
#1547=ORIENTED_EDGE('',*,*,#2888,.F.);
#1548=ORIENTED_EDGE('',*,*,#2890,.F.);
#1549=ORIENTED_EDGE('',*,*,#2892,.F.);
#1550=ORIENTED_EDGE('',*,*,#2894,.F.);
#1551=ORIENTED_EDGE('',*,*,#2896,.F.);
#1552=ORIENTED_EDGE('',*,*,#2898,.F.);
#1553=ORIENTED_EDGE('',*,*,#2900,.F.);
#1554=ORIENTED_EDGE('',*,*,#2902,.F.);
#1555=ORIENTED_EDGE('',*,*,#2904,.F.);
#1556=ORIENTED_EDGE('',*,*,#2906,.F.);
#1557=ORIENTED_EDGE('',*,*,#2908,.F.);
#1558=ORIENTED_EDGE('',*,*,#2910,.F.);
#1559=ORIENTED_EDGE('',*,*,#2912,.F.);
#1560=ORIENTED_EDGE('',*,*,#2914,.F.);
#1561=ORIENTED_EDGE('',*,*,#2916,.F.);
#1562=ORIENTED_EDGE('',*,*,#2918,.F.);
#1563=ORIENTED_EDGE('',*,*,#2920,.F.);
#1564=ORIENTED_EDGE('',*,*,#2922,.F.);
#1565=ORIENTED_EDGE('',*,*,#2924,.F.);
#1566=ORIENTED_EDGE('',*,*,#2925,.F.);
#1567=ORIENTED_EDGE('',*,*,#2926,.F.);
#1568=ORIENTED_EDGE('',*,*,#2927,.F.);
#1569=ORIENTED_EDGE('',*,*,#2928,.T.);
#1570=ORIENTED_EDGE('',*,*,#2929,.T.);
#1571=ORIENTED_EDGE('',*,*,#2930,.F.);
#1572=ORIENTED_EDGE('',*,*,#2931,.F.);
#1573=ORIENTED_EDGE('',*,*,#2932,.T.);
#1574=ORIENTED_EDGE('',*,*,#2927,.T.);
#1575=ORIENTED_EDGE('',*,*,#2933,.F.);
#1576=ORIENTED_EDGE('',*,*,#2934,.F.);
#1577=ORIENTED_EDGE('',*,*,#2935,.T.);
#1578=ORIENTED_EDGE('',*,*,#2931,.T.);
#1579=ORIENTED_EDGE('',*,*,#2936,.F.);
#1580=ORIENTED_EDGE('',*,*,#2937,.F.);
#1581=ORIENTED_EDGE('',*,*,#2938,.T.);
#1582=ORIENTED_EDGE('',*,*,#2934,.T.);
#1583=ORIENTED_EDGE('',*,*,#2939,.F.);
#1584=ORIENTED_EDGE('',*,*,#2940,.F.);
#1585=ORIENTED_EDGE('',*,*,#2941,.T.);
#1586=ORIENTED_EDGE('',*,*,#2937,.T.);
#1587=ORIENTED_EDGE('',*,*,#2942,.F.);
#1588=ORIENTED_EDGE('',*,*,#2943,.F.);
#1589=ORIENTED_EDGE('',*,*,#2944,.T.);
#1590=ORIENTED_EDGE('',*,*,#2940,.T.);
#1591=ORIENTED_EDGE('',*,*,#2945,.F.);
#1592=ORIENTED_EDGE('',*,*,#2946,.F.);
#1593=ORIENTED_EDGE('',*,*,#2947,.T.);
#1594=ORIENTED_EDGE('',*,*,#2943,.T.);
#1595=ORIENTED_EDGE('',*,*,#2948,.F.);
#1596=ORIENTED_EDGE('',*,*,#2949,.F.);
#1597=ORIENTED_EDGE('',*,*,#2950,.T.);
#1598=ORIENTED_EDGE('',*,*,#2946,.T.);
#1599=ORIENTED_EDGE('',*,*,#2697,.F.);
#1600=ORIENTED_EDGE('',*,*,#2951,.F.);
#1601=ORIENTED_EDGE('',*,*,#2952,.T.);
#1602=ORIENTED_EDGE('',*,*,#2953,.T.);
#1603=ORIENTED_EDGE('',*,*,#2720,.F.);
#1604=ORIENTED_EDGE('',*,*,#2954,.F.);
#1605=ORIENTED_EDGE('',*,*,#2955,.T.);
#1606=ORIENTED_EDGE('',*,*,#2951,.T.);
#1607=ORIENTED_EDGE('',*,*,#2719,.F.);
#1608=ORIENTED_EDGE('',*,*,#2956,.F.);
#1609=ORIENTED_EDGE('',*,*,#2957,.T.);
#1610=ORIENTED_EDGE('',*,*,#2954,.T.);
#1611=ORIENTED_EDGE('',*,*,#2718,.F.);
#1612=ORIENTED_EDGE('',*,*,#2958,.F.);
#1613=ORIENTED_EDGE('',*,*,#2959,.T.);
#1614=ORIENTED_EDGE('',*,*,#2956,.T.);
#1615=ORIENTED_EDGE('',*,*,#2717,.F.);
#1616=ORIENTED_EDGE('',*,*,#2960,.F.);
#1617=ORIENTED_EDGE('',*,*,#2961,.T.);
#1618=ORIENTED_EDGE('',*,*,#2958,.T.);
#1619=ORIENTED_EDGE('',*,*,#2716,.F.);
#1620=ORIENTED_EDGE('',*,*,#2962,.F.);
#1621=ORIENTED_EDGE('',*,*,#2963,.T.);
#1622=ORIENTED_EDGE('',*,*,#2960,.T.);
#1623=ORIENTED_EDGE('',*,*,#2715,.F.);
#1624=ORIENTED_EDGE('',*,*,#2964,.F.);
#1625=ORIENTED_EDGE('',*,*,#2965,.T.);
#1626=ORIENTED_EDGE('',*,*,#2962,.T.);
#1627=ORIENTED_EDGE('',*,*,#2714,.F.);
#1628=ORIENTED_EDGE('',*,*,#2966,.F.);
#1629=ORIENTED_EDGE('',*,*,#2967,.T.);
#1630=ORIENTED_EDGE('',*,*,#2964,.T.);
#1631=ORIENTED_EDGE('',*,*,#2713,.F.);
#1632=ORIENTED_EDGE('',*,*,#2968,.F.);
#1633=ORIENTED_EDGE('',*,*,#2969,.T.);
#1634=ORIENTED_EDGE('',*,*,#2966,.T.);
#1635=ORIENTED_EDGE('',*,*,#2712,.F.);
#1636=ORIENTED_EDGE('',*,*,#2970,.F.);
#1637=ORIENTED_EDGE('',*,*,#2971,.T.);
#1638=ORIENTED_EDGE('',*,*,#2968,.T.);
#1639=ORIENTED_EDGE('',*,*,#2711,.F.);
#1640=ORIENTED_EDGE('',*,*,#2972,.F.);
#1641=ORIENTED_EDGE('',*,*,#2973,.T.);
#1642=ORIENTED_EDGE('',*,*,#2970,.T.);
#1643=ORIENTED_EDGE('',*,*,#2710,.F.);
#1644=ORIENTED_EDGE('',*,*,#2974,.F.);
#1645=ORIENTED_EDGE('',*,*,#2975,.T.);
#1646=ORIENTED_EDGE('',*,*,#2972,.T.);
#1647=ORIENTED_EDGE('',*,*,#2709,.F.);
#1648=ORIENTED_EDGE('',*,*,#2976,.F.);
#1649=ORIENTED_EDGE('',*,*,#2977,.T.);
#1650=ORIENTED_EDGE('',*,*,#2974,.T.);
#1651=ORIENTED_EDGE('',*,*,#2708,.F.);
#1652=ORIENTED_EDGE('',*,*,#2978,.F.);
#1653=ORIENTED_EDGE('',*,*,#2979,.T.);
#1654=ORIENTED_EDGE('',*,*,#2976,.T.);
#1655=ORIENTED_EDGE('',*,*,#2707,.F.);
#1656=ORIENTED_EDGE('',*,*,#2980,.F.);
#1657=ORIENTED_EDGE('',*,*,#2981,.T.);
#1658=ORIENTED_EDGE('',*,*,#2978,.T.);
#1659=ORIENTED_EDGE('',*,*,#2706,.F.);
#1660=ORIENTED_EDGE('',*,*,#2982,.F.);
#1661=ORIENTED_EDGE('',*,*,#2983,.T.);
#1662=ORIENTED_EDGE('',*,*,#2980,.T.);
#1663=ORIENTED_EDGE('',*,*,#2705,.F.);
#1664=ORIENTED_EDGE('',*,*,#2984,.F.);
#1665=ORIENTED_EDGE('',*,*,#2985,.T.);
#1666=ORIENTED_EDGE('',*,*,#2982,.T.);
#1667=ORIENTED_EDGE('',*,*,#2704,.F.);
#1668=ORIENTED_EDGE('',*,*,#2986,.F.);
#1669=ORIENTED_EDGE('',*,*,#2987,.T.);
#1670=ORIENTED_EDGE('',*,*,#2984,.T.);
#1671=ORIENTED_EDGE('',*,*,#2703,.F.);
#1672=ORIENTED_EDGE('',*,*,#2988,.F.);
#1673=ORIENTED_EDGE('',*,*,#2989,.T.);
#1674=ORIENTED_EDGE('',*,*,#2986,.T.);
#1675=ORIENTED_EDGE('',*,*,#2702,.F.);
#1676=ORIENTED_EDGE('',*,*,#2990,.F.);
#1677=ORIENTED_EDGE('',*,*,#2991,.T.);
#1678=ORIENTED_EDGE('',*,*,#2988,.T.);
#1679=ORIENTED_EDGE('',*,*,#2701,.F.);
#1680=ORIENTED_EDGE('',*,*,#2992,.F.);
#1681=ORIENTED_EDGE('',*,*,#2993,.T.);
#1682=ORIENTED_EDGE('',*,*,#2990,.T.);
#1683=ORIENTED_EDGE('',*,*,#2700,.F.);
#1684=ORIENTED_EDGE('',*,*,#2994,.F.);
#1685=ORIENTED_EDGE('',*,*,#2995,.T.);
#1686=ORIENTED_EDGE('',*,*,#2992,.T.);
#1687=ORIENTED_EDGE('',*,*,#2699,.F.);
#1688=ORIENTED_EDGE('',*,*,#2996,.F.);
#1689=ORIENTED_EDGE('',*,*,#2997,.T.);
#1690=ORIENTED_EDGE('',*,*,#2994,.T.);
#1691=ORIENTED_EDGE('',*,*,#2698,.F.);
#1692=ORIENTED_EDGE('',*,*,#2953,.F.);
#1693=ORIENTED_EDGE('',*,*,#2998,.T.);
#1694=ORIENTED_EDGE('',*,*,#2996,.T.);
#1695=ORIENTED_EDGE('',*,*,#2999,.F.);
#1696=ORIENTED_EDGE('',*,*,#2929,.F.);
#1697=ORIENTED_EDGE('',*,*,#3000,.T.);
#1698=ORIENTED_EDGE('',*,*,#2949,.T.);
#1699=ORIENTED_EDGE('',*,*,#2952,.F.);
#1700=ORIENTED_EDGE('',*,*,#2955,.F.);
#1701=ORIENTED_EDGE('',*,*,#2957,.F.);
#1702=ORIENTED_EDGE('',*,*,#2959,.F.);
#1703=ORIENTED_EDGE('',*,*,#2961,.F.);
#1704=ORIENTED_EDGE('',*,*,#2963,.F.);
#1705=ORIENTED_EDGE('',*,*,#2965,.F.);
#1706=ORIENTED_EDGE('',*,*,#2967,.F.);
#1707=ORIENTED_EDGE('',*,*,#2969,.F.);
#1708=ORIENTED_EDGE('',*,*,#2971,.F.);
#1709=ORIENTED_EDGE('',*,*,#2973,.F.);
#1710=ORIENTED_EDGE('',*,*,#2975,.F.);
#1711=ORIENTED_EDGE('',*,*,#2977,.F.);
#1712=ORIENTED_EDGE('',*,*,#2979,.F.);
#1713=ORIENTED_EDGE('',*,*,#2981,.F.);
#1714=ORIENTED_EDGE('',*,*,#2983,.F.);
#1715=ORIENTED_EDGE('',*,*,#2985,.F.);
#1716=ORIENTED_EDGE('',*,*,#2987,.F.);
#1717=ORIENTED_EDGE('',*,*,#2989,.F.);
#1718=ORIENTED_EDGE('',*,*,#2991,.F.);
#1719=ORIENTED_EDGE('',*,*,#2993,.F.);
#1720=ORIENTED_EDGE('',*,*,#2995,.F.);
#1721=ORIENTED_EDGE('',*,*,#2997,.F.);
#1722=ORIENTED_EDGE('',*,*,#2998,.F.);
#1723=ORIENTED_EDGE('',*,*,#2928,.F.);
#1724=ORIENTED_EDGE('',*,*,#2932,.F.);
#1725=ORIENTED_EDGE('',*,*,#2935,.F.);
#1726=ORIENTED_EDGE('',*,*,#2938,.F.);
#1727=ORIENTED_EDGE('',*,*,#2941,.F.);
#1728=ORIENTED_EDGE('',*,*,#2944,.F.);
#1729=ORIENTED_EDGE('',*,*,#2947,.F.);
#1730=ORIENTED_EDGE('',*,*,#2950,.F.);
#1731=ORIENTED_EDGE('',*,*,#3000,.F.);
#1732=ORIENTED_EDGE('',*,*,#3001,.F.);
#1733=ORIENTED_EDGE('',*,*,#3002,.F.);
#1734=ORIENTED_EDGE('',*,*,#3003,.T.);
#1735=ORIENTED_EDGE('',*,*,#3004,.T.);
#1736=ORIENTED_EDGE('',*,*,#3005,.F.);
#1737=ORIENTED_EDGE('',*,*,#3006,.F.);
#1738=ORIENTED_EDGE('',*,*,#3007,.T.);
#1739=ORIENTED_EDGE('',*,*,#3002,.T.);
#1740=ORIENTED_EDGE('',*,*,#3008,.F.);
#1741=ORIENTED_EDGE('',*,*,#3009,.F.);
#1742=ORIENTED_EDGE('',*,*,#3010,.T.);
#1743=ORIENTED_EDGE('',*,*,#3006,.T.);
#1744=ORIENTED_EDGE('',*,*,#3011,.F.);
#1745=ORIENTED_EDGE('',*,*,#3012,.F.);
#1746=ORIENTED_EDGE('',*,*,#3013,.T.);
#1747=ORIENTED_EDGE('',*,*,#3009,.T.);
#1748=ORIENTED_EDGE('',*,*,#3014,.F.);
#1749=ORIENTED_EDGE('',*,*,#3015,.F.);
#1750=ORIENTED_EDGE('',*,*,#3016,.T.);
#1751=ORIENTED_EDGE('',*,*,#3012,.T.);
#1752=ORIENTED_EDGE('',*,*,#3017,.F.);
#1753=ORIENTED_EDGE('',*,*,#3018,.F.);
#1754=ORIENTED_EDGE('',*,*,#3019,.T.);
#1755=ORIENTED_EDGE('',*,*,#3015,.T.);
#1756=ORIENTED_EDGE('',*,*,#3020,.F.);
#1757=ORIENTED_EDGE('',*,*,#3021,.F.);
#1758=ORIENTED_EDGE('',*,*,#3022,.T.);
#1759=ORIENTED_EDGE('',*,*,#3018,.T.);
#1760=ORIENTED_EDGE('',*,*,#3023,.F.);
#1761=ORIENTED_EDGE('',*,*,#3024,.F.);
#1762=ORIENTED_EDGE('',*,*,#3025,.T.);
#1763=ORIENTED_EDGE('',*,*,#3021,.T.);
#1764=ORIENTED_EDGE('',*,*,#3026,.F.);
#1765=ORIENTED_EDGE('',*,*,#3027,.F.);
#1766=ORIENTED_EDGE('',*,*,#3028,.T.);
#1767=ORIENTED_EDGE('',*,*,#3024,.T.);
#1768=ORIENTED_EDGE('',*,*,#3029,.F.);
#1769=ORIENTED_EDGE('',*,*,#3030,.F.);
#1770=ORIENTED_EDGE('',*,*,#3031,.T.);
#1771=ORIENTED_EDGE('',*,*,#3027,.T.);
#1772=ORIENTED_EDGE('',*,*,#3032,.F.);
#1773=ORIENTED_EDGE('',*,*,#3033,.F.);
#1774=ORIENTED_EDGE('',*,*,#3034,.T.);
#1775=ORIENTED_EDGE('',*,*,#3030,.T.);
#1776=ORIENTED_EDGE('',*,*,#3035,.F.);
#1777=ORIENTED_EDGE('',*,*,#3036,.F.);
#1778=ORIENTED_EDGE('',*,*,#3037,.T.);
#1779=ORIENTED_EDGE('',*,*,#3033,.T.);
#1780=ORIENTED_EDGE('',*,*,#3038,.F.);
#1781=ORIENTED_EDGE('',*,*,#3039,.F.);
#1782=ORIENTED_EDGE('',*,*,#3040,.T.);
#1783=ORIENTED_EDGE('',*,*,#3036,.T.);
#1784=ORIENTED_EDGE('',*,*,#2758,.F.);
#1785=ORIENTED_EDGE('',*,*,#3041,.F.);
#1786=ORIENTED_EDGE('',*,*,#3042,.T.);
#1787=ORIENTED_EDGE('',*,*,#3043,.T.);
#1788=ORIENTED_EDGE('',*,*,#2771,.F.);
#1789=ORIENTED_EDGE('',*,*,#3044,.F.);
#1790=ORIENTED_EDGE('',*,*,#3045,.T.);
#1791=ORIENTED_EDGE('',*,*,#3041,.T.);
#1792=ORIENTED_EDGE('',*,*,#2770,.F.);
#1793=ORIENTED_EDGE('',*,*,#3046,.F.);
#1794=ORIENTED_EDGE('',*,*,#3047,.T.);
#1795=ORIENTED_EDGE('',*,*,#3044,.T.);
#1796=ORIENTED_EDGE('',*,*,#2769,.F.);
#1797=ORIENTED_EDGE('',*,*,#3048,.F.);
#1798=ORIENTED_EDGE('',*,*,#3049,.T.);
#1799=ORIENTED_EDGE('',*,*,#3046,.T.);
#1800=ORIENTED_EDGE('',*,*,#2768,.F.);
#1801=ORIENTED_EDGE('',*,*,#3050,.F.);
#1802=ORIENTED_EDGE('',*,*,#3051,.T.);
#1803=ORIENTED_EDGE('',*,*,#3048,.T.);
#1804=ORIENTED_EDGE('',*,*,#2767,.F.);
#1805=ORIENTED_EDGE('',*,*,#3052,.F.);
#1806=ORIENTED_EDGE('',*,*,#3053,.T.);
#1807=ORIENTED_EDGE('',*,*,#3050,.T.);
#1808=ORIENTED_EDGE('',*,*,#2766,.F.);
#1809=ORIENTED_EDGE('',*,*,#3054,.F.);
#1810=ORIENTED_EDGE('',*,*,#3055,.T.);
#1811=ORIENTED_EDGE('',*,*,#3052,.T.);
#1812=ORIENTED_EDGE('',*,*,#2765,.F.);
#1813=ORIENTED_EDGE('',*,*,#3056,.F.);
#1814=ORIENTED_EDGE('',*,*,#3057,.T.);
#1815=ORIENTED_EDGE('',*,*,#3054,.T.);
#1816=ORIENTED_EDGE('',*,*,#2764,.F.);
#1817=ORIENTED_EDGE('',*,*,#3058,.F.);
#1818=ORIENTED_EDGE('',*,*,#3059,.T.);
#1819=ORIENTED_EDGE('',*,*,#3056,.T.);
#1820=ORIENTED_EDGE('',*,*,#2763,.F.);
#1821=ORIENTED_EDGE('',*,*,#3060,.F.);
#1822=ORIENTED_EDGE('',*,*,#3061,.T.);
#1823=ORIENTED_EDGE('',*,*,#3058,.T.);
#1824=ORIENTED_EDGE('',*,*,#2762,.F.);
#1825=ORIENTED_EDGE('',*,*,#3062,.F.);
#1826=ORIENTED_EDGE('',*,*,#3063,.T.);
#1827=ORIENTED_EDGE('',*,*,#3060,.T.);
#1828=ORIENTED_EDGE('',*,*,#2761,.F.);
#1829=ORIENTED_EDGE('',*,*,#3064,.F.);
#1830=ORIENTED_EDGE('',*,*,#3065,.T.);
#1831=ORIENTED_EDGE('',*,*,#3062,.T.);
#1832=ORIENTED_EDGE('',*,*,#2760,.F.);
#1833=ORIENTED_EDGE('',*,*,#3066,.F.);
#1834=ORIENTED_EDGE('',*,*,#3067,.T.);
#1835=ORIENTED_EDGE('',*,*,#3064,.T.);
#1836=ORIENTED_EDGE('',*,*,#2759,.F.);
#1837=ORIENTED_EDGE('',*,*,#3043,.F.);
#1838=ORIENTED_EDGE('',*,*,#3068,.T.);
#1839=ORIENTED_EDGE('',*,*,#3066,.T.);
#1840=ORIENTED_EDGE('',*,*,#3069,.F.);
#1841=ORIENTED_EDGE('',*,*,#3004,.F.);
#1842=ORIENTED_EDGE('',*,*,#3070,.T.);
#1843=ORIENTED_EDGE('',*,*,#3039,.T.);
#1844=ORIENTED_EDGE('',*,*,#3042,.F.);
#1845=ORIENTED_EDGE('',*,*,#3045,.F.);
#1846=ORIENTED_EDGE('',*,*,#3047,.F.);
#1847=ORIENTED_EDGE('',*,*,#3049,.F.);
#1848=ORIENTED_EDGE('',*,*,#3051,.F.);
#1849=ORIENTED_EDGE('',*,*,#3053,.F.);
#1850=ORIENTED_EDGE('',*,*,#3055,.F.);
#1851=ORIENTED_EDGE('',*,*,#3057,.F.);
#1852=ORIENTED_EDGE('',*,*,#3059,.F.);
#1853=ORIENTED_EDGE('',*,*,#3061,.F.);
#1854=ORIENTED_EDGE('',*,*,#3063,.F.);
#1855=ORIENTED_EDGE('',*,*,#3065,.F.);
#1856=ORIENTED_EDGE('',*,*,#3067,.F.);
#1857=ORIENTED_EDGE('',*,*,#3068,.F.);
#1858=ORIENTED_EDGE('',*,*,#3003,.F.);
#1859=ORIENTED_EDGE('',*,*,#3007,.F.);
#1860=ORIENTED_EDGE('',*,*,#3010,.F.);
#1861=ORIENTED_EDGE('',*,*,#3013,.F.);
#1862=ORIENTED_EDGE('',*,*,#3016,.F.);
#1863=ORIENTED_EDGE('',*,*,#3019,.F.);
#1864=ORIENTED_EDGE('',*,*,#3022,.F.);
#1865=ORIENTED_EDGE('',*,*,#3025,.F.);
#1866=ORIENTED_EDGE('',*,*,#3028,.F.);
#1867=ORIENTED_EDGE('',*,*,#3031,.F.);
#1868=ORIENTED_EDGE('',*,*,#3034,.F.);
#1869=ORIENTED_EDGE('',*,*,#3037,.F.);
#1870=ORIENTED_EDGE('',*,*,#3040,.F.);
#1871=ORIENTED_EDGE('',*,*,#3070,.F.);
#1872=ORIENTED_EDGE('',*,*,#3071,.F.);
#1873=ORIENTED_EDGE('',*,*,#3072,.F.);
#1874=ORIENTED_EDGE('',*,*,#3073,.T.);
#1875=ORIENTED_EDGE('',*,*,#3074,.T.);
#1876=ORIENTED_EDGE('',*,*,#3075,.F.);
#1877=ORIENTED_EDGE('',*,*,#3076,.F.);
#1878=ORIENTED_EDGE('',*,*,#3077,.T.);
#1879=ORIENTED_EDGE('',*,*,#3072,.T.);
#1880=ORIENTED_EDGE('',*,*,#3078,.F.);
#1881=ORIENTED_EDGE('',*,*,#3079,.F.);
#1882=ORIENTED_EDGE('',*,*,#3080,.T.);
#1883=ORIENTED_EDGE('',*,*,#3076,.T.);
#1884=ORIENTED_EDGE('',*,*,#3081,.F.);
#1885=ORIENTED_EDGE('',*,*,#3082,.F.);
#1886=ORIENTED_EDGE('',*,*,#3083,.T.);
#1887=ORIENTED_EDGE('',*,*,#3079,.T.);
#1888=ORIENTED_EDGE('',*,*,#3084,.F.);
#1889=ORIENTED_EDGE('',*,*,#3085,.F.);
#1890=ORIENTED_EDGE('',*,*,#3086,.T.);
#1891=ORIENTED_EDGE('',*,*,#3082,.T.);
#1892=ORIENTED_EDGE('',*,*,#3087,.F.);
#1893=ORIENTED_EDGE('',*,*,#3088,.F.);
#1894=ORIENTED_EDGE('',*,*,#3089,.T.);
#1895=ORIENTED_EDGE('',*,*,#3085,.T.);
#1896=ORIENTED_EDGE('',*,*,#3090,.F.);
#1897=ORIENTED_EDGE('',*,*,#3091,.F.);
#1898=ORIENTED_EDGE('',*,*,#3092,.T.);
#1899=ORIENTED_EDGE('',*,*,#3088,.T.);
#1900=ORIENTED_EDGE('',*,*,#3093,.F.);
#1901=ORIENTED_EDGE('',*,*,#3094,.F.);
#1902=ORIENTED_EDGE('',*,*,#3095,.T.);
#1903=ORIENTED_EDGE('',*,*,#3091,.T.);
#1904=ORIENTED_EDGE('',*,*,#3096,.F.);
#1905=ORIENTED_EDGE('',*,*,#3097,.F.);
#1906=ORIENTED_EDGE('',*,*,#3098,.T.);
#1907=ORIENTED_EDGE('',*,*,#3094,.T.);
#1908=ORIENTED_EDGE('',*,*,#3099,.F.);
#1909=ORIENTED_EDGE('',*,*,#3100,.F.);
#1910=ORIENTED_EDGE('',*,*,#3101,.T.);
#1911=ORIENTED_EDGE('',*,*,#3097,.T.);
#1912=ORIENTED_EDGE('',*,*,#3102,.F.);
#1913=ORIENTED_EDGE('',*,*,#3103,.F.);
#1914=ORIENTED_EDGE('',*,*,#3104,.T.);
#1915=ORIENTED_EDGE('',*,*,#3100,.T.);
#1916=ORIENTED_EDGE('',*,*,#3105,.F.);
#1917=ORIENTED_EDGE('',*,*,#3106,.F.);
#1918=ORIENTED_EDGE('',*,*,#3107,.T.);
#1919=ORIENTED_EDGE('',*,*,#3103,.T.);
#1920=ORIENTED_EDGE('',*,*,#3108,.F.);
#1921=ORIENTED_EDGE('',*,*,#3109,.F.);
#1922=ORIENTED_EDGE('',*,*,#3110,.T.);
#1923=ORIENTED_EDGE('',*,*,#3106,.T.);
#1924=ORIENTED_EDGE('',*,*,#2683,.F.);
#1925=ORIENTED_EDGE('',*,*,#3111,.F.);
#1926=ORIENTED_EDGE('',*,*,#3112,.T.);
#1927=ORIENTED_EDGE('',*,*,#3113,.T.);
#1928=ORIENTED_EDGE('',*,*,#2696,.F.);
#1929=ORIENTED_EDGE('',*,*,#3114,.F.);
#1930=ORIENTED_EDGE('',*,*,#3115,.T.);
#1931=ORIENTED_EDGE('',*,*,#3111,.T.);
#1932=ORIENTED_EDGE('',*,*,#2695,.F.);
#1933=ORIENTED_EDGE('',*,*,#3116,.F.);
#1934=ORIENTED_EDGE('',*,*,#3117,.T.);
#1935=ORIENTED_EDGE('',*,*,#3114,.T.);
#1936=ORIENTED_EDGE('',*,*,#2694,.F.);
#1937=ORIENTED_EDGE('',*,*,#3118,.F.);
#1938=ORIENTED_EDGE('',*,*,#3119,.T.);
#1939=ORIENTED_EDGE('',*,*,#3116,.T.);
#1940=ORIENTED_EDGE('',*,*,#2693,.F.);
#1941=ORIENTED_EDGE('',*,*,#3120,.F.);
#1942=ORIENTED_EDGE('',*,*,#3121,.T.);
#1943=ORIENTED_EDGE('',*,*,#3118,.T.);
#1944=ORIENTED_EDGE('',*,*,#2692,.F.);
#1945=ORIENTED_EDGE('',*,*,#3122,.F.);
#1946=ORIENTED_EDGE('',*,*,#3123,.T.);
#1947=ORIENTED_EDGE('',*,*,#3120,.T.);
#1948=ORIENTED_EDGE('',*,*,#2691,.F.);
#1949=ORIENTED_EDGE('',*,*,#3124,.F.);
#1950=ORIENTED_EDGE('',*,*,#3125,.T.);
#1951=ORIENTED_EDGE('',*,*,#3122,.T.);
#1952=ORIENTED_EDGE('',*,*,#2690,.F.);
#1953=ORIENTED_EDGE('',*,*,#3126,.F.);
#1954=ORIENTED_EDGE('',*,*,#3127,.T.);
#1955=ORIENTED_EDGE('',*,*,#3124,.T.);
#1956=ORIENTED_EDGE('',*,*,#2689,.F.);
#1957=ORIENTED_EDGE('',*,*,#3128,.F.);
#1958=ORIENTED_EDGE('',*,*,#3129,.T.);
#1959=ORIENTED_EDGE('',*,*,#3126,.T.);
#1960=ORIENTED_EDGE('',*,*,#2688,.F.);
#1961=ORIENTED_EDGE('',*,*,#3130,.F.);
#1962=ORIENTED_EDGE('',*,*,#3131,.T.);
#1963=ORIENTED_EDGE('',*,*,#3128,.T.);
#1964=ORIENTED_EDGE('',*,*,#2687,.F.);
#1965=ORIENTED_EDGE('',*,*,#3132,.F.);
#1966=ORIENTED_EDGE('',*,*,#3133,.T.);
#1967=ORIENTED_EDGE('',*,*,#3130,.T.);
#1968=ORIENTED_EDGE('',*,*,#2686,.F.);
#1969=ORIENTED_EDGE('',*,*,#3134,.F.);
#1970=ORIENTED_EDGE('',*,*,#3135,.T.);
#1971=ORIENTED_EDGE('',*,*,#3132,.T.);
#1972=ORIENTED_EDGE('',*,*,#2685,.F.);
#1973=ORIENTED_EDGE('',*,*,#3136,.F.);
#1974=ORIENTED_EDGE('',*,*,#3137,.T.);
#1975=ORIENTED_EDGE('',*,*,#3134,.T.);
#1976=ORIENTED_EDGE('',*,*,#2684,.F.);
#1977=ORIENTED_EDGE('',*,*,#3113,.F.);
#1978=ORIENTED_EDGE('',*,*,#3138,.T.);
#1979=ORIENTED_EDGE('',*,*,#3136,.T.);
#1980=ORIENTED_EDGE('',*,*,#3139,.F.);
#1981=ORIENTED_EDGE('',*,*,#3074,.F.);
#1982=ORIENTED_EDGE('',*,*,#3140,.T.);
#1983=ORIENTED_EDGE('',*,*,#3109,.T.);
#1984=ORIENTED_EDGE('',*,*,#3112,.F.);
#1985=ORIENTED_EDGE('',*,*,#3115,.F.);
#1986=ORIENTED_EDGE('',*,*,#3117,.F.);
#1987=ORIENTED_EDGE('',*,*,#3119,.F.);
#1988=ORIENTED_EDGE('',*,*,#3121,.F.);
#1989=ORIENTED_EDGE('',*,*,#3123,.F.);
#1990=ORIENTED_EDGE('',*,*,#3125,.F.);
#1991=ORIENTED_EDGE('',*,*,#3127,.F.);
#1992=ORIENTED_EDGE('',*,*,#3129,.F.);
#1993=ORIENTED_EDGE('',*,*,#3131,.F.);
#1994=ORIENTED_EDGE('',*,*,#3133,.F.);
#1995=ORIENTED_EDGE('',*,*,#3135,.F.);
#1996=ORIENTED_EDGE('',*,*,#3137,.F.);
#1997=ORIENTED_EDGE('',*,*,#3138,.F.);
#1998=ORIENTED_EDGE('',*,*,#3073,.F.);
#1999=ORIENTED_EDGE('',*,*,#3077,.F.);
#2000=ORIENTED_EDGE('',*,*,#3080,.F.);
#2001=ORIENTED_EDGE('',*,*,#3083,.F.);
#2002=ORIENTED_EDGE('',*,*,#3086,.F.);
#2003=ORIENTED_EDGE('',*,*,#3089,.F.);
#2004=ORIENTED_EDGE('',*,*,#3092,.F.);
#2005=ORIENTED_EDGE('',*,*,#3095,.F.);
#2006=ORIENTED_EDGE('',*,*,#3098,.F.);
#2007=ORIENTED_EDGE('',*,*,#3101,.F.);
#2008=ORIENTED_EDGE('',*,*,#3104,.F.);
#2009=ORIENTED_EDGE('',*,*,#3107,.F.);
#2010=ORIENTED_EDGE('',*,*,#3110,.F.);
#2011=ORIENTED_EDGE('',*,*,#3140,.F.);
#2012=ORIENTED_EDGE('',*,*,#3141,.F.);
#2013=ORIENTED_EDGE('',*,*,#3142,.F.);
#2014=ORIENTED_EDGE('',*,*,#3143,.T.);
#2015=ORIENTED_EDGE('',*,*,#3144,.T.);
#2016=ORIENTED_EDGE('',*,*,#3145,.F.);
#2017=ORIENTED_EDGE('',*,*,#3146,.F.);
#2018=ORIENTED_EDGE('',*,*,#3147,.T.);
#2019=ORIENTED_EDGE('',*,*,#3142,.T.);
#2020=ORIENTED_EDGE('',*,*,#2772,.F.);
#2021=ORIENTED_EDGE('',*,*,#3148,.F.);
#2022=ORIENTED_EDGE('',*,*,#3149,.T.);
#2023=ORIENTED_EDGE('',*,*,#3150,.T.);
#2024=ORIENTED_EDGE('',*,*,#2779,.F.);
#2025=ORIENTED_EDGE('',*,*,#3151,.F.);
#2026=ORIENTED_EDGE('',*,*,#3152,.T.);
#2027=ORIENTED_EDGE('',*,*,#3148,.T.);
#2028=ORIENTED_EDGE('',*,*,#2778,.F.);
#2029=ORIENTED_EDGE('',*,*,#3153,.F.);
#2030=ORIENTED_EDGE('',*,*,#3154,.T.);
#2031=ORIENTED_EDGE('',*,*,#3151,.T.);
#2032=ORIENTED_EDGE('',*,*,#2777,.F.);
#2033=ORIENTED_EDGE('',*,*,#3155,.F.);
#2034=ORIENTED_EDGE('',*,*,#3156,.T.);
#2035=ORIENTED_EDGE('',*,*,#3153,.T.);
#2036=ORIENTED_EDGE('',*,*,#2776,.F.);
#2037=ORIENTED_EDGE('',*,*,#3157,.F.);
#2038=ORIENTED_EDGE('',*,*,#3158,.T.);
#2039=ORIENTED_EDGE('',*,*,#3155,.T.);
#2040=ORIENTED_EDGE('',*,*,#2775,.F.);
#2041=ORIENTED_EDGE('',*,*,#3159,.F.);
#2042=ORIENTED_EDGE('',*,*,#3160,.T.);
#2043=ORIENTED_EDGE('',*,*,#3157,.T.);
#2044=ORIENTED_EDGE('',*,*,#2774,.F.);
#2045=ORIENTED_EDGE('',*,*,#3161,.F.);
#2046=ORIENTED_EDGE('',*,*,#3162,.T.);
#2047=ORIENTED_EDGE('',*,*,#3159,.T.);
#2048=ORIENTED_EDGE('',*,*,#2773,.F.);
#2049=ORIENTED_EDGE('',*,*,#3150,.F.);
#2050=ORIENTED_EDGE('',*,*,#3163,.T.);
#2051=ORIENTED_EDGE('',*,*,#3161,.T.);
#2052=ORIENTED_EDGE('',*,*,#3164,.F.);
#2053=ORIENTED_EDGE('',*,*,#3144,.F.);
#2054=ORIENTED_EDGE('',*,*,#3165,.T.);
#2055=ORIENTED_EDGE('',*,*,#3146,.T.);
#2056=ORIENTED_EDGE('',*,*,#3149,.F.);
#2057=ORIENTED_EDGE('',*,*,#3152,.F.);
#2058=ORIENTED_EDGE('',*,*,#3154,.F.);
#2059=ORIENTED_EDGE('',*,*,#3156,.F.);
#2060=ORIENTED_EDGE('',*,*,#3158,.F.);
#2061=ORIENTED_EDGE('',*,*,#3160,.F.);
#2062=ORIENTED_EDGE('',*,*,#3162,.F.);
#2063=ORIENTED_EDGE('',*,*,#3163,.F.);
#2064=ORIENTED_EDGE('',*,*,#3143,.F.);
#2065=ORIENTED_EDGE('',*,*,#3147,.F.);
#2066=ORIENTED_EDGE('',*,*,#3165,.F.);
#2067=ORIENTED_EDGE('',*,*,#2669,.F.);
#2068=ORIENTED_EDGE('',*,*,#3166,.F.);
#2069=ORIENTED_EDGE('',*,*,#3167,.T.);
#2070=ORIENTED_EDGE('',*,*,#3168,.T.);
#2071=ORIENTED_EDGE('',*,*,#2682,.F.);
#2072=ORIENTED_EDGE('',*,*,#3169,.F.);
#2073=ORIENTED_EDGE('',*,*,#3170,.T.);
#2074=ORIENTED_EDGE('',*,*,#3166,.T.);
#2075=ORIENTED_EDGE('',*,*,#2681,.F.);
#2076=ORIENTED_EDGE('',*,*,#3171,.F.);
#2077=ORIENTED_EDGE('',*,*,#3172,.T.);
#2078=ORIENTED_EDGE('',*,*,#3169,.T.);
#2079=ORIENTED_EDGE('',*,*,#2680,.F.);
#2080=ORIENTED_EDGE('',*,*,#3173,.F.);
#2081=ORIENTED_EDGE('',*,*,#3174,.T.);
#2082=ORIENTED_EDGE('',*,*,#3171,.T.);
#2083=ORIENTED_EDGE('',*,*,#2679,.F.);
#2084=ORIENTED_EDGE('',*,*,#3175,.F.);
#2085=ORIENTED_EDGE('',*,*,#3176,.T.);
#2086=ORIENTED_EDGE('',*,*,#3173,.T.);
#2087=ORIENTED_EDGE('',*,*,#2678,.F.);
#2088=ORIENTED_EDGE('',*,*,#3177,.F.);
#2089=ORIENTED_EDGE('',*,*,#3178,.T.);
#2090=ORIENTED_EDGE('',*,*,#3175,.T.);
#2091=ORIENTED_EDGE('',*,*,#2677,.F.);
#2092=ORIENTED_EDGE('',*,*,#3179,.F.);
#2093=ORIENTED_EDGE('',*,*,#3180,.T.);
#2094=ORIENTED_EDGE('',*,*,#3177,.T.);
#2095=ORIENTED_EDGE('',*,*,#2676,.F.);
#2096=ORIENTED_EDGE('',*,*,#3181,.F.);
#2097=ORIENTED_EDGE('',*,*,#3182,.T.);
#2098=ORIENTED_EDGE('',*,*,#3179,.T.);
#2099=ORIENTED_EDGE('',*,*,#2675,.F.);
#2100=ORIENTED_EDGE('',*,*,#3183,.F.);
#2101=ORIENTED_EDGE('',*,*,#3184,.T.);
#2102=ORIENTED_EDGE('',*,*,#3181,.T.);
#2103=ORIENTED_EDGE('',*,*,#2674,.F.);
#2104=ORIENTED_EDGE('',*,*,#3185,.F.);
#2105=ORIENTED_EDGE('',*,*,#3186,.T.);
#2106=ORIENTED_EDGE('',*,*,#3183,.T.);
#2107=ORIENTED_EDGE('',*,*,#2673,.F.);
#2108=ORIENTED_EDGE('',*,*,#3187,.F.);
#2109=ORIENTED_EDGE('',*,*,#3188,.T.);
#2110=ORIENTED_EDGE('',*,*,#3185,.T.);
#2111=ORIENTED_EDGE('',*,*,#2672,.F.);
#2112=ORIENTED_EDGE('',*,*,#3189,.F.);
#2113=ORIENTED_EDGE('',*,*,#3190,.T.);
#2114=ORIENTED_EDGE('',*,*,#3187,.T.);
#2115=ORIENTED_EDGE('',*,*,#2671,.F.);
#2116=ORIENTED_EDGE('',*,*,#3191,.F.);
#2117=ORIENTED_EDGE('',*,*,#3192,.T.);
#2118=ORIENTED_EDGE('',*,*,#3189,.T.);
#2119=ORIENTED_EDGE('',*,*,#2670,.F.);
#2120=ORIENTED_EDGE('',*,*,#3168,.F.);
#2121=ORIENTED_EDGE('',*,*,#3193,.T.);
#2122=ORIENTED_EDGE('',*,*,#3191,.T.);
#2123=ORIENTED_EDGE('',*,*,#3167,.F.);
#2124=ORIENTED_EDGE('',*,*,#3170,.F.);
#2125=ORIENTED_EDGE('',*,*,#3172,.F.);
#2126=ORIENTED_EDGE('',*,*,#3174,.F.);
#2127=ORIENTED_EDGE('',*,*,#3176,.F.);
#2128=ORIENTED_EDGE('',*,*,#3178,.F.);
#2129=ORIENTED_EDGE('',*,*,#3180,.F.);
#2130=ORIENTED_EDGE('',*,*,#3182,.F.);
#2131=ORIENTED_EDGE('',*,*,#3184,.F.);
#2132=ORIENTED_EDGE('',*,*,#3186,.F.);
#2133=ORIENTED_EDGE('',*,*,#3188,.F.);
#2134=ORIENTED_EDGE('',*,*,#3190,.F.);
#2135=ORIENTED_EDGE('',*,*,#3192,.F.);
#2136=ORIENTED_EDGE('',*,*,#3193,.F.);
#2137=ORIENTED_EDGE('',*,*,#2780,.F.);
#2138=ORIENTED_EDGE('',*,*,#3194,.F.);
#2139=ORIENTED_EDGE('',*,*,#3195,.T.);
#2140=ORIENTED_EDGE('',*,*,#3196,.T.);
#2141=ORIENTED_EDGE('',*,*,#2811,.F.);
#2142=ORIENTED_EDGE('',*,*,#3197,.F.);
#2143=ORIENTED_EDGE('',*,*,#3198,.T.);
#2144=ORIENTED_EDGE('',*,*,#3194,.T.);
#2145=ORIENTED_EDGE('',*,*,#2810,.F.);
#2146=ORIENTED_EDGE('',*,*,#3199,.F.);
#2147=ORIENTED_EDGE('',*,*,#3200,.T.);
#2148=ORIENTED_EDGE('',*,*,#3197,.T.);
#2149=ORIENTED_EDGE('',*,*,#2809,.F.);
#2150=ORIENTED_EDGE('',*,*,#3201,.F.);
#2151=ORIENTED_EDGE('',*,*,#3202,.T.);
#2152=ORIENTED_EDGE('',*,*,#3199,.T.);
#2153=ORIENTED_EDGE('',*,*,#2808,.F.);
#2154=ORIENTED_EDGE('',*,*,#3203,.F.);
#2155=ORIENTED_EDGE('',*,*,#3204,.T.);
#2156=ORIENTED_EDGE('',*,*,#3201,.T.);
#2157=ORIENTED_EDGE('',*,*,#2807,.F.);
#2158=ORIENTED_EDGE('',*,*,#3205,.F.);
#2159=ORIENTED_EDGE('',*,*,#3206,.T.);
#2160=ORIENTED_EDGE('',*,*,#3203,.T.);
#2161=ORIENTED_EDGE('',*,*,#2806,.F.);
#2162=ORIENTED_EDGE('',*,*,#3207,.F.);
#2163=ORIENTED_EDGE('',*,*,#3208,.T.);
#2164=ORIENTED_EDGE('',*,*,#3205,.T.);
#2165=ORIENTED_EDGE('',*,*,#2805,.F.);
#2166=ORIENTED_EDGE('',*,*,#3209,.F.);
#2167=ORIENTED_EDGE('',*,*,#3210,.T.);
#2168=ORIENTED_EDGE('',*,*,#3207,.T.);
#2169=ORIENTED_EDGE('',*,*,#2804,.F.);
#2170=ORIENTED_EDGE('',*,*,#3211,.F.);
#2171=ORIENTED_EDGE('',*,*,#3212,.T.);
#2172=ORIENTED_EDGE('',*,*,#3209,.T.);
#2173=ORIENTED_EDGE('',*,*,#2803,.F.);
#2174=ORIENTED_EDGE('',*,*,#3213,.F.);
#2175=ORIENTED_EDGE('',*,*,#3214,.T.);
#2176=ORIENTED_EDGE('',*,*,#3211,.T.);
#2177=ORIENTED_EDGE('',*,*,#2802,.F.);
#2178=ORIENTED_EDGE('',*,*,#3215,.F.);
#2179=ORIENTED_EDGE('',*,*,#3216,.T.);
#2180=ORIENTED_EDGE('',*,*,#3213,.T.);
#2181=ORIENTED_EDGE('',*,*,#2801,.F.);
#2182=ORIENTED_EDGE('',*,*,#3217,.F.);
#2183=ORIENTED_EDGE('',*,*,#3218,.T.);
#2184=ORIENTED_EDGE('',*,*,#3215,.T.);
#2185=ORIENTED_EDGE('',*,*,#2800,.F.);
#2186=ORIENTED_EDGE('',*,*,#3219,.F.);
#2187=ORIENTED_EDGE('',*,*,#3220,.T.);
#2188=ORIENTED_EDGE('',*,*,#3217,.T.);
#2189=ORIENTED_EDGE('',*,*,#2799,.F.);
#2190=ORIENTED_EDGE('',*,*,#3221,.F.);
#2191=ORIENTED_EDGE('',*,*,#3222,.T.);
#2192=ORIENTED_EDGE('',*,*,#3219,.T.);
#2193=ORIENTED_EDGE('',*,*,#2798,.F.);
#2194=ORIENTED_EDGE('',*,*,#3223,.F.);
#2195=ORIENTED_EDGE('',*,*,#3224,.T.);
#2196=ORIENTED_EDGE('',*,*,#3221,.T.);
#2197=ORIENTED_EDGE('',*,*,#2797,.F.);
#2198=ORIENTED_EDGE('',*,*,#3225,.F.);
#2199=ORIENTED_EDGE('',*,*,#3226,.T.);
#2200=ORIENTED_EDGE('',*,*,#3223,.T.);
#2201=ORIENTED_EDGE('',*,*,#2796,.F.);
#2202=ORIENTED_EDGE('',*,*,#3227,.F.);
#2203=ORIENTED_EDGE('',*,*,#3228,.T.);
#2204=ORIENTED_EDGE('',*,*,#3225,.T.);
#2205=ORIENTED_EDGE('',*,*,#2795,.F.);
#2206=ORIENTED_EDGE('',*,*,#3229,.F.);
#2207=ORIENTED_EDGE('',*,*,#3230,.T.);
#2208=ORIENTED_EDGE('',*,*,#3227,.T.);
#2209=ORIENTED_EDGE('',*,*,#2794,.F.);
#2210=ORIENTED_EDGE('',*,*,#3231,.F.);
#2211=ORIENTED_EDGE('',*,*,#3232,.T.);
#2212=ORIENTED_EDGE('',*,*,#3229,.T.);
#2213=ORIENTED_EDGE('',*,*,#2793,.F.);
#2214=ORIENTED_EDGE('',*,*,#3233,.F.);
#2215=ORIENTED_EDGE('',*,*,#3234,.T.);
#2216=ORIENTED_EDGE('',*,*,#3231,.T.);
#2217=ORIENTED_EDGE('',*,*,#2792,.F.);
#2218=ORIENTED_EDGE('',*,*,#3235,.F.);
#2219=ORIENTED_EDGE('',*,*,#3236,.T.);
#2220=ORIENTED_EDGE('',*,*,#3233,.T.);
#2221=ORIENTED_EDGE('',*,*,#2791,.F.);
#2222=ORIENTED_EDGE('',*,*,#3237,.F.);
#2223=ORIENTED_EDGE('',*,*,#3238,.T.);
#2224=ORIENTED_EDGE('',*,*,#3235,.T.);
#2225=ORIENTED_EDGE('',*,*,#2790,.F.);
#2226=ORIENTED_EDGE('',*,*,#3239,.F.);
#2227=ORIENTED_EDGE('',*,*,#3240,.T.);
#2228=ORIENTED_EDGE('',*,*,#3237,.T.);
#2229=ORIENTED_EDGE('',*,*,#2789,.F.);
#2230=ORIENTED_EDGE('',*,*,#3241,.F.);
#2231=ORIENTED_EDGE('',*,*,#3242,.T.);
#2232=ORIENTED_EDGE('',*,*,#3239,.T.);
#2233=ORIENTED_EDGE('',*,*,#2788,.F.);
#2234=ORIENTED_EDGE('',*,*,#3243,.F.);
#2235=ORIENTED_EDGE('',*,*,#3244,.T.);
#2236=ORIENTED_EDGE('',*,*,#3241,.T.);
#2237=ORIENTED_EDGE('',*,*,#2787,.F.);
#2238=ORIENTED_EDGE('',*,*,#3245,.F.);
#2239=ORIENTED_EDGE('',*,*,#3246,.T.);
#2240=ORIENTED_EDGE('',*,*,#3243,.T.);
#2241=ORIENTED_EDGE('',*,*,#2786,.F.);
#2242=ORIENTED_EDGE('',*,*,#3247,.F.);
#2243=ORIENTED_EDGE('',*,*,#3248,.T.);
#2244=ORIENTED_EDGE('',*,*,#3245,.T.);
#2245=ORIENTED_EDGE('',*,*,#2785,.F.);
#2246=ORIENTED_EDGE('',*,*,#3249,.F.);
#2247=ORIENTED_EDGE('',*,*,#3250,.T.);
#2248=ORIENTED_EDGE('',*,*,#3247,.T.);
#2249=ORIENTED_EDGE('',*,*,#2784,.F.);
#2250=ORIENTED_EDGE('',*,*,#3251,.F.);
#2251=ORIENTED_EDGE('',*,*,#3252,.T.);
#2252=ORIENTED_EDGE('',*,*,#3249,.T.);
#2253=ORIENTED_EDGE('',*,*,#2783,.F.);
#2254=ORIENTED_EDGE('',*,*,#3253,.F.);
#2255=ORIENTED_EDGE('',*,*,#3254,.T.);
#2256=ORIENTED_EDGE('',*,*,#3251,.T.);
#2257=ORIENTED_EDGE('',*,*,#2782,.F.);
#2258=ORIENTED_EDGE('',*,*,#3255,.F.);
#2259=ORIENTED_EDGE('',*,*,#3256,.T.);
#2260=ORIENTED_EDGE('',*,*,#3253,.T.);
#2261=ORIENTED_EDGE('',*,*,#2781,.F.);
#2262=ORIENTED_EDGE('',*,*,#3196,.F.);
#2263=ORIENTED_EDGE('',*,*,#3257,.T.);
#2264=ORIENTED_EDGE('',*,*,#3255,.T.);
#2265=ORIENTED_EDGE('',*,*,#3195,.F.);
#2266=ORIENTED_EDGE('',*,*,#3198,.F.);
#2267=ORIENTED_EDGE('',*,*,#3200,.F.);
#2268=ORIENTED_EDGE('',*,*,#3202,.F.);
#2269=ORIENTED_EDGE('',*,*,#3204,.F.);
#2270=ORIENTED_EDGE('',*,*,#3206,.F.);
#2271=ORIENTED_EDGE('',*,*,#3208,.F.);
#2272=ORIENTED_EDGE('',*,*,#3210,.F.);
#2273=ORIENTED_EDGE('',*,*,#3212,.F.);
#2274=ORIENTED_EDGE('',*,*,#3214,.F.);
#2275=ORIENTED_EDGE('',*,*,#3216,.F.);
#2276=ORIENTED_EDGE('',*,*,#3218,.F.);
#2277=ORIENTED_EDGE('',*,*,#3220,.F.);
#2278=ORIENTED_EDGE('',*,*,#3222,.F.);
#2279=ORIENTED_EDGE('',*,*,#3224,.F.);
#2280=ORIENTED_EDGE('',*,*,#3226,.F.);
#2281=ORIENTED_EDGE('',*,*,#3228,.F.);
#2282=ORIENTED_EDGE('',*,*,#3230,.F.);
#2283=ORIENTED_EDGE('',*,*,#3232,.F.);
#2284=ORIENTED_EDGE('',*,*,#3234,.F.);
#2285=ORIENTED_EDGE('',*,*,#3236,.F.);
#2286=ORIENTED_EDGE('',*,*,#3238,.F.);
#2287=ORIENTED_EDGE('',*,*,#3240,.F.);
#2288=ORIENTED_EDGE('',*,*,#3242,.F.);
#2289=ORIENTED_EDGE('',*,*,#3244,.F.);
#2290=ORIENTED_EDGE('',*,*,#3246,.F.);
#2291=ORIENTED_EDGE('',*,*,#3248,.F.);
#2292=ORIENTED_EDGE('',*,*,#3250,.F.);
#2293=ORIENTED_EDGE('',*,*,#3252,.F.);
#2294=ORIENTED_EDGE('',*,*,#3254,.F.);
#2295=ORIENTED_EDGE('',*,*,#3256,.F.);
#2296=ORIENTED_EDGE('',*,*,#3257,.F.);
#2297=ORIENTED_EDGE('',*,*,#2637,.F.);
#2298=ORIENTED_EDGE('',*,*,#3258,.F.);
#2299=ORIENTED_EDGE('',*,*,#3259,.T.);
#2300=ORIENTED_EDGE('',*,*,#3260,.T.);
#2301=ORIENTED_EDGE('',*,*,#2668,.F.);
#2302=ORIENTED_EDGE('',*,*,#3261,.F.);
#2303=ORIENTED_EDGE('',*,*,#3262,.T.);
#2304=ORIENTED_EDGE('',*,*,#3258,.T.);
#2305=ORIENTED_EDGE('',*,*,#2667,.F.);
#2306=ORIENTED_EDGE('',*,*,#3263,.F.);
#2307=ORIENTED_EDGE('',*,*,#3264,.T.);
#2308=ORIENTED_EDGE('',*,*,#3261,.T.);
#2309=ORIENTED_EDGE('',*,*,#2666,.F.);
#2310=ORIENTED_EDGE('',*,*,#3265,.F.);
#2311=ORIENTED_EDGE('',*,*,#3266,.T.);
#2312=ORIENTED_EDGE('',*,*,#3263,.T.);
#2313=ORIENTED_EDGE('',*,*,#2665,.F.);
#2314=ORIENTED_EDGE('',*,*,#3267,.F.);
#2315=ORIENTED_EDGE('',*,*,#3268,.T.);
#2316=ORIENTED_EDGE('',*,*,#3265,.T.);
#2317=ORIENTED_EDGE('',*,*,#2664,.F.);
#2318=ORIENTED_EDGE('',*,*,#3269,.F.);
#2319=ORIENTED_EDGE('',*,*,#3270,.T.);
#2320=ORIENTED_EDGE('',*,*,#3267,.T.);
#2321=ORIENTED_EDGE('',*,*,#2663,.F.);
#2322=ORIENTED_EDGE('',*,*,#3271,.F.);
#2323=ORIENTED_EDGE('',*,*,#3272,.T.);
#2324=ORIENTED_EDGE('',*,*,#3269,.T.);
#2325=ORIENTED_EDGE('',*,*,#2662,.F.);
#2326=ORIENTED_EDGE('',*,*,#3273,.F.);
#2327=ORIENTED_EDGE('',*,*,#3274,.T.);
#2328=ORIENTED_EDGE('',*,*,#3271,.T.);
#2329=ORIENTED_EDGE('',*,*,#2661,.F.);
#2330=ORIENTED_EDGE('',*,*,#3275,.F.);
#2331=ORIENTED_EDGE('',*,*,#3276,.T.);
#2332=ORIENTED_EDGE('',*,*,#3273,.T.);
#2333=ORIENTED_EDGE('',*,*,#2660,.F.);
#2334=ORIENTED_EDGE('',*,*,#3277,.F.);
#2335=ORIENTED_EDGE('',*,*,#3278,.T.);
#2336=ORIENTED_EDGE('',*,*,#3275,.T.);
#2337=ORIENTED_EDGE('',*,*,#2659,.F.);
#2338=ORIENTED_EDGE('',*,*,#3279,.F.);
#2339=ORIENTED_EDGE('',*,*,#3280,.T.);
#2340=ORIENTED_EDGE('',*,*,#3277,.T.);
#2341=ORIENTED_EDGE('',*,*,#2658,.F.);
#2342=ORIENTED_EDGE('',*,*,#3281,.F.);
#2343=ORIENTED_EDGE('',*,*,#3282,.T.);
#2344=ORIENTED_EDGE('',*,*,#3279,.T.);
#2345=ORIENTED_EDGE('',*,*,#2657,.F.);
#2346=ORIENTED_EDGE('',*,*,#3283,.F.);
#2347=ORIENTED_EDGE('',*,*,#3284,.T.);
#2348=ORIENTED_EDGE('',*,*,#3281,.T.);
#2349=ORIENTED_EDGE('',*,*,#2656,.F.);
#2350=ORIENTED_EDGE('',*,*,#3285,.F.);
#2351=ORIENTED_EDGE('',*,*,#3286,.T.);
#2352=ORIENTED_EDGE('',*,*,#3283,.T.);
#2353=ORIENTED_EDGE('',*,*,#2655,.F.);
#2354=ORIENTED_EDGE('',*,*,#3287,.F.);
#2355=ORIENTED_EDGE('',*,*,#3288,.T.);
#2356=ORIENTED_EDGE('',*,*,#3285,.T.);
#2357=ORIENTED_EDGE('',*,*,#2654,.F.);
#2358=ORIENTED_EDGE('',*,*,#3289,.F.);
#2359=ORIENTED_EDGE('',*,*,#3290,.T.);
#2360=ORIENTED_EDGE('',*,*,#3287,.T.);
#2361=ORIENTED_EDGE('',*,*,#2653,.F.);
#2362=ORIENTED_EDGE('',*,*,#3291,.F.);
#2363=ORIENTED_EDGE('',*,*,#3292,.T.);
#2364=ORIENTED_EDGE('',*,*,#3289,.T.);
#2365=ORIENTED_EDGE('',*,*,#2652,.F.);
#2366=ORIENTED_EDGE('',*,*,#3293,.F.);
#2367=ORIENTED_EDGE('',*,*,#3294,.T.);
#2368=ORIENTED_EDGE('',*,*,#3291,.T.);
#2369=ORIENTED_EDGE('',*,*,#2651,.F.);
#2370=ORIENTED_EDGE('',*,*,#3295,.F.);
#2371=ORIENTED_EDGE('',*,*,#3296,.T.);
#2372=ORIENTED_EDGE('',*,*,#3293,.T.);
#2373=ORIENTED_EDGE('',*,*,#2650,.F.);
#2374=ORIENTED_EDGE('',*,*,#3297,.F.);
#2375=ORIENTED_EDGE('',*,*,#3298,.T.);
#2376=ORIENTED_EDGE('',*,*,#3295,.T.);
#2377=ORIENTED_EDGE('',*,*,#2649,.F.);
#2378=ORIENTED_EDGE('',*,*,#3299,.F.);
#2379=ORIENTED_EDGE('',*,*,#3300,.T.);
#2380=ORIENTED_EDGE('',*,*,#3297,.T.);
#2381=ORIENTED_EDGE('',*,*,#2648,.F.);
#2382=ORIENTED_EDGE('',*,*,#3301,.F.);
#2383=ORIENTED_EDGE('',*,*,#3302,.T.);
#2384=ORIENTED_EDGE('',*,*,#3299,.T.);
#2385=ORIENTED_EDGE('',*,*,#2647,.F.);
#2386=ORIENTED_EDGE('',*,*,#3303,.F.);
#2387=ORIENTED_EDGE('',*,*,#3304,.T.);
#2388=ORIENTED_EDGE('',*,*,#3301,.T.);
#2389=ORIENTED_EDGE('',*,*,#2646,.F.);
#2390=ORIENTED_EDGE('',*,*,#3305,.F.);
#2391=ORIENTED_EDGE('',*,*,#3306,.T.);
#2392=ORIENTED_EDGE('',*,*,#3303,.T.);
#2393=ORIENTED_EDGE('',*,*,#2645,.F.);
#2394=ORIENTED_EDGE('',*,*,#3307,.F.);
#2395=ORIENTED_EDGE('',*,*,#3308,.T.);
#2396=ORIENTED_EDGE('',*,*,#3305,.T.);
#2397=ORIENTED_EDGE('',*,*,#2644,.F.);
#2398=ORIENTED_EDGE('',*,*,#3309,.F.);
#2399=ORIENTED_EDGE('',*,*,#3310,.T.);
#2400=ORIENTED_EDGE('',*,*,#3307,.T.);
#2401=ORIENTED_EDGE('',*,*,#2643,.F.);
#2402=ORIENTED_EDGE('',*,*,#3311,.F.);
#2403=ORIENTED_EDGE('',*,*,#3312,.T.);
#2404=ORIENTED_EDGE('',*,*,#3309,.T.);
#2405=ORIENTED_EDGE('',*,*,#2642,.F.);
#2406=ORIENTED_EDGE('',*,*,#3313,.F.);
#2407=ORIENTED_EDGE('',*,*,#3314,.T.);
#2408=ORIENTED_EDGE('',*,*,#3311,.T.);
#2409=ORIENTED_EDGE('',*,*,#2641,.F.);
#2410=ORIENTED_EDGE('',*,*,#3315,.F.);
#2411=ORIENTED_EDGE('',*,*,#3316,.T.);
#2412=ORIENTED_EDGE('',*,*,#3313,.T.);
#2413=ORIENTED_EDGE('',*,*,#2640,.F.);
#2414=ORIENTED_EDGE('',*,*,#3317,.F.);
#2415=ORIENTED_EDGE('',*,*,#3318,.T.);
#2416=ORIENTED_EDGE('',*,*,#3315,.T.);
#2417=ORIENTED_EDGE('',*,*,#2639,.F.);
#2418=ORIENTED_EDGE('',*,*,#3319,.F.);
#2419=ORIENTED_EDGE('',*,*,#3320,.T.);
#2420=ORIENTED_EDGE('',*,*,#3317,.T.);
#2421=ORIENTED_EDGE('',*,*,#2638,.F.);
#2422=ORIENTED_EDGE('',*,*,#3260,.F.);
#2423=ORIENTED_EDGE('',*,*,#3321,.T.);
#2424=ORIENTED_EDGE('',*,*,#3319,.T.);
#2425=ORIENTED_EDGE('',*,*,#3259,.F.);
#2426=ORIENTED_EDGE('',*,*,#3262,.F.);
#2427=ORIENTED_EDGE('',*,*,#3264,.F.);
#2428=ORIENTED_EDGE('',*,*,#3266,.F.);
#2429=ORIENTED_EDGE('',*,*,#3268,.F.);
#2430=ORIENTED_EDGE('',*,*,#3270,.F.);
#2431=ORIENTED_EDGE('',*,*,#3272,.F.);
#2432=ORIENTED_EDGE('',*,*,#3274,.F.);
#2433=ORIENTED_EDGE('',*,*,#3276,.F.);
#2434=ORIENTED_EDGE('',*,*,#3278,.F.);
#2435=ORIENTED_EDGE('',*,*,#3280,.F.);
#2436=ORIENTED_EDGE('',*,*,#3282,.F.);
#2437=ORIENTED_EDGE('',*,*,#3284,.F.);
#2438=ORIENTED_EDGE('',*,*,#3286,.F.);
#2439=ORIENTED_EDGE('',*,*,#3288,.F.);
#2440=ORIENTED_EDGE('',*,*,#3290,.F.);
#2441=ORIENTED_EDGE('',*,*,#3292,.F.);
#2442=ORIENTED_EDGE('',*,*,#3294,.F.);
#2443=ORIENTED_EDGE('',*,*,#3296,.F.);
#2444=ORIENTED_EDGE('',*,*,#3298,.F.);
#2445=ORIENTED_EDGE('',*,*,#3300,.F.);
#2446=ORIENTED_EDGE('',*,*,#3302,.F.);
#2447=ORIENTED_EDGE('',*,*,#3304,.F.);
#2448=ORIENTED_EDGE('',*,*,#3306,.F.);
#2449=ORIENTED_EDGE('',*,*,#3308,.F.);
#2450=ORIENTED_EDGE('',*,*,#3310,.F.);
#2451=ORIENTED_EDGE('',*,*,#3312,.F.);
#2452=ORIENTED_EDGE('',*,*,#3314,.F.);
#2453=ORIENTED_EDGE('',*,*,#3316,.F.);
#2454=ORIENTED_EDGE('',*,*,#3318,.F.);
#2455=ORIENTED_EDGE('',*,*,#3320,.F.);
#2456=ORIENTED_EDGE('',*,*,#3321,.F.);
#2457=ORIENTED_EDGE('',*,*,#2812,.F.);
#2458=ORIENTED_EDGE('',*,*,#3322,.F.);
#2459=ORIENTED_EDGE('',*,*,#3323,.T.);
#2460=ORIENTED_EDGE('',*,*,#3324,.T.);
#2461=ORIENTED_EDGE('',*,*,#2839,.F.);
#2462=ORIENTED_EDGE('',*,*,#3325,.F.);
#2463=ORIENTED_EDGE('',*,*,#3326,.T.);
#2464=ORIENTED_EDGE('',*,*,#3322,.T.);
#2465=ORIENTED_EDGE('',*,*,#2838,.F.);
#2466=ORIENTED_EDGE('',*,*,#3327,.F.);
#2467=ORIENTED_EDGE('',*,*,#3328,.T.);
#2468=ORIENTED_EDGE('',*,*,#3325,.T.);
#2469=ORIENTED_EDGE('',*,*,#2837,.F.);
#2470=ORIENTED_EDGE('',*,*,#3329,.F.);
#2471=ORIENTED_EDGE('',*,*,#3330,.T.);
#2472=ORIENTED_EDGE('',*,*,#3327,.T.);
#2473=ORIENTED_EDGE('',*,*,#2836,.F.);
#2474=ORIENTED_EDGE('',*,*,#3331,.F.);
#2475=ORIENTED_EDGE('',*,*,#3332,.T.);
#2476=ORIENTED_EDGE('',*,*,#3329,.T.);
#2477=ORIENTED_EDGE('',*,*,#2835,.F.);
#2478=ORIENTED_EDGE('',*,*,#3333,.F.);
#2479=ORIENTED_EDGE('',*,*,#3334,.T.);
#2480=ORIENTED_EDGE('',*,*,#3331,.T.);
#2481=ORIENTED_EDGE('',*,*,#2834,.F.);
#2482=ORIENTED_EDGE('',*,*,#3335,.F.);
#2483=ORIENTED_EDGE('',*,*,#3336,.T.);
#2484=ORIENTED_EDGE('',*,*,#3333,.T.);
#2485=ORIENTED_EDGE('',*,*,#2833,.F.);
#2486=ORIENTED_EDGE('',*,*,#3337,.F.);
#2487=ORIENTED_EDGE('',*,*,#3338,.T.);
#2488=ORIENTED_EDGE('',*,*,#3335,.T.);
#2489=ORIENTED_EDGE('',*,*,#2832,.F.);
#2490=ORIENTED_EDGE('',*,*,#3339,.F.);
#2491=ORIENTED_EDGE('',*,*,#3340,.T.);
#2492=ORIENTED_EDGE('',*,*,#3337,.T.);
#2493=ORIENTED_EDGE('',*,*,#2831,.F.);
#2494=ORIENTED_EDGE('',*,*,#3341,.F.);
#2495=ORIENTED_EDGE('',*,*,#3342,.T.);
#2496=ORIENTED_EDGE('',*,*,#3339,.T.);
#2497=ORIENTED_EDGE('',*,*,#2830,.F.);
#2498=ORIENTED_EDGE('',*,*,#3343,.F.);
#2499=ORIENTED_EDGE('',*,*,#3344,.T.);
#2500=ORIENTED_EDGE('',*,*,#3341,.T.);
#2501=ORIENTED_EDGE('',*,*,#2829,.F.);
#2502=ORIENTED_EDGE('',*,*,#3345,.F.);
#2503=ORIENTED_EDGE('',*,*,#3346,.T.);
#2504=ORIENTED_EDGE('',*,*,#3343,.T.);
#2505=ORIENTED_EDGE('',*,*,#2828,.F.);
#2506=ORIENTED_EDGE('',*,*,#3347,.F.);
#2507=ORIENTED_EDGE('',*,*,#3348,.T.);
#2508=ORIENTED_EDGE('',*,*,#3345,.T.);
#2509=ORIENTED_EDGE('',*,*,#2827,.F.);
#2510=ORIENTED_EDGE('',*,*,#3349,.F.);
#2511=ORIENTED_EDGE('',*,*,#3350,.T.);
#2512=ORIENTED_EDGE('',*,*,#3347,.T.);
#2513=ORIENTED_EDGE('',*,*,#2826,.F.);
#2514=ORIENTED_EDGE('',*,*,#3351,.F.);
#2515=ORIENTED_EDGE('',*,*,#3352,.T.);
#2516=ORIENTED_EDGE('',*,*,#3349,.T.);
#2517=ORIENTED_EDGE('',*,*,#2825,.F.);
#2518=ORIENTED_EDGE('',*,*,#3353,.F.);
#2519=ORIENTED_EDGE('',*,*,#3354,.T.);
#2520=ORIENTED_EDGE('',*,*,#3351,.T.);
#2521=ORIENTED_EDGE('',*,*,#2824,.F.);
#2522=ORIENTED_EDGE('',*,*,#3355,.F.);
#2523=ORIENTED_EDGE('',*,*,#3356,.T.);
#2524=ORIENTED_EDGE('',*,*,#3353,.T.);
#2525=ORIENTED_EDGE('',*,*,#2823,.F.);
#2526=ORIENTED_EDGE('',*,*,#3357,.F.);
#2527=ORIENTED_EDGE('',*,*,#3358,.T.);
#2528=ORIENTED_EDGE('',*,*,#3355,.T.);
#2529=ORIENTED_EDGE('',*,*,#2822,.F.);
#2530=ORIENTED_EDGE('',*,*,#3359,.F.);
#2531=ORIENTED_EDGE('',*,*,#3360,.T.);
#2532=ORIENTED_EDGE('',*,*,#3357,.T.);
#2533=ORIENTED_EDGE('',*,*,#2821,.F.);
#2534=ORIENTED_EDGE('',*,*,#3361,.F.);
#2535=ORIENTED_EDGE('',*,*,#3362,.T.);
#2536=ORIENTED_EDGE('',*,*,#3359,.T.);
#2537=ORIENTED_EDGE('',*,*,#2820,.F.);
#2538=ORIENTED_EDGE('',*,*,#3363,.F.);
#2539=ORIENTED_EDGE('',*,*,#3364,.T.);
#2540=ORIENTED_EDGE('',*,*,#3361,.T.);
#2541=ORIENTED_EDGE('',*,*,#2819,.F.);
#2542=ORIENTED_EDGE('',*,*,#3365,.F.);
#2543=ORIENTED_EDGE('',*,*,#3366,.T.);
#2544=ORIENTED_EDGE('',*,*,#3363,.T.);
#2545=ORIENTED_EDGE('',*,*,#2818,.F.);
#2546=ORIENTED_EDGE('',*,*,#3367,.F.);
#2547=ORIENTED_EDGE('',*,*,#3368,.T.);
#2548=ORIENTED_EDGE('',*,*,#3365,.T.);
#2549=ORIENTED_EDGE('',*,*,#2817,.F.);
#2550=ORIENTED_EDGE('',*,*,#3369,.F.);
#2551=ORIENTED_EDGE('',*,*,#3370,.T.);
#2552=ORIENTED_EDGE('',*,*,#3367,.T.);
#2553=ORIENTED_EDGE('',*,*,#2816,.F.);
#2554=ORIENTED_EDGE('',*,*,#3371,.F.);
#2555=ORIENTED_EDGE('',*,*,#3372,.T.);
#2556=ORIENTED_EDGE('',*,*,#3369,.T.);
#2557=ORIENTED_EDGE('',*,*,#2815,.F.);
#2558=ORIENTED_EDGE('',*,*,#3373,.F.);
#2559=ORIENTED_EDGE('',*,*,#3374,.T.);
#2560=ORIENTED_EDGE('',*,*,#3371,.T.);
#2561=ORIENTED_EDGE('',*,*,#2814,.F.);
#2562=ORIENTED_EDGE('',*,*,#3375,.F.);
#2563=ORIENTED_EDGE('',*,*,#3376,.T.);
#2564=ORIENTED_EDGE('',*,*,#3373,.T.);
#2565=ORIENTED_EDGE('',*,*,#2813,.F.);
#2566=ORIENTED_EDGE('',*,*,#3324,.F.);
#2567=ORIENTED_EDGE('',*,*,#3377,.T.);
#2568=ORIENTED_EDGE('',*,*,#3375,.T.);
#2569=ORIENTED_EDGE('',*,*,#3323,.F.);
#2570=ORIENTED_EDGE('',*,*,#3326,.F.);
#2571=ORIENTED_EDGE('',*,*,#3328,.F.);
#2572=ORIENTED_EDGE('',*,*,#3330,.F.);
#2573=ORIENTED_EDGE('',*,*,#3332,.F.);
#2574=ORIENTED_EDGE('',*,*,#3334,.F.);
#2575=ORIENTED_EDGE('',*,*,#3336,.F.);
#2576=ORIENTED_EDGE('',*,*,#3338,.F.);
#2577=ORIENTED_EDGE('',*,*,#3340,.F.);
#2578=ORIENTED_EDGE('',*,*,#3342,.F.);
#2579=ORIENTED_EDGE('',*,*,#3344,.F.);
#2580=ORIENTED_EDGE('',*,*,#3346,.F.);
#2581=ORIENTED_EDGE('',*,*,#3348,.F.);
#2582=ORIENTED_EDGE('',*,*,#3350,.F.);
#2583=ORIENTED_EDGE('',*,*,#3352,.F.);
#2584=ORIENTED_EDGE('',*,*,#3354,.F.);
#2585=ORIENTED_EDGE('',*,*,#3356,.F.);
#2586=ORIENTED_EDGE('',*,*,#3358,.F.);
#2587=ORIENTED_EDGE('',*,*,#3360,.F.);
#2588=ORIENTED_EDGE('',*,*,#3362,.F.);
#2589=ORIENTED_EDGE('',*,*,#3364,.F.);
#2590=ORIENTED_EDGE('',*,*,#3366,.F.);
#2591=ORIENTED_EDGE('',*,*,#3368,.F.);
#2592=ORIENTED_EDGE('',*,*,#3370,.F.);
#2593=ORIENTED_EDGE('',*,*,#3372,.F.);
#2594=ORIENTED_EDGE('',*,*,#3374,.F.);
#2595=ORIENTED_EDGE('',*,*,#3376,.F.);
#2596=ORIENTED_EDGE('',*,*,#3377,.F.);
#2597=ORIENTED_EDGE('',*,*,#2926,.T.);
#2598=ORIENTED_EDGE('',*,*,#2999,.T.);
#2599=ORIENTED_EDGE('',*,*,#2948,.T.);
#2600=ORIENTED_EDGE('',*,*,#2945,.T.);
#2601=ORIENTED_EDGE('',*,*,#2942,.T.);
#2602=ORIENTED_EDGE('',*,*,#2939,.T.);
#2603=ORIENTED_EDGE('',*,*,#2936,.T.);
#2604=ORIENTED_EDGE('',*,*,#2933,.T.);
#2605=ORIENTED_EDGE('',*,*,#2930,.T.);
#2606=ORIENTED_EDGE('',*,*,#3001,.T.);
#2607=ORIENTED_EDGE('',*,*,#3069,.T.);
#2608=ORIENTED_EDGE('',*,*,#3038,.T.);
#2609=ORIENTED_EDGE('',*,*,#3035,.T.);
#2610=ORIENTED_EDGE('',*,*,#3032,.T.);
#2611=ORIENTED_EDGE('',*,*,#3029,.T.);
#2612=ORIENTED_EDGE('',*,*,#3026,.T.);
#2613=ORIENTED_EDGE('',*,*,#3023,.T.);
#2614=ORIENTED_EDGE('',*,*,#3020,.T.);
#2615=ORIENTED_EDGE('',*,*,#3017,.T.);
#2616=ORIENTED_EDGE('',*,*,#3014,.T.);
#2617=ORIENTED_EDGE('',*,*,#3011,.T.);
#2618=ORIENTED_EDGE('',*,*,#3008,.T.);
#2619=ORIENTED_EDGE('',*,*,#3005,.T.);
#2620=ORIENTED_EDGE('',*,*,#3071,.T.);
#2621=ORIENTED_EDGE('',*,*,#3139,.T.);
#2622=ORIENTED_EDGE('',*,*,#3108,.T.);
#2623=ORIENTED_EDGE('',*,*,#3105,.T.);
#2624=ORIENTED_EDGE('',*,*,#3102,.T.);
#2625=ORIENTED_EDGE('',*,*,#3099,.T.);
#2626=ORIENTED_EDGE('',*,*,#3096,.T.);
#2627=ORIENTED_EDGE('',*,*,#3093,.T.);
#2628=ORIENTED_EDGE('',*,*,#3090,.T.);
#2629=ORIENTED_EDGE('',*,*,#3087,.T.);
#2630=ORIENTED_EDGE('',*,*,#3084,.T.);
#2631=ORIENTED_EDGE('',*,*,#3081,.T.);
#2632=ORIENTED_EDGE('',*,*,#3078,.T.);
#2633=ORIENTED_EDGE('',*,*,#3075,.T.);
#2634=ORIENTED_EDGE('',*,*,#3141,.T.);
#2635=ORIENTED_EDGE('',*,*,#3164,.T.);
#2636=ORIENTED_EDGE('',*,*,#3145,.T.);
#2637=EDGE_CURVE('',#3378,#3379,#3872,.T.);
#2638=EDGE_CURVE('',#3379,#3380,#3873,.T.);
#2639=EDGE_CURVE('',#3380,#3381,#309,.T.);
#2640=EDGE_CURVE('',#3381,#3382,#3874,.T.);
#2641=EDGE_CURVE('',#3382,#3383,#3875,.T.);
#2642=EDGE_CURVE('',#3383,#3384,#3876,.T.);
#2643=EDGE_CURVE('',#3384,#3385,#3877,.T.);
#2644=EDGE_CURVE('',#3385,#3386,#171,.T.);
#2645=EDGE_CURVE('',#3386,#3387,#172,.T.);
#2646=EDGE_CURVE('',#3387,#3388,#310,.T.);
#2647=EDGE_CURVE('',#3388,#3389,#173,.F.);
#2648=EDGE_CURVE('',#3389,#3390,#3878,.T.);
#2649=EDGE_CURVE('',#3390,#3391,#3879,.T.);
#2650=EDGE_CURVE('',#3391,#3392,#174,.F.);
#2651=EDGE_CURVE('',#3392,#3393,#175,.F.);
#2652=EDGE_CURVE('',#3393,#3394,#3880,.T.);
#2653=EDGE_CURVE('',#3394,#3395,#3881,.T.);
#2654=EDGE_CURVE('',#3395,#3396,#311,.T.);
#2655=EDGE_CURVE('',#3396,#3397,#176,.T.);
#2656=EDGE_CURVE('',#3397,#3398,#177,.T.);
#2657=EDGE_CURVE('',#3398,#3399,#178,.T.);
#2658=EDGE_CURVE('',#3399,#3400,#179,.T.);
#2659=EDGE_CURVE('',#3400,#3401,#180,.T.);
#2660=EDGE_CURVE('',#3401,#3402,#181,.T.);
#2661=EDGE_CURVE('',#3402,#3403,#182,.T.);
#2662=EDGE_CURVE('',#3403,#3404,#312,.T.);
#2663=EDGE_CURVE('',#3404,#3405,#183,.F.);
#2664=EDGE_CURVE('',#3405,#3406,#184,.F.);
#2665=EDGE_CURVE('',#3406,#3407,#185,.F.);
#2666=EDGE_CURVE('',#3407,#3408,#3882,.T.);
#2667=EDGE_CURVE('',#3408,#3409,#186,.F.);
#2668=EDGE_CURVE('',#3409,#3378,#187,.F.);
#2669=EDGE_CURVE('',#3410,#3411,#313,.T.);
#2670=EDGE_CURVE('',#3411,#3412,#314,.T.);
#2671=EDGE_CURVE('',#3412,#3413,#315,.T.);
#2672=EDGE_CURVE('',#3413,#3414,#3883,.T.);
#2673=EDGE_CURVE('',#3414,#3415,#188,.F.);
#2674=EDGE_CURVE('',#3415,#3416,#316,.T.);
#2675=EDGE_CURVE('',#3416,#3417,#189,.F.);
#2676=EDGE_CURVE('',#3417,#3418,#317,.T.);
#2677=EDGE_CURVE('',#3418,#3419,#190,.T.);
#2678=EDGE_CURVE('',#3419,#3420,#191,.T.);
#2679=EDGE_CURVE('',#3420,#3421,#192,.T.);
#2680=EDGE_CURVE('',#3421,#3422,#3884,.T.);
#2681=EDGE_CURVE('',#3422,#3423,#318,.T.);
#2682=EDGE_CURVE('',#3423,#3410,#319,.T.);
#2683=EDGE_CURVE('',#3424,#3425,#3885,.T.);
#2684=EDGE_CURVE('',#3425,#3426,#193,.F.);
#2685=EDGE_CURVE('',#3426,#3427,#3886,.T.);
#2686=EDGE_CURVE('',#3427,#3428,#320,.T.);
#2687=EDGE_CURVE('',#3428,#3429,#3887,.T.);
#2688=EDGE_CURVE('',#3429,#3430,#3888,.T.);
#2689=EDGE_CURVE('',#3430,#3431,#3889,.T.);
#2690=EDGE_CURVE('',#3431,#3432,#3890,.T.);
#2691=EDGE_CURVE('',#3432,#3433,#3891,.T.);
#2692=EDGE_CURVE('',#3433,#3434,#3892,.T.);
#2693=EDGE_CURVE('',#3434,#3435,#321,.T.);
#2694=EDGE_CURVE('',#3435,#3436,#3893,.T.);
#2695=EDGE_CURVE('',#3436,#3437,#3894,.T.);
#2696=EDGE_CURVE('',#3437,#3424,#3895,.T.);
#2697=EDGE_CURVE('',#3438,#3439,#3896,.T.);
#2698=EDGE_CURVE('',#3439,#3440,#3897,.T.);
#2699=EDGE_CURVE('',#3440,#3441,#3898,.T.);
#2700=EDGE_CURVE('',#3441,#3442,#322,.T.);
#2701=EDGE_CURVE('',#3442,#3443,#3899,.T.);
#2702=EDGE_CURVE('',#3443,#3444,#3900,.T.);
#2703=EDGE_CURVE('',#3444,#3445,#3901,.T.);
#2704=EDGE_CURVE('',#3445,#3446,#3902,.T.);
#2705=EDGE_CURVE('',#3446,#3447,#3903,.T.);
#2706=EDGE_CURVE('',#3447,#3448,#194,.F.);
#2707=EDGE_CURVE('',#3448,#3449,#323,.T.);
#2708=EDGE_CURVE('',#3449,#3450,#324,.T.);
#2709=EDGE_CURVE('',#3450,#3451,#325,.T.);
#2710=EDGE_CURVE('',#3451,#3452,#3904,.T.);
#2711=EDGE_CURVE('',#3452,#3453,#195,.T.);
#2712=EDGE_CURVE('',#3453,#3454,#196,.T.);
#2713=EDGE_CURVE('',#3454,#3455,#3905,.T.);
#2714=EDGE_CURVE('',#3455,#3456,#197,.T.);
#2715=EDGE_CURVE('',#3456,#3457,#198,.T.);
#2716=EDGE_CURVE('',#3457,#3458,#326,.T.);
#2717=EDGE_CURVE('',#3458,#3459,#327,.T.);
#2718=EDGE_CURVE('',#3459,#3460,#328,.T.);
#2719=EDGE_CURVE('',#3460,#3461,#3906,.T.);
#2720=EDGE_CURVE('',#3461,#3438,#3907,.T.);
#2721=EDGE_CURVE('',#3462,#3463,#329,.T.);
#2722=EDGE_CURVE('',#3464,#3462,#330,.T.);
#2723=EDGE_CURVE('',#3465,#3464,#331,.T.);
#2724=EDGE_CURVE('',#3465,#3463,#332,.T.);
#2725=EDGE_CURVE('',#3466,#3467,#333,.T.);
#2726=EDGE_CURVE('',#3466,#3468,#334,.T.);
#2727=EDGE_CURVE('',#3468,#3469,#335,.T.);
#2728=EDGE_CURVE('',#3467,#3469,#336,.T.);
#2729=EDGE_CURVE('',#3470,#3471,#337,.T.);
#2730=EDGE_CURVE('',#3471,#3472,#199,.F.);
#2731=EDGE_CURVE('',#3472,#3473,#338,.T.);
#2732=EDGE_CURVE('',#3473,#3474,#200,.F.);
#2733=EDGE_CURVE('',#3475,#3474,#339,.T.);
#2734=EDGE_CURVE('',#3475,#3476,#201,.F.);
#2735=EDGE_CURVE('',#3477,#3476,#340,.T.);
#2736=EDGE_CURVE('',#3477,#3470,#202,.F.);
#2737=EDGE_CURVE('',#3478,#3479,#3908,.T.);
#2738=EDGE_CURVE('',#3479,#3480,#203,.F.);
#2739=EDGE_CURVE('',#3480,#3481,#204,.F.);
#2740=EDGE_CURVE('',#3481,#3482,#341,.T.);
#2741=EDGE_CURVE('',#3482,#3483,#342,.T.);
#2742=EDGE_CURVE('',#3483,#3484,#343,.T.);
#2743=EDGE_CURVE('',#3484,#3485,#344,.T.);
#2744=EDGE_CURVE('',#3485,#3486,#345,.T.);
#2745=EDGE_CURVE('',#3486,#3487,#346,.T.);
#2746=EDGE_CURVE('',#3487,#3488,#347,.T.);
#2747=EDGE_CURVE('',#3488,#3489,#348,.T.);
#2748=EDGE_CURVE('',#3489,#3490,#349,.T.);
#2749=EDGE_CURVE('',#3490,#3491,#350,.T.);
#2750=EDGE_CURVE('',#3491,#3492,#351,.T.);
#2751=EDGE_CURVE('',#3492,#3493,#3909,.T.);
#2752=EDGE_CURVE('',#3493,#3494,#3910,.T.);
#2753=EDGE_CURVE('',#3494,#3495,#205,.T.);
#2754=EDGE_CURVE('',#3495,#3496,#352,.T.);
#2755=EDGE_CURVE('',#3496,#3497,#353,.T.);
#2756=EDGE_CURVE('',#3497,#3498,#206,.F.);
#2757=EDGE_CURVE('',#3498,#3478,#207,.F.);
#2758=EDGE_CURVE('',#3499,#3500,#3911,.T.);
#2759=EDGE_CURVE('',#3500,#3501,#208,.F.);
#2760=EDGE_CURVE('',#3501,#3502,#3912,.T.);
#2761=EDGE_CURVE('',#3502,#3503,#354,.T.);
#2762=EDGE_CURVE('',#3503,#3504,#3913,.T.);
#2763=EDGE_CURVE('',#3504,#3505,#3914,.T.);
#2764=EDGE_CURVE('',#3505,#3506,#3915,.T.);
#2765=EDGE_CURVE('',#3506,#3507,#3916,.T.);
#2766=EDGE_CURVE('',#3507,#3508,#3917,.T.);
#2767=EDGE_CURVE('',#3508,#3509,#3918,.T.);
#2768=EDGE_CURVE('',#3509,#3510,#355,.T.);
#2769=EDGE_CURVE('',#3510,#3511,#3919,.T.);
#2770=EDGE_CURVE('',#3511,#3512,#3920,.T.);
#2771=EDGE_CURVE('',#3512,#3499,#3921,.T.);
#2772=EDGE_CURVE('',#3513,#3514,#356,.T.);
#2773=EDGE_CURVE('',#3514,#3515,#357,.T.);
#2774=EDGE_CURVE('',#3515,#3516,#358,.T.);
#2775=EDGE_CURVE('',#3516,#3517,#359,.T.);
#2776=EDGE_CURVE('',#3517,#3518,#360,.T.);
#2777=EDGE_CURVE('',#3518,#3519,#361,.T.);
#2778=EDGE_CURVE('',#3519,#3520,#362,.T.);
#2779=EDGE_CURVE('',#3520,#3513,#363,.T.);
#2780=EDGE_CURVE('',#3521,#3522,#3922,.T.);
#2781=EDGE_CURVE('',#3522,#3523,#3923,.T.);
#2782=EDGE_CURVE('',#3523,#3524,#209,.F.);
#2783=EDGE_CURVE('',#3524,#3525,#364,.T.);
#2784=EDGE_CURVE('',#3525,#3526,#3924,.T.);
#2785=EDGE_CURVE('',#3526,#3527,#3925,.T.);
#2786=EDGE_CURVE('',#3527,#3528,#3926,.T.);
#2787=EDGE_CURVE('',#3528,#3529,#3927,.T.);
#2788=EDGE_CURVE('',#3529,#3530,#210,.F.);
#2789=EDGE_CURVE('',#3530,#3531,#3928,.T.);
#2790=EDGE_CURVE('',#3531,#3532,#365,.T.);
#2791=EDGE_CURVE('',#3532,#3533,#366,.T.);
#2792=EDGE_CURVE('',#3533,#3534,#367,.T.);
#2793=EDGE_CURVE('',#3534,#3535,#211,.T.);
#2794=EDGE_CURVE('',#3535,#3536,#3929,.T.);
#2795=EDGE_CURVE('',#3536,#3537,#3930,.T.);
#2796=EDGE_CURVE('',#3537,#3538,#3931,.T.);
#2797=EDGE_CURVE('',#3538,#3539,#3932,.T.);
#2798=EDGE_CURVE('',#3539,#3540,#212,.T.);
#2799=EDGE_CURVE('',#3540,#3541,#368,.T.);
#2800=EDGE_CURVE('',#3541,#3542,#3933,.T.);
#2801=EDGE_CURVE('',#3542,#3543,#3934,.T.);
#2802=EDGE_CURVE('',#3543,#3544,#3935,.T.);
#2803=EDGE_CURVE('',#3544,#3545,#3936,.T.);
#2804=EDGE_CURVE('',#3545,#3546,#3937,.T.);
#2805=EDGE_CURVE('',#3546,#3547,#213,.T.);
#2806=EDGE_CURVE('',#3547,#3548,#369,.T.);
#2807=EDGE_CURVE('',#3548,#3549,#370,.T.);
#2808=EDGE_CURVE('',#3549,#3550,#371,.T.);
#2809=EDGE_CURVE('',#3550,#3551,#3938,.T.);
#2810=EDGE_CURVE('',#3551,#3552,#214,.F.);
#2811=EDGE_CURVE('',#3552,#3521,#3939,.T.);
#2812=EDGE_CURVE('',#3553,#3554,#372,.T.);
#2813=EDGE_CURVE('',#3554,#3555,#373,.T.);
#2814=EDGE_CURVE('',#3555,#3556,#374,.T.);
#2815=EDGE_CURVE('',#3556,#3557,#215,.F.);
#2816=EDGE_CURVE('',#3557,#3558,#216,.F.);
#2817=EDGE_CURVE('',#3558,#3559,#217,.F.);
#2818=EDGE_CURVE('',#3559,#3560,#3940,.T.);
#2819=EDGE_CURVE('',#3560,#3561,#3941,.T.);
#2820=EDGE_CURVE('',#3561,#3562,#218,.F.);
#2821=EDGE_CURVE('',#3562,#3563,#219,.F.);
#2822=EDGE_CURVE('',#3563,#3564,#220,.F.);
#2823=EDGE_CURVE('',#3564,#3565,#3942,.T.);
#2824=EDGE_CURVE('',#3565,#3566,#375,.T.);
#2825=EDGE_CURVE('',#3566,#3567,#376,.T.);
#2826=EDGE_CURVE('',#3567,#3568,#377,.T.);
#2827=EDGE_CURVE('',#3568,#3569,#3943,.T.);
#2828=EDGE_CURVE('',#3569,#3570,#3944,.T.);
#2829=EDGE_CURVE('',#3570,#3571,#221,.T.);
#2830=EDGE_CURVE('',#3571,#3572,#222,.T.);
#2831=EDGE_CURVE('',#3572,#3573,#378,.T.);
#2832=EDGE_CURVE('',#3573,#3574,#379,.T.);
#2833=EDGE_CURVE('',#3574,#3575,#380,.T.);
#2834=EDGE_CURVE('',#3575,#3576,#3945,.T.);
#2835=EDGE_CURVE('',#3576,#3577,#223,.T.);
#2836=EDGE_CURVE('',#3577,#3578,#224,.T.);
#2837=EDGE_CURVE('',#3578,#3579,#225,.T.);
#2838=EDGE_CURVE('',#3579,#3580,#381,.T.);
#2839=EDGE_CURVE('',#3580,#3553,#382,.T.);
#2840=EDGE_CURVE('',#3581,#3582,#383,.T.);
#2841=EDGE_CURVE('',#3581,#3583,#226,.T.);
#2842=EDGE_CURVE('',#3584,#3583,#384,.T.);
#2843=EDGE_CURVE('',#3584,#3585,#227,.T.);
#2844=EDGE_CURVE('',#3585,#3586,#385,.T.);
#2845=EDGE_CURVE('',#3586,#3587,#228,.T.);
#2846=EDGE_CURVE('',#3587,#3588,#386,.T.);
#2847=EDGE_CURVE('',#3588,#3582,#229,.T.);
#2848=EDGE_CURVE('',#3589,#3590,#387,.T.);
#2849=EDGE_CURVE('',#3590,#3591,#388,.T.);
#2850=EDGE_CURVE('',#3592,#3591,#389,.T.);
#2851=EDGE_CURVE('',#3593,#3592,#390,.T.);
#2852=EDGE_CURVE('',#3594,#3593,#391,.T.);
#2853=EDGE_CURVE('',#3594,#3589,#392,.T.);
#2854=EDGE_CURVE('',#3595,#3596,#393,.T.);
#2855=EDGE_CURVE('',#3595,#3597,#394,.T.);
#2856=EDGE_CURVE('',#3597,#3598,#395,.T.);
#2857=EDGE_CURVE('',#3596,#3598,#396,.T.);
#2858=EDGE_CURVE('',#3599,#3600,#397,.T.);
#2859=EDGE_CURVE('',#3599,#3601,#398,.T.);
#2860=EDGE_CURVE('',#3602,#3601,#399,.T.);
#2861=EDGE_CURVE('',#3603,#3602,#400,.T.);
#2862=EDGE_CURVE('',#3603,#3604,#401,.T.);
#2863=EDGE_CURVE('',#3604,#3600,#402,.T.);
#2864=EDGE_CURVE('',#3583,#3471,#403,.T.);
#2865=EDGE_CURVE('',#3470,#3584,#404,.F.);
#2866=EDGE_CURVE('',#3476,#3586,#405,.F.);
#2867=EDGE_CURVE('',#3585,#3477,#406,.T.);
#2868=EDGE_CURVE('',#3587,#3475,#407,.T.);
#2869=EDGE_CURVE('',#3474,#3588,#408,.F.);
#2870=EDGE_CURVE('',#3594,#3603,#409,.T.);
#2871=EDGE_CURVE('',#3593,#3604,#410,.T.);
#2872=EDGE_CURVE('',#3589,#3602,#411,.T.);
#2873=EDGE_CURVE('',#3464,#3601,#412,.T.);
#2874=EDGE_CURVE('',#3462,#3590,#413,.T.);
#2875=EDGE_CURVE('',#3600,#3592,#414,.T.);
#2876=EDGE_CURVE('',#3472,#3581,#415,.F.);
#2877=EDGE_CURVE('',#3582,#3473,#416,.T.);
#2878=EDGE_CURVE('',#3467,#3597,#417,.T.);
#2879=EDGE_CURVE('',#3466,#3595,#418,.T.);
#2880=EDGE_CURVE('',#3468,#3596,#419,.T.);
#2881=EDGE_CURVE('',#3469,#3598,#420,.T.);
#2882=EDGE_CURVE('',#3465,#3599,#421,.T.);
#2883=EDGE_CURVE('',#3463,#3591,#422,.T.);
#2884=EDGE_CURVE('',#3605,#3478,#423,.T.);
#2885=EDGE_CURVE('',#3605,#3606,#3946,.T.);
#2886=EDGE_CURVE('',#3606,#3479,#424,.T.);
#2887=EDGE_CURVE('',#3607,#3498,#425,.T.);
#2888=EDGE_CURVE('',#3607,#3605,#230,.F.);
#2889=EDGE_CURVE('',#3608,#3497,#426,.T.);
#2890=EDGE_CURVE('',#3608,#3607,#231,.F.);
#2891=EDGE_CURVE('',#3609,#3496,#427,.T.);
#2892=EDGE_CURVE('',#3609,#3608,#428,.T.);
#2893=EDGE_CURVE('',#3610,#3495,#429,.T.);
#2894=EDGE_CURVE('',#3610,#3609,#430,.F.);
#2895=EDGE_CURVE('',#3611,#3494,#431,.T.);
#2896=EDGE_CURVE('',#3611,#3610,#232,.T.);
#2897=EDGE_CURVE('',#3612,#3493,#432,.T.);
#2898=EDGE_CURVE('',#3612,#3611,#3947,.T.);
#2899=EDGE_CURVE('',#3613,#3492,#433,.T.);
#2900=EDGE_CURVE('',#3613,#3612,#3948,.T.);
#2901=EDGE_CURVE('',#3614,#3491,#434,.T.);
#2902=EDGE_CURVE('',#3614,#3613,#435,.T.);
#2903=EDGE_CURVE('',#3615,#3490,#436,.T.);
#2904=EDGE_CURVE('',#3615,#3614,#437,.T.);
#2905=EDGE_CURVE('',#3616,#3489,#438,.T.);
#2906=EDGE_CURVE('',#3616,#3615,#439,.T.);
#2907=EDGE_CURVE('',#3617,#3488,#440,.T.);
#2908=EDGE_CURVE('',#3617,#3616,#441,.T.);
#2909=EDGE_CURVE('',#3618,#3487,#442,.T.);
#2910=EDGE_CURVE('',#3618,#3617,#443,.T.);
#2911=EDGE_CURVE('',#3619,#3486,#444,.T.);
#2912=EDGE_CURVE('',#3619,#3618,#445,.T.);
#2913=EDGE_CURVE('',#3620,#3485,#446,.T.);
#2914=EDGE_CURVE('',#3620,#3619,#447,.T.);
#2915=EDGE_CURVE('',#3621,#3484,#448,.T.);
#2916=EDGE_CURVE('',#3621,#3620,#449,.T.);
#2917=EDGE_CURVE('',#3622,#3483,#450,.T.);
#2918=EDGE_CURVE('',#3622,#3621,#451,.T.);
#2919=EDGE_CURVE('',#3623,#3482,#452,.T.);
#2920=EDGE_CURVE('',#3623,#3622,#453,.T.);
#2921=EDGE_CURVE('',#3624,#3481,#454,.T.);
#2922=EDGE_CURVE('',#3624,#3623,#455,.T.);
#2923=EDGE_CURVE('',#3625,#3480,#456,.T.);
#2924=EDGE_CURVE('',#3625,#3624,#233,.F.);
#2925=EDGE_CURVE('',#3606,#3625,#234,.F.);
#2926=EDGE_CURVE('',#3626,#3627,#457,.T.);
#2927=EDGE_CURVE('',#3628,#3626,#458,.T.);
#2928=EDGE_CURVE('',#3628,#3629,#459,.T.);
#2929=EDGE_CURVE('',#3629,#3627,#460,.T.);
#2930=EDGE_CURVE('',#3630,#3626,#461,.T.);
#2931=EDGE_CURVE('',#3631,#3630,#462,.T.);
#2932=EDGE_CURVE('',#3631,#3628,#463,.T.);
#2933=EDGE_CURVE('',#3632,#3630,#235,.T.);
#2934=EDGE_CURVE('',#3633,#3632,#464,.T.);
#2935=EDGE_CURVE('',#3633,#3631,#236,.T.);
#2936=EDGE_CURVE('',#3634,#3632,#3949,.T.);
#2937=EDGE_CURVE('',#3635,#3634,#465,.T.);
#2938=EDGE_CURVE('',#3635,#3633,#3950,.T.);
#2939=EDGE_CURVE('',#3636,#3634,#3951,.T.);
#2940=EDGE_CURVE('',#3637,#3636,#466,.T.);
#2941=EDGE_CURVE('',#3637,#3635,#3952,.T.);
#2942=EDGE_CURVE('',#3638,#3636,#3953,.T.);
#2943=EDGE_CURVE('',#3639,#3638,#467,.T.);
#2944=EDGE_CURVE('',#3639,#3637,#3954,.T.);
#2945=EDGE_CURVE('',#3640,#3638,#3955,.T.);
#2946=EDGE_CURVE('',#3641,#3640,#468,.T.);
#2947=EDGE_CURVE('',#3641,#3639,#3956,.T.);
#2948=EDGE_CURVE('',#3642,#3640,#237,.T.);
#2949=EDGE_CURVE('',#3643,#3642,#469,.T.);
#2950=EDGE_CURVE('',#3643,#3641,#238,.T.);
#2951=EDGE_CURVE('',#3644,#3438,#470,.T.);
#2952=EDGE_CURVE('',#3644,#3645,#3957,.T.);
#2953=EDGE_CURVE('',#3645,#3439,#471,.T.);
#2954=EDGE_CURVE('',#3646,#3461,#472,.T.);
#2955=EDGE_CURVE('',#3646,#3644,#3958,.T.);
#2956=EDGE_CURVE('',#3647,#3460,#473,.T.);
#2957=EDGE_CURVE('',#3647,#3646,#3959,.T.);
#2958=EDGE_CURVE('',#3648,#3459,#474,.T.);
#2959=EDGE_CURVE('',#3648,#3647,#475,.T.);
#2960=EDGE_CURVE('',#3649,#3458,#476,.T.);
#2961=EDGE_CURVE('',#3649,#3648,#477,.T.);
#2962=EDGE_CURVE('',#3650,#3457,#478,.T.);
#2963=EDGE_CURVE('',#3650,#3649,#479,.T.);
#2964=EDGE_CURVE('',#3651,#3456,#480,.T.);
#2965=EDGE_CURVE('',#3651,#3650,#239,.T.);
#2966=EDGE_CURVE('',#3652,#3455,#481,.T.);
#2967=EDGE_CURVE('',#3652,#3651,#240,.T.);
#2968=EDGE_CURVE('',#3653,#3454,#482,.T.);
#2969=EDGE_CURVE('',#3653,#3652,#3960,.T.);
#2970=EDGE_CURVE('',#3654,#3453,#483,.T.);
#2971=EDGE_CURVE('',#3654,#3653,#241,.T.);
#2972=EDGE_CURVE('',#3655,#3452,#484,.T.);
#2973=EDGE_CURVE('',#3655,#3654,#242,.T.);
#2974=EDGE_CURVE('',#3656,#3451,#485,.T.);
#2975=EDGE_CURVE('',#3656,#3655,#3961,.T.);
#2976=EDGE_CURVE('',#3657,#3450,#486,.T.);
#2977=EDGE_CURVE('',#3657,#3656,#487,.T.);
#2978=EDGE_CURVE('',#3658,#3449,#488,.T.);
#2979=EDGE_CURVE('',#3658,#3657,#489,.T.);
#2980=EDGE_CURVE('',#3659,#3448,#490,.T.);
#2981=EDGE_CURVE('',#3659,#3658,#491,.T.);
#2982=EDGE_CURVE('',#3660,#3447,#492,.T.);
#2983=EDGE_CURVE('',#3660,#3659,#243,.F.);
#2984=EDGE_CURVE('',#3661,#3446,#493,.T.);
#2985=EDGE_CURVE('',#3661,#3660,#3962,.T.);
#2986=EDGE_CURVE('',#3662,#3445,#494,.T.);
#2987=EDGE_CURVE('',#3662,#3661,#3963,.T.);
#2988=EDGE_CURVE('',#3663,#3444,#495,.T.);
#2989=EDGE_CURVE('',#3663,#3662,#3964,.T.);
#2990=EDGE_CURVE('',#3664,#3443,#496,.T.);
#2991=EDGE_CURVE('',#3664,#3663,#3965,.T.);
#2992=EDGE_CURVE('',#3665,#3442,#497,.T.);
#2993=EDGE_CURVE('',#3665,#3664,#3966,.T.);
#2994=EDGE_CURVE('',#3666,#3441,#498,.T.);
#2995=EDGE_CURVE('',#3666,#3665,#499,.T.);
#2996=EDGE_CURVE('',#3667,#3440,#500,.T.);
#2997=EDGE_CURVE('',#3667,#3666,#3967,.T.);
#2998=EDGE_CURVE('',#3645,#3667,#3968,.T.);
#2999=EDGE_CURVE('',#3627,#3642,#501,.T.);
#3000=EDGE_CURVE('',#3629,#3643,#502,.T.);
#3001=EDGE_CURVE('',#3668,#3669,#3969,.T.);
#3002=EDGE_CURVE('',#3670,#3668,#503,.T.);
#3003=EDGE_CURVE('',#3670,#3671,#3970,.T.);
#3004=EDGE_CURVE('',#3671,#3669,#504,.T.);
#3005=EDGE_CURVE('',#3672,#3668,#3971,.T.);
#3006=EDGE_CURVE('',#3673,#3672,#505,.T.);
#3007=EDGE_CURVE('',#3673,#3670,#3972,.T.);
#3008=EDGE_CURVE('',#3674,#3672,#244,.T.);
#3009=EDGE_CURVE('',#3675,#3674,#506,.T.);
#3010=EDGE_CURVE('',#3675,#3673,#245,.T.);
#3011=EDGE_CURVE('',#3676,#3674,#246,.T.);
#3012=EDGE_CURVE('',#3677,#3676,#507,.T.);
#3013=EDGE_CURVE('',#3677,#3675,#247,.T.);
#3014=EDGE_CURVE('',#3678,#3676,#508,.T.);
#3015=EDGE_CURVE('',#3679,#3678,#509,.T.);
#3016=EDGE_CURVE('',#3679,#3677,#510,.T.);
#3017=EDGE_CURVE('',#3680,#3678,#248,.T.);
#3018=EDGE_CURVE('',#3681,#3680,#511,.T.);
#3019=EDGE_CURVE('',#3681,#3679,#249,.T.);
#3020=EDGE_CURVE('',#3682,#3680,#3973,.T.);
#3021=EDGE_CURVE('',#3683,#3682,#512,.T.);
#3022=EDGE_CURVE('',#3683,#3681,#3974,.T.);
#3023=EDGE_CURVE('',#3684,#3682,#3975,.T.);
#3024=EDGE_CURVE('',#3685,#3684,#513,.T.);
#3025=EDGE_CURVE('',#3685,#3683,#3976,.T.);
#3026=EDGE_CURVE('',#3686,#3684,#3977,.T.);
#3027=EDGE_CURVE('',#3687,#3686,#514,.T.);
#3028=EDGE_CURVE('',#3687,#3685,#3978,.T.);
#3029=EDGE_CURVE('',#3688,#3686,#250,.T.);
#3030=EDGE_CURVE('',#3689,#3688,#515,.T.);
#3031=EDGE_CURVE('',#3689,#3687,#251,.T.);
#3032=EDGE_CURVE('',#3690,#3688,#252,.T.);
#3033=EDGE_CURVE('',#3691,#3690,#516,.T.);
#3034=EDGE_CURVE('',#3691,#3689,#253,.T.);
#3035=EDGE_CURVE('',#3692,#3690,#517,.T.);
#3036=EDGE_CURVE('',#3693,#3692,#518,.T.);
#3037=EDGE_CURVE('',#3693,#3691,#519,.T.);
#3038=EDGE_CURVE('',#3694,#3692,#254,.T.);
#3039=EDGE_CURVE('',#3695,#3694,#520,.T.);
#3040=EDGE_CURVE('',#3695,#3693,#255,.T.);
#3041=EDGE_CURVE('',#3696,#3499,#521,.T.);
#3042=EDGE_CURVE('',#3696,#3697,#3979,.T.);
#3043=EDGE_CURVE('',#3697,#3500,#522,.T.);
#3044=EDGE_CURVE('',#3698,#3512,#523,.T.);
#3045=EDGE_CURVE('',#3698,#3696,#3980,.T.);
#3046=EDGE_CURVE('',#3699,#3511,#524,.T.);
#3047=EDGE_CURVE('',#3699,#3698,#3981,.T.);
#3048=EDGE_CURVE('',#3700,#3510,#525,.T.);
#3049=EDGE_CURVE('',#3700,#3699,#3982,.T.);
#3050=EDGE_CURVE('',#3701,#3509,#526,.T.);
#3051=EDGE_CURVE('',#3701,#3700,#527,.T.);
#3052=EDGE_CURVE('',#3702,#3508,#528,.T.);
#3053=EDGE_CURVE('',#3702,#3701,#3983,.T.);
#3054=EDGE_CURVE('',#3703,#3507,#529,.T.);
#3055=EDGE_CURVE('',#3703,#3702,#3984,.T.);
#3056=EDGE_CURVE('',#3704,#3506,#530,.T.);
#3057=EDGE_CURVE('',#3704,#3703,#3985,.T.);
#3058=EDGE_CURVE('',#3705,#3505,#531,.T.);
#3059=EDGE_CURVE('',#3705,#3704,#3986,.T.);
#3060=EDGE_CURVE('',#3706,#3504,#532,.T.);
#3061=EDGE_CURVE('',#3706,#3705,#3987,.T.);
#3062=EDGE_CURVE('',#3707,#3503,#533,.T.);
#3063=EDGE_CURVE('',#3707,#3706,#3988,.T.);
#3064=EDGE_CURVE('',#3708,#3502,#534,.T.);
#3065=EDGE_CURVE('',#3708,#3707,#535,.T.);
#3066=EDGE_CURVE('',#3709,#3501,#536,.T.);
#3067=EDGE_CURVE('',#3709,#3708,#3989,.T.);
#3068=EDGE_CURVE('',#3697,#3709,#256,.F.);
#3069=EDGE_CURVE('',#3669,#3694,#3990,.T.);
#3070=EDGE_CURVE('',#3671,#3695,#3991,.T.);
#3071=EDGE_CURVE('',#3710,#3711,#3992,.T.);
#3072=EDGE_CURVE('',#3712,#3710,#537,.T.);
#3073=EDGE_CURVE('',#3712,#3713,#3993,.T.);
#3074=EDGE_CURVE('',#3713,#3711,#538,.T.);
#3075=EDGE_CURVE('',#3714,#3710,#3994,.T.);
#3076=EDGE_CURVE('',#3715,#3714,#539,.T.);
#3077=EDGE_CURVE('',#3715,#3712,#3995,.T.);
#3078=EDGE_CURVE('',#3716,#3714,#257,.T.);
#3079=EDGE_CURVE('',#3717,#3716,#540,.T.);
#3080=EDGE_CURVE('',#3717,#3715,#258,.T.);
#3081=EDGE_CURVE('',#3718,#3716,#259,.T.);
#3082=EDGE_CURVE('',#3719,#3718,#541,.T.);
#3083=EDGE_CURVE('',#3719,#3717,#260,.T.);
#3084=EDGE_CURVE('',#3720,#3718,#542,.T.);
#3085=EDGE_CURVE('',#3721,#3720,#543,.T.);
#3086=EDGE_CURVE('',#3721,#3719,#544,.T.);
#3087=EDGE_CURVE('',#3722,#3720,#261,.T.);
#3088=EDGE_CURVE('',#3723,#3722,#545,.T.);
#3089=EDGE_CURVE('',#3723,#3721,#262,.T.);
#3090=EDGE_CURVE('',#3724,#3722,#3996,.T.);
#3091=EDGE_CURVE('',#3725,#3724,#546,.T.);
#3092=EDGE_CURVE('',#3725,#3723,#3997,.T.);
#3093=EDGE_CURVE('',#3726,#3724,#3998,.T.);
#3094=EDGE_CURVE('',#3727,#3726,#547,.T.);
#3095=EDGE_CURVE('',#3727,#3725,#3999,.T.);
#3096=EDGE_CURVE('',#3728,#3726,#4000,.T.);
#3097=EDGE_CURVE('',#3729,#3728,#548,.T.);
#3098=EDGE_CURVE('',#3729,#3727,#4001,.T.);
#3099=EDGE_CURVE('',#3730,#3728,#263,.T.);
#3100=EDGE_CURVE('',#3731,#3730,#549,.T.);
#3101=EDGE_CURVE('',#3731,#3729,#264,.T.);
#3102=EDGE_CURVE('',#3732,#3730,#265,.T.);
#3103=EDGE_CURVE('',#3733,#3732,#550,.T.);
#3104=EDGE_CURVE('',#3733,#3731,#266,.T.);
#3105=EDGE_CURVE('',#3734,#3732,#551,.T.);
#3106=EDGE_CURVE('',#3735,#3734,#552,.T.);
#3107=EDGE_CURVE('',#3735,#3733,#553,.T.);
#3108=EDGE_CURVE('',#3736,#3734,#267,.T.);
#3109=EDGE_CURVE('',#3737,#3736,#554,.T.);
#3110=EDGE_CURVE('',#3737,#3735,#268,.T.);
#3111=EDGE_CURVE('',#3738,#3424,#555,.T.);
#3112=EDGE_CURVE('',#3738,#3739,#4002,.T.);
#3113=EDGE_CURVE('',#3739,#3425,#556,.T.);
#3114=EDGE_CURVE('',#3740,#3437,#557,.T.);
#3115=EDGE_CURVE('',#3740,#3738,#4003,.T.);
#3116=EDGE_CURVE('',#3741,#3436,#558,.T.);
#3117=EDGE_CURVE('',#3741,#3740,#4004,.T.);
#3118=EDGE_CURVE('',#3742,#3435,#559,.T.);
#3119=EDGE_CURVE('',#3742,#3741,#4005,.T.);
#3120=EDGE_CURVE('',#3743,#3434,#560,.T.);
#3121=EDGE_CURVE('',#3743,#3742,#561,.T.);
#3122=EDGE_CURVE('',#3744,#3433,#562,.T.);
#3123=EDGE_CURVE('',#3744,#3743,#4006,.T.);
#3124=EDGE_CURVE('',#3745,#3432,#563,.T.);
#3125=EDGE_CURVE('',#3745,#3744,#4007,.T.);
#3126=EDGE_CURVE('',#3746,#3431,#564,.T.);
#3127=EDGE_CURVE('',#3746,#3745,#4008,.T.);
#3128=EDGE_CURVE('',#3747,#3430,#565,.T.);
#3129=EDGE_CURVE('',#3747,#3746,#4009,.T.);
#3130=EDGE_CURVE('',#3748,#3429,#566,.T.);
#3131=EDGE_CURVE('',#3748,#3747,#4010,.T.);
#3132=EDGE_CURVE('',#3749,#3428,#567,.T.);
#3133=EDGE_CURVE('',#3749,#3748,#4011,.T.);
#3134=EDGE_CURVE('',#3750,#3427,#568,.T.);
#3135=EDGE_CURVE('',#3750,#3749,#569,.T.);
#3136=EDGE_CURVE('',#3751,#3426,#570,.T.);
#3137=EDGE_CURVE('',#3751,#3750,#4012,.T.);
#3138=EDGE_CURVE('',#3739,#3751,#269,.F.);
#3139=EDGE_CURVE('',#3711,#3736,#4013,.T.);
#3140=EDGE_CURVE('',#3713,#3737,#4014,.T.);
#3141=EDGE_CURVE('',#3752,#3753,#571,.T.);
#3142=EDGE_CURVE('',#3754,#3752,#572,.T.);
#3143=EDGE_CURVE('',#3754,#3755,#573,.T.);
#3144=EDGE_CURVE('',#3755,#3753,#574,.T.);
#3145=EDGE_CURVE('',#3756,#3752,#575,.T.);
#3146=EDGE_CURVE('',#3757,#3756,#576,.T.);
#3147=EDGE_CURVE('',#3757,#3754,#577,.T.);
#3148=EDGE_CURVE('',#3758,#3513,#578,.T.);
#3149=EDGE_CURVE('',#3758,#3759,#579,.T.);
#3150=EDGE_CURVE('',#3759,#3514,#580,.T.);
#3151=EDGE_CURVE('',#3760,#3520,#581,.T.);
#3152=EDGE_CURVE('',#3760,#3758,#582,.T.);
#3153=EDGE_CURVE('',#3761,#3519,#583,.T.);
#3154=EDGE_CURVE('',#3761,#3760,#584,.T.);
#3155=EDGE_CURVE('',#3762,#3518,#585,.T.);
#3156=EDGE_CURVE('',#3762,#3761,#586,.T.);
#3157=EDGE_CURVE('',#3763,#3517,#587,.T.);
#3158=EDGE_CURVE('',#3763,#3762,#588,.T.);
#3159=EDGE_CURVE('',#3764,#3516,#589,.T.);
#3160=EDGE_CURVE('',#3764,#3763,#590,.T.);
#3161=EDGE_CURVE('',#3765,#3515,#591,.T.);
#3162=EDGE_CURVE('',#3765,#3764,#592,.T.);
#3163=EDGE_CURVE('',#3759,#3765,#593,.T.);
#3164=EDGE_CURVE('',#3753,#3756,#594,.T.);
#3165=EDGE_CURVE('',#3755,#3757,#595,.T.);
#3166=EDGE_CURVE('',#3766,#3410,#596,.T.);
#3167=EDGE_CURVE('',#3766,#3767,#597,.T.);
#3168=EDGE_CURVE('',#3767,#3411,#598,.T.);
#3169=EDGE_CURVE('',#3768,#3423,#599,.T.);
#3170=EDGE_CURVE('',#3768,#3766,#600,.T.);
#3171=EDGE_CURVE('',#3769,#3422,#601,.T.);
#3172=EDGE_CURVE('',#3769,#3768,#602,.T.);
#3173=EDGE_CURVE('',#3770,#3421,#603,.T.);
#3174=EDGE_CURVE('',#3770,#3769,#4015,.T.);
#3175=EDGE_CURVE('',#3771,#3420,#604,.T.);
#3176=EDGE_CURVE('',#3771,#3770,#270,.T.);
#3177=EDGE_CURVE('',#3772,#3419,#605,.T.);
#3178=EDGE_CURVE('',#3772,#3771,#271,.T.);
#3179=EDGE_CURVE('',#3773,#3418,#606,.T.);
#3180=EDGE_CURVE('',#3773,#3772,#272,.T.);
#3181=EDGE_CURVE('',#3774,#3417,#607,.T.);
#3182=EDGE_CURVE('',#3774,#3773,#608,.T.);
#3183=EDGE_CURVE('',#3775,#3416,#609,.T.);
#3184=EDGE_CURVE('',#3775,#3774,#273,.F.);
#3185=EDGE_CURVE('',#3776,#3415,#610,.T.);
#3186=EDGE_CURVE('',#3776,#3775,#611,.T.);
#3187=EDGE_CURVE('',#3777,#3414,#612,.T.);
#3188=EDGE_CURVE('',#3777,#3776,#274,.F.);
#3189=EDGE_CURVE('',#3778,#3413,#613,.T.);
#3190=EDGE_CURVE('',#3778,#3777,#4016,.T.);
#3191=EDGE_CURVE('',#3779,#3412,#614,.T.);
#3192=EDGE_CURVE('',#3779,#3778,#615,.T.);
#3193=EDGE_CURVE('',#3767,#3779,#616,.T.);
#3194=EDGE_CURVE('',#3780,#3521,#617,.T.);
#3195=EDGE_CURVE('',#3780,#3781,#4017,.T.);
#3196=EDGE_CURVE('',#3781,#3522,#618,.T.);
#3197=EDGE_CURVE('',#3782,#3552,#619,.T.);
#3198=EDGE_CURVE('',#3782,#3780,#4018,.T.);
#3199=EDGE_CURVE('',#3783,#3551,#620,.T.);
#3200=EDGE_CURVE('',#3783,#3782,#275,.F.);
#3201=EDGE_CURVE('',#3784,#3550,#621,.T.);
#3202=EDGE_CURVE('',#3784,#3783,#4019,.T.);
#3203=EDGE_CURVE('',#3785,#3549,#622,.T.);
#3204=EDGE_CURVE('',#3785,#3784,#623,.T.);
#3205=EDGE_CURVE('',#3786,#3548,#624,.T.);
#3206=EDGE_CURVE('',#3786,#3785,#625,.T.);
#3207=EDGE_CURVE('',#3787,#3547,#626,.T.);
#3208=EDGE_CURVE('',#3787,#3786,#627,.T.);
#3209=EDGE_CURVE('',#3788,#3546,#628,.T.);
#3210=EDGE_CURVE('',#3788,#3787,#276,.T.);
#3211=EDGE_CURVE('',#3789,#3545,#629,.T.);
#3212=EDGE_CURVE('',#3789,#3788,#4020,.T.);
#3213=EDGE_CURVE('',#3790,#3544,#630,.T.);
#3214=EDGE_CURVE('',#3790,#3789,#4021,.T.);
#3215=EDGE_CURVE('',#3791,#3543,#631,.T.);
#3216=EDGE_CURVE('',#3791,#3790,#4022,.T.);
#3217=EDGE_CURVE('',#3792,#3542,#632,.T.);
#3218=EDGE_CURVE('',#3792,#3791,#4023,.T.);
#3219=EDGE_CURVE('',#3793,#3541,#633,.T.);
#3220=EDGE_CURVE('',#3793,#3792,#4024,.T.);
#3221=EDGE_CURVE('',#3794,#3540,#634,.T.);
#3222=EDGE_CURVE('',#3794,#3793,#635,.T.);
#3223=EDGE_CURVE('',#3795,#3539,#636,.T.);
#3224=EDGE_CURVE('',#3795,#3794,#277,.T.);
#3225=EDGE_CURVE('',#3796,#3538,#637,.T.);
#3226=EDGE_CURVE('',#3796,#3795,#4025,.T.);
#3227=EDGE_CURVE('',#3797,#3537,#638,.T.);
#3228=EDGE_CURVE('',#3797,#3796,#4026,.T.);
#3229=EDGE_CURVE('',#3798,#3536,#639,.T.);
#3230=EDGE_CURVE('',#3798,#3797,#4027,.T.);
#3231=EDGE_CURVE('',#3799,#3535,#640,.T.);
#3232=EDGE_CURVE('',#3799,#3798,#4028,.T.);
#3233=EDGE_CURVE('',#3800,#3534,#641,.T.);
#3234=EDGE_CURVE('',#3800,#3799,#278,.T.);
#3235=EDGE_CURVE('',#3801,#3533,#642,.T.);
#3236=EDGE_CURVE('',#3801,#3800,#643,.T.);
#3237=EDGE_CURVE('',#3802,#3532,#644,.T.);
#3238=EDGE_CURVE('',#3802,#3801,#645,.T.);
#3239=EDGE_CURVE('',#3803,#3531,#646,.T.);
#3240=EDGE_CURVE('',#3803,#3802,#647,.T.);
#3241=EDGE_CURVE('',#3804,#3530,#648,.T.);
#3242=EDGE_CURVE('',#3804,#3803,#4029,.T.);
#3243=EDGE_CURVE('',#3805,#3529,#649,.T.);
#3244=EDGE_CURVE('',#3805,#3804,#279,.F.);
#3245=EDGE_CURVE('',#3806,#3528,#650,.T.);
#3246=EDGE_CURVE('',#3806,#3805,#4030,.T.);
#3247=EDGE_CURVE('',#3807,#3527,#651,.T.);
#3248=EDGE_CURVE('',#3807,#3806,#4031,.T.);
#3249=EDGE_CURVE('',#3808,#3526,#652,.T.);
#3250=EDGE_CURVE('',#3808,#3807,#4032,.T.);
#3251=EDGE_CURVE('',#3809,#3525,#653,.T.);
#3252=EDGE_CURVE('',#3809,#3808,#4033,.T.);
#3253=EDGE_CURVE('',#3810,#3524,#654,.T.);
#3254=EDGE_CURVE('',#3810,#3809,#655,.T.);
#3255=EDGE_CURVE('',#3811,#3523,#656,.T.);
#3256=EDGE_CURVE('',#3811,#3810,#280,.F.);
#3257=EDGE_CURVE('',#3781,#3811,#4034,.T.);
#3258=EDGE_CURVE('',#3812,#3378,#657,.T.);
#3259=EDGE_CURVE('',#3812,#3813,#4035,.T.);
#3260=EDGE_CURVE('',#3813,#3379,#658,.T.);
#3261=EDGE_CURVE('',#3814,#3409,#659,.T.);
#3262=EDGE_CURVE('',#3814,#3812,#281,.F.);
#3263=EDGE_CURVE('',#3815,#3408,#660,.T.);
#3264=EDGE_CURVE('',#3815,#3814,#282,.F.);
#3265=EDGE_CURVE('',#3816,#3407,#661,.T.);
#3266=EDGE_CURVE('',#3816,#3815,#4036,.T.);
#3267=EDGE_CURVE('',#3817,#3406,#662,.T.);
#3268=EDGE_CURVE('',#3817,#3816,#283,.F.);
#3269=EDGE_CURVE('',#3818,#3405,#663,.T.);
#3270=EDGE_CURVE('',#3818,#3817,#284,.F.);
#3271=EDGE_CURVE('',#3819,#3404,#664,.T.);
#3272=EDGE_CURVE('',#3819,#3818,#285,.F.);
#3273=EDGE_CURVE('',#3820,#3403,#665,.T.);
#3274=EDGE_CURVE('',#3820,#3819,#666,.T.);
#3275=EDGE_CURVE('',#3821,#3402,#667,.T.);
#3276=EDGE_CURVE('',#3821,#3820,#286,.T.);
#3277=EDGE_CURVE('',#3822,#3401,#668,.T.);
#3278=EDGE_CURVE('',#3822,#3821,#287,.T.);
#3279=EDGE_CURVE('',#3823,#3400,#669,.T.);
#3280=EDGE_CURVE('',#3823,#3822,#288,.T.);
#3281=EDGE_CURVE('',#3824,#3399,#670,.T.);
#3282=EDGE_CURVE('',#3824,#3823,#289,.T.);
#3283=EDGE_CURVE('',#3825,#3398,#671,.T.);
#3284=EDGE_CURVE('',#3825,#3824,#290,.T.);
#3285=EDGE_CURVE('',#3826,#3397,#672,.T.);
#3286=EDGE_CURVE('',#3826,#3825,#291,.T.);
#3287=EDGE_CURVE('',#3827,#3396,#673,.T.);
#3288=EDGE_CURVE('',#3827,#3826,#292,.T.);
#3289=EDGE_CURVE('',#3828,#3395,#674,.T.);
#3290=EDGE_CURVE('',#3828,#3827,#675,.T.);
#3291=EDGE_CURVE('',#3829,#3394,#676,.T.);
#3292=EDGE_CURVE('',#3829,#3828,#4037,.T.);
#3293=EDGE_CURVE('',#3830,#3393,#677,.T.);
#3294=EDGE_CURVE('',#3830,#3829,#4038,.T.);
#3295=EDGE_CURVE('',#3831,#3392,#678,.T.);
#3296=EDGE_CURVE('',#3831,#3830,#293,.F.);
#3297=EDGE_CURVE('',#3832,#3391,#679,.T.);
#3298=EDGE_CURVE('',#3832,#3831,#294,.F.);
#3299=EDGE_CURVE('',#3833,#3390,#680,.T.);
#3300=EDGE_CURVE('',#3833,#3832,#4039,.T.);
#3301=EDGE_CURVE('',#3834,#3389,#681,.T.);
#3302=EDGE_CURVE('',#3834,#3833,#4040,.T.);
#3303=EDGE_CURVE('',#3835,#3388,#682,.T.);
#3304=EDGE_CURVE('',#3835,#3834,#295,.F.);
#3305=EDGE_CURVE('',#3836,#3387,#683,.T.);
#3306=EDGE_CURVE('',#3836,#3835,#684,.T.);
#3307=EDGE_CURVE('',#3837,#3386,#685,.T.);
#3308=EDGE_CURVE('',#3837,#3836,#296,.T.);
#3309=EDGE_CURVE('',#3838,#3385,#686,.T.);
#3310=EDGE_CURVE('',#3838,#3837,#297,.T.);
#3311=EDGE_CURVE('',#3839,#3384,#687,.T.);
#3312=EDGE_CURVE('',#3839,#3838,#4041,.T.);
#3313=EDGE_CURVE('',#3840,#3383,#688,.T.);
#3314=EDGE_CURVE('',#3840,#3839,#4042,.T.);
#3315=EDGE_CURVE('',#3841,#3382,#689,.T.);
#3316=EDGE_CURVE('',#3841,#3840,#4043,.T.);
#3317=EDGE_CURVE('',#3842,#3381,#690,.T.);
#3318=EDGE_CURVE('',#3842,#3841,#4044,.T.);
#3319=EDGE_CURVE('',#3843,#3380,#691,.T.);
#3320=EDGE_CURVE('',#3843,#3842,#692,.T.);
#3321=EDGE_CURVE('',#3813,#3843,#4045,.T.);
#3322=EDGE_CURVE('',#3844,#3553,#693,.T.);
#3323=EDGE_CURVE('',#3844,#3845,#694,.T.);
#3324=EDGE_CURVE('',#3845,#3554,#695,.T.);
#3325=EDGE_CURVE('',#3846,#3580,#696,.T.);
#3326=EDGE_CURVE('',#3846,#3844,#697,.T.);
#3327=EDGE_CURVE('',#3847,#3579,#698,.T.);
#3328=EDGE_CURVE('',#3847,#3846,#699,.T.);
#3329=EDGE_CURVE('',#3848,#3578,#700,.T.);
#3330=EDGE_CURVE('',#3848,#3847,#298,.T.);
#3331=EDGE_CURVE('',#3849,#3577,#701,.T.);
#3332=EDGE_CURVE('',#3849,#3848,#299,.T.);
#3333=EDGE_CURVE('',#3850,#3576,#702,.T.);
#3334=EDGE_CURVE('',#3850,#3849,#300,.T.);
#3335=EDGE_CURVE('',#3851,#3575,#703,.T.);
#3336=EDGE_CURVE('',#3851,#3850,#4046,.T.);
#3337=EDGE_CURVE('',#3852,#3574,#704,.T.);
#3338=EDGE_CURVE('',#3852,#3851,#705,.T.);
#3339=EDGE_CURVE('',#3853,#3573,#706,.T.);
#3340=EDGE_CURVE('',#3853,#3852,#707,.T.);
#3341=EDGE_CURVE('',#3854,#3572,#708,.T.);
#3342=EDGE_CURVE('',#3854,#3853,#709,.T.);
#3343=EDGE_CURVE('',#3855,#3571,#710,.T.);
#3344=EDGE_CURVE('',#3855,#3854,#301,.T.);
#3345=EDGE_CURVE('',#3856,#3570,#711,.T.);
#3346=EDGE_CURVE('',#3856,#3855,#302,.T.);
#3347=EDGE_CURVE('',#3857,#3569,#712,.T.);
#3348=EDGE_CURVE('',#3857,#3856,#4047,.T.);
#3349=EDGE_CURVE('',#3858,#3568,#713,.T.);
#3350=EDGE_CURVE('',#3858,#3857,#4048,.T.);
#3351=EDGE_CURVE('',#3859,#3567,#714,.T.);
#3352=EDGE_CURVE('',#3859,#3858,#715,.T.);
#3353=EDGE_CURVE('',#3860,#3566,#716,.T.);
#3354=EDGE_CURVE('',#3860,#3859,#717,.T.);
#3355=EDGE_CURVE('',#3861,#3565,#718,.T.);
#3356=EDGE_CURVE('',#3861,#3860,#719,.T.);
#3357=EDGE_CURVE('',#3862,#3564,#720,.T.);
#3358=EDGE_CURVE('',#3862,#3861,#4049,.T.);
#3359=EDGE_CURVE('',#3863,#3563,#721,.T.);
#3360=EDGE_CURVE('',#3863,#3862,#303,.F.);
#3361=EDGE_CURVE('',#3864,#3562,#722,.T.);
#3362=EDGE_CURVE('',#3864,#3863,#304,.F.);
#3363=EDGE_CURVE('',#3865,#3561,#723,.T.);
#3364=EDGE_CURVE('',#3865,#3864,#305,.F.);
#3365=EDGE_CURVE('',#3866,#3560,#724,.T.);
#3366=EDGE_CURVE('',#3866,#3865,#4050,.T.);
#3367=EDGE_CURVE('',#3867,#3559,#725,.T.);
#3368=EDGE_CURVE('',#3867,#3866,#4051,.T.);
#3369=EDGE_CURVE('',#3868,#3558,#726,.T.);
#3370=EDGE_CURVE('',#3868,#3867,#306,.F.);
#3371=EDGE_CURVE('',#3869,#3557,#727,.T.);
#3372=EDGE_CURVE('',#3869,#3868,#307,.F.);
#3373=EDGE_CURVE('',#3870,#3556,#728,.T.);
#3374=EDGE_CURVE('',#3870,#3869,#308,.F.);
#3375=EDGE_CURVE('',#3871,#3555,#729,.T.);
#3376=EDGE_CURVE('',#3871,#3870,#730,.T.);
#3377=EDGE_CURVE('',#3845,#3871,#731,.T.);
#3378=VERTEX_POINT('',#6348);
#3379=VERTEX_POINT('',#6349);
#3380=VERTEX_POINT('',#6353);
#3381=VERTEX_POINT('',#6355);
#3382=VERTEX_POINT('',#6359);
#3383=VERTEX_POINT('',#6363);
#3384=VERTEX_POINT('',#6367);
#3385=VERTEX_POINT('',#6371);
#3386=VERTEX_POINT('',#6373);
#3387=VERTEX_POINT('',#6375);
#3388=VERTEX_POINT('',#6377);
#3389=VERTEX_POINT('',#6379);
#3390=VERTEX_POINT('',#6383);
#3391=VERTEX_POINT('',#6387);
#3392=VERTEX_POINT('',#6389);
#3393=VERTEX_POINT('',#6391);
#3394=VERTEX_POINT('',#6395);
#3395=VERTEX_POINT('',#6399);
#3396=VERTEX_POINT('',#6401);
#3397=VERTEX_POINT('',#6403);
#3398=VERTEX_POINT('',#6405);
#3399=VERTEX_POINT('',#6407);
#3400=VERTEX_POINT('',#6409);
#3401=VERTEX_POINT('',#6411);
#3402=VERTEX_POINT('',#6413);
#3403=VERTEX_POINT('',#6415);
#3404=VERTEX_POINT('',#6417);
#3405=VERTEX_POINT('',#6419);
#3406=VERTEX_POINT('',#6421);
#3407=VERTEX_POINT('',#6423);
#3408=VERTEX_POINT('',#6427);
#3409=VERTEX_POINT('',#6429);
#3410=VERTEX_POINT('',#6432);
#3411=VERTEX_POINT('',#6433);
#3412=VERTEX_POINT('',#6435);
#3413=VERTEX_POINT('',#6437);
#3414=VERTEX_POINT('',#6441);
#3415=VERTEX_POINT('',#6443);
#3416=VERTEX_POINT('',#6445);
#3417=VERTEX_POINT('',#6447);
#3418=VERTEX_POINT('',#6449);
#3419=VERTEX_POINT('',#6451);
#3420=VERTEX_POINT('',#6453);
#3421=VERTEX_POINT('',#6455);
#3422=VERTEX_POINT('',#6459);
#3423=VERTEX_POINT('',#6461);
#3424=VERTEX_POINT('',#6466);
#3425=VERTEX_POINT('',#6467);
#3426=VERTEX_POINT('',#6469);
#3427=VERTEX_POINT('',#6473);
#3428=VERTEX_POINT('',#6475);
#3429=VERTEX_POINT('',#6479);
#3430=VERTEX_POINT('',#6483);
#3431=VERTEX_POINT('',#6487);
#3432=VERTEX_POINT('',#6491);
#3433=VERTEX_POINT('',#6495);
#3434=VERTEX_POINT('',#6499);
#3435=VERTEX_POINT('',#6501);
#3436=VERTEX_POINT('',#6505);
#3437=VERTEX_POINT('',#6509);
#3438=VERTEX_POINT('',#6516);
#3439=VERTEX_POINT('',#6517);
#3440=VERTEX_POINT('',#6521);
#3441=VERTEX_POINT('',#6525);
#3442=VERTEX_POINT('',#6527);
#3443=VERTEX_POINT('',#6531);
#3444=VERTEX_POINT('',#6535);
#3445=VERTEX_POINT('',#6539);
#3446=VERTEX_POINT('',#6543);
#3447=VERTEX_POINT('',#6547);
#3448=VERTEX_POINT('',#6549);
#3449=VERTEX_POINT('',#6551);
#3450=VERTEX_POINT('',#6553);
#3451=VERTEX_POINT('',#6555);
#3452=VERTEX_POINT('',#6559);
#3453=VERTEX_POINT('',#6561);
#3454=VERTEX_POINT('',#6563);
#3455=VERTEX_POINT('',#6567);
#3456=VERTEX_POINT('',#6569);
#3457=VERTEX_POINT('',#6571);
#3458=VERTEX_POINT('',#6573);
#3459=VERTEX_POINT('',#6575);
#3460=VERTEX_POINT('',#6577);
#3461=VERTEX_POINT('',#6581);
#3462=VERTEX_POINT('',#6586);
#3463=VERTEX_POINT('',#6587);
#3464=VERTEX_POINT('',#6589);
#3465=VERTEX_POINT('',#6591);
#3466=VERTEX_POINT('',#6594);
#3467=VERTEX_POINT('',#6595);
#3468=VERTEX_POINT('',#6597);
#3469=VERTEX_POINT('',#6599);
#3470=VERTEX_POINT('',#6602);
#3471=VERTEX_POINT('',#6603);
#3472=VERTEX_POINT('',#6605);
#3473=VERTEX_POINT('',#6607);
#3474=VERTEX_POINT('',#6609);
#3475=VERTEX_POINT('',#6611);
#3476=VERTEX_POINT('',#6613);
#3477=VERTEX_POINT('',#6615);
#3478=VERTEX_POINT('',#6620);
#3479=VERTEX_POINT('',#6621);
#3480=VERTEX_POINT('',#6623);
#3481=VERTEX_POINT('',#6625);
#3482=VERTEX_POINT('',#6627);
#3483=VERTEX_POINT('',#6629);
#3484=VERTEX_POINT('',#6631);
#3485=VERTEX_POINT('',#6633);
#3486=VERTEX_POINT('',#6635);
#3487=VERTEX_POINT('',#6637);
#3488=VERTEX_POINT('',#6639);
#3489=VERTEX_POINT('',#6641);
#3490=VERTEX_POINT('',#6643);
#3491=VERTEX_POINT('',#6645);
#3492=VERTEX_POINT('',#6647);
#3493=VERTEX_POINT('',#6651);
#3494=VERTEX_POINT('',#6655);
#3495=VERTEX_POINT('',#6657);
#3496=VERTEX_POINT('',#6659);
#3497=VERTEX_POINT('',#6661);
#3498=VERTEX_POINT('',#6663);
#3499=VERTEX_POINT('',#6668);
#3500=VERTEX_POINT('',#6669);
#3501=VERTEX_POINT('',#6671);
#3502=VERTEX_POINT('',#6675);
#3503=VERTEX_POINT('',#6677);
#3504=VERTEX_POINT('',#6681);
#3505=VERTEX_POINT('',#6685);
#3506=VERTEX_POINT('',#6689);
#3507=VERTEX_POINT('',#6693);
#3508=VERTEX_POINT('',#6697);
#3509=VERTEX_POINT('',#6701);
#3510=VERTEX_POINT('',#6703);
#3511=VERTEX_POINT('',#6707);
#3512=VERTEX_POINT('',#6711);
#3513=VERTEX_POINT('',#6716);
#3514=VERTEX_POINT('',#6717);
#3515=VERTEX_POINT('',#6719);
#3516=VERTEX_POINT('',#6721);
#3517=VERTEX_POINT('',#6723);
#3518=VERTEX_POINT('',#6725);
#3519=VERTEX_POINT('',#6727);
#3520=VERTEX_POINT('',#6729);
#3521=VERTEX_POINT('',#6734);
#3522=VERTEX_POINT('',#6735);
#3523=VERTEX_POINT('',#6739);
#3524=VERTEX_POINT('',#6741);
#3525=VERTEX_POINT('',#6743);
#3526=VERTEX_POINT('',#6747);
#3527=VERTEX_POINT('',#6751);
#3528=VERTEX_POINT('',#6755);
#3529=VERTEX_POINT('',#6759);
#3530=VERTEX_POINT('',#6761);
#3531=VERTEX_POINT('',#6765);
#3532=VERTEX_POINT('',#6767);
#3533=VERTEX_POINT('',#6769);
#3534=VERTEX_POINT('',#6771);
#3535=VERTEX_POINT('',#6773);
#3536=VERTEX_POINT('',#6777);
#3537=VERTEX_POINT('',#6781);
#3538=VERTEX_POINT('',#6785);
#3539=VERTEX_POINT('',#6789);
#3540=VERTEX_POINT('',#6791);
#3541=VERTEX_POINT('',#6793);
#3542=VERTEX_POINT('',#6797);
#3543=VERTEX_POINT('',#6801);
#3544=VERTEX_POINT('',#6805);
#3545=VERTEX_POINT('',#6809);
#3546=VERTEX_POINT('',#6813);
#3547=VERTEX_POINT('',#6815);
#3548=VERTEX_POINT('',#6817);
#3549=VERTEX_POINT('',#6819);
#3550=VERTEX_POINT('',#6821);
#3551=VERTEX_POINT('',#6825);
#3552=VERTEX_POINT('',#6827);
#3553=VERTEX_POINT('',#6832);
#3554=VERTEX_POINT('',#6833);
#3555=VERTEX_POINT('',#6835);
#3556=VERTEX_POINT('',#6837);
#3557=VERTEX_POINT('',#6839);
#3558=VERTEX_POINT('',#6841);
#3559=VERTEX_POINT('',#6843);
#3560=VERTEX_POINT('',#6847);
#3561=VERTEX_POINT('',#6851);
#3562=VERTEX_POINT('',#6853);
#3563=VERTEX_POINT('',#6855);
#3564=VERTEX_POINT('',#6857);
#3565=VERTEX_POINT('',#6861);
#3566=VERTEX_POINT('',#6863);
#3567=VERTEX_POINT('',#6865);
#3568=VERTEX_POINT('',#6867);
#3569=VERTEX_POINT('',#6871);
#3570=VERTEX_POINT('',#6875);
#3571=VERTEX_POINT('',#6877);
#3572=VERTEX_POINT('',#6879);
#3573=VERTEX_POINT('',#6881);
#3574=VERTEX_POINT('',#6883);
#3575=VERTEX_POINT('',#6885);
#3576=VERTEX_POINT('',#6889);
#3577=VERTEX_POINT('',#6891);
#3578=VERTEX_POINT('',#6893);
#3579=VERTEX_POINT('',#6895);
#3580=VERTEX_POINT('',#6897);
#3581=VERTEX_POINT('',#6901);
#3582=VERTEX_POINT('',#6902);
#3583=VERTEX_POINT('',#6904);
#3584=VERTEX_POINT('',#6906);
#3585=VERTEX_POINT('',#6908);
#3586=VERTEX_POINT('',#6910);
#3587=VERTEX_POINT('',#6912);
#3588=VERTEX_POINT('',#6914);
#3589=VERTEX_POINT('',#6917);
#3590=VERTEX_POINT('',#6918);
#3591=VERTEX_POINT('',#6920);
#3592=VERTEX_POINT('',#6922);
#3593=VERTEX_POINT('',#6924);
#3594=VERTEX_POINT('',#6926);
#3595=VERTEX_POINT('',#6930);
#3596=VERTEX_POINT('',#6931);
#3597=VERTEX_POINT('',#6933);
#3598=VERTEX_POINT('',#6935);
#3599=VERTEX_POINT('',#6938);
#3600=VERTEX_POINT('',#6939);
#3601=VERTEX_POINT('',#6941);
#3602=VERTEX_POINT('',#6943);
#3603=VERTEX_POINT('',#6945);
#3604=VERTEX_POINT('',#6947);
#3605=VERTEX_POINT('',#6997);
#3606=VERTEX_POINT('',#7001);
#3607=VERTEX_POINT('',#7005);
#3608=VERTEX_POINT('',#7009);
#3609=VERTEX_POINT('',#7013);
#3610=VERTEX_POINT('',#7017);
#3611=VERTEX_POINT('',#7021);
#3612=VERTEX_POINT('',#7032);
#3613=VERTEX_POINT('',#7045);
#3614=VERTEX_POINT('',#7051);
#3615=VERTEX_POINT('',#7055);
#3616=VERTEX_POINT('',#7059);
#3617=VERTEX_POINT('',#7063);
#3618=VERTEX_POINT('',#7067);
#3619=VERTEX_POINT('',#7071);
#3620=VERTEX_POINT('',#7075);
#3621=VERTEX_POINT('',#7079);
#3622=VERTEX_POINT('',#7083);
#3623=VERTEX_POINT('',#7087);
#3624=VERTEX_POINT('',#7091);
#3625=VERTEX_POINT('',#7095);
#3626=VERTEX_POINT('',#7102);
#3627=VERTEX_POINT('',#7103);
#3628=VERTEX_POINT('',#7105);
#3629=VERTEX_POINT('',#7107);
#3630=VERTEX_POINT('',#7111);
#3631=VERTEX_POINT('',#7113);
#3632=VERTEX_POINT('',#7117);
#3633=VERTEX_POINT('',#7119);
#3634=VERTEX_POINT('',#7132);
#3635=VERTEX_POINT('',#7134);
#3636=VERTEX_POINT('',#7149);
#3637=VERTEX_POINT('',#7151);
#3638=VERTEX_POINT('',#7166);
#3639=VERTEX_POINT('',#7168);
#3640=VERTEX_POINT('',#7183);
#3641=VERTEX_POINT('',#7185);
#3642=VERTEX_POINT('',#7191);
#3643=VERTEX_POINT('',#7193);
#3644=VERTEX_POINT('',#7204);
#3645=VERTEX_POINT('',#7208);
#3646=VERTEX_POINT('',#7219);
#3647=VERTEX_POINT('',#7232);
#3648=VERTEX_POINT('',#7238);
#3649=VERTEX_POINT('',#7242);
#3650=VERTEX_POINT('',#7246);
#3651=VERTEX_POINT('',#7250);
#3652=VERTEX_POINT('',#7254);
#3653=VERTEX_POINT('',#7265);
#3654=VERTEX_POINT('',#7271);
#3655=VERTEX_POINT('',#7275);
#3656=VERTEX_POINT('',#7286);
#3657=VERTEX_POINT('',#7292);
#3658=VERTEX_POINT('',#7296);
#3659=VERTEX_POINT('',#7300);
#3660=VERTEX_POINT('',#7304);
#3661=VERTEX_POINT('',#7315);
#3662=VERTEX_POINT('',#7328);
#3663=VERTEX_POINT('',#7341);
#3664=VERTEX_POINT('',#7354);
#3665=VERTEX_POINT('',#7367);
#3666=VERTEX_POINT('',#7373);
#3667=VERTEX_POINT('',#7384);
#3668=VERTEX_POINT('',#7414);
#3669=VERTEX_POINT('',#7415);
#3670=VERTEX_POINT('',#7417);
#3671=VERTEX_POINT('',#7421);
#3672=VERTEX_POINT('',#7434);
#3673=VERTEX_POINT('',#7436);
#3674=VERTEX_POINT('',#7442);
#3675=VERTEX_POINT('',#7444);
#3676=VERTEX_POINT('',#7448);
#3677=VERTEX_POINT('',#7450);
#3678=VERTEX_POINT('',#7454);
#3679=VERTEX_POINT('',#7456);
#3680=VERTEX_POINT('',#7460);
#3681=VERTEX_POINT('',#7462);
#3682=VERTEX_POINT('',#7475);
#3683=VERTEX_POINT('',#7477);
#3684=VERTEX_POINT('',#7492);
#3685=VERTEX_POINT('',#7494);
#3686=VERTEX_POINT('',#7509);
#3687=VERTEX_POINT('',#7511);
#3688=VERTEX_POINT('',#7517);
#3689=VERTEX_POINT('',#7519);
#3690=VERTEX_POINT('',#7523);
#3691=VERTEX_POINT('',#7525);
#3692=VERTEX_POINT('',#7529);
#3693=VERTEX_POINT('',#7531);
#3694=VERTEX_POINT('',#7535);
#3695=VERTEX_POINT('',#7537);
#3696=VERTEX_POINT('',#7548);
#3697=VERTEX_POINT('',#7552);
#3698=VERTEX_POINT('',#7563);
#3699=VERTEX_POINT('',#7576);
#3700=VERTEX_POINT('',#7589);
#3701=VERTEX_POINT('',#7595);
#3702=VERTEX_POINT('',#7606);
#3703=VERTEX_POINT('',#7619);
#3704=VERTEX_POINT('',#7632);
#3705=VERTEX_POINT('',#7645);
#3706=VERTEX_POINT('',#7658);
#3707=VERTEX_POINT('',#7671);
#3708=VERTEX_POINT('',#7677);
#3709=VERTEX_POINT('',#7688);
#3710=VERTEX_POINT('',#7720);
#3711=VERTEX_POINT('',#7721);
#3712=VERTEX_POINT('',#7723);
#3713=VERTEX_POINT('',#7727);
#3714=VERTEX_POINT('',#7740);
#3715=VERTEX_POINT('',#7742);
#3716=VERTEX_POINT('',#7748);
#3717=VERTEX_POINT('',#7750);
#3718=VERTEX_POINT('',#7754);
#3719=VERTEX_POINT('',#7756);
#3720=VERTEX_POINT('',#7760);
#3721=VERTEX_POINT('',#7762);
#3722=VERTEX_POINT('',#7766);
#3723=VERTEX_POINT('',#7768);
#3724=VERTEX_POINT('',#7781);
#3725=VERTEX_POINT('',#7783);
#3726=VERTEX_POINT('',#7798);
#3727=VERTEX_POINT('',#7800);
#3728=VERTEX_POINT('',#7815);
#3729=VERTEX_POINT('',#7817);
#3730=VERTEX_POINT('',#7823);
#3731=VERTEX_POINT('',#7825);
#3732=VERTEX_POINT('',#7829);
#3733=VERTEX_POINT('',#7831);
#3734=VERTEX_POINT('',#7835);
#3735=VERTEX_POINT('',#7837);
#3736=VERTEX_POINT('',#7841);
#3737=VERTEX_POINT('',#7843);
#3738=VERTEX_POINT('',#7854);
#3739=VERTEX_POINT('',#7858);
#3740=VERTEX_POINT('',#7869);
#3741=VERTEX_POINT('',#7882);
#3742=VERTEX_POINT('',#7895);
#3743=VERTEX_POINT('',#7901);
#3744=VERTEX_POINT('',#7912);
#3745=VERTEX_POINT('',#7925);
#3746=VERTEX_POINT('',#7938);
#3747=VERTEX_POINT('',#7951);
#3748=VERTEX_POINT('',#7964);
#3749=VERTEX_POINT('',#7977);
#3750=VERTEX_POINT('',#7983);
#3751=VERTEX_POINT('',#7994);
#3752=VERTEX_POINT('',#8017);
#3753=VERTEX_POINT('',#8018);
#3754=VERTEX_POINT('',#8020);
#3755=VERTEX_POINT('',#8022);
#3756=VERTEX_POINT('',#8026);
#3757=VERTEX_POINT('',#8028);
#3758=VERTEX_POINT('',#8032);
#3759=VERTEX_POINT('',#8034);
#3760=VERTEX_POINT('',#8038);
#3761=VERTEX_POINT('',#8042);
#3762=VERTEX_POINT('',#8046);
#3763=VERTEX_POINT('',#8050);
#3764=VERTEX_POINT('',#8054);
#3765=VERTEX_POINT('',#8058);
#3766=VERTEX_POINT('',#8068);
#3767=VERTEX_POINT('',#8070);
#3768=VERTEX_POINT('',#8074);
#3769=VERTEX_POINT('',#8078);
#3770=VERTEX_POINT('',#8089);
#3771=VERTEX_POINT('',#8095);
#3772=VERTEX_POINT('',#8099);
#3773=VERTEX_POINT('',#8103);
#3774=VERTEX_POINT('',#8107);
#3775=VERTEX_POINT('',#8111);
#3776=VERTEX_POINT('',#8115);
#3777=VERTEX_POINT('',#8119);
#3778=VERTEX_POINT('',#8130);
#3779=VERTEX_POINT('',#8136);
#3780=VERTEX_POINT('',#8150);
#3781=VERTEX_POINT('',#8154);
#3782=VERTEX_POINT('',#8165);
#3783=VERTEX_POINT('',#8171);
#3784=VERTEX_POINT('',#8182);
#3785=VERTEX_POINT('',#8188);
#3786=VERTEX_POINT('',#8192);
#3787=VERTEX_POINT('',#8196);
#3788=VERTEX_POINT('',#8200);
#3789=VERTEX_POINT('',#8211);
#3790=VERTEX_POINT('',#8224);
#3791=VERTEX_POINT('',#8237);
#3792=VERTEX_POINT('',#8250);
#3793=VERTEX_POINT('',#8263);
#3794=VERTEX_POINT('',#8269);
#3795=VERTEX_POINT('',#8273);
#3796=VERTEX_POINT('',#8284);
#3797=VERTEX_POINT('',#8297);
#3798=VERTEX_POINT('',#8310);
#3799=VERTEX_POINT('',#8323);
#3800=VERTEX_POINT('',#8329);
#3801=VERTEX_POINT('',#8333);
#3802=VERTEX_POINT('',#8337);
#3803=VERTEX_POINT('',#8341);
#3804=VERTEX_POINT('',#8352);
#3805=VERTEX_POINT('',#8358);
#3806=VERTEX_POINT('',#8369);
#3807=VERTEX_POINT('',#8382);
#3808=VERTEX_POINT('',#8395);
#3809=VERTEX_POINT('',#8408);
#3810=VERTEX_POINT('',#8414);
#3811=VERTEX_POINT('',#8418);
#3812=VERTEX_POINT('',#8441);
#3813=VERTEX_POINT('',#8445);
#3814=VERTEX_POINT('',#8449);
#3815=VERTEX_POINT('',#8453);
#3816=VERTEX_POINT('',#8464);
#3817=VERTEX_POINT('',#8470);
#3818=VERTEX_POINT('',#8474);
#3819=VERTEX_POINT('',#8478);
#3820=VERTEX_POINT('',#8482);
#3821=VERTEX_POINT('',#8486);
#3822=VERTEX_POINT('',#8490);
#3823=VERTEX_POINT('',#8494);
#3824=VERTEX_POINT('',#8498);
#3825=VERTEX_POINT('',#8502);
#3826=VERTEX_POINT('',#8506);
#3827=VERTEX_POINT('',#8510);
#3828=VERTEX_POINT('',#8514);
#3829=VERTEX_POINT('',#8525);
#3830=VERTEX_POINT('',#8538);
#3831=VERTEX_POINT('',#8544);
#3832=VERTEX_POINT('',#8548);
#3833=VERTEX_POINT('',#8559);
#3834=VERTEX_POINT('',#8572);
#3835=VERTEX_POINT('',#8578);
#3836=VERTEX_POINT('',#8582);
#3837=VERTEX_POINT('',#8586);
#3838=VERTEX_POINT('',#8590);
#3839=VERTEX_POINT('',#8601);
#3840=VERTEX_POINT('',#8614);
#3841=VERTEX_POINT('',#8627);
#3842=VERTEX_POINT('',#8640);
#3843=VERTEX_POINT('',#8646);
#3844=VERTEX_POINT('',#8662);
#3845=VERTEX_POINT('',#8664);
#3846=VERTEX_POINT('',#8668);
#3847=VERTEX_POINT('',#8672);
#3848=VERTEX_POINT('',#8676);
#3849=VERTEX_POINT('',#8680);
#3850=VERTEX_POINT('',#8684);
#3851=VERTEX_POINT('',#8695);
#3852=VERTEX_POINT('',#8701);
#3853=VERTEX_POINT('',#8705);
#3854=VERTEX_POINT('',#8709);
#3855=VERTEX_POINT('',#8713);
#3856=VERTEX_POINT('',#8717);
#3857=VERTEX_POINT('',#8728);
#3858=VERTEX_POINT('',#8741);
#3859=VERTEX_POINT('',#8747);
#3860=VERTEX_POINT('',#8751);
#3861=VERTEX_POINT('',#8755);
#3862=VERTEX_POINT('',#8766);
#3863=VERTEX_POINT('',#8772);
#3864=VERTEX_POINT('',#8776);
#3865=VERTEX_POINT('',#8780);
#3866=VERTEX_POINT('',#8791);
#3867=VERTEX_POINT('',#8804);
#3868=VERTEX_POINT('',#8810);
#3869=VERTEX_POINT('',#8814);
#3870=VERTEX_POINT('',#8818);
#3871=VERTEX_POINT('',#8822);
#3872=B_SPLINE_CURVE_WITH_KNOTS('',2,(#6345,#6346,#6347),.UNSPECIFIED.,
 .F.,.F.,(3,3),(0.,1.),.PIECEWISE_BEZIER_KNOTS.);
#3873=B_SPLINE_CURVE_WITH_KNOTS('',2,(#6350,#6351,#6352),.UNSPECIFIED.,
 .F.,.F.,(3,3),(0.,1.),.PIECEWISE_BEZIER_KNOTS.);
#3874=B_SPLINE_CURVE_WITH_KNOTS('',2,(#6356,#6357,#6358),.UNSPECIFIED.,
 .F.,.F.,(3,3),(0.,1.),.PIECEWISE_BEZIER_KNOTS.);
#3875=B_SPLINE_CURVE_WITH_KNOTS('',2,(#6360,#6361,#6362),.UNSPECIFIED.,
 .F.,.F.,(3,3),(0.,1.),.PIECEWISE_BEZIER_KNOTS.);
#3876=B_SPLINE_CURVE_WITH_KNOTS('',2,(#6364,#6365,#6366),.UNSPECIFIED.,
 .F.,.F.,(3,3),(0.,1.),.PIECEWISE_BEZIER_KNOTS.);
#3877=B_SPLINE_CURVE_WITH_KNOTS('',2,(#6368,#6369,#6370),.UNSPECIFIED.,
 .F.,.F.,(3,3),(0.,1.),.PIECEWISE_BEZIER_KNOTS.);
#3878=B_SPLINE_CURVE_WITH_KNOTS('',2,(#6380,#6381,#6382),.UNSPECIFIED.,
 .F.,.F.,(3,3),(0.,1.),.PIECEWISE_BEZIER_KNOTS.);
#3879=B_SPLINE_CURVE_WITH_KNOTS('',2,(#6384,#6385,#6386),.UNSPECIFIED.,
 .F.,.F.,(3,3),(0.,1.),.PIECEWISE_BEZIER_KNOTS.);
#3880=B_SPLINE_CURVE_WITH_KNOTS('',2,(#6392,#6393,#6394),.UNSPECIFIED.,
 .F.,.F.,(3,3),(0.,1.),.PIECEWISE_BEZIER_KNOTS.);
#3881=B_SPLINE_CURVE_WITH_KNOTS('',2,(#6396,#6397,#6398),.UNSPECIFIED.,
 .F.,.F.,(3,3),(0.,1.),.PIECEWISE_BEZIER_KNOTS.);
#3882=B_SPLINE_CURVE_WITH_KNOTS('',2,(#6424,#6425,#6426),.UNSPECIFIED.,
 .F.,.F.,(3,3),(0.,1.),.PIECEWISE_BEZIER_KNOTS.);
#3883=B_SPLINE_CURVE_WITH_KNOTS('',2,(#6438,#6439,#6440),.UNSPECIFIED.,
 .F.,.F.,(3,3),(0.,1.),.PIECEWISE_BEZIER_KNOTS.);
#3884=B_SPLINE_CURVE_WITH_KNOTS('',2,(#6456,#6457,#6458),.UNSPECIFIED.,
 .F.,.F.,(3,3),(0.,1.),.PIECEWISE_BEZIER_KNOTS.);
#3885=B_SPLINE_CURVE_WITH_KNOTS('',2,(#6463,#6464,#6465),.UNSPECIFIED.,
 .F.,.F.,(3,3),(0.,1.),.PIECEWISE_BEZIER_KNOTS.);
#3886=B_SPLINE_CURVE_WITH_KNOTS('',2,(#6470,#6471,#6472),.UNSPECIFIED.,
 .F.,.F.,(3,3),(0.,1.),.PIECEWISE_BEZIER_KNOTS.);
#3887=B_SPLINE_CURVE_WITH_KNOTS('',2,(#6476,#6477,#6478),.UNSPECIFIED.,
 .F.,.F.,(3,3),(0.,1.),.PIECEWISE_BEZIER_KNOTS.);
#3888=B_SPLINE_CURVE_WITH_KNOTS('',2,(#6480,#6481,#6482),.UNSPECIFIED.,
 .F.,.F.,(3,3),(0.,1.),.PIECEWISE_BEZIER_KNOTS.);
#3889=B_SPLINE_CURVE_WITH_KNOTS('',2,(#6484,#6485,#6486),.UNSPECIFIED.,
 .F.,.F.,(3,3),(0.,1.),.PIECEWISE_BEZIER_KNOTS.);
#3890=B_SPLINE_CURVE_WITH_KNOTS('',2,(#6488,#6489,#6490),.UNSPECIFIED.,
 .F.,.F.,(3,3),(0.,1.),.PIECEWISE_BEZIER_KNOTS.);
#3891=B_SPLINE_CURVE_WITH_KNOTS('',2,(#6492,#6493,#6494),.UNSPECIFIED.,
 .F.,.F.,(3,3),(0.,1.),.PIECEWISE_BEZIER_KNOTS.);
#3892=B_SPLINE_CURVE_WITH_KNOTS('',2,(#6496,#6497,#6498),.UNSPECIFIED.,
 .F.,.F.,(3,3),(0.,1.),.PIECEWISE_BEZIER_KNOTS.);
#3893=B_SPLINE_CURVE_WITH_KNOTS('',2,(#6502,#6503,#6504),.UNSPECIFIED.,
 .F.,.F.,(3,3),(0.,1.),.PIECEWISE_BEZIER_KNOTS.);
#3894=B_SPLINE_CURVE_WITH_KNOTS('',2,(#6506,#6507,#6508),.UNSPECIFIED.,
 .F.,.F.,(3,3),(0.,1.),.PIECEWISE_BEZIER_KNOTS.);
#3895=B_SPLINE_CURVE_WITH_KNOTS('',2,(#6510,#6511,#6512),.UNSPECIFIED.,
 .F.,.F.,(3,3),(0.,1.),.PIECEWISE_BEZIER_KNOTS.);
#3896=B_SPLINE_CURVE_WITH_KNOTS('',2,(#6513,#6514,#6515),.UNSPECIFIED.,
 .F.,.F.,(3,3),(0.,1.),.PIECEWISE_BEZIER_KNOTS.);
#3897=B_SPLINE_CURVE_WITH_KNOTS('',2,(#6518,#6519,#6520),.UNSPECIFIED.,
 .F.,.F.,(3,3),(0.,1.),.PIECEWISE_BEZIER_KNOTS.);
#3898=B_SPLINE_CURVE_WITH_KNOTS('',2,(#6522,#6523,#6524),.UNSPECIFIED.,
 .F.,.F.,(3,3),(0.,1.),.PIECEWISE_BEZIER_KNOTS.);
#3899=B_SPLINE_CURVE_WITH_KNOTS('',2,(#6528,#6529,#6530),.UNSPECIFIED.,
 .F.,.F.,(3,3),(0.,1.),.PIECEWISE_BEZIER_KNOTS.);
#3900=B_SPLINE_CURVE_WITH_KNOTS('',2,(#6532,#6533,#6534),.UNSPECIFIED.,
 .F.,.F.,(3,3),(0.,1.),.PIECEWISE_BEZIER_KNOTS.);
#3901=B_SPLINE_CURVE_WITH_KNOTS('',2,(#6536,#6537,#6538),.UNSPECIFIED.,
 .F.,.F.,(3,3),(0.,1.),.PIECEWISE_BEZIER_KNOTS.);
#3902=B_SPLINE_CURVE_WITH_KNOTS('',2,(#6540,#6541,#6542),.UNSPECIFIED.,
 .F.,.F.,(3,3),(0.,1.),.PIECEWISE_BEZIER_KNOTS.);
#3903=B_SPLINE_CURVE_WITH_KNOTS('',2,(#6544,#6545,#6546),.UNSPECIFIED.,
 .F.,.F.,(3,3),(0.,1.),.PIECEWISE_BEZIER_KNOTS.);
#3904=B_SPLINE_CURVE_WITH_KNOTS('',2,(#6556,#6557,#6558),.UNSPECIFIED.,
 .F.,.F.,(3,3),(0.,1.),.PIECEWISE_BEZIER_KNOTS.);
#3905=B_SPLINE_CURVE_WITH_KNOTS('',2,(#6564,#6565,#6566),.UNSPECIFIED.,
 .F.,.F.,(3,3),(0.,1.),.PIECEWISE_BEZIER_KNOTS.);
#3906=B_SPLINE_CURVE_WITH_KNOTS('',2,(#6578,#6579,#6580),.UNSPECIFIED.,
 .F.,.F.,(3,3),(0.,1.),.PIECEWISE_BEZIER_KNOTS.);
#3907=B_SPLINE_CURVE_WITH_KNOTS('',2,(#6582,#6583,#6584),.UNSPECIFIED.,
 .F.,.F.,(3,3),(0.,1.),.PIECEWISE_BEZIER_KNOTS.);
#3908=B_SPLINE_CURVE_WITH_KNOTS('',2,(#6617,#6618,#6619),.UNSPECIFIED.,
 .F.,.F.,(3,3),(0.,1.),.PIECEWISE_BEZIER_KNOTS.);
#3909=B_SPLINE_CURVE_WITH_KNOTS('',2,(#6648,#6649,#6650),.UNSPECIFIED.,
 .F.,.F.,(3,3),(0.,1.),.PIECEWISE_BEZIER_KNOTS.);
#3910=B_SPLINE_CURVE_WITH_KNOTS('',2,(#6652,#6653,#6654),.UNSPECIFIED.,
 .F.,.F.,(3,3),(0.,1.),.PIECEWISE_BEZIER_KNOTS.);
#3911=B_SPLINE_CURVE_WITH_KNOTS('',2,(#6665,#6666,#6667),.UNSPECIFIED.,
 .F.,.F.,(3,3),(0.,1.),.PIECEWISE_BEZIER_KNOTS.);
#3912=B_SPLINE_CURVE_WITH_KNOTS('',2,(#6672,#6673,#6674),.UNSPECIFIED.,
 .F.,.F.,(3,3),(0.,1.),.PIECEWISE_BEZIER_KNOTS.);
#3913=B_SPLINE_CURVE_WITH_KNOTS('',2,(#6678,#6679,#6680),.UNSPECIFIED.,
 .F.,.F.,(3,3),(0.,1.),.PIECEWISE_BEZIER_KNOTS.);
#3914=B_SPLINE_CURVE_WITH_KNOTS('',2,(#6682,#6683,#6684),.UNSPECIFIED.,
 .F.,.F.,(3,3),(0.,1.),.PIECEWISE_BEZIER_KNOTS.);
#3915=B_SPLINE_CURVE_WITH_KNOTS('',2,(#6686,#6687,#6688),.UNSPECIFIED.,
 .F.,.F.,(3,3),(0.,1.),.PIECEWISE_BEZIER_KNOTS.);
#3916=B_SPLINE_CURVE_WITH_KNOTS('',2,(#6690,#6691,#6692),.UNSPECIFIED.,
 .F.,.F.,(3,3),(0.,1.),.PIECEWISE_BEZIER_KNOTS.);
#3917=B_SPLINE_CURVE_WITH_KNOTS('',2,(#6694,#6695,#6696),.UNSPECIFIED.,
 .F.,.F.,(3,3),(0.,1.),.PIECEWISE_BEZIER_KNOTS.);
#3918=B_SPLINE_CURVE_WITH_KNOTS('',2,(#6698,#6699,#6700),.UNSPECIFIED.,
 .F.,.F.,(3,3),(0.,1.),.PIECEWISE_BEZIER_KNOTS.);
#3919=B_SPLINE_CURVE_WITH_KNOTS('',2,(#6704,#6705,#6706),.UNSPECIFIED.,
 .F.,.F.,(3,3),(0.,1.),.PIECEWISE_BEZIER_KNOTS.);
#3920=B_SPLINE_CURVE_WITH_KNOTS('',2,(#6708,#6709,#6710),.UNSPECIFIED.,
 .F.,.F.,(3,3),(0.,1.),.PIECEWISE_BEZIER_KNOTS.);
#3921=B_SPLINE_CURVE_WITH_KNOTS('',2,(#6712,#6713,#6714),.UNSPECIFIED.,
 .F.,.F.,(3,3),(0.,1.),.PIECEWISE_BEZIER_KNOTS.);
#3922=B_SPLINE_CURVE_WITH_KNOTS('',2,(#6731,#6732,#6733),.UNSPECIFIED.,
 .F.,.F.,(3,3),(0.,1.),.PIECEWISE_BEZIER_KNOTS.);
#3923=B_SPLINE_CURVE_WITH_KNOTS('',2,(#6736,#6737,#6738),.UNSPECIFIED.,
 .F.,.F.,(3,3),(0.,1.),.PIECEWISE_BEZIER_KNOTS.);
#3924=B_SPLINE_CURVE_WITH_KNOTS('',2,(#6744,#6745,#6746),.UNSPECIFIED.,
 .F.,.F.,(3,3),(0.,1.),.PIECEWISE_BEZIER_KNOTS.);
#3925=B_SPLINE_CURVE_WITH_KNOTS('',2,(#6748,#6749,#6750),.UNSPECIFIED.,
 .F.,.F.,(3,3),(0.,1.),.PIECEWISE_BEZIER_KNOTS.);
#3926=B_SPLINE_CURVE_WITH_KNOTS('',2,(#6752,#6753,#6754),.UNSPECIFIED.,
 .F.,.F.,(3,3),(0.,1.),.PIECEWISE_BEZIER_KNOTS.);
#3927=B_SPLINE_CURVE_WITH_KNOTS('',2,(#6756,#6757,#6758),.UNSPECIFIED.,
 .F.,.F.,(3,3),(0.,1.),.PIECEWISE_BEZIER_KNOTS.);
#3928=B_SPLINE_CURVE_WITH_KNOTS('',2,(#6762,#6763,#6764),.UNSPECIFIED.,
 .F.,.F.,(3,3),(0.,1.),.PIECEWISE_BEZIER_KNOTS.);
#3929=B_SPLINE_CURVE_WITH_KNOTS('',2,(#6774,#6775,#6776),.UNSPECIFIED.,
 .F.,.F.,(3,3),(0.,1.),.PIECEWISE_BEZIER_KNOTS.);
#3930=B_SPLINE_CURVE_WITH_KNOTS('',2,(#6778,#6779,#6780),.UNSPECIFIED.,
 .F.,.F.,(3,3),(0.,1.),.PIECEWISE_BEZIER_KNOTS.);
#3931=B_SPLINE_CURVE_WITH_KNOTS('',2,(#6782,#6783,#6784),.UNSPECIFIED.,
 .F.,.F.,(3,3),(0.,1.),.PIECEWISE_BEZIER_KNOTS.);
#3932=B_SPLINE_CURVE_WITH_KNOTS('',2,(#6786,#6787,#6788),.UNSPECIFIED.,
 .F.,.F.,(3,3),(0.,1.),.PIECEWISE_BEZIER_KNOTS.);
#3933=B_SPLINE_CURVE_WITH_KNOTS('',2,(#6794,#6795,#6796),.UNSPECIFIED.,
 .F.,.F.,(3,3),(0.,1.),.PIECEWISE_BEZIER_KNOTS.);
#3934=B_SPLINE_CURVE_WITH_KNOTS('',2,(#6798,#6799,#6800),.UNSPECIFIED.,
 .F.,.F.,(3,3),(0.,1.),.PIECEWISE_BEZIER_KNOTS.);
#3935=B_SPLINE_CURVE_WITH_KNOTS('',2,(#6802,#6803,#6804),.UNSPECIFIED.,
 .F.,.F.,(3,3),(0.,1.),.PIECEWISE_BEZIER_KNOTS.);
#3936=B_SPLINE_CURVE_WITH_KNOTS('',2,(#6806,#6807,#6808),.UNSPECIFIED.,
 .F.,.F.,(3,3),(0.,1.),.PIECEWISE_BEZIER_KNOTS.);
#3937=B_SPLINE_CURVE_WITH_KNOTS('',2,(#6810,#6811,#6812),.UNSPECIFIED.,
 .F.,.F.,(3,3),(0.,1.),.PIECEWISE_BEZIER_KNOTS.);
#3938=B_SPLINE_CURVE_WITH_KNOTS('',2,(#6822,#6823,#6824),.UNSPECIFIED.,
 .F.,.F.,(3,3),(0.,1.),.PIECEWISE_BEZIER_KNOTS.);
#3939=B_SPLINE_CURVE_WITH_KNOTS('',2,(#6828,#6829,#6830),.UNSPECIFIED.,
 .F.,.F.,(3,3),(0.,1.),.PIECEWISE_BEZIER_KNOTS.);
#3940=B_SPLINE_CURVE_WITH_KNOTS('',2,(#6844,#6845,#6846),.UNSPECIFIED.,
 .F.,.F.,(3,3),(0.,1.),.PIECEWISE_BEZIER_KNOTS.);
#3941=B_SPLINE_CURVE_WITH_KNOTS('',2,(#6848,#6849,#6850),.UNSPECIFIED.,
 .F.,.F.,(3,3),(0.,1.),.PIECEWISE_BEZIER_KNOTS.);
#3942=B_SPLINE_CURVE_WITH_KNOTS('',2,(#6858,#6859,#6860),.UNSPECIFIED.,
 .F.,.F.,(3,3),(0.,1.),.PIECEWISE_BEZIER_KNOTS.);
#3943=B_SPLINE_CURVE_WITH_KNOTS('',2,(#6868,#6869,#6870),.UNSPECIFIED.,
 .F.,.F.,(3,3),(0.,1.),.PIECEWISE_BEZIER_KNOTS.);
#3944=B_SPLINE_CURVE_WITH_KNOTS('',2,(#6872,#6873,#6874),.UNSPECIFIED.,
 .F.,.F.,(3,3),(0.,1.),.PIECEWISE_BEZIER_KNOTS.);
#3945=B_SPLINE_CURVE_WITH_KNOTS('',2,(#6886,#6887,#6888),.UNSPECIFIED.,
 .F.,.F.,(3,3),(0.,1.),.PIECEWISE_BEZIER_KNOTS.);
#3946=B_SPLINE_CURVE_WITH_KNOTS('',2,(#6998,#6999,#7000),.UNSPECIFIED.,
 .F.,.F.,(3,3),(0.,1.),.PIECEWISE_BEZIER_KNOTS.);
#3947=B_SPLINE_CURVE_WITH_KNOTS('',2,(#7033,#7034,#7035),.UNSPECIFIED.,
 .F.,.F.,(3,3),(0.,1.),.PIECEWISE_BEZIER_KNOTS.);
#3948=B_SPLINE_CURVE_WITH_KNOTS('',2,(#7046,#7047,#7048),.UNSPECIFIED.,
 .F.,.F.,(3,3),(0.,1.),.PIECEWISE_BEZIER_KNOTS.);
#3949=B_SPLINE_CURVE_WITH_KNOTS('',2,(#7129,#7130,#7131),.UNSPECIFIED.,
 .F.,.F.,(3,3),(0.,1.),.PIECEWISE_BEZIER_KNOTS.);
#3950=B_SPLINE_CURVE_WITH_KNOTS('',2,(#7135,#7136,#7137),.UNSPECIFIED.,
 .F.,.F.,(3,3),(0.,1.),.PIECEWISE_BEZIER_KNOTS.);
#3951=B_SPLINE_CURVE_WITH_KNOTS('',2,(#7146,#7147,#7148),.UNSPECIFIED.,
 .F.,.F.,(3,3),(0.,1.),.PIECEWISE_BEZIER_KNOTS.);
#3952=B_SPLINE_CURVE_WITH_KNOTS('',2,(#7152,#7153,#7154),.UNSPECIFIED.,
 .F.,.F.,(3,3),(0.,1.),.PIECEWISE_BEZIER_KNOTS.);
#3953=B_SPLINE_CURVE_WITH_KNOTS('',2,(#7163,#7164,#7165),.UNSPECIFIED.,
 .F.,.F.,(3,3),(0.,1.),.PIECEWISE_BEZIER_KNOTS.);
#3954=B_SPLINE_CURVE_WITH_KNOTS('',2,(#7169,#7170,#7171),.UNSPECIFIED.,
 .F.,.F.,(3,3),(0.,1.),.PIECEWISE_BEZIER_KNOTS.);
#3955=B_SPLINE_CURVE_WITH_KNOTS('',2,(#7180,#7181,#7182),.UNSPECIFIED.,
 .F.,.F.,(3,3),(0.,1.),.PIECEWISE_BEZIER_KNOTS.);
#3956=B_SPLINE_CURVE_WITH_KNOTS('',2,(#7186,#7187,#7188),.UNSPECIFIED.,
 .F.,.F.,(3,3),(0.,1.),.PIECEWISE_BEZIER_KNOTS.);
#3957=B_SPLINE_CURVE_WITH_KNOTS('',2,(#7205,#7206,#7207),.UNSPECIFIED.,
 .F.,.F.,(3,3),(0.,1.),.PIECEWISE_BEZIER_KNOTS.);
#3958=B_SPLINE_CURVE_WITH_KNOTS('',2,(#7220,#7221,#7222),.UNSPECIFIED.,
 .F.,.F.,(3,3),(0.,1.),.PIECEWISE_BEZIER_KNOTS.);
#3959=B_SPLINE_CURVE_WITH_KNOTS('',2,(#7233,#7234,#7235),.UNSPECIFIED.,
 .F.,.F.,(3,3),(0.,1.),.PIECEWISE_BEZIER_KNOTS.);
#3960=B_SPLINE_CURVE_WITH_KNOTS('',2,(#7266,#7267,#7268),.UNSPECIFIED.,
 .F.,.F.,(3,3),(0.,1.),.PIECEWISE_BEZIER_KNOTS.);
#3961=B_SPLINE_CURVE_WITH_KNOTS('',2,(#7287,#7288,#7289),.UNSPECIFIED.,
 .F.,.F.,(3,3),(0.,1.),.PIECEWISE_BEZIER_KNOTS.);
#3962=B_SPLINE_CURVE_WITH_KNOTS('',2,(#7316,#7317,#7318),.UNSPECIFIED.,
 .F.,.F.,(3,3),(0.,1.),.PIECEWISE_BEZIER_KNOTS.);
#3963=B_SPLINE_CURVE_WITH_KNOTS('',2,(#7329,#7330,#7331),.UNSPECIFIED.,
 .F.,.F.,(3,3),(0.,1.),.PIECEWISE_BEZIER_KNOTS.);
#3964=B_SPLINE_CURVE_WITH_KNOTS('',2,(#7342,#7343,#7344),.UNSPECIFIED.,
 .F.,.F.,(3,3),(0.,1.),.PIECEWISE_BEZIER_KNOTS.);
#3965=B_SPLINE_CURVE_WITH_KNOTS('',2,(#7355,#7356,#7357),.UNSPECIFIED.,
 .F.,.F.,(3,3),(0.,1.),.PIECEWISE_BEZIER_KNOTS.);
#3966=B_SPLINE_CURVE_WITH_KNOTS('',2,(#7368,#7369,#7370),.UNSPECIFIED.,
 .F.,.F.,(3,3),(0.,1.),.PIECEWISE_BEZIER_KNOTS.);
#3967=B_SPLINE_CURVE_WITH_KNOTS('',2,(#7385,#7386,#7387),.UNSPECIFIED.,
 .F.,.F.,(3,3),(0.,1.),.PIECEWISE_BEZIER_KNOTS.);
#3968=B_SPLINE_CURVE_WITH_KNOTS('',2,(#7396,#7397,#7398),.UNSPECIFIED.,
 .F.,.F.,(3,3),(0.,1.),.PIECEWISE_BEZIER_KNOTS.);
#3969=B_SPLINE_CURVE_WITH_KNOTS('',2,(#7411,#7412,#7413),.UNSPECIFIED.,
 .F.,.F.,(3,3),(0.,1.),.PIECEWISE_BEZIER_KNOTS.);
#3970=B_SPLINE_CURVE_WITH_KNOTS('',2,(#7418,#7419,#7420),.UNSPECIFIED.,
 .F.,.F.,(3,3),(0.,1.),.PIECEWISE_BEZIER_KNOTS.);
#3971=B_SPLINE_CURVE_WITH_KNOTS('',2,(#7431,#7432,#7433),.UNSPECIFIED.,
 .F.,.F.,(3,3),(0.,1.),.PIECEWISE_BEZIER_KNOTS.);
#3972=B_SPLINE_CURVE_WITH_KNOTS('',2,(#7437,#7438,#7439),.UNSPECIFIED.,
 .F.,.F.,(3,3),(0.,1.),.PIECEWISE_BEZIER_KNOTS.);
#3973=B_SPLINE_CURVE_WITH_KNOTS('',2,(#7472,#7473,#7474),.UNSPECIFIED.,
 .F.,.F.,(3,3),(0.,1.),.PIECEWISE_BEZIER_KNOTS.);
#3974=B_SPLINE_CURVE_WITH_KNOTS('',2,(#7478,#7479,#7480),.UNSPECIFIED.,
 .F.,.F.,(3,3),(0.,1.),.PIECEWISE_BEZIER_KNOTS.);
#3975=B_SPLINE_CURVE_WITH_KNOTS('',2,(#7489,#7490,#7491),.UNSPECIFIED.,
 .F.,.F.,(3,3),(0.,1.),.PIECEWISE_BEZIER_KNOTS.);
#3976=B_SPLINE_CURVE_WITH_KNOTS('',2,(#7495,#7496,#7497),.UNSPECIFIED.,
 .F.,.F.,(3,3),(0.,1.),.PIECEWISE_BEZIER_KNOTS.);
#3977=B_SPLINE_CURVE_WITH_KNOTS('',2,(#7506,#7507,#7508),.UNSPECIFIED.,
 .F.,.F.,(3,3),(0.,1.),.PIECEWISE_BEZIER_KNOTS.);
#3978=B_SPLINE_CURVE_WITH_KNOTS('',2,(#7512,#7513,#7514),.UNSPECIFIED.,
 .F.,.F.,(3,3),(0.,1.),.PIECEWISE_BEZIER_KNOTS.);
#3979=B_SPLINE_CURVE_WITH_KNOTS('',2,(#7549,#7550,#7551),.UNSPECIFIED.,
 .F.,.F.,(3,3),(0.,1.),.PIECEWISE_BEZIER_KNOTS.);
#3980=B_SPLINE_CURVE_WITH_KNOTS('',2,(#7564,#7565,#7566),.UNSPECIFIED.,
 .F.,.F.,(3,3),(0.,1.),.PIECEWISE_BEZIER_KNOTS.);
#3981=B_SPLINE_CURVE_WITH_KNOTS('',2,(#7577,#7578,#7579),.UNSPECIFIED.,
 .F.,.F.,(3,3),(0.,1.),.PIECEWISE_BEZIER_KNOTS.);
#3982=B_SPLINE_CURVE_WITH_KNOTS('',2,(#7590,#7591,#7592),.UNSPECIFIED.,
 .F.,.F.,(3,3),(0.,1.),.PIECEWISE_BEZIER_KNOTS.);
#3983=B_SPLINE_CURVE_WITH_KNOTS('',2,(#7607,#7608,#7609),.UNSPECIFIED.,
 .F.,.F.,(3,3),(0.,1.),.PIECEWISE_BEZIER_KNOTS.);
#3984=B_SPLINE_CURVE_WITH_KNOTS('',2,(#7620,#7621,#7622),.UNSPECIFIED.,
 .F.,.F.,(3,3),(0.,1.),.PIECEWISE_BEZIER_KNOTS.);
#3985=B_SPLINE_CURVE_WITH_KNOTS('',2,(#7633,#7634,#7635),.UNSPECIFIED.,
 .F.,.F.,(3,3),(0.,1.),.PIECEWISE_BEZIER_KNOTS.);
#3986=B_SPLINE_CURVE_WITH_KNOTS('',2,(#7646,#7647,#7648),.UNSPECIFIED.,
 .F.,.F.,(3,3),(0.,1.),.PIECEWISE_BEZIER_KNOTS.);
#3987=B_SPLINE_CURVE_WITH_KNOTS('',2,(#7659,#7660,#7661),.UNSPECIFIED.,
 .F.,.F.,(3,3),(0.,1.),.PIECEWISE_BEZIER_KNOTS.);
#3988=B_SPLINE_CURVE_WITH_KNOTS('',2,(#7672,#7673,#7674),.UNSPECIFIED.,
 .F.,.F.,(3,3),(0.,1.),.PIECEWISE_BEZIER_KNOTS.);
#3989=B_SPLINE_CURVE_WITH_KNOTS('',2,(#7689,#7690,#7691),.UNSPECIFIED.,
 .F.,.F.,(3,3),(0.,1.),.PIECEWISE_BEZIER_KNOTS.);
#3990=B_SPLINE_CURVE_WITH_KNOTS('',2,(#7702,#7703,#7704),.UNSPECIFIED.,
 .F.,.F.,(3,3),(0.,1.),.PIECEWISE_BEZIER_KNOTS.);
#3991=B_SPLINE_CURVE_WITH_KNOTS('',2,(#7705,#7706,#7707),.UNSPECIFIED.,
 .F.,.F.,(3,3),(0.,1.),.PIECEWISE_BEZIER_KNOTS.);
#3992=B_SPLINE_CURVE_WITH_KNOTS('',2,(#7717,#7718,#7719),.UNSPECIFIED.,
 .F.,.F.,(3,3),(0.,1.),.PIECEWISE_BEZIER_KNOTS.);
#3993=B_SPLINE_CURVE_WITH_KNOTS('',2,(#7724,#7725,#7726),.UNSPECIFIED.,
 .F.,.F.,(3,3),(0.,1.),.PIECEWISE_BEZIER_KNOTS.);
#3994=B_SPLINE_CURVE_WITH_KNOTS('',2,(#7737,#7738,#7739),.UNSPECIFIED.,
 .F.,.F.,(3,3),(0.,1.),.PIECEWISE_BEZIER_KNOTS.);
#3995=B_SPLINE_CURVE_WITH_KNOTS('',2,(#7743,#7744,#7745),.UNSPECIFIED.,
 .F.,.F.,(3,3),(0.,1.),.PIECEWISE_BEZIER_KNOTS.);
#3996=B_SPLINE_CURVE_WITH_KNOTS('',2,(#7778,#7779,#7780),.UNSPECIFIED.,
 .F.,.F.,(3,3),(0.,1.),.PIECEWISE_BEZIER_KNOTS.);
#3997=B_SPLINE_CURVE_WITH_KNOTS('',2,(#7784,#7785,#7786),.UNSPECIFIED.,
 .F.,.F.,(3,3),(0.,1.),.PIECEWISE_BEZIER_KNOTS.);
#3998=B_SPLINE_CURVE_WITH_KNOTS('',2,(#7795,#7796,#7797),.UNSPECIFIED.,
 .F.,.F.,(3,3),(0.,1.),.PIECEWISE_BEZIER_KNOTS.);
#3999=B_SPLINE_CURVE_WITH_KNOTS('',2,(#7801,#7802,#7803),.UNSPECIFIED.,
 .F.,.F.,(3,3),(0.,1.),.PIECEWISE_BEZIER_KNOTS.);
#4000=B_SPLINE_CURVE_WITH_KNOTS('',2,(#7812,#7813,#7814),.UNSPECIFIED.,
 .F.,.F.,(3,3),(0.,1.),.PIECEWISE_BEZIER_KNOTS.);
#4001=B_SPLINE_CURVE_WITH_KNOTS('',2,(#7818,#7819,#7820),.UNSPECIFIED.,
 .F.,.F.,(3,3),(0.,1.),.PIECEWISE_BEZIER_KNOTS.);
#4002=B_SPLINE_CURVE_WITH_KNOTS('',2,(#7855,#7856,#7857),.UNSPECIFIED.,
 .F.,.F.,(3,3),(0.,1.),.PIECEWISE_BEZIER_KNOTS.);
#4003=B_SPLINE_CURVE_WITH_KNOTS('',2,(#7870,#7871,#7872),.UNSPECIFIED.,
 .F.,.F.,(3,3),(0.,1.),.PIECEWISE_BEZIER_KNOTS.);
#4004=B_SPLINE_CURVE_WITH_KNOTS('',2,(#7883,#7884,#7885),.UNSPECIFIED.,
 .F.,.F.,(3,3),(0.,1.),.PIECEWISE_BEZIER_KNOTS.);
#4005=B_SPLINE_CURVE_WITH_KNOTS('',2,(#7896,#7897,#7898),.UNSPECIFIED.,
 .F.,.F.,(3,3),(0.,1.),.PIECEWISE_BEZIER_KNOTS.);
#4006=B_SPLINE_CURVE_WITH_KNOTS('',2,(#7913,#7914,#7915),.UNSPECIFIED.,
 .F.,.F.,(3,3),(0.,1.),.PIECEWISE_BEZIER_KNOTS.);
#4007=B_SPLINE_CURVE_WITH_KNOTS('',2,(#7926,#7927,#7928),.UNSPECIFIED.,
 .F.,.F.,(3,3),(0.,1.),.PIECEWISE_BEZIER_KNOTS.);
#4008=B_SPLINE_CURVE_WITH_KNOTS('',2,(#7939,#7940,#7941),.UNSPECIFIED.,
 .F.,.F.,(3,3),(0.,1.),.PIECEWISE_BEZIER_KNOTS.);
#4009=B_SPLINE_CURVE_WITH_KNOTS('',2,(#7952,#7953,#7954),.UNSPECIFIED.,
 .F.,.F.,(3,3),(0.,1.),.PIECEWISE_BEZIER_KNOTS.);
#4010=B_SPLINE_CURVE_WITH_KNOTS('',2,(#7965,#7966,#7967),.UNSPECIFIED.,
 .F.,.F.,(3,3),(0.,1.),.PIECEWISE_BEZIER_KNOTS.);
#4011=B_SPLINE_CURVE_WITH_KNOTS('',2,(#7978,#7979,#7980),.UNSPECIFIED.,
 .F.,.F.,(3,3),(0.,1.),.PIECEWISE_BEZIER_KNOTS.);
#4012=B_SPLINE_CURVE_WITH_KNOTS('',2,(#7995,#7996,#7997),.UNSPECIFIED.,
 .F.,.F.,(3,3),(0.,1.),.PIECEWISE_BEZIER_KNOTS.);
#4013=B_SPLINE_CURVE_WITH_KNOTS('',2,(#8008,#8009,#8010),.UNSPECIFIED.,
 .F.,.F.,(3,3),(0.,1.),.PIECEWISE_BEZIER_KNOTS.);
#4014=B_SPLINE_CURVE_WITH_KNOTS('',2,(#8011,#8012,#8013),.UNSPECIFIED.,
 .F.,.F.,(3,3),(0.,1.),.PIECEWISE_BEZIER_KNOTS.);
#4015=B_SPLINE_CURVE_WITH_KNOTS('',2,(#8090,#8091,#8092),.UNSPECIFIED.,
 .F.,.F.,(3,3),(0.,1.),.PIECEWISE_BEZIER_KNOTS.);
#4016=B_SPLINE_CURVE_WITH_KNOTS('',2,(#8131,#8132,#8133),.UNSPECIFIED.,
 .F.,.F.,(3,3),(0.,1.),.PIECEWISE_BEZIER_KNOTS.);
#4017=B_SPLINE_CURVE_WITH_KNOTS('',2,(#8151,#8152,#8153),.UNSPECIFIED.,
 .F.,.F.,(3,3),(0.,1.),.PIECEWISE_BEZIER_KNOTS.);
#4018=B_SPLINE_CURVE_WITH_KNOTS('',2,(#8166,#8167,#8168),.UNSPECIFIED.,
 .F.,.F.,(3,3),(0.,1.),.PIECEWISE_BEZIER_KNOTS.);
#4019=B_SPLINE_CURVE_WITH_KNOTS('',2,(#8183,#8184,#8185),.UNSPECIFIED.,
 .F.,.F.,(3,3),(0.,1.),.PIECEWISE_BEZIER_KNOTS.);
#4020=B_SPLINE_CURVE_WITH_KNOTS('',2,(#8212,#8213,#8214),.UNSPECIFIED.,
 .F.,.F.,(3,3),(0.,1.),.PIECEWISE_BEZIER_KNOTS.);
#4021=B_SPLINE_CURVE_WITH_KNOTS('',2,(#8225,#8226,#8227),.UNSPECIFIED.,
 .F.,.F.,(3,3),(0.,1.),.PIECEWISE_BEZIER_KNOTS.);
#4022=B_SPLINE_CURVE_WITH_KNOTS('',2,(#8238,#8239,#8240),.UNSPECIFIED.,
 .F.,.F.,(3,3),(0.,1.),.PIECEWISE_BEZIER_KNOTS.);
#4023=B_SPLINE_CURVE_WITH_KNOTS('',2,(#8251,#8252,#8253),.UNSPECIFIED.,
 .F.,.F.,(3,3),(0.,1.),.PIECEWISE_BEZIER_KNOTS.);
#4024=B_SPLINE_CURVE_WITH_KNOTS('',2,(#8264,#8265,#8266),.UNSPECIFIED.,
 .F.,.F.,(3,3),(0.,1.),.PIECEWISE_BEZIER_KNOTS.);
#4025=B_SPLINE_CURVE_WITH_KNOTS('',2,(#8285,#8286,#8287),.UNSPECIFIED.,
 .F.,.F.,(3,3),(0.,1.),.PIECEWISE_BEZIER_KNOTS.);
#4026=B_SPLINE_CURVE_WITH_KNOTS('',2,(#8298,#8299,#8300),.UNSPECIFIED.,
 .F.,.F.,(3,3),(0.,1.),.PIECEWISE_BEZIER_KNOTS.);
#4027=B_SPLINE_CURVE_WITH_KNOTS('',2,(#8311,#8312,#8313),.UNSPECIFIED.,
 .F.,.F.,(3,3),(0.,1.),.PIECEWISE_BEZIER_KNOTS.);
#4028=B_SPLINE_CURVE_WITH_KNOTS('',2,(#8324,#8325,#8326),.UNSPECIFIED.,
 .F.,.F.,(3,3),(0.,1.),.PIECEWISE_BEZIER_KNOTS.);
#4029=B_SPLINE_CURVE_WITH_KNOTS('',2,(#8353,#8354,#8355),.UNSPECIFIED.,
 .F.,.F.,(3,3),(0.,1.),.PIECEWISE_BEZIER_KNOTS.);
#4030=B_SPLINE_CURVE_WITH_KNOTS('',2,(#8370,#8371,#8372),.UNSPECIFIED.,
 .F.,.F.,(3,3),(0.,1.),.PIECEWISE_BEZIER_KNOTS.);
#4031=B_SPLINE_CURVE_WITH_KNOTS('',2,(#8383,#8384,#8385),.UNSPECIFIED.,
 .F.,.F.,(3,3),(0.,1.),.PIECEWISE_BEZIER_KNOTS.);
#4032=B_SPLINE_CURVE_WITH_KNOTS('',2,(#8396,#8397,#8398),.UNSPECIFIED.,
 .F.,.F.,(3,3),(0.,1.),.PIECEWISE_BEZIER_KNOTS.);
#4033=B_SPLINE_CURVE_WITH_KNOTS('',2,(#8409,#8410,#8411),.UNSPECIFIED.,
 .F.,.F.,(3,3),(0.,1.),.PIECEWISE_BEZIER_KNOTS.);
#4034=B_SPLINE_CURVE_WITH_KNOTS('',2,(#8428,#8429,#8430),.UNSPECIFIED.,
 .F.,.F.,(3,3),(0.,1.),.PIECEWISE_BEZIER_KNOTS.);
#4035=B_SPLINE_CURVE_WITH_KNOTS('',2,(#8442,#8443,#8444),.UNSPECIFIED.,
 .F.,.F.,(3,3),(0.,1.),.PIECEWISE_BEZIER_KNOTS.);
#4036=B_SPLINE_CURVE_WITH_KNOTS('',2,(#8465,#8466,#8467),.UNSPECIFIED.,
 .F.,.F.,(3,3),(0.,1.),.PIECEWISE_BEZIER_KNOTS.);
#4037=B_SPLINE_CURVE_WITH_KNOTS('',2,(#8526,#8527,#8528),.UNSPECIFIED.,
 .F.,.F.,(3,3),(0.,1.),.PIECEWISE_BEZIER_KNOTS.);
#4038=B_SPLINE_CURVE_WITH_KNOTS('',2,(#8539,#8540,#8541),.UNSPECIFIED.,
 .F.,.F.,(3,3),(0.,1.),.PIECEWISE_BEZIER_KNOTS.);
#4039=B_SPLINE_CURVE_WITH_KNOTS('',2,(#8560,#8561,#8562),.UNSPECIFIED.,
 .F.,.F.,(3,3),(0.,1.),.PIECEWISE_BEZIER_KNOTS.);
#4040=B_SPLINE_CURVE_WITH_KNOTS('',2,(#8573,#8574,#8575),.UNSPECIFIED.,
 .F.,.F.,(3,3),(0.,1.),.PIECEWISE_BEZIER_KNOTS.);
#4041=B_SPLINE_CURVE_WITH_KNOTS('',2,(#8602,#8603,#8604),.UNSPECIFIED.,
 .F.,.F.,(3,3),(0.,1.),.PIECEWISE_BEZIER_KNOTS.);
#4042=B_SPLINE_CURVE_WITH_KNOTS('',2,(#8615,#8616,#8617),.UNSPECIFIED.,
 .F.,.F.,(3,3),(0.,1.),.PIECEWISE_BEZIER_KNOTS.);
#4043=B_SPLINE_CURVE_WITH_KNOTS('',2,(#8628,#8629,#8630),.UNSPECIFIED.,
 .F.,.F.,(3,3),(0.,1.),.PIECEWISE_BEZIER_KNOTS.);
#4044=B_SPLINE_CURVE_WITH_KNOTS('',2,(#8641,#8642,#8643),.UNSPECIFIED.,
 .F.,.F.,(3,3),(0.,1.),.PIECEWISE_BEZIER_KNOTS.);
#4045=B_SPLINE_CURVE_WITH_KNOTS('',2,(#8656,#8657,#8658),.UNSPECIFIED.,
 .F.,.F.,(3,3),(0.,1.),.PIECEWISE_BEZIER_KNOTS.);
#4046=B_SPLINE_CURVE_WITH_KNOTS('',2,(#8696,#8697,#8698),.UNSPECIFIED.,
 .F.,.F.,(3,3),(0.,1.),.PIECEWISE_BEZIER_KNOTS.);
#4047=B_SPLINE_CURVE_WITH_KNOTS('',2,(#8729,#8730,#8731),.UNSPECIFIED.,
 .F.,.F.,(3,3),(0.,1.),.PIECEWISE_BEZIER_KNOTS.);
#4048=B_SPLINE_CURVE_WITH_KNOTS('',2,(#8742,#8743,#8744),.UNSPECIFIED.,
 .F.,.F.,(3,3),(0.,1.),.PIECEWISE_BEZIER_KNOTS.);
#4049=B_SPLINE_CURVE_WITH_KNOTS('',2,(#8767,#8768,#8769),.UNSPECIFIED.,
 .F.,.F.,(3,3),(0.,1.),.PIECEWISE_BEZIER_KNOTS.);
#4050=B_SPLINE_CURVE_WITH_KNOTS('',2,(#8792,#8793,#8794),.UNSPECIFIED.,
 .F.,.F.,(3,3),(0.,1.),.PIECEWISE_BEZIER_KNOTS.);
#4051=B_SPLINE_CURVE_WITH_KNOTS('',2,(#8805,#8806,#8807),.UNSPECIFIED.,
 .F.,.F.,(3,3),(0.,1.),.PIECEWISE_BEZIER_KNOTS.);
#4052=EDGE_LOOP('',(#1155,#1156,#1157,#1158,#1159,#1160,#1161,#1162,#1163,
#1164,#1165,#1166,#1167,#1168,#1169,#1170,#1171,#1172,#1173,#1174,#1175,
#1176,#1177,#1178,#1179,#1180,#1181,#1182,#1183,#1184,#1185,#1186));
#4053=EDGE_LOOP('',(#1187,#1188,#1189,#1190,#1191,#1192,#1193,#1194,#1195,
#1196,#1197,#1198,#1199,#1200));
#4054=EDGE_LOOP('',(#1201,#1202,#1203,#1204,#1205,#1206,#1207,#1208,#1209,
#1210,#1211,#1212,#1213,#1214));
#4055=EDGE_LOOP('',(#1215,#1216,#1217,#1218,#1219,#1220,#1221,#1222,#1223,
#1224,#1225,#1226,#1227,#1228,#1229,#1230,#1231,#1232,#1233,#1234,#1235,
#1236,#1237,#1238));
#4056=EDGE_LOOP('',(#1239,#1240,#1241,#1242));
#4057=EDGE_LOOP('',(#1243,#1244,#1245,#1246));
#4058=EDGE_LOOP('',(#1247,#1248,#1249,#1250,#1251,#1252,#1253,#1254));
#4059=EDGE_LOOP('',(#1255,#1256,#1257,#1258,#1259,#1260,#1261,#1262,#1263,
#1264,#1265,#1266,#1267,#1268,#1269,#1270,#1271,#1272,#1273,#1274,#1275));
#4060=EDGE_LOOP('',(#1276,#1277,#1278,#1279,#1280,#1281,#1282,#1283,#1284,
#1285,#1286,#1287,#1288,#1289));
#4061=EDGE_LOOP('',(#1290,#1291,#1292,#1293,#1294,#1295,#1296,#1297));
#4062=EDGE_LOOP('',(#1298,#1299,#1300,#1301,#1302,#1303,#1304,#1305,#1306,
#1307,#1308,#1309,#1310,#1311,#1312,#1313,#1314,#1315,#1316,#1317,#1318,
#1319,#1320,#1321,#1322,#1323,#1324,#1325,#1326,#1327,#1328,#1329));
#4063=EDGE_LOOP('',(#1330,#1331,#1332,#1333,#1334,#1335,#1336,#1337,#1338,
#1339,#1340,#1341,#1342,#1343,#1344,#1345,#1346,#1347,#1348,#1349,#1350,
#1351,#1352,#1353,#1354,#1355,#1356,#1357));
#4064=EDGE_LOOP('',(#1358,#1359,#1360,#1361,#1362,#1363,#1364,#1365));
#4065=EDGE_LOOP('',(#1366,#1367,#1368,#1369,#1370,#1371));
#4066=EDGE_LOOP('',(#1372,#1373,#1374,#1375));
#4067=EDGE_LOOP('',(#1376,#1377,#1378,#1379,#1380,#1381));
#4068=EDGE_LOOP('',(#1382,#1383,#1384,#1385));
#4069=EDGE_LOOP('',(#1386,#1387,#1388,#1389));
#4070=EDGE_LOOP('',(#1390,#1391,#1392,#1393));
#4071=EDGE_LOOP('',(#1394,#1395,#1396,#1397));
#4072=EDGE_LOOP('',(#1398,#1399,#1400,#1401));
#4073=EDGE_LOOP('',(#1402,#1403,#1404,#1405,#1406,#1407));
#4074=EDGE_LOOP('',(#1408,#1409,#1410,#1411));
#4075=EDGE_LOOP('',(#1412,#1413,#1414,#1415));
#4076=EDGE_LOOP('',(#1416,#1417,#1418,#1419));
#4077=EDGE_LOOP('',(#1420,#1421,#1422,#1423));
#4078=EDGE_LOOP('',(#1424,#1425,#1426,#1427));
#4079=EDGE_LOOP('',(#1428,#1429,#1430,#1431));
#4080=EDGE_LOOP('',(#1432,#1433,#1434,#1435));
#4081=EDGE_LOOP('',(#1436,#1437,#1438,#1439));
#4082=EDGE_LOOP('',(#1440,#1441,#1442,#1443));
#4083=EDGE_LOOP('',(#1444,#1445,#1446,#1447));
#4084=EDGE_LOOP('',(#1448,#1449,#1450,#1451));
#4085=EDGE_LOOP('',(#1452,#1453,#1454,#1455,#1456,#1457));
#4086=EDGE_LOOP('',(#1458,#1459,#1460,#1461));
#4087=EDGE_LOOP('',(#1462,#1463,#1464,#1465));
#4088=EDGE_LOOP('',(#1466,#1467,#1468,#1469));
#4089=EDGE_LOOP('',(#1470,#1471,#1472,#1473));
#4090=EDGE_LOOP('',(#1474,#1475,#1476,#1477));
#4091=EDGE_LOOP('',(#1478,#1479,#1480,#1481));
#4092=EDGE_LOOP('',(#1482,#1483,#1484,#1485));
#4093=EDGE_LOOP('',(#1486,#1487,#1488,#1489));
#4094=EDGE_LOOP('',(#1490,#1491,#1492,#1493));
#4095=EDGE_LOOP('',(#1494,#1495,#1496,#1497));
#4096=EDGE_LOOP('',(#1498,#1499,#1500,#1501));
#4097=EDGE_LOOP('',(#1502,#1503,#1504,#1505));
#4098=EDGE_LOOP('',(#1506,#1507,#1508,#1509));
#4099=EDGE_LOOP('',(#1510,#1511,#1512,#1513));
#4100=EDGE_LOOP('',(#1514,#1515,#1516,#1517));
#4101=EDGE_LOOP('',(#1518,#1519,#1520,#1521));
#4102=EDGE_LOOP('',(#1522,#1523,#1524,#1525));
#4103=EDGE_LOOP('',(#1526,#1527,#1528,#1529));
#4104=EDGE_LOOP('',(#1530,#1531,#1532,#1533));
#4105=EDGE_LOOP('',(#1534,#1535,#1536,#1537));
#4106=EDGE_LOOP('',(#1538,#1539,#1540,#1541));
#4107=EDGE_LOOP('',(#1542,#1543,#1544,#1545));
#4108=EDGE_LOOP('',(#1546,#1547,#1548,#1549,#1550,#1551,#1552,#1553,#1554,
#1555,#1556,#1557,#1558,#1559,#1560,#1561,#1562,#1563,#1564,#1565,#1566));
#4109=EDGE_LOOP('',(#1567,#1568,#1569,#1570));
#4110=EDGE_LOOP('',(#1571,#1572,#1573,#1574));
#4111=EDGE_LOOP('',(#1575,#1576,#1577,#1578));
#4112=EDGE_LOOP('',(#1579,#1580,#1581,#1582));
#4113=EDGE_LOOP('',(#1583,#1584,#1585,#1586));
#4114=EDGE_LOOP('',(#1587,#1588,#1589,#1590));
#4115=EDGE_LOOP('',(#1591,#1592,#1593,#1594));
#4116=EDGE_LOOP('',(#1595,#1596,#1597,#1598));
#4117=EDGE_LOOP('',(#1599,#1600,#1601,#1602));
#4118=EDGE_LOOP('',(#1603,#1604,#1605,#1606));
#4119=EDGE_LOOP('',(#1607,#1608,#1609,#1610));
#4120=EDGE_LOOP('',(#1611,#1612,#1613,#1614));
#4121=EDGE_LOOP('',(#1615,#1616,#1617,#1618));
#4122=EDGE_LOOP('',(#1619,#1620,#1621,#1622));
#4123=EDGE_LOOP('',(#1623,#1624,#1625,#1626));
#4124=EDGE_LOOP('',(#1627,#1628,#1629,#1630));
#4125=EDGE_LOOP('',(#1631,#1632,#1633,#1634));
#4126=EDGE_LOOP('',(#1635,#1636,#1637,#1638));
#4127=EDGE_LOOP('',(#1639,#1640,#1641,#1642));
#4128=EDGE_LOOP('',(#1643,#1644,#1645,#1646));
#4129=EDGE_LOOP('',(#1647,#1648,#1649,#1650));
#4130=EDGE_LOOP('',(#1651,#1652,#1653,#1654));
#4131=EDGE_LOOP('',(#1655,#1656,#1657,#1658));
#4132=EDGE_LOOP('',(#1659,#1660,#1661,#1662));
#4133=EDGE_LOOP('',(#1663,#1664,#1665,#1666));
#4134=EDGE_LOOP('',(#1667,#1668,#1669,#1670));
#4135=EDGE_LOOP('',(#1671,#1672,#1673,#1674));
#4136=EDGE_LOOP('',(#1675,#1676,#1677,#1678));
#4137=EDGE_LOOP('',(#1679,#1680,#1681,#1682));
#4138=EDGE_LOOP('',(#1683,#1684,#1685,#1686));
#4139=EDGE_LOOP('',(#1687,#1688,#1689,#1690));
#4140=EDGE_LOOP('',(#1691,#1692,#1693,#1694));
#4141=EDGE_LOOP('',(#1695,#1696,#1697,#1698));
#4142=EDGE_LOOP('',(#1699,#1700,#1701,#1702,#1703,#1704,#1705,#1706,#1707,
#1708,#1709,#1710,#1711,#1712,#1713,#1714,#1715,#1716,#1717,#1718,#1719,
#1720,#1721,#1722));
#4143=EDGE_LOOP('',(#1723,#1724,#1725,#1726,#1727,#1728,#1729,#1730,#1731));
#4144=EDGE_LOOP('',(#1732,#1733,#1734,#1735));
#4145=EDGE_LOOP('',(#1736,#1737,#1738,#1739));
#4146=EDGE_LOOP('',(#1740,#1741,#1742,#1743));
#4147=EDGE_LOOP('',(#1744,#1745,#1746,#1747));
#4148=EDGE_LOOP('',(#1748,#1749,#1750,#1751));
#4149=EDGE_LOOP('',(#1752,#1753,#1754,#1755));
#4150=EDGE_LOOP('',(#1756,#1757,#1758,#1759));
#4151=EDGE_LOOP('',(#1760,#1761,#1762,#1763));
#4152=EDGE_LOOP('',(#1764,#1765,#1766,#1767));
#4153=EDGE_LOOP('',(#1768,#1769,#1770,#1771));
#4154=EDGE_LOOP('',(#1772,#1773,#1774,#1775));
#4155=EDGE_LOOP('',(#1776,#1777,#1778,#1779));
#4156=EDGE_LOOP('',(#1780,#1781,#1782,#1783));
#4157=EDGE_LOOP('',(#1784,#1785,#1786,#1787));
#4158=EDGE_LOOP('',(#1788,#1789,#1790,#1791));
#4159=EDGE_LOOP('',(#1792,#1793,#1794,#1795));
#4160=EDGE_LOOP('',(#1796,#1797,#1798,#1799));
#4161=EDGE_LOOP('',(#1800,#1801,#1802,#1803));
#4162=EDGE_LOOP('',(#1804,#1805,#1806,#1807));
#4163=EDGE_LOOP('',(#1808,#1809,#1810,#1811));
#4164=EDGE_LOOP('',(#1812,#1813,#1814,#1815));
#4165=EDGE_LOOP('',(#1816,#1817,#1818,#1819));
#4166=EDGE_LOOP('',(#1820,#1821,#1822,#1823));
#4167=EDGE_LOOP('',(#1824,#1825,#1826,#1827));
#4168=EDGE_LOOP('',(#1828,#1829,#1830,#1831));
#4169=EDGE_LOOP('',(#1832,#1833,#1834,#1835));
#4170=EDGE_LOOP('',(#1836,#1837,#1838,#1839));
#4171=EDGE_LOOP('',(#1840,#1841,#1842,#1843));
#4172=EDGE_LOOP('',(#1844,#1845,#1846,#1847,#1848,#1849,#1850,#1851,#1852,
#1853,#1854,#1855,#1856,#1857));
#4173=EDGE_LOOP('',(#1858,#1859,#1860,#1861,#1862,#1863,#1864,#1865,#1866,
#1867,#1868,#1869,#1870,#1871));
#4174=EDGE_LOOP('',(#1872,#1873,#1874,#1875));
#4175=EDGE_LOOP('',(#1876,#1877,#1878,#1879));
#4176=EDGE_LOOP('',(#1880,#1881,#1882,#1883));
#4177=EDGE_LOOP('',(#1884,#1885,#1886,#1887));
#4178=EDGE_LOOP('',(#1888,#1889,#1890,#1891));
#4179=EDGE_LOOP('',(#1892,#1893,#1894,#1895));
#4180=EDGE_LOOP('',(#1896,#1897,#1898,#1899));
#4181=EDGE_LOOP('',(#1900,#1901,#1902,#1903));
#4182=EDGE_LOOP('',(#1904,#1905,#1906,#1907));
#4183=EDGE_LOOP('',(#1908,#1909,#1910,#1911));
#4184=EDGE_LOOP('',(#1912,#1913,#1914,#1915));
#4185=EDGE_LOOP('',(#1916,#1917,#1918,#1919));
#4186=EDGE_LOOP('',(#1920,#1921,#1922,#1923));
#4187=EDGE_LOOP('',(#1924,#1925,#1926,#1927));
#4188=EDGE_LOOP('',(#1928,#1929,#1930,#1931));
#4189=EDGE_LOOP('',(#1932,#1933,#1934,#1935));
#4190=EDGE_LOOP('',(#1936,#1937,#1938,#1939));
#4191=EDGE_LOOP('',(#1940,#1941,#1942,#1943));
#4192=EDGE_LOOP('',(#1944,#1945,#1946,#1947));
#4193=EDGE_LOOP('',(#1948,#1949,#1950,#1951));
#4194=EDGE_LOOP('',(#1952,#1953,#1954,#1955));
#4195=EDGE_LOOP('',(#1956,#1957,#1958,#1959));
#4196=EDGE_LOOP('',(#1960,#1961,#1962,#1963));
#4197=EDGE_LOOP('',(#1964,#1965,#1966,#1967));
#4198=EDGE_LOOP('',(#1968,#1969,#1970,#1971));
#4199=EDGE_LOOP('',(#1972,#1973,#1974,#1975));
#4200=EDGE_LOOP('',(#1976,#1977,#1978,#1979));
#4201=EDGE_LOOP('',(#1980,#1981,#1982,#1983));
#4202=EDGE_LOOP('',(#1984,#1985,#1986,#1987,#1988,#1989,#1990,#1991,#1992,
#1993,#1994,#1995,#1996,#1997));
#4203=EDGE_LOOP('',(#1998,#1999,#2000,#2001,#2002,#2003,#2004,#2005,#2006,
#2007,#2008,#2009,#2010,#2011));
#4204=EDGE_LOOP('',(#2012,#2013,#2014,#2015));
#4205=EDGE_LOOP('',(#2016,#2017,#2018,#2019));
#4206=EDGE_LOOP('',(#2020,#2021,#2022,#2023));
#4207=EDGE_LOOP('',(#2024,#2025,#2026,#2027));
#4208=EDGE_LOOP('',(#2028,#2029,#2030,#2031));
#4209=EDGE_LOOP('',(#2032,#2033,#2034,#2035));
#4210=EDGE_LOOP('',(#2036,#2037,#2038,#2039));
#4211=EDGE_LOOP('',(#2040,#2041,#2042,#2043));
#4212=EDGE_LOOP('',(#2044,#2045,#2046,#2047));
#4213=EDGE_LOOP('',(#2048,#2049,#2050,#2051));
#4214=EDGE_LOOP('',(#2052,#2053,#2054,#2055));
#4215=EDGE_LOOP('',(#2056,#2057,#2058,#2059,#2060,#2061,#2062,#2063));
#4216=EDGE_LOOP('',(#2064,#2065,#2066));
#4217=EDGE_LOOP('',(#2067,#2068,#2069,#2070));
#4218=EDGE_LOOP('',(#2071,#2072,#2073,#2074));
#4219=EDGE_LOOP('',(#2075,#2076,#2077,#2078));
#4220=EDGE_LOOP('',(#2079,#2080,#2081,#2082));
#4221=EDGE_LOOP('',(#2083,#2084,#2085,#2086));
#4222=EDGE_LOOP('',(#2087,#2088,#2089,#2090));
#4223=EDGE_LOOP('',(#2091,#2092,#2093,#2094));
#4224=EDGE_LOOP('',(#2095,#2096,#2097,#2098));
#4225=EDGE_LOOP('',(#2099,#2100,#2101,#2102));
#4226=EDGE_LOOP('',(#2103,#2104,#2105,#2106));
#4227=EDGE_LOOP('',(#2107,#2108,#2109,#2110));
#4228=EDGE_LOOP('',(#2111,#2112,#2113,#2114));
#4229=EDGE_LOOP('',(#2115,#2116,#2117,#2118));
#4230=EDGE_LOOP('',(#2119,#2120,#2121,#2122));
#4231=EDGE_LOOP('',(#2123,#2124,#2125,#2126,#2127,#2128,#2129,#2130,#2131,
#2132,#2133,#2134,#2135,#2136));
#4232=EDGE_LOOP('',(#2137,#2138,#2139,#2140));
#4233=EDGE_LOOP('',(#2141,#2142,#2143,#2144));
#4234=EDGE_LOOP('',(#2145,#2146,#2147,#2148));
#4235=EDGE_LOOP('',(#2149,#2150,#2151,#2152));
#4236=EDGE_LOOP('',(#2153,#2154,#2155,#2156));
#4237=EDGE_LOOP('',(#2157,#2158,#2159,#2160));
#4238=EDGE_LOOP('',(#2161,#2162,#2163,#2164));
#4239=EDGE_LOOP('',(#2165,#2166,#2167,#2168));
#4240=EDGE_LOOP('',(#2169,#2170,#2171,#2172));
#4241=EDGE_LOOP('',(#2173,#2174,#2175,#2176));
#4242=EDGE_LOOP('',(#2177,#2178,#2179,#2180));
#4243=EDGE_LOOP('',(#2181,#2182,#2183,#2184));
#4244=EDGE_LOOP('',(#2185,#2186,#2187,#2188));
#4245=EDGE_LOOP('',(#2189,#2190,#2191,#2192));
#4246=EDGE_LOOP('',(#2193,#2194,#2195,#2196));
#4247=EDGE_LOOP('',(#2197,#2198,#2199,#2200));
#4248=EDGE_LOOP('',(#2201,#2202,#2203,#2204));
#4249=EDGE_LOOP('',(#2205,#2206,#2207,#2208));
#4250=EDGE_LOOP('',(#2209,#2210,#2211,#2212));
#4251=EDGE_LOOP('',(#2213,#2214,#2215,#2216));
#4252=EDGE_LOOP('',(#2217,#2218,#2219,#2220));
#4253=EDGE_LOOP('',(#2221,#2222,#2223,#2224));
#4254=EDGE_LOOP('',(#2225,#2226,#2227,#2228));
#4255=EDGE_LOOP('',(#2229,#2230,#2231,#2232));
#4256=EDGE_LOOP('',(#2233,#2234,#2235,#2236));
#4257=EDGE_LOOP('',(#2237,#2238,#2239,#2240));
#4258=EDGE_LOOP('',(#2241,#2242,#2243,#2244));
#4259=EDGE_LOOP('',(#2245,#2246,#2247,#2248));
#4260=EDGE_LOOP('',(#2249,#2250,#2251,#2252));
#4261=EDGE_LOOP('',(#2253,#2254,#2255,#2256));
#4262=EDGE_LOOP('',(#2257,#2258,#2259,#2260));
#4263=EDGE_LOOP('',(#2261,#2262,#2263,#2264));
#4264=EDGE_LOOP('',(#2265,#2266,#2267,#2268,#2269,#2270,#2271,#2272,#2273,
#2274,#2275,#2276,#2277,#2278,#2279,#2280,#2281,#2282,#2283,#2284,#2285,
#2286,#2287,#2288,#2289,#2290,#2291,#2292,#2293,#2294,#2295,#2296));
#4265=EDGE_LOOP('',(#2297,#2298,#2299,#2300));
#4266=EDGE_LOOP('',(#2301,#2302,#2303,#2304));
#4267=EDGE_LOOP('',(#2305,#2306,#2307,#2308));
#4268=EDGE_LOOP('',(#2309,#2310,#2311,#2312));
#4269=EDGE_LOOP('',(#2313,#2314,#2315,#2316));
#4270=EDGE_LOOP('',(#2317,#2318,#2319,#2320));
#4271=EDGE_LOOP('',(#2321,#2322,#2323,#2324));
#4272=EDGE_LOOP('',(#2325,#2326,#2327,#2328));
#4273=EDGE_LOOP('',(#2329,#2330,#2331,#2332));
#4274=EDGE_LOOP('',(#2333,#2334,#2335,#2336));
#4275=EDGE_LOOP('',(#2337,#2338,#2339,#2340));
#4276=EDGE_LOOP('',(#2341,#2342,#2343,#2344));
#4277=EDGE_LOOP('',(#2345,#2346,#2347,#2348));
#4278=EDGE_LOOP('',(#2349,#2350,#2351,#2352));
#4279=EDGE_LOOP('',(#2353,#2354,#2355,#2356));
#4280=EDGE_LOOP('',(#2357,#2358,#2359,#2360));
#4281=EDGE_LOOP('',(#2361,#2362,#2363,#2364));
#4282=EDGE_LOOP('',(#2365,#2366,#2367,#2368));
#4283=EDGE_LOOP('',(#2369,#2370,#2371,#2372));
#4284=EDGE_LOOP('',(#2373,#2374,#2375,#2376));
#4285=EDGE_LOOP('',(#2377,#2378,#2379,#2380));
#4286=EDGE_LOOP('',(#2381,#2382,#2383,#2384));
#4287=EDGE_LOOP('',(#2385,#2386,#2387,#2388));
#4288=EDGE_LOOP('',(#2389,#2390,#2391,#2392));
#4289=EDGE_LOOP('',(#2393,#2394,#2395,#2396));
#4290=EDGE_LOOP('',(#2397,#2398,#2399,#2400));
#4291=EDGE_LOOP('',(#2401,#2402,#2403,#2404));
#4292=EDGE_LOOP('',(#2405,#2406,#2407,#2408));
#4293=EDGE_LOOP('',(#2409,#2410,#2411,#2412));
#4294=EDGE_LOOP('',(#2413,#2414,#2415,#2416));
#4295=EDGE_LOOP('',(#2417,#2418,#2419,#2420));
#4296=EDGE_LOOP('',(#2421,#2422,#2423,#2424));
#4297=EDGE_LOOP('',(#2425,#2426,#2427,#2428,#2429,#2430,#2431,#2432,#2433,
#2434,#2435,#2436,#2437,#2438,#2439,#2440,#2441,#2442,#2443,#2444,#2445,
#2446,#2447,#2448,#2449,#2450,#2451,#2452,#2453,#2454,#2455,#2456));
#4298=EDGE_LOOP('',(#2457,#2458,#2459,#2460));
#4299=EDGE_LOOP('',(#2461,#2462,#2463,#2464));
#4300=EDGE_LOOP('',(#2465,#2466,#2467,#2468));
#4301=EDGE_LOOP('',(#2469,#2470,#2471,#2472));
#4302=EDGE_LOOP('',(#2473,#2474,#2475,#2476));
#4303=EDGE_LOOP('',(#2477,#2478,#2479,#2480));
#4304=EDGE_LOOP('',(#2481,#2482,#2483,#2484));
#4305=EDGE_LOOP('',(#2485,#2486,#2487,#2488));
#4306=EDGE_LOOP('',(#2489,#2490,#2491,#2492));
#4307=EDGE_LOOP('',(#2493,#2494,#2495,#2496));
#4308=EDGE_LOOP('',(#2497,#2498,#2499,#2500));
#4309=EDGE_LOOP('',(#2501,#2502,#2503,#2504));
#4310=EDGE_LOOP('',(#2505,#2506,#2507,#2508));
#4311=EDGE_LOOP('',(#2509,#2510,#2511,#2512));
#4312=EDGE_LOOP('',(#2513,#2514,#2515,#2516));
#4313=EDGE_LOOP('',(#2517,#2518,#2519,#2520));
#4314=EDGE_LOOP('',(#2521,#2522,#2523,#2524));
#4315=EDGE_LOOP('',(#2525,#2526,#2527,#2528));
#4316=EDGE_LOOP('',(#2529,#2530,#2531,#2532));
#4317=EDGE_LOOP('',(#2533,#2534,#2535,#2536));
#4318=EDGE_LOOP('',(#2537,#2538,#2539,#2540));
#4319=EDGE_LOOP('',(#2541,#2542,#2543,#2544));
#4320=EDGE_LOOP('',(#2545,#2546,#2547,#2548));
#4321=EDGE_LOOP('',(#2549,#2550,#2551,#2552));
#4322=EDGE_LOOP('',(#2553,#2554,#2555,#2556));
#4323=EDGE_LOOP('',(#2557,#2558,#2559,#2560));
#4324=EDGE_LOOP('',(#2561,#2562,#2563,#2564));
#4325=EDGE_LOOP('',(#2565,#2566,#2567,#2568));
#4326=EDGE_LOOP('',(#2569,#2570,#2571,#2572,#2573,#2574,#2575,#2576,#2577,
#2578,#2579,#2580,#2581,#2582,#2583,#2584,#2585,#2586,#2587,#2588,#2589,
#2590,#2591,#2592,#2593,#2594,#2595,#2596));
#4327=EDGE_LOOP('',(#2597,#2598,#2599,#2600,#2601,#2602,#2603,#2604,#2605));
#4328=EDGE_LOOP('',(#2606,#2607,#2608,#2609,#2610,#2611,#2612,#2613,#2614,
#2615,#2616,#2617,#2618,#2619));
#4329=EDGE_LOOP('',(#2620,#2621,#2622,#2623,#2624,#2625,#2626,#2627,#2628,
#2629,#2630,#2631,#2632,#2633));
#4330=EDGE_LOOP('',(#2634,#2635,#2636));
#4331=FACE_BOUND('',#4052,.T.);
#4332=FACE_BOUND('',#4053,.T.);
#4333=FACE_BOUND('',#4054,.T.);
#4334=FACE_BOUND('',#4055,.T.);
#4335=FACE_BOUND('',#4056,.T.);
#4336=FACE_BOUND('',#4057,.T.);
#4337=FACE_BOUND('',#4058,.T.);
#4338=FACE_BOUND('',#4059,.T.);
#4339=FACE_BOUND('',#4060,.T.);
#4340=FACE_BOUND('',#4061,.T.);
#4341=FACE_BOUND('',#4062,.T.);
#4342=FACE_BOUND('',#4063,.T.);
#4343=FACE_BOUND('',#4064,.T.);
#4344=FACE_BOUND('',#4065,.T.);
#4345=FACE_BOUND('',#4066,.T.);
#4346=FACE_BOUND('',#4067,.T.);
#4347=FACE_BOUND('',#4068,.T.);
#4348=FACE_BOUND('',#4069,.T.);
#4349=FACE_BOUND('',#4070,.T.);
#4350=FACE_BOUND('',#4071,.T.);
#4351=FACE_BOUND('',#4072,.T.);
#4352=FACE_BOUND('',#4073,.T.);
#4353=FACE_BOUND('',#4074,.T.);
#4354=FACE_BOUND('',#4075,.T.);
#4355=FACE_BOUND('',#4076,.T.);
#4356=FACE_BOUND('',#4077,.T.);
#4357=FACE_BOUND('',#4078,.T.);
#4358=FACE_BOUND('',#4079,.T.);
#4359=FACE_BOUND('',#4080,.T.);
#4360=FACE_BOUND('',#4081,.T.);
#4361=FACE_BOUND('',#4082,.T.);
#4362=FACE_BOUND('',#4083,.T.);
#4363=FACE_BOUND('',#4084,.T.);
#4364=FACE_BOUND('',#4085,.T.);
#4365=FACE_BOUND('',#4086,.T.);
#4366=FACE_BOUND('',#4087,.T.);
#4367=FACE_BOUND('',#4088,.T.);
#4368=FACE_BOUND('',#4089,.T.);
#4369=FACE_BOUND('',#4090,.T.);
#4370=FACE_BOUND('',#4091,.T.);
#4371=FACE_BOUND('',#4092,.T.);
#4372=FACE_BOUND('',#4093,.T.);
#4373=FACE_BOUND('',#4094,.T.);
#4374=FACE_BOUND('',#4095,.T.);
#4375=FACE_BOUND('',#4096,.T.);
#4376=FACE_BOUND('',#4097,.T.);
#4377=FACE_BOUND('',#4098,.T.);
#4378=FACE_BOUND('',#4099,.T.);
#4379=FACE_BOUND('',#4100,.T.);
#4380=FACE_BOUND('',#4101,.T.);
#4381=FACE_BOUND('',#4102,.T.);
#4382=FACE_BOUND('',#4103,.T.);
#4383=FACE_BOUND('',#4104,.T.);
#4384=FACE_BOUND('',#4105,.T.);
#4385=FACE_BOUND('',#4106,.T.);
#4386=FACE_BOUND('',#4107,.T.);
#4387=FACE_BOUND('',#4108,.T.);
#4388=FACE_BOUND('',#4109,.T.);
#4389=FACE_BOUND('',#4110,.T.);
#4390=FACE_BOUND('',#4111,.T.);
#4391=FACE_BOUND('',#4112,.T.);
#4392=FACE_BOUND('',#4113,.T.);
#4393=FACE_BOUND('',#4114,.T.);
#4394=FACE_BOUND('',#4115,.T.);
#4395=FACE_BOUND('',#4116,.T.);
#4396=FACE_BOUND('',#4117,.T.);
#4397=FACE_BOUND('',#4118,.T.);
#4398=FACE_BOUND('',#4119,.T.);
#4399=FACE_BOUND('',#4120,.T.);
#4400=FACE_BOUND('',#4121,.T.);
#4401=FACE_BOUND('',#4122,.T.);
#4402=FACE_BOUND('',#4123,.T.);
#4403=FACE_BOUND('',#4124,.T.);
#4404=FACE_BOUND('',#4125,.T.);
#4405=FACE_BOUND('',#4126,.T.);
#4406=FACE_BOUND('',#4127,.T.);
#4407=FACE_BOUND('',#4128,.T.);
#4408=FACE_BOUND('',#4129,.T.);
#4409=FACE_BOUND('',#4130,.T.);
#4410=FACE_BOUND('',#4131,.T.);
#4411=FACE_BOUND('',#4132,.T.);
#4412=FACE_BOUND('',#4133,.T.);
#4413=FACE_BOUND('',#4134,.T.);
#4414=FACE_BOUND('',#4135,.T.);
#4415=FACE_BOUND('',#4136,.T.);
#4416=FACE_BOUND('',#4137,.T.);
#4417=FACE_BOUND('',#4138,.T.);
#4418=FACE_BOUND('',#4139,.T.);
#4419=FACE_BOUND('',#4140,.T.);
#4420=FACE_BOUND('',#4141,.T.);
#4421=FACE_BOUND('',#4142,.T.);
#4422=FACE_BOUND('',#4143,.T.);
#4423=FACE_BOUND('',#4144,.T.);
#4424=FACE_BOUND('',#4145,.T.);
#4425=FACE_BOUND('',#4146,.T.);
#4426=FACE_BOUND('',#4147,.T.);
#4427=FACE_BOUND('',#4148,.T.);
#4428=FACE_BOUND('',#4149,.T.);
#4429=FACE_BOUND('',#4150,.T.);
#4430=FACE_BOUND('',#4151,.T.);
#4431=FACE_BOUND('',#4152,.T.);
#4432=FACE_BOUND('',#4153,.T.);
#4433=FACE_BOUND('',#4154,.T.);
#4434=FACE_BOUND('',#4155,.T.);
#4435=FACE_BOUND('',#4156,.T.);
#4436=FACE_BOUND('',#4157,.T.);
#4437=FACE_BOUND('',#4158,.T.);
#4438=FACE_BOUND('',#4159,.T.);
#4439=FACE_BOUND('',#4160,.T.);
#4440=FACE_BOUND('',#4161,.T.);
#4441=FACE_BOUND('',#4162,.T.);
#4442=FACE_BOUND('',#4163,.T.);
#4443=FACE_BOUND('',#4164,.T.);
#4444=FACE_BOUND('',#4165,.T.);
#4445=FACE_BOUND('',#4166,.T.);
#4446=FACE_BOUND('',#4167,.T.);
#4447=FACE_BOUND('',#4168,.T.);
#4448=FACE_BOUND('',#4169,.T.);
#4449=FACE_BOUND('',#4170,.T.);
#4450=FACE_BOUND('',#4171,.T.);
#4451=FACE_BOUND('',#4172,.T.);
#4452=FACE_BOUND('',#4173,.T.);
#4453=FACE_BOUND('',#4174,.T.);
#4454=FACE_BOUND('',#4175,.T.);
#4455=FACE_BOUND('',#4176,.T.);
#4456=FACE_BOUND('',#4177,.T.);
#4457=FACE_BOUND('',#4178,.T.);
#4458=FACE_BOUND('',#4179,.T.);
#4459=FACE_BOUND('',#4180,.T.);
#4460=FACE_BOUND('',#4181,.T.);
#4461=FACE_BOUND('',#4182,.T.);
#4462=FACE_BOUND('',#4183,.T.);
#4463=FACE_BOUND('',#4184,.T.);
#4464=FACE_BOUND('',#4185,.T.);
#4465=FACE_BOUND('',#4186,.T.);
#4466=FACE_BOUND('',#4187,.T.);
#4467=FACE_BOUND('',#4188,.T.);
#4468=FACE_BOUND('',#4189,.T.);
#4469=FACE_BOUND('',#4190,.T.);
#4470=FACE_BOUND('',#4191,.T.);
#4471=FACE_BOUND('',#4192,.T.);
#4472=FACE_BOUND('',#4193,.T.);
#4473=FACE_BOUND('',#4194,.T.);
#4474=FACE_BOUND('',#4195,.T.);
#4475=FACE_BOUND('',#4196,.T.);
#4476=FACE_BOUND('',#4197,.T.);
#4477=FACE_BOUND('',#4198,.T.);
#4478=FACE_BOUND('',#4199,.T.);
#4479=FACE_BOUND('',#4200,.T.);
#4480=FACE_BOUND('',#4201,.T.);
#4481=FACE_BOUND('',#4202,.T.);
#4482=FACE_BOUND('',#4203,.T.);
#4483=FACE_BOUND('',#4204,.T.);
#4484=FACE_BOUND('',#4205,.T.);
#4485=FACE_BOUND('',#4206,.T.);
#4486=FACE_BOUND('',#4207,.T.);
#4487=FACE_BOUND('',#4208,.T.);
#4488=FACE_BOUND('',#4209,.T.);
#4489=FACE_BOUND('',#4210,.T.);
#4490=FACE_BOUND('',#4211,.T.);
#4491=FACE_BOUND('',#4212,.T.);
#4492=FACE_BOUND('',#4213,.T.);
#4493=FACE_BOUND('',#4214,.T.);
#4494=FACE_BOUND('',#4215,.T.);
#4495=FACE_BOUND('',#4216,.T.);
#4496=FACE_BOUND('',#4217,.T.);
#4497=FACE_BOUND('',#4218,.T.);
#4498=FACE_BOUND('',#4219,.T.);
#4499=FACE_BOUND('',#4220,.T.);
#4500=FACE_BOUND('',#4221,.T.);
#4501=FACE_BOUND('',#4222,.T.);
#4502=FACE_BOUND('',#4223,.T.);
#4503=FACE_BOUND('',#4224,.T.);
#4504=FACE_BOUND('',#4225,.T.);
#4505=FACE_BOUND('',#4226,.T.);
#4506=FACE_BOUND('',#4227,.T.);
#4507=FACE_BOUND('',#4228,.T.);
#4508=FACE_BOUND('',#4229,.T.);
#4509=FACE_BOUND('',#4230,.T.);
#4510=FACE_BOUND('',#4231,.T.);
#4511=FACE_BOUND('',#4232,.T.);
#4512=FACE_BOUND('',#4233,.T.);
#4513=FACE_BOUND('',#4234,.T.);
#4514=FACE_BOUND('',#4235,.T.);
#4515=FACE_BOUND('',#4236,.T.);
#4516=FACE_BOUND('',#4237,.T.);
#4517=FACE_BOUND('',#4238,.T.);
#4518=FACE_BOUND('',#4239,.T.);
#4519=FACE_BOUND('',#4240,.T.);
#4520=FACE_BOUND('',#4241,.T.);
#4521=FACE_BOUND('',#4242,.T.);
#4522=FACE_BOUND('',#4243,.T.);
#4523=FACE_BOUND('',#4244,.T.);
#4524=FACE_BOUND('',#4245,.T.);
#4525=FACE_BOUND('',#4246,.T.);
#4526=FACE_BOUND('',#4247,.T.);
#4527=FACE_BOUND('',#4248,.T.);
#4528=FACE_BOUND('',#4249,.T.);
#4529=FACE_BOUND('',#4250,.T.);
#4530=FACE_BOUND('',#4251,.T.);
#4531=FACE_BOUND('',#4252,.T.);
#4532=FACE_BOUND('',#4253,.T.);
#4533=FACE_BOUND('',#4254,.T.);
#4534=FACE_BOUND('',#4255,.T.);
#4535=FACE_BOUND('',#4256,.T.);
#4536=FACE_BOUND('',#4257,.T.);
#4537=FACE_BOUND('',#4258,.T.);
#4538=FACE_BOUND('',#4259,.T.);
#4539=FACE_BOUND('',#4260,.T.);
#4540=FACE_BOUND('',#4261,.T.);
#4541=FACE_BOUND('',#4262,.T.);
#4542=FACE_BOUND('',#4263,.T.);
#4543=FACE_BOUND('',#4264,.T.);
#4544=FACE_BOUND('',#4265,.T.);
#4545=FACE_BOUND('',#4266,.T.);
#4546=FACE_BOUND('',#4267,.T.);
#4547=FACE_BOUND('',#4268,.T.);
#4548=FACE_BOUND('',#4269,.T.);
#4549=FACE_BOUND('',#4270,.T.);
#4550=FACE_BOUND('',#4271,.T.);
#4551=FACE_BOUND('',#4272,.T.);
#4552=FACE_BOUND('',#4273,.T.);
#4553=FACE_BOUND('',#4274,.T.);
#4554=FACE_BOUND('',#4275,.T.);
#4555=FACE_BOUND('',#4276,.T.);
#4556=FACE_BOUND('',#4277,.T.);
#4557=FACE_BOUND('',#4278,.T.);
#4558=FACE_BOUND('',#4279,.T.);
#4559=FACE_BOUND('',#4280,.T.);
#4560=FACE_BOUND('',#4281,.T.);
#4561=FACE_BOUND('',#4282,.T.);
#4562=FACE_BOUND('',#4283,.T.);
#4563=FACE_BOUND('',#4284,.T.);
#4564=FACE_BOUND('',#4285,.T.);
#4565=FACE_BOUND('',#4286,.T.);
#4566=FACE_BOUND('',#4287,.T.);
#4567=FACE_BOUND('',#4288,.T.);
#4568=FACE_BOUND('',#4289,.T.);
#4569=FACE_BOUND('',#4290,.T.);
#4570=FACE_BOUND('',#4291,.T.);
#4571=FACE_BOUND('',#4292,.T.);
#4572=FACE_BOUND('',#4293,.T.);
#4573=FACE_BOUND('',#4294,.T.);
#4574=FACE_BOUND('',#4295,.T.);
#4575=FACE_BOUND('',#4296,.T.);
#4576=FACE_BOUND('',#4297,.T.);
#4577=FACE_BOUND('',#4298,.T.);
#4578=FACE_BOUND('',#4299,.T.);
#4579=FACE_BOUND('',#4300,.T.);
#4580=FACE_BOUND('',#4301,.T.);
#4581=FACE_BOUND('',#4302,.T.);
#4582=FACE_BOUND('',#4303,.T.);
#4583=FACE_BOUND('',#4304,.T.);
#4584=FACE_BOUND('',#4305,.T.);
#4585=FACE_BOUND('',#4306,.T.);
#4586=FACE_BOUND('',#4307,.T.);
#4587=FACE_BOUND('',#4308,.T.);
#4588=FACE_BOUND('',#4309,.T.);
#4589=FACE_BOUND('',#4310,.T.);
#4590=FACE_BOUND('',#4311,.T.);
#4591=FACE_BOUND('',#4312,.T.);
#4592=FACE_BOUND('',#4313,.T.);
#4593=FACE_BOUND('',#4314,.T.);
#4594=FACE_BOUND('',#4315,.T.);
#4595=FACE_BOUND('',#4316,.T.);
#4596=FACE_BOUND('',#4317,.T.);
#4597=FACE_BOUND('',#4318,.T.);
#4598=FACE_BOUND('',#4319,.T.);
#4599=FACE_BOUND('',#4320,.T.);
#4600=FACE_BOUND('',#4321,.T.);
#4601=FACE_BOUND('',#4322,.T.);
#4602=FACE_BOUND('',#4323,.T.);
#4603=FACE_BOUND('',#4324,.T.);
#4604=FACE_BOUND('',#4325,.T.);
#4605=FACE_BOUND('',#4326,.T.);
#4606=FACE_BOUND('',#4327,.T.);
#4607=FACE_BOUND('',#4328,.T.);
#4608=FACE_BOUND('',#4329,.T.);
#4609=FACE_BOUND('',#4330,.T.);
#4610=PLANE('',#4988);
#4611=PLANE('',#5044);
#4612=PLANE('',#5049);
#4613=PLANE('',#5050);
#4614=PLANE('',#5051);
#4615=PLANE('',#5052);
#4616=PLANE('',#5053);
#4617=PLANE('',#5054);
#4618=PLANE('',#5055);
#4619=PLANE('',#5056);
#4620=PLANE('',#5057);
#4621=PLANE('',#5062);
#4622=PLANE('',#5063);
#4623=PLANE('',#5064);
#4624=PLANE('',#5065);
#4625=PLANE('',#5066);
#4626=PLANE('',#5067);
#4627=PLANE('',#5068);
#4628=PLANE('',#5073);
#4629=PLANE('',#5074);
#4630=PLANE('',#5077);
#4631=PLANE('',#5078);
#4632=PLANE('',#5079);
#4633=PLANE('',#5080);
#4634=PLANE('',#5081);
#4635=PLANE('',#5082);
#4636=PLANE('',#5083);
#4637=PLANE('',#5084);
#4638=PLANE('',#5085);
#4639=PLANE('',#5086);
#4640=PLANE('',#5087);
#4641=PLANE('',#5092);
#4642=PLANE('',#5093);
#4643=PLANE('',#5094);
#4644=PLANE('',#5101);
#4645=PLANE('',#5102);
#4646=PLANE('',#5103);
#4647=PLANE('',#5112);
#4648=PLANE('',#5113);
#4649=PLANE('',#5114);
#4650=PLANE('',#5117);
#4651=PLANE('',#5118);
#4652=PLANE('',#5119);
#4653=PLANE('',#5126);
#4654=PLANE('',#5136);
#4655=PLANE('',#5140);
#4656=PLANE('',#5141);
#4657=PLANE('',#5144);
#4658=PLANE('',#5151);
#4659=PLANE('',#5161);
#4660=PLANE('',#5165);
#4661=PLANE('',#5166);
#4662=PLANE('',#5169);
#4663=PLANE('',#5170);
#4664=PLANE('',#5171);
#4665=PLANE('',#5172);
#4666=PLANE('',#5173);
#4667=PLANE('',#5174);
#4668=PLANE('',#5175);
#4669=PLANE('',#5176);
#4670=PLANE('',#5177);
#4671=PLANE('',#5178);
#4672=PLANE('',#5179);
#4673=PLANE('',#5180);
#4674=PLANE('',#5181);
#4675=PLANE('',#5182);
#4676=PLANE('',#5183);
#4677=PLANE('',#5184);
#4678=PLANE('',#5191);
#4679=PLANE('',#5194);
#4680=PLANE('',#5197);
#4681=PLANE('',#5198);
#4682=PLANE('',#5199);
#4683=PLANE('',#5202);
#4684=PLANE('',#5203);
#4685=PLANE('',#5204);
#4686=PLANE('',#5207);
#4687=PLANE('',#5212);
#4688=PLANE('',#5213);
#4689=PLANE('',#5214);
#4690=PLANE('',#5217);
#4691=PLANE('',#5220);
#4692=PLANE('',#5231);
#4693=PLANE('',#5246);
#4694=PLANE('',#5253);
#4695=PLANE('',#5258);
#4696=PLANE('',#5259);
#4697=PLANE('',#5260);
#4698=PLANE('',#5261);
#4699=PLANE('',#5262);
#4700=PLANE('',#5269);
#4701=PLANE('',#5270);
#4702=PLANE('',#5271);
#4703=PLANE('',#5276);
#4704=PLANE('',#5277);
#4705=PLANE('',#5278);
#4706=PLANE('',#5291);
#4707=PLANE('',#5292);
#4708=PLANE('',#5293);
#4709=PLANE('',#5294);
#4710=PLANE('',#5295);
#4711=PLANE('',#5296);
#4712=PLANE('',#5297);
#4713=ADVANCED_FACE('',(#4331,#4332,#4333,#4334,#4335,#4336,#4337,#4338,
#4339,#4340,#4341,#4342),#4610,.F.);
#4714=ADVANCED_FACE('',(#4343,#4344),#4611,.T.);
#4715=ADVANCED_FACE('',(#4345,#4346),#4612,.T.);
#4716=ADVANCED_FACE('',(#4347),#4613,.T.);
#4717=ADVANCED_FACE('',(#4348),#4614,.F.);
#4718=ADVANCED_FACE('',(#4349),#4615,.F.);
#4719=ADVANCED_FACE('',(#4350),#4616,.T.);
#4720=ADVANCED_FACE('',(#4351),#4617,.F.);
#4721=ADVANCED_FACE('',(#4352),#4618,.F.);
#4722=ADVANCED_FACE('',(#4353),#4619,.T.);
#4723=ADVANCED_FACE('',(#4354),#4620,.T.);
#4724=ADVANCED_FACE('',(#4355),#102,.T.);
#4725=ADVANCED_FACE('',(#4356),#103,.T.);
#4726=ADVANCED_FACE('',(#4357),#104,.T.);
#4727=ADVANCED_FACE('',(#4358),#105,.T.);
#4728=ADVANCED_FACE('',(#4359),#4621,.T.);
#4729=ADVANCED_FACE('',(#4360),#4622,.F.);
#4730=ADVANCED_FACE('',(#4361),#4623,.F.);
#4731=ADVANCED_FACE('',(#4362),#4624,.T.);
#4732=ADVANCED_FACE('',(#4363),#4625,.T.);
#4733=ADVANCED_FACE('',(#4364),#4626,.F.);
#4734=ADVANCED_FACE('',(#4365),#4627,.T.);
#4735=ADVANCED_FACE('',(#4366),#12,.T.);
#4736=ADVANCED_FACE('',(#4367),#106,.F.);
#4737=ADVANCED_FACE('',(#4368),#107,.F.);
#4738=ADVANCED_FACE('',(#4369),#4628,.T.);
#4739=ADVANCED_FACE('',(#4370),#4629,.T.);
#4740=ADVANCED_FACE('',(#4371),#108,.T.);
#4741=ADVANCED_FACE('',(#4372),#13,.T.);
#4742=ADVANCED_FACE('',(#4373),#14,.T.);
#4743=ADVANCED_FACE('',(#4374),#4630,.T.);
#4744=ADVANCED_FACE('',(#4375),#4631,.T.);
#4745=ADVANCED_FACE('',(#4376),#4632,.T.);
#4746=ADVANCED_FACE('',(#4377),#4633,.T.);
#4747=ADVANCED_FACE('',(#4378),#4634,.T.);
#4748=ADVANCED_FACE('',(#4379),#4635,.T.);
#4749=ADVANCED_FACE('',(#4380),#4636,.T.);
#4750=ADVANCED_FACE('',(#4381),#4637,.T.);
#4751=ADVANCED_FACE('',(#4382),#4638,.T.);
#4752=ADVANCED_FACE('',(#4383),#4639,.T.);
#4753=ADVANCED_FACE('',(#4384),#4640,.T.);
#4754=ADVANCED_FACE('',(#4385),#109,.F.);
#4755=ADVANCED_FACE('',(#4386),#110,.F.);
#4756=ADVANCED_FACE('',(#4387),#4641,.T.);
#4757=ADVANCED_FACE('',(#4388),#4642,.T.);
#4758=ADVANCED_FACE('',(#4389),#4643,.T.);
#4759=ADVANCED_FACE('',(#4390),#111,.T.);
#4760=ADVANCED_FACE('',(#4391),#15,.T.);
#4761=ADVANCED_FACE('',(#4392),#16,.T.);
#4762=ADVANCED_FACE('',(#4393),#17,.T.);
#4763=ADVANCED_FACE('',(#4394),#18,.T.);
#4764=ADVANCED_FACE('',(#4395),#112,.T.);
#4765=ADVANCED_FACE('',(#4396),#19,.T.);
#4766=ADVANCED_FACE('',(#4397),#20,.T.);
#4767=ADVANCED_FACE('',(#4398),#21,.T.);
#4768=ADVANCED_FACE('',(#4399),#4644,.T.);
#4769=ADVANCED_FACE('',(#4400),#4645,.T.);
#4770=ADVANCED_FACE('',(#4401),#4646,.T.);
#4771=ADVANCED_FACE('',(#4402),#113,.T.);
#4772=ADVANCED_FACE('',(#4403),#114,.T.);
#4773=ADVANCED_FACE('',(#4404),#22,.T.);
#4774=ADVANCED_FACE('',(#4405),#115,.T.);
#4775=ADVANCED_FACE('',(#4406),#116,.T.);
#4776=ADVANCED_FACE('',(#4407),#23,.T.);
#4777=ADVANCED_FACE('',(#4408),#4647,.T.);
#4778=ADVANCED_FACE('',(#4409),#4648,.T.);
#4779=ADVANCED_FACE('',(#4410),#4649,.T.);
#4780=ADVANCED_FACE('',(#4411),#117,.F.);
#4781=ADVANCED_FACE('',(#4412),#24,.T.);
#4782=ADVANCED_FACE('',(#4413),#25,.T.);
#4783=ADVANCED_FACE('',(#4414),#26,.T.);
#4784=ADVANCED_FACE('',(#4415),#27,.T.);
#4785=ADVANCED_FACE('',(#4416),#28,.T.);
#4786=ADVANCED_FACE('',(#4417),#4650,.T.);
#4787=ADVANCED_FACE('',(#4418),#29,.T.);
#4788=ADVANCED_FACE('',(#4419),#30,.T.);
#4789=ADVANCED_FACE('',(#4420),#4651,.T.);
#4790=ADVANCED_FACE('',(#4421,#4422),#4652,.T.);
#4791=ADVANCED_FACE('',(#4423),#31,.T.);
#4792=ADVANCED_FACE('',(#4424),#32,.T.);
#4793=ADVANCED_FACE('',(#4425),#118,.T.);
#4794=ADVANCED_FACE('',(#4426),#119,.T.);
#4795=ADVANCED_FACE('',(#4427),#4653,.T.);
#4796=ADVANCED_FACE('',(#4428),#120,.T.);
#4797=ADVANCED_FACE('',(#4429),#33,.T.);
#4798=ADVANCED_FACE('',(#4430),#34,.T.);
#4799=ADVANCED_FACE('',(#4431),#35,.T.);
#4800=ADVANCED_FACE('',(#4432),#121,.T.);
#4801=ADVANCED_FACE('',(#4433),#122,.T.);
#4802=ADVANCED_FACE('',(#4434),#4654,.T.);
#4803=ADVANCED_FACE('',(#4435),#123,.T.);
#4804=ADVANCED_FACE('',(#4436),#36,.T.);
#4805=ADVANCED_FACE('',(#4437),#37,.T.);
#4806=ADVANCED_FACE('',(#4438),#38,.T.);
#4807=ADVANCED_FACE('',(#4439),#39,.T.);
#4808=ADVANCED_FACE('',(#4440),#4655,.T.);
#4809=ADVANCED_FACE('',(#4441),#40,.T.);
#4810=ADVANCED_FACE('',(#4442),#41,.T.);
#4811=ADVANCED_FACE('',(#4443),#42,.T.);
#4812=ADVANCED_FACE('',(#4444),#43,.T.);
#4813=ADVANCED_FACE('',(#4445),#44,.T.);
#4814=ADVANCED_FACE('',(#4446),#45,.T.);
#4815=ADVANCED_FACE('',(#4447),#4656,.T.);
#4816=ADVANCED_FACE('',(#4448),#46,.T.);
#4817=ADVANCED_FACE('',(#4449),#124,.F.);
#4818=ADVANCED_FACE('',(#4450),#47,.T.);
#4819=ADVANCED_FACE('',(#4451,#4452),#4657,.T.);
#4820=ADVANCED_FACE('',(#4453),#48,.T.);
#4821=ADVANCED_FACE('',(#4454),#49,.T.);
#4822=ADVANCED_FACE('',(#4455),#125,.T.);
#4823=ADVANCED_FACE('',(#4456),#126,.T.);
#4824=ADVANCED_FACE('',(#4457),#4658,.T.);
#4825=ADVANCED_FACE('',(#4458),#127,.T.);
#4826=ADVANCED_FACE('',(#4459),#50,.T.);
#4827=ADVANCED_FACE('',(#4460),#51,.T.);
#4828=ADVANCED_FACE('',(#4461),#52,.T.);
#4829=ADVANCED_FACE('',(#4462),#128,.T.);
#4830=ADVANCED_FACE('',(#4463),#129,.T.);
#4831=ADVANCED_FACE('',(#4464),#4659,.T.);
#4832=ADVANCED_FACE('',(#4465),#130,.T.);
#4833=ADVANCED_FACE('',(#4466),#53,.T.);
#4834=ADVANCED_FACE('',(#4467),#54,.T.);
#4835=ADVANCED_FACE('',(#4468),#55,.T.);
#4836=ADVANCED_FACE('',(#4469),#56,.T.);
#4837=ADVANCED_FACE('',(#4470),#4660,.T.);
#4838=ADVANCED_FACE('',(#4471),#57,.T.);
#4839=ADVANCED_FACE('',(#4472),#58,.T.);
#4840=ADVANCED_FACE('',(#4473),#59,.T.);
#4841=ADVANCED_FACE('',(#4474),#60,.T.);
#4842=ADVANCED_FACE('',(#4475),#61,.T.);
#4843=ADVANCED_FACE('',(#4476),#62,.T.);
#4844=ADVANCED_FACE('',(#4477),#4661,.T.);
#4845=ADVANCED_FACE('',(#4478),#63,.T.);
#4846=ADVANCED_FACE('',(#4479),#131,.F.);
#4847=ADVANCED_FACE('',(#4480),#64,.T.);
#4848=ADVANCED_FACE('',(#4481,#4482),#4662,.T.);
#4849=ADVANCED_FACE('',(#4483),#4663,.T.);
#4850=ADVANCED_FACE('',(#4484),#4664,.T.);
#4851=ADVANCED_FACE('',(#4485),#4665,.T.);
#4852=ADVANCED_FACE('',(#4486),#4666,.T.);
#4853=ADVANCED_FACE('',(#4487),#4667,.T.);
#4854=ADVANCED_FACE('',(#4488),#4668,.T.);
#4855=ADVANCED_FACE('',(#4489),#4669,.T.);
#4856=ADVANCED_FACE('',(#4490),#4670,.T.);
#4857=ADVANCED_FACE('',(#4491),#4671,.T.);
#4858=ADVANCED_FACE('',(#4492),#4672,.T.);
#4859=ADVANCED_FACE('',(#4493),#4673,.T.);
#4860=ADVANCED_FACE('',(#4494,#4495),#4674,.T.);
#4861=ADVANCED_FACE('',(#4496),#4675,.T.);
#4862=ADVANCED_FACE('',(#4497),#4676,.T.);
#4863=ADVANCED_FACE('',(#4498),#4677,.T.);
#4864=ADVANCED_FACE('',(#4499),#65,.T.);
#4865=ADVANCED_FACE('',(#4500),#132,.T.);
#4866=ADVANCED_FACE('',(#4501),#133,.T.);
#4867=ADVANCED_FACE('',(#4502),#134,.T.);
#4868=ADVANCED_FACE('',(#4503),#4678,.T.);
#4869=ADVANCED_FACE('',(#4504),#135,.F.);
#4870=ADVANCED_FACE('',(#4505),#4679,.T.);
#4871=ADVANCED_FACE('',(#4506),#136,.F.);
#4872=ADVANCED_FACE('',(#4507),#66,.T.);
#4873=ADVANCED_FACE('',(#4508),#4680,.T.);
#4874=ADVANCED_FACE('',(#4509),#4681,.T.);
#4875=ADVANCED_FACE('',(#4510),#4682,.T.);
#4876=ADVANCED_FACE('',(#4511),#67,.T.);
#4877=ADVANCED_FACE('',(#4512),#68,.T.);
#4878=ADVANCED_FACE('',(#4513),#137,.F.);
#4879=ADVANCED_FACE('',(#4514),#69,.T.);
#4880=ADVANCED_FACE('',(#4515),#4683,.T.);
#4881=ADVANCED_FACE('',(#4516),#4684,.T.);
#4882=ADVANCED_FACE('',(#4517),#4685,.T.);
#4883=ADVANCED_FACE('',(#4518),#138,.T.);
#4884=ADVANCED_FACE('',(#4519),#70,.T.);
#4885=ADVANCED_FACE('',(#4520),#71,.T.);
#4886=ADVANCED_FACE('',(#4521),#72,.T.);
#4887=ADVANCED_FACE('',(#4522),#73,.T.);
#4888=ADVANCED_FACE('',(#4523),#74,.T.);
#4889=ADVANCED_FACE('',(#4524),#4686,.T.);
#4890=ADVANCED_FACE('',(#4525),#139,.T.);
#4891=ADVANCED_FACE('',(#4526),#75,.T.);
#4892=ADVANCED_FACE('',(#4527),#76,.T.);
#4893=ADVANCED_FACE('',(#4528),#77,.T.);
#4894=ADVANCED_FACE('',(#4529),#78,.T.);
#4895=ADVANCED_FACE('',(#4530),#140,.T.);
#4896=ADVANCED_FACE('',(#4531),#4687,.T.);
#4897=ADVANCED_FACE('',(#4532),#4688,.T.);
#4898=ADVANCED_FACE('',(#4533),#4689,.T.);
#4899=ADVANCED_FACE('',(#4534),#79,.T.);
#4900=ADVANCED_FACE('',(#4535),#141,.F.);
#4901=ADVANCED_FACE('',(#4536),#80,.T.);
#4902=ADVANCED_FACE('',(#4537),#81,.T.);
#4903=ADVANCED_FACE('',(#4538),#82,.T.);
#4904=ADVANCED_FACE('',(#4539),#83,.T.);
#4905=ADVANCED_FACE('',(#4540),#4690,.T.);
#4906=ADVANCED_FACE('',(#4541),#142,.F.);
#4907=ADVANCED_FACE('',(#4542),#84,.T.);
#4908=ADVANCED_FACE('',(#4543),#4691,.T.);
#4909=ADVANCED_FACE('',(#4544),#85,.T.);
#4910=ADVANCED_FACE('',(#4545),#143,.F.);
#4911=ADVANCED_FACE('',(#4546),#144,.F.);
#4912=ADVANCED_FACE('',(#4547),#86,.T.);
#4913=ADVANCED_FACE('',(#4548),#145,.F.);
#4914=ADVANCED_FACE('',(#4549),#146,.F.);
#4915=ADVANCED_FACE('',(#4550),#147,.F.);
#4916=ADVANCED_FACE('',(#4551),#4692,.T.);
#4917=ADVANCED_FACE('',(#4552),#148,.T.);
#4918=ADVANCED_FACE('',(#4553),#149,.T.);
#4919=ADVANCED_FACE('',(#4554),#150,.T.);
#4920=ADVANCED_FACE('',(#4555),#151,.T.);
#4921=ADVANCED_FACE('',(#4556),#152,.T.);
#4922=ADVANCED_FACE('',(#4557),#153,.T.);
#4923=ADVANCED_FACE('',(#4558),#154,.T.);
#4924=ADVANCED_FACE('',(#4559),#4693,.T.);
#4925=ADVANCED_FACE('',(#4560),#87,.T.);
#4926=ADVANCED_FACE('',(#4561),#88,.T.);
#4927=ADVANCED_FACE('',(#4562),#155,.F.);
#4928=ADVANCED_FACE('',(#4563),#156,.F.);
#4929=ADVANCED_FACE('',(#4564),#89,.T.);
#4930=ADVANCED_FACE('',(#4565),#90,.T.);
#4931=ADVANCED_FACE('',(#4566),#157,.F.);
#4932=ADVANCED_FACE('',(#4567),#4694,.T.);
#4933=ADVANCED_FACE('',(#4568),#158,.T.);
#4934=ADVANCED_FACE('',(#4569),#159,.T.);
#4935=ADVANCED_FACE('',(#4570),#91,.T.);
#4936=ADVANCED_FACE('',(#4571),#92,.T.);
#4937=ADVANCED_FACE('',(#4572),#93,.T.);
#4938=ADVANCED_FACE('',(#4573),#94,.T.);
#4939=ADVANCED_FACE('',(#4574),#4695,.T.);
#4940=ADVANCED_FACE('',(#4575),#95,.T.);
#4941=ADVANCED_FACE('',(#4576),#4696,.T.);
#4942=ADVANCED_FACE('',(#4577),#4697,.T.);
#4943=ADVANCED_FACE('',(#4578),#4698,.T.);
#4944=ADVANCED_FACE('',(#4579),#4699,.T.);
#4945=ADVANCED_FACE('',(#4580),#160,.T.);
#4946=ADVANCED_FACE('',(#4581),#161,.T.);
#4947=ADVANCED_FACE('',(#4582),#162,.T.);
#4948=ADVANCED_FACE('',(#4583),#96,.T.);
#4949=ADVANCED_FACE('',(#4584),#4700,.T.);
#4950=ADVANCED_FACE('',(#4585),#4701,.T.);
#4951=ADVANCED_FACE('',(#4586),#4702,.T.);
#4952=ADVANCED_FACE('',(#4587),#163,.T.);
#4953=ADVANCED_FACE('',(#4588),#164,.T.);
#4954=ADVANCED_FACE('',(#4589),#97,.T.);
#4955=ADVANCED_FACE('',(#4590),#98,.T.);
#4956=ADVANCED_FACE('',(#4591),#4703,.T.);
#4957=ADVANCED_FACE('',(#4592),#4704,.T.);
#4958=ADVANCED_FACE('',(#4593),#4705,.T.);
#4959=ADVANCED_FACE('',(#4594),#99,.T.);
#4960=ADVANCED_FACE('',(#4595),#165,.F.);
#4961=ADVANCED_FACE('',(#4596),#166,.F.);
#4962=ADVANCED_FACE('',(#4597),#167,.F.);
#4963=ADVANCED_FACE('',(#4598),#100,.T.);
#4964=ADVANCED_FACE('',(#4599),#101,.T.);
#4965=ADVANCED_FACE('',(#4600),#168,.F.);
#4966=ADVANCED_FACE('',(#4601),#169,.F.);
#4967=ADVANCED_FACE('',(#4602),#170,.F.);
#4968=ADVANCED_FACE('',(#4603),#4706,.T.);
#4969=ADVANCED_FACE('',(#4604),#4707,.T.);
#4970=ADVANCED_FACE('',(#4605),#4708,.T.);
#4971=ADVANCED_FACE('',(#4606),#4709,.F.);
#4972=ADVANCED_FACE('',(#4607),#4710,.F.);
#4973=ADVANCED_FACE('',(#4608),#4711,.F.);
#4974=ADVANCED_FACE('',(#4609),#4712,.F.);
#4975=CLOSED_SHELL('',(#4713,#4714,#4715,#4716,#4717,#4718,#4719,#4720,
#4721,#4722,#4723,#4724,#4725,#4726,#4727,#4728,#4729,#4730,#4731,#4732,
#4733,#4734,#4735,#4736,#4737,#4738,#4739,#4740,#4741,#4742,#4743,#4744,
#4745,#4746,#4747,#4748,#4749,#4750,#4751,#4752,#4753,#4754,#4755,#4756,
#4757,#4758,#4759,#4760,#4761,#4762,#4763,#4764,#4765,#4766,#4767,#4768,
#4769,#4770,#4771,#4772,#4773,#4774,#4775,#4776,#4777,#4778,#4779,#4780,
#4781,#4782,#4783,#4784,#4785,#4786,#4787,#4788,#4789,#4790,#4791,#4792,
#4793,#4794,#4795,#4796,#4797,#4798,#4799,#4800,#4801,#4802,#4803,#4804,
#4805,#4806,#4807,#4808,#4809,#4810,#4811,#4812,#4813,#4814,#4815,#4816,
#4817,#4818,#4819,#4820,#4821,#4822,#4823,#4824,#4825,#4826,#4827,#4828,
#4829,#4830,#4831,#4832,#4833,#4834,#4835,#4836,#4837,#4838,#4839,#4840,
#4841,#4842,#4843,#4844,#4845,#4846,#4847,#4848,#4849,#4850,#4851,#4852,
#4853,#4854,#4855,#4856,#4857,#4858,#4859,#4860,#4861,#4862,#4863,#4864,
#4865,#4866,#4867,#4868,#4869,#4870,#4871,#4872,#4873,#4874,#4875,#4876,
#4877,#4878,#4879,#4880,#4881,#4882,#4883,#4884,#4885,#4886,#4887,#4888,
#4889,#4890,#4891,#4892,#4893,#4894,#4895,#4896,#4897,#4898,#4899,#4900,
#4901,#4902,#4903,#4904,#4905,#4906,#4907,#4908,#4909,#4910,#4911,#4912,
#4913,#4914,#4915,#4916,#4917,#4918,#4919,#4920,#4921,#4922,#4923,#4924,
#4925,#4926,#4927,#4928,#4929,#4930,#4931,#4932,#4933,#4934,#4935,#4936,
#4937,#4938,#4939,#4940,#4941,#4942,#4943,#4944,#4945,#4946,#4947,#4948,
#4949,#4950,#4951,#4952,#4953,#4954,#4955,#4956,#4957,#4958,#4959,#4960,
#4961,#4962,#4963,#4964,#4965,#4966,#4967,#4968,#4969,#4970,#4971,#4972,
#4973,#4974));
#4976=STYLED_ITEM('',(#4977),#4984);
#4977=PRESENTATION_STYLE_ASSIGNMENT((#4978));
#4978=SURFACE_STYLE_USAGE(.BOTH.,#4979);
#4979=SURFACE_SIDE_STYLE('',(#4980));
#4980=SURFACE_STYLE_FILL_AREA(#4981);
#4981=FILL_AREA_STYLE('',(#4982));
#4982=FILL_AREA_STYLE_COLOUR('',#4983);
#4983=COLOUR_RGB('',0.615686274509804,0.811764705882353,0.929411764705882);
#4984=MANIFOLD_SOLID_BREP('Part 1',#4975);
#4985=SHAPE_DEFINITION_REPRESENTATION(#8837,#4986);
#4986=SHAPE_REPRESENTATION('Part 1',(#4987),#8832);
#4987=AXIS2_PLACEMENT_3D('',#6343,#5298,#5299);
#4988=AXIS2_PLACEMENT_3D('',#6344,#5300,#5301);
#4989=AXIS2_PLACEMENT_3D('',#6372,#5303,#5304);
#4990=AXIS2_PLACEMENT_3D('',#6374,#5305,#5306);
#4991=AXIS2_PLACEMENT_3D('',#6378,#5308,#5309);
#4992=AXIS2_PLACEMENT_3D('',#6388,#5310,#5311);
#4993=AXIS2_PLACEMENT_3D('',#6390,#5312,#5313);
#4994=AXIS2_PLACEMENT_3D('',#6402,#5315,#5316);
#4995=AXIS2_PLACEMENT_3D('',#6404,#5317,#5318);
#4996=AXIS2_PLACEMENT_3D('',#6406,#5319,#5320);
#4997=AXIS2_PLACEMENT_3D('',#6408,#5321,#5322);
#4998=AXIS2_PLACEMENT_3D('',#6410,#5323,#5324);
#4999=AXIS2_PLACEMENT_3D('',#6412,#5325,#5326);
#5000=AXIS2_PLACEMENT_3D('',#6414,#5327,#5328);
#5001=AXIS2_PLACEMENT_3D('',#6418,#5330,#5331);
#5002=AXIS2_PLACEMENT_3D('',#6420,#5332,#5333);
#5003=AXIS2_PLACEMENT_3D('',#6422,#5334,#5335);
#5004=AXIS2_PLACEMENT_3D('',#6428,#5336,#5337);
#5005=AXIS2_PLACEMENT_3D('',#6430,#5338,#5339);
#5006=AXIS2_PLACEMENT_3D('',#6442,#5343,#5344);
#5007=AXIS2_PLACEMENT_3D('',#6446,#5346,#5347);
#5008=AXIS2_PLACEMENT_3D('',#6450,#5349,#5350);
#5009=AXIS2_PLACEMENT_3D('',#6452,#5351,#5352);
#5010=AXIS2_PLACEMENT_3D('',#6454,#5353,#5354);
#5011=AXIS2_PLACEMENT_3D('',#6468,#5357,#5358);
#5012=AXIS2_PLACEMENT_3D('',#6548,#5362,#5363);
#5013=AXIS2_PLACEMENT_3D('',#6560,#5367,#5368);
#5014=AXIS2_PLACEMENT_3D('',#6562,#5369,#5370);
#5015=AXIS2_PLACEMENT_3D('',#6568,#5371,#5372);
#5016=AXIS2_PLACEMENT_3D('',#6570,#5373,#5374);
#5017=AXIS2_PLACEMENT_3D('',#6604,#5387,#5388);
#5018=AXIS2_PLACEMENT_3D('',#6608,#5390,#5391);
#5019=AXIS2_PLACEMENT_3D('',#6612,#5393,#5394);
#5020=AXIS2_PLACEMENT_3D('',#6616,#5396,#5397);
#5021=AXIS2_PLACEMENT_3D('',#6622,#5398,#5399);
#5022=AXIS2_PLACEMENT_3D('',#6624,#5400,#5401);
#5023=AXIS2_PLACEMENT_3D('',#6656,#5413,#5414);
#5024=AXIS2_PLACEMENT_3D('',#6662,#5417,#5418);
#5025=AXIS2_PLACEMENT_3D('',#6664,#5419,#5420);
#5026=AXIS2_PLACEMENT_3D('',#6670,#5421,#5422);
#5027=AXIS2_PLACEMENT_3D('',#6740,#5433,#5434);
#5028=AXIS2_PLACEMENT_3D('',#6760,#5436,#5437);
#5029=AXIS2_PLACEMENT_3D('',#6772,#5441,#5442);
#5030=AXIS2_PLACEMENT_3D('',#6790,#5443,#5444);
#5031=AXIS2_PLACEMENT_3D('',#6814,#5446,#5447);
#5032=AXIS2_PLACEMENT_3D('',#6826,#5451,#5452);
#5033=AXIS2_PLACEMENT_3D('',#6838,#5456,#5457);
#5034=AXIS2_PLACEMENT_3D('',#6840,#5458,#5459);
#5035=AXIS2_PLACEMENT_3D('',#6842,#5460,#5461);
#5036=AXIS2_PLACEMENT_3D('',#6852,#5462,#5463);
#5037=AXIS2_PLACEMENT_3D('',#6854,#5464,#5465);
#5038=AXIS2_PLACEMENT_3D('',#6856,#5466,#5467);
#5039=AXIS2_PLACEMENT_3D('',#6876,#5471,#5472);
#5040=AXIS2_PLACEMENT_3D('',#6878,#5473,#5474);
#5041=AXIS2_PLACEMENT_3D('',#6890,#5478,#5479);
#5042=AXIS2_PLACEMENT_3D('',#6892,#5480,#5481);
#5043=AXIS2_PLACEMENT_3D('',#6894,#5482,#5483);
#5044=AXIS2_PLACEMENT_3D('',#6899,#5486,#5487);
#5045=AXIS2_PLACEMENT_3D('',#6903,#5489,#5490);
#5046=AXIS2_PLACEMENT_3D('',#6907,#5492,#5493);
#5047=AXIS2_PLACEMENT_3D('',#6911,#5495,#5496);
#5048=AXIS2_PLACEMENT_3D('',#6915,#5498,#5499);
#5049=AXIS2_PLACEMENT_3D('',#6928,#5506,#5507);
#5050=AXIS2_PLACEMENT_3D('',#6949,#5518,#5519);
#5051=AXIS2_PLACEMENT_3D('',#6952,#5522,#5523);
#5052=AXIS2_PLACEMENT_3D('',#6955,#5526,#5527);
#5053=AXIS2_PLACEMENT_3D('',#6958,#5530,#5531);
#5054=AXIS2_PLACEMENT_3D('',#6961,#5534,#5535);
#5055=AXIS2_PLACEMENT_3D('',#6963,#5537,#5538);
#5056=AXIS2_PLACEMENT_3D('',#6966,#5541,#5542);
#5057=AXIS2_PLACEMENT_3D('',#6968,#5544,#5545);
#5058=AXIS2_PLACEMENT_3D('',#6971,#5548,#5549);
#5059=AXIS2_PLACEMENT_3D('',#6972,#5550,#5551);
#5060=AXIS2_PLACEMENT_3D('',#6973,#5552,#5553);
#5061=AXIS2_PLACEMENT_3D('',#6974,#5554,#5555);
#5062=AXIS2_PLACEMENT_3D('',#6975,#5556,#5557);
#5063=AXIS2_PLACEMENT_3D('',#6978,#5560,#5561);
#5064=AXIS2_PLACEMENT_3D('',#6980,#5563,#5564);
#5065=AXIS2_PLACEMENT_3D('',#6982,#5566,#5567);
#5066=AXIS2_PLACEMENT_3D('',#6983,#5568,#5569);
#5067=AXIS2_PLACEMENT_3D('',#6985,#5571,#5572);
#5068=AXIS2_PLACEMENT_3D('',#6987,#5574,#5575);
#5069=AXIS2_PLACEMENT_3D('',#7003,#5578,#5579);
#5070=AXIS2_PLACEMENT_3D('',#7006,#5581,#5582);
#5071=AXIS2_PLACEMENT_3D('',#7007,#5583,#5584);
#5072=AXIS2_PLACEMENT_3D('',#7010,#5586,#5587);
#5073=AXIS2_PLACEMENT_3D('',#7011,#5588,#5589);
#5074=AXIS2_PLACEMENT_3D('',#7015,#5592,#5593);
#5075=AXIS2_PLACEMENT_3D('',#7019,#5596,#5597);
#5076=AXIS2_PLACEMENT_3D('',#7022,#5599,#5600);
#5077=AXIS2_PLACEMENT_3D('',#7049,#5603,#5604);
#5078=AXIS2_PLACEMENT_3D('',#7053,#5607,#5608);
#5079=AXIS2_PLACEMENT_3D('',#7057,#5611,#5612);
#5080=AXIS2_PLACEMENT_3D('',#7061,#5615,#5616);
#5081=AXIS2_PLACEMENT_3D('',#7065,#5619,#5620);
#5082=AXIS2_PLACEMENT_3D('',#7069,#5623,#5624);
#5083=AXIS2_PLACEMENT_3D('',#7073,#5627,#5628);
#5084=AXIS2_PLACEMENT_3D('',#7077,#5631,#5632);
#5085=AXIS2_PLACEMENT_3D('',#7081,#5635,#5636);
#5086=AXIS2_PLACEMENT_3D('',#7085,#5639,#5640);
#5087=AXIS2_PLACEMENT_3D('',#7089,#5643,#5644);
#5088=AXIS2_PLACEMENT_3D('',#7093,#5647,#5648);
#5089=AXIS2_PLACEMENT_3D('',#7096,#5650,#5651);
#5090=AXIS2_PLACEMENT_3D('',#7097,#5652,#5653);
#5091=AXIS2_PLACEMENT_3D('',#7098,#5654,#5655);
#5092=AXIS2_PLACEMENT_3D('',#7099,#5656,#5657);
#5093=AXIS2_PLACEMENT_3D('',#7100,#5658,#5659);
#5094=AXIS2_PLACEMENT_3D('',#7109,#5664,#5665);
#5095=AXIS2_PLACEMENT_3D('',#7115,#5669,#5670);
#5096=AXIS2_PLACEMENT_3D('',#7116,#5671,#5672);
#5097=AXIS2_PLACEMENT_3D('',#7120,#5674,#5675);
#5098=AXIS2_PLACEMENT_3D('',#7189,#5680,#5681);
#5099=AXIS2_PLACEMENT_3D('',#7190,#5682,#5683);
#5100=AXIS2_PLACEMENT_3D('',#7194,#5685,#5686);
#5101=AXIS2_PLACEMENT_3D('',#7236,#5691,#5692);
#5102=AXIS2_PLACEMENT_3D('',#7240,#5695,#5696);
#5103=AXIS2_PLACEMENT_3D('',#7244,#5699,#5700);
#5104=AXIS2_PLACEMENT_3D('',#7248,#5703,#5704);
#5105=AXIS2_PLACEMENT_3D('',#7251,#5706,#5707);
#5106=AXIS2_PLACEMENT_3D('',#7252,#5708,#5709);
#5107=AXIS2_PLACEMENT_3D('',#7255,#5711,#5712);
#5108=AXIS2_PLACEMENT_3D('',#7269,#5714,#5715);
#5109=AXIS2_PLACEMENT_3D('',#7272,#5717,#5718);
#5110=AXIS2_PLACEMENT_3D('',#7273,#5719,#5720);
#5111=AXIS2_PLACEMENT_3D('',#7276,#5722,#5723);
#5112=AXIS2_PLACEMENT_3D('',#7290,#5725,#5726);
#5113=AXIS2_PLACEMENT_3D('',#7294,#5729,#5730);
#5114=AXIS2_PLACEMENT_3D('',#7298,#5733,#5734);
#5115=AXIS2_PLACEMENT_3D('',#7302,#5737,#5738);
#5116=AXIS2_PLACEMENT_3D('',#7305,#5740,#5741);
#5117=AXIS2_PLACEMENT_3D('',#7371,#5747,#5748);
#5118=AXIS2_PLACEMENT_3D('',#7399,#5752,#5753);
#5119=AXIS2_PLACEMENT_3D('',#7402,#5756,#5757);
#5120=AXIS2_PLACEMENT_3D('',#7440,#5761,#5762);
#5121=AXIS2_PLACEMENT_3D('',#7441,#5763,#5764);
#5122=AXIS2_PLACEMENT_3D('',#7445,#5766,#5767);
#5123=AXIS2_PLACEMENT_3D('',#7446,#5768,#5769);
#5124=AXIS2_PLACEMENT_3D('',#7447,#5770,#5771);
#5125=AXIS2_PLACEMENT_3D('',#7451,#5773,#5774);
#5126=AXIS2_PLACEMENT_3D('',#7452,#5775,#5776);
#5127=AXIS2_PLACEMENT_3D('',#7458,#5780,#5781);
#5128=AXIS2_PLACEMENT_3D('',#7459,#5782,#5783);
#5129=AXIS2_PLACEMENT_3D('',#7463,#5785,#5786);
#5130=AXIS2_PLACEMENT_3D('',#7515,#5790,#5791);
#5131=AXIS2_PLACEMENT_3D('',#7516,#5792,#5793);
#5132=AXIS2_PLACEMENT_3D('',#7520,#5795,#5796);
#5133=AXIS2_PLACEMENT_3D('',#7521,#5797,#5798);
#5134=AXIS2_PLACEMENT_3D('',#7522,#5799,#5800);
#5135=AXIS2_PLACEMENT_3D('',#7526,#5802,#5803);
#5136=AXIS2_PLACEMENT_3D('',#7527,#5804,#5805);
#5137=AXIS2_PLACEMENT_3D('',#7533,#5809,#5810);
#5138=AXIS2_PLACEMENT_3D('',#7534,#5811,#5812);
#5139=AXIS2_PLACEMENT_3D('',#7538,#5814,#5815);
#5140=AXIS2_PLACEMENT_3D('',#7593,#5821,#5822);
#5141=AXIS2_PLACEMENT_3D('',#7675,#5831,#5832);
#5142=AXIS2_PLACEMENT_3D('',#7692,#5836,#5837);
#5143=AXIS2_PLACEMENT_3D('',#7693,#5838,#5839);
#5144=AXIS2_PLACEMENT_3D('',#7708,#5840,#5841);
#5145=AXIS2_PLACEMENT_3D('',#7746,#5845,#5846);
#5146=AXIS2_PLACEMENT_3D('',#7747,#5847,#5848);
#5147=AXIS2_PLACEMENT_3D('',#7751,#5850,#5851);
#5148=AXIS2_PLACEMENT_3D('',#7752,#5852,#5853);
#5149=AXIS2_PLACEMENT_3D('',#7753,#5854,#5855);
#5150=AXIS2_PLACEMENT_3D('',#7757,#5857,#5858);
#5151=AXIS2_PLACEMENT_3D('',#7758,#5859,#5860);
#5152=AXIS2_PLACEMENT_3D('',#7764,#5864,#5865);
#5153=AXIS2_PLACEMENT_3D('',#7765,#5866,#5867);
#5154=AXIS2_PLACEMENT_3D('',#7769,#5869,#5870);
#5155=AXIS2_PLACEMENT_3D('',#7821,#5874,#5875);
#5156=AXIS2_PLACEMENT_3D('',#7822,#5876,#5877);
#5157=AXIS2_PLACEMENT_3D('',#7826,#5879,#5880);
#5158=AXIS2_PLACEMENT_3D('',#7827,#5881,#5882);
#5159=AXIS2_PLACEMENT_3D('',#7828,#5883,#5884);
#5160=AXIS2_PLACEMENT_3D('',#7832,#5886,#5887);
#5161=AXIS2_PLACEMENT_3D('',#7833,#5888,#5889);
#5162=AXIS2_PLACEMENT_3D('',#7839,#5893,#5894);
#5163=AXIS2_PLACEMENT_3D('',#7840,#5895,#5896);
#5164=AXIS2_PLACEMENT_3D('',#7844,#5898,#5899);
#5165=AXIS2_PLACEMENT_3D('',#7899,#5905,#5906);
#5166=AXIS2_PLACEMENT_3D('',#7981,#5915,#5916);
#5167=AXIS2_PLACEMENT_3D('',#7998,#5920,#5921);
#5168=AXIS2_PLACEMENT_3D('',#7999,#5922,#5923);
#5169=AXIS2_PLACEMENT_3D('',#8014,#5924,#5925);
#5170=AXIS2_PLACEMENT_3D('',#8015,#5926,#5927);
#5171=AXIS2_PLACEMENT_3D('',#8024,#5932,#5933);
#5172=AXIS2_PLACEMENT_3D('',#8030,#5937,#5938);
#5173=AXIS2_PLACEMENT_3D('',#8036,#5942,#5943);
#5174=AXIS2_PLACEMENT_3D('',#8040,#5946,#5947);
#5175=AXIS2_PLACEMENT_3D('',#8044,#5950,#5951);
#5176=AXIS2_PLACEMENT_3D('',#8048,#5954,#5955);
#5177=AXIS2_PLACEMENT_3D('',#8052,#5958,#5959);
#5178=AXIS2_PLACEMENT_3D('',#8056,#5962,#5963);
#5179=AXIS2_PLACEMENT_3D('',#8060,#5966,#5967);
#5180=AXIS2_PLACEMENT_3D('',#8062,#5969,#5970);
#5181=AXIS2_PLACEMENT_3D('',#8065,#5973,#5974);
#5182=AXIS2_PLACEMENT_3D('',#8066,#5975,#5976);
#5183=AXIS2_PLACEMENT_3D('',#8072,#5980,#5981);
#5184=AXIS2_PLACEMENT_3D('',#8076,#5984,#5985);
#5185=AXIS2_PLACEMENT_3D('',#8093,#5989,#5990);
#5186=AXIS2_PLACEMENT_3D('',#8096,#5992,#5993);
#5187=AXIS2_PLACEMENT_3D('',#8097,#5994,#5995);
#5188=AXIS2_PLACEMENT_3D('',#8100,#5997,#5998);
#5189=AXIS2_PLACEMENT_3D('',#8101,#5999,#6000);
#5190=AXIS2_PLACEMENT_3D('',#8104,#6002,#6003);
#5191=AXIS2_PLACEMENT_3D('',#8105,#6004,#6005);
#5192=AXIS2_PLACEMENT_3D('',#8109,#6008,#6009);
#5193=AXIS2_PLACEMENT_3D('',#8112,#6011,#6012);
#5194=AXIS2_PLACEMENT_3D('',#8113,#6013,#6014);
#5195=AXIS2_PLACEMENT_3D('',#8117,#6017,#6018);
#5196=AXIS2_PLACEMENT_3D('',#8120,#6020,#6021);
#5197=AXIS2_PLACEMENT_3D('',#8134,#6023,#6024);
#5198=AXIS2_PLACEMENT_3D('',#8138,#6027,#6028);
#5199=AXIS2_PLACEMENT_3D('',#8140,#6030,#6031);
#5200=AXIS2_PLACEMENT_3D('',#8169,#6035,#6036);
#5201=AXIS2_PLACEMENT_3D('',#8172,#6038,#6039);
#5202=AXIS2_PLACEMENT_3D('',#8186,#6041,#6042);
#5203=AXIS2_PLACEMENT_3D('',#8190,#6045,#6046);
#5204=AXIS2_PLACEMENT_3D('',#8194,#6049,#6050);
#5205=AXIS2_PLACEMENT_3D('',#8198,#6053,#6054);
#5206=AXIS2_PLACEMENT_3D('',#8201,#6056,#6057);
#5207=AXIS2_PLACEMENT_3D('',#8267,#6063,#6064);
#5208=AXIS2_PLACEMENT_3D('',#8271,#6067,#6068);
#5209=AXIS2_PLACEMENT_3D('',#8274,#6070,#6071);
#5210=AXIS2_PLACEMENT_3D('',#8327,#6076,#6077);
#5211=AXIS2_PLACEMENT_3D('',#8330,#6079,#6080);
#5212=AXIS2_PLACEMENT_3D('',#8331,#6081,#6082);
#5213=AXIS2_PLACEMENT_3D('',#8335,#6085,#6086);
#5214=AXIS2_PLACEMENT_3D('',#8339,#6089,#6090);
#5215=AXIS2_PLACEMENT_3D('',#8356,#6094,#6095);
#5216=AXIS2_PLACEMENT_3D('',#8359,#6097,#6098);
#5217=AXIS2_PLACEMENT_3D('',#8412,#6103,#6104);
#5218=AXIS2_PLACEMENT_3D('',#8416,#6107,#6108);
#5219=AXIS2_PLACEMENT_3D('',#8419,#6110,#6111);
#5220=AXIS2_PLACEMENT_3D('',#8431,#6112,#6113);
#5221=AXIS2_PLACEMENT_3D('',#8447,#6116,#6117);
#5222=AXIS2_PLACEMENT_3D('',#8450,#6119,#6120);
#5223=AXIS2_PLACEMENT_3D('',#8451,#6121,#6122);
#5224=AXIS2_PLACEMENT_3D('',#8454,#6124,#6125);
#5225=AXIS2_PLACEMENT_3D('',#8468,#6127,#6128);
#5226=AXIS2_PLACEMENT_3D('',#8471,#6130,#6131);
#5227=AXIS2_PLACEMENT_3D('',#8472,#6132,#6133);
#5228=AXIS2_PLACEMENT_3D('',#8475,#6135,#6136);
#5229=AXIS2_PLACEMENT_3D('',#8476,#6137,#6138);
#5230=AXIS2_PLACEMENT_3D('',#8479,#6140,#6141);
#5231=AXIS2_PLACEMENT_3D('',#8480,#6142,#6143);
#5232=AXIS2_PLACEMENT_3D('',#8484,#6146,#6147);
#5233=AXIS2_PLACEMENT_3D('',#8487,#6149,#6150);
#5234=AXIS2_PLACEMENT_3D('',#8488,#6151,#6152);
#5235=AXIS2_PLACEMENT_3D('',#8491,#6154,#6155);
#5236=AXIS2_PLACEMENT_3D('',#8492,#6156,#6157);
#5237=AXIS2_PLACEMENT_3D('',#8495,#6159,#6160);
#5238=AXIS2_PLACEMENT_3D('',#8496,#6161,#6162);
#5239=AXIS2_PLACEMENT_3D('',#8499,#6164,#6165);
#5240=AXIS2_PLACEMENT_3D('',#8500,#6166,#6167);
#5241=AXIS2_PLACEMENT_3D('',#8503,#6169,#6170);
#5242=AXIS2_PLACEMENT_3D('',#8504,#6171,#6172);
#5243=AXIS2_PLACEMENT_3D('',#8507,#6174,#6175);
#5244=AXIS2_PLACEMENT_3D('',#8508,#6176,#6177);
#5245=AXIS2_PLACEMENT_3D('',#8511,#6179,#6180);
#5246=AXIS2_PLACEMENT_3D('',#8512,#6181,#6182);
#5247=AXIS2_PLACEMENT_3D('',#8542,#6187,#6188);
#5248=AXIS2_PLACEMENT_3D('',#8545,#6190,#6191);
#5249=AXIS2_PLACEMENT_3D('',#8546,#6192,#6193);
#5250=AXIS2_PLACEMENT_3D('',#8549,#6195,#6196);
#5251=AXIS2_PLACEMENT_3D('',#8576,#6199,#6200);
#5252=AXIS2_PLACEMENT_3D('',#8579,#6202,#6203);
#5253=AXIS2_PLACEMENT_3D('',#8580,#6204,#6205);
#5254=AXIS2_PLACEMENT_3D('',#8584,#6208,#6209);
#5255=AXIS2_PLACEMENT_3D('',#8587,#6211,#6212);
#5256=AXIS2_PLACEMENT_3D('',#8588,#6213,#6214);
#5257=AXIS2_PLACEMENT_3D('',#8591,#6216,#6217);
#5258=AXIS2_PLACEMENT_3D('',#8644,#6222,#6223);
#5259=AXIS2_PLACEMENT_3D('',#8659,#6226,#6227);
#5260=AXIS2_PLACEMENT_3D('',#8660,#6228,#6229);
#5261=AXIS2_PLACEMENT_3D('',#8666,#6233,#6234);
#5262=AXIS2_PLACEMENT_3D('',#8670,#6237,#6238);
#5263=AXIS2_PLACEMENT_3D('',#8674,#6241,#6242);
#5264=AXIS2_PLACEMENT_3D('',#8677,#6244,#6245);
#5265=AXIS2_PLACEMENT_3D('',#8678,#6246,#6247);
#5266=AXIS2_PLACEMENT_3D('',#8681,#6249,#6250);
#5267=AXIS2_PLACEMENT_3D('',#8682,#6251,#6252);
#5268=AXIS2_PLACEMENT_3D('',#8685,#6254,#6255);
#5269=AXIS2_PLACEMENT_3D('',#8699,#6257,#6258);
#5270=AXIS2_PLACEMENT_3D('',#8703,#6261,#6262);
#5271=AXIS2_PLACEMENT_3D('',#8707,#6265,#6266);
#5272=AXIS2_PLACEMENT_3D('',#8711,#6269,#6270);
#5273=AXIS2_PLACEMENT_3D('',#8714,#6272,#6273);
#5274=AXIS2_PLACEMENT_3D('',#8715,#6274,#6275);
#5275=AXIS2_PLACEMENT_3D('',#8718,#6277,#6278);
#5276=AXIS2_PLACEMENT_3D('',#8745,#6281,#6282);
#5277=AXIS2_PLACEMENT_3D('',#8749,#6285,#6286);
#5278=AXIS2_PLACEMENT_3D('',#8753,#6289,#6290);
#5279=AXIS2_PLACEMENT_3D('',#8770,#6294,#6295);
#5280=AXIS2_PLACEMENT_3D('',#8773,#6297,#6298);
#5281=AXIS2_PLACEMENT_3D('',#8774,#6299,#6300);
#5282=AXIS2_PLACEMENT_3D('',#8777,#6302,#6303);
#5283=AXIS2_PLACEMENT_3D('',#8778,#6304,#6305);
#5284=AXIS2_PLACEMENT_3D('',#8781,#6307,#6308);
#5285=AXIS2_PLACEMENT_3D('',#8808,#6311,#6312);
#5286=AXIS2_PLACEMENT_3D('',#8811,#6314,#6315);
#5287=AXIS2_PLACEMENT_3D('',#8812,#6316,#6317);
#5288=AXIS2_PLACEMENT_3D('',#8815,#6319,#6320);
#5289=AXIS2_PLACEMENT_3D('',#8816,#6321,#6322);
#5290=AXIS2_PLACEMENT_3D('',#8819,#6324,#6325);
#5291=AXIS2_PLACEMENT_3D('',#8820,#6326,#6327);
#5292=AXIS2_PLACEMENT_3D('',#8824,#6330,#6331);
#5293=AXIS2_PLACEMENT_3D('',#8826,#6333,#6334);
#5294=AXIS2_PLACEMENT_3D('',#8827,#6335,#6336);
#5295=AXIS2_PLACEMENT_3D('',#8828,#6337,#6338);
#5296=AXIS2_PLACEMENT_3D('',#8829,#6339,#6340);
#5297=AXIS2_PLACEMENT_3D('',#8830,#6341,#6342);
#5298=DIRECTION('',(0.,0.,1.));
#5299=DIRECTION('',(1.,0.,0.));
#5300=DIRECTION('',(0.,0.,1.));
#5301=DIRECTION('',(1.,0.,0.));
#5302=DIRECTION('',(0.957362774982217,-0.288888416310432,0.));
#5303=DIRECTION('',(0.,0.,-1.));
#5304=DIRECTION('',(-1.,0.,0.));
#5305=DIRECTION('',(0.,0.,-1.));
#5306=DIRECTION('',(-1.,0.,0.));
#5307=DIRECTION('',(-0.758918514365326,-0.651185602231442,0.));
#5308=DIRECTION('',(0.,0.,-1.));
#5309=DIRECTION('',(-1.,0.,0.));
#5310=DIRECTION('',(0.,0.,-1.));
#5311=DIRECTION('',(-1.,0.,0.));
#5312=DIRECTION('',(0.,0.,-1.));
#5313=DIRECTION('',(-1.,0.,0.));
#5314=DIRECTION('',(-0.93624568940314,0.35134599624023,0.));
#5315=DIRECTION('',(0.,0.,-1.));
#5316=DIRECTION('',(-1.,0.,0.));
#5317=DIRECTION('',(0.,0.,-1.));
#5318=DIRECTION('',(-1.,0.,0.));
#5319=DIRECTION('',(0.,0.,-1.));
#5320=DIRECTION('',(-1.,0.,0.));
#5321=DIRECTION('',(0.,0.,-1.));
#5322=DIRECTION('',(-1.,0.,0.));
#5323=DIRECTION('',(0.,0.,-1.));
#5324=DIRECTION('',(-1.,0.,0.));
#5325=DIRECTION('',(0.,0.,-1.));
#5326=DIRECTION('',(-1.,0.,0.));
#5327=DIRECTION('',(0.,0.,-1.));
#5328=DIRECTION('',(-1.,0.,0.));
#5329=DIRECTION('',(0.734717033557432,0.678373702763136,0.));
#5330=DIRECTION('',(0.,0.,-1.));
#5331=DIRECTION('',(-1.,0.,0.));
#5332=DIRECTION('',(0.,0.,-1.));
#5333=DIRECTION('',(-1.,0.,0.));
#5334=DIRECTION('',(0.,0.,-1.));
#5335=DIRECTION('',(-1.,0.,0.));
#5336=DIRECTION('',(0.,0.,-1.));
#5337=DIRECTION('',(-1.,0.,0.));
#5338=DIRECTION('',(0.,0.,-1.));
#5339=DIRECTION('',(-1.,0.,0.));
#5340=DIRECTION('',(0.,-1.,0.));
#5341=DIRECTION('',(1.,0.,0.));
#5342=DIRECTION('',(0.,1.,0.));
#5343=DIRECTION('',(0.,0.,-1.));
#5344=DIRECTION('',(-1.,0.,0.));
#5345=DIRECTION('',(1.,0.,0.));
#5346=DIRECTION('',(0.,0.,-1.));
#5347=DIRECTION('',(-1.,0.,0.));
#5348=DIRECTION('',(0.,1.,0.));
#5349=DIRECTION('',(0.,0.,-1.));
#5350=DIRECTION('',(-1.,0.,0.));
#5351=DIRECTION('',(6.86239685996686E-18,-6.08465854916359E-17,-1.));
#5352=DIRECTION('',(0.22299113309427,-0.974820472990455,6.08447509003572E-17));
#5353=DIRECTION('',(0.,0.,-1.));
#5354=DIRECTION('',(-1.,0.,0.));
#5355=DIRECTION('',(0.,1.,0.));
#5356=DIRECTION('',(-1.,0.,0.));
#5357=DIRECTION('',(0.,0.,-1.));
#5358=DIRECTION('',(-1.,0.,0.));
#5359=DIRECTION('',(0.,-1.,0.));
#5360=DIRECTION('',(0.,1.,0.));
#5361=DIRECTION('',(0.,-1.,0.));
#5362=DIRECTION('',(0.,0.,-1.));
#5363=DIRECTION('',(-1.,0.,0.));
#5364=DIRECTION('',(0.,1.,0.));
#5365=DIRECTION('',(-1.,0.,0.));
#5366=DIRECTION('',(0.,1.,0.));
#5367=DIRECTION('',(0.,0.,-1.));
#5368=DIRECTION('',(-1.,0.,0.));
#5369=DIRECTION('',(0.,0.,-1.));
#5370=DIRECTION('',(-1.,0.,0.));
#5371=DIRECTION('',(0.,0.,-1.));
#5372=DIRECTION('',(-1.,0.,0.));
#5373=DIRECTION('',(0.,0.,-1.));
#5374=DIRECTION('',(-1.,0.,0.));
#5375=DIRECTION('',(0.,-1.,0.));
#5376=DIRECTION('',(1.,0.,0.));
#5377=DIRECTION('',(0.,1.,0.));
#5378=DIRECTION('',(-1.,-1.92747052886312E-16,0.));
#5379=DIRECTION('',(0.,-1.,0.));
#5380=DIRECTION('',(1.,0.,0.));
#5381=DIRECTION('',(0.,-1.,0.));
#5382=DIRECTION('',(-1.,0.,0.));
#5383=DIRECTION('',(-2.16840434497101E-16,1.,0.));
#5384=DIRECTION('',(-1.,0.,0.));
#5385=DIRECTION('',(-2.16840434497101E-16,1.,0.));
#5386=DIRECTION('',(1.,0.,0.));
#5387=DIRECTION('',(0.,0.,1.));
#5388=DIRECTION('',(1.,0.,0.));
#5389=DIRECTION('',(0.,-1.,0.));
#5390=DIRECTION('',(0.,0.,1.));
#5391=DIRECTION('',(1.,0.,0.));
#5392=DIRECTION('',(1.,0.,0.));
#5393=DIRECTION('',(0.,0.,1.));
#5394=DIRECTION('',(1.,0.,0.));
#5395=DIRECTION('',(0.,-1.,0.));
#5396=DIRECTION('',(0.,0.,1.));
#5397=DIRECTION('',(1.,0.,0.));
#5398=DIRECTION('',(0.,0.,-1.));
#5399=DIRECTION('',(-1.,0.,0.));
#5400=DIRECTION('',(0.,0.,-1.));
#5401=DIRECTION('',(-1.,0.,0.));
#5402=DIRECTION('',(0.,-1.,0.));
#5403=DIRECTION('',(-1.,0.,0.));
#5404=DIRECTION('',(0.,-1.,0.));
#5405=DIRECTION('',(1.,0.,0.));
#5406=DIRECTION('',(0.,-1.,0.));
#5407=DIRECTION('',(1.,0.,0.));
#5408=DIRECTION('',(0.,1.,0.));
#5409=DIRECTION('',(1.,0.,0.));
#5410=DIRECTION('',(0.,1.,0.));
#5411=DIRECTION('',(-1.,0.,0.));
#5412=DIRECTION('',(0.,1.,0.));
#5413=DIRECTION('',(0.,0.,-1.));
#5414=DIRECTION('',(-1.,0.,0.));
#5415=DIRECTION('',(0.995150814386662,-0.0983608490486123,0.));
#5416=DIRECTION('',(0.,1.,0.));
#5417=DIRECTION('',(0.,0.,-1.));
#5418=DIRECTION('',(-1.,0.,0.));
#5419=DIRECTION('',(0.,0.,-1.));
#5420=DIRECTION('',(-1.,0.,0.));
#5421=DIRECTION('',(0.,0.,-1.));
#5422=DIRECTION('',(-1.,0.,0.));
#5423=DIRECTION('',(0.,-1.,0.));
#5424=DIRECTION('',(0.,1.,0.));
#5425=DIRECTION('',(0.207569871467311,-0.978220194260497,0.));
#5426=DIRECTION('',(1.,0.,0.));
#5427=DIRECTION('',(0.208833338673567,0.97795124452012,0.));
#5428=DIRECTION('',(-1.,0.,0.));
#5429=DIRECTION('',(-0.177824415652248,-0.984062232380624,0.));
#5430=DIRECTION('',(-1.,0.,0.));
#5431=DIRECTION('',(-0.188010530713606,0.982167012447877,0.));
#5432=DIRECTION('',(-1.,0.,0.));
#5433=DIRECTION('',(0.,0.,-1.));
#5434=DIRECTION('',(-1.,0.,0.));
#5435=DIRECTION('',(0.,-1.,0.));
#5436=DIRECTION('',(0.,0.,-1.));
#5437=DIRECTION('',(-1.,0.,0.));
#5438=DIRECTION('',(0.,1.,0.));
#5439=DIRECTION('',(-1.,0.,0.));
#5440=DIRECTION('',(0.,-1.,0.));
#5441=DIRECTION('',(0.,0.,-1.));
#5442=DIRECTION('',(-1.,0.,0.));
#5443=DIRECTION('',(0.,0.,-1.));
#5444=DIRECTION('',(-1.,0.,0.));
#5445=DIRECTION('',(0.,1.,0.));
#5446=DIRECTION('',(0.,0.,-1.));
#5447=DIRECTION('',(-1.,0.,0.));
#5448=DIRECTION('',(0.,-1.,0.));
#5449=DIRECTION('',(1.,0.,0.));
#5450=DIRECTION('',(0.,1.,0.));
#5451=DIRECTION('',(0.,0.,-1.));
#5452=DIRECTION('',(-1.,0.,0.));
#5453=DIRECTION('',(0.,-1.,0.));
#5454=DIRECTION('',(1.,0.,0.));
#5455=DIRECTION('',(0.,1.,0.));
#5456=DIRECTION('',(0.,0.,-1.));
#5457=DIRECTION('',(-1.,0.,0.));
#5458=DIRECTION('',(0.,0.,-1.));
#5459=DIRECTION('',(-1.,0.,0.));
#5460=DIRECTION('',(0.,0.,-1.));
#5461=DIRECTION('',(-1.,0.,0.));
#5462=DIRECTION('',(0.,0.,-1.));
#5463=DIRECTION('',(-1.,0.,0.));
#5464=DIRECTION('',(0.,0.,-1.));
#5465=DIRECTION('',(-1.,0.,0.));
#5466=DIRECTION('',(0.,0.,-1.));
#5467=DIRECTION('',(-1.,0.,0.));
#5468=DIRECTION('',(0.,1.,0.));
#5469=DIRECTION('',(-1.,0.,0.));
#5470=DIRECTION('',(0.,-1.,0.));
#5471=DIRECTION('',(0.,0.,-1.));
#5472=DIRECTION('',(-1.,0.,0.));
#5473=DIRECTION('',(0.,0.,-1.));
#5474=DIRECTION('',(-1.,0.,0.));
#5475=DIRECTION('',(0.,1.,0.));
#5476=DIRECTION('',(-1.,0.,0.));
#5477=DIRECTION('',(0.,-1.,0.));
#5478=DIRECTION('',(0.,0.,-1.));
#5479=DIRECTION('',(-1.,0.,0.));
#5480=DIRECTION('',(0.,0.,-1.));
#5481=DIRECTION('',(-1.,0.,0.));
#5482=DIRECTION('',(0.,0.,-1.));
#5483=DIRECTION('',(-1.,0.,0.));
#5484=DIRECTION('',(0.,1.,0.));
#5485=DIRECTION('',(-1.,0.,0.));
#5486=DIRECTION('',(0.,0.,1.));
#5487=DIRECTION('',(1.,0.,0.));
#5488=DIRECTION('',(0.,-1.,0.));
#5489=DIRECTION('',(0.,0.,1.));
#5490=DIRECTION('',(1.,0.,0.));
#5491=DIRECTION('',(1.,0.,0.));
#5492=DIRECTION('',(0.,0.,1.));
#5493=DIRECTION('',(1.,0.,0.));
#5494=DIRECTION('',(0.,-1.,0.));
#5495=DIRECTION('',(0.,0.,1.));
#5496=DIRECTION('',(1.,0.,0.));
#5497=DIRECTION('',(1.,0.,0.));
#5498=DIRECTION('',(0.,0.,1.));
#5499=DIRECTION('',(1.,0.,0.));
#5500=DIRECTION('',(0.,-1.,0.));
#5501=DIRECTION('',(-1.,-1.92747052886312E-16,0.));
#5502=DIRECTION('',(0.,-1.,0.));
#5503=DIRECTION('',(1.,0.,0.));
#5504=DIRECTION('',(0.,-1.,0.));
#5505=DIRECTION('',(1.,0.,0.));
#5506=DIRECTION('',(0.,0.,1.));
#5507=DIRECTION('',(1.,0.,0.));
#5508=DIRECTION('',(-2.16840434497101E-16,1.,0.));
#5509=DIRECTION('',(-1.,0.,0.));
#5510=DIRECTION('',(-2.16840434497101E-16,1.,0.));
#5511=DIRECTION('',(-1.,0.,0.));
#5512=DIRECTION('',(0.,-1.,0.));
#5513=DIRECTION('',(1.,0.,0.));
#5514=DIRECTION('',(0.,-1.,0.));
#5515=DIRECTION('',(1.,0.,0.));
#5516=DIRECTION('',(0.,-1.,0.));
#5517=DIRECTION('',(1.,0.,0.));
#5518=DIRECTION('',(0.,1.,0.));
#5519=DIRECTION('',(0.,0.,1.));
#5520=DIRECTION('',(0.,0.,-1.));
#5521=DIRECTION('',(0.,0.,-1.));
#5522=DIRECTION('',(1.,0.,0.));
#5523=DIRECTION('',(0.,0.,-1.));
#5524=DIRECTION('',(0.,0.,-1.));
#5525=DIRECTION('',(0.,0.,-1.));
#5526=DIRECTION('',(0.,1.,0.));
#5527=DIRECTION('',(0.,0.,1.));
#5528=DIRECTION('',(0.,0.,-1.));
#5529=DIRECTION('',(0.,0.,-1.));
#5530=DIRECTION('',(1.,0.,0.));
#5531=DIRECTION('',(0.,0.,-1.));
#5532=DIRECTION('',(0.,0.,-1.));
#5533=DIRECTION('',(0.,0.,-1.));
#5534=DIRECTION('',(0.,1.,0.));
#5535=DIRECTION('',(0.,0.,1.));
#5536=DIRECTION('',(0.,0.,-1.));
#5537=DIRECTION('',(1.,0.,0.));
#5538=DIRECTION('',(0.,0.,-1.));
#5539=DIRECTION('',(0.,0.,1.));
#5540=DIRECTION('',(0.,0.,1.));
#5541=DIRECTION('',(0.,1.,0.));
#5542=DIRECTION('',(0.,0.,1.));
#5543=DIRECTION('',(0.,0.,1.));
#5544=DIRECTION('',(1.,0.,0.));
#5545=DIRECTION('',(0.,0.,-1.));
#5546=DIRECTION('',(0.,0.,-1.));
#5547=DIRECTION('',(0.,0.,-1.));
#5548=DIRECTION('',(0.,0.,-1.));
#5549=DIRECTION('',(-1.,0.,0.));
#5550=DIRECTION('',(0.,0.,-1.));
#5551=DIRECTION('',(-1.,0.,0.));
#5552=DIRECTION('',(0.,0.,1.));
#5553=DIRECTION('',(1.,0.,0.));
#5554=DIRECTION('',(0.,0.,1.));
#5555=DIRECTION('',(1.,0.,0.));
#5556=DIRECTION('',(0.,1.,0.));
#5557=DIRECTION('',(0.,0.,1.));
#5558=DIRECTION('',(0.,0.,1.));
#5559=DIRECTION('',(0.,0.,1.));
#5560=DIRECTION('',(1.,2.16840434497101E-16,0.));
#5561=DIRECTION('',(-2.16840434497101E-16,1.,0.));
#5562=DIRECTION('',(0.,0.,1.));
#5563=DIRECTION('',(0.,1.,0.));
#5564=DIRECTION('',(0.,0.,1.));
#5565=DIRECTION('',(0.,0.,1.));
#5566=DIRECTION('',(1.,2.16840434497101E-16,0.));
#5567=DIRECTION('',(-2.16840434497101E-16,1.,0.));
#5568=DIRECTION('',(0.,-1.,0.));
#5569=DIRECTION('',(0.,0.,-1.));
#5570=DIRECTION('',(0.,0.,1.));
#5571=DIRECTION('',(-1.,0.,0.));
#5572=DIRECTION('',(0.,0.,1.));
#5573=DIRECTION('',(0.,0.,1.));
#5574=DIRECTION('',(-1.92747052886312E-16,1.,0.));
#5575=DIRECTION('',(-1.,-1.92747052886312E-16,0.));
#5576=DIRECTION('',(0.,0.,-1.));
#5577=DIRECTION('',(0.,0.,-1.));
#5578=DIRECTION('',(0.,0.,-1.));
#5579=DIRECTION('',(0.0411696434731967,0.999152170820987,0.));
#5580=DIRECTION('',(0.,0.,-1.));
#5581=DIRECTION('',(0.,0.,-1.));
#5582=DIRECTION('',(-1.,0.,0.));
#5583=DIRECTION('',(0.,0.,-1.));
#5584=DIRECTION('',(0.118569639249595,0.99294573902516,0.));
#5585=DIRECTION('',(0.,0.,-1.));
#5586=DIRECTION('',(0.,0.,-1.));
#5587=DIRECTION('',(-1.,0.,0.));
#5588=DIRECTION('',(-1.,0.,0.));
#5589=DIRECTION('',(0.,0.,1.));
#5590=DIRECTION('',(0.,-7.48996642829845E-27,-1.));
#5591=DIRECTION('',(0.,1.,0.));
#5592=DIRECTION('',(0.0983608490486123,0.995150814386662,-7.45364619084996E-27));
#5593=DIRECTION('',(-0.995150814386662,0.0983608490486123,5.74458917850159E-34));
#5594=DIRECTION('',(0.,0.,-1.));
#5595=DIRECTION('',(-0.995150814386662,0.0983608490486123,5.74458917850159E-34));
#5596=DIRECTION('',(0.,0.,-1.));
#5597=DIRECTION('',(0.0485494976218666,0.998820777857902,0.));
#5598=DIRECTION('',(0.,0.,-1.));
#5599=DIRECTION('',(0.,0.,-1.));
#5600=DIRECTION('',(-1.,0.,0.));
#5601=DIRECTION('',(0.,0.,-1.));
#5602=DIRECTION('',(0.,0.,-1.));
#5603=DIRECTION('',(-1.,0.,0.));
#5604=DIRECTION('',(0.,0.,1.));
#5605=DIRECTION('',(0.,0.,-1.));
#5606=DIRECTION('',(0.,1.,0.));
#5607=DIRECTION('',(0.,-1.,0.));
#5608=DIRECTION('',(0.,0.,-1.));
#5609=DIRECTION('',(0.,0.,-1.));
#5610=DIRECTION('',(-1.,0.,0.));
#5611=DIRECTION('',(-1.,0.,0.));
#5612=DIRECTION('',(0.,0.,1.));
#5613=DIRECTION('',(0.,0.,-1.));
#5614=DIRECTION('',(0.,1.,0.));
#5615=DIRECTION('',(0.,1.,0.));
#5616=DIRECTION('',(0.,0.,1.));
#5617=DIRECTION('',(0.,0.,-1.));
#5618=DIRECTION('',(1.,0.,0.));
#5619=DIRECTION('',(-1.,0.,0.));
#5620=DIRECTION('',(0.,0.,1.));
#5621=DIRECTION('',(0.,0.,-1.));
#5622=DIRECTION('',(0.,1.,0.));
#5623=DIRECTION('',(0.,1.,0.));
#5624=DIRECTION('',(0.,0.,1.));
#5625=DIRECTION('',(0.,0.,-1.));
#5626=DIRECTION('',(1.,0.,0.));
#5627=DIRECTION('',(1.,0.,0.));
#5628=DIRECTION('',(0.,0.,-1.));
#5629=DIRECTION('',(0.,0.,-1.));
#5630=DIRECTION('',(0.,-1.,0.));
#5631=DIRECTION('',(0.,1.,0.));
#5632=DIRECTION('',(0.,0.,1.));
#5633=DIRECTION('',(0.,0.,-1.));
#5634=DIRECTION('',(1.,0.,0.));
#5635=DIRECTION('',(1.,0.,0.));
#5636=DIRECTION('',(0.,0.,-1.));
#5637=DIRECTION('',(0.,0.,-1.));
#5638=DIRECTION('',(0.,-1.,0.));
#5639=DIRECTION('',(0.,-1.,0.));
#5640=DIRECTION('',(0.,0.,-1.));
#5641=DIRECTION('',(0.,0.,-1.));
#5642=DIRECTION('',(-1.,0.,0.));
#5643=DIRECTION('',(1.,0.,0.));
#5644=DIRECTION('',(0.,0.,-1.));
#5645=DIRECTION('',(0.,0.,-1.));
#5646=DIRECTION('',(0.,-1.,0.));
#5647=DIRECTION('',(0.,0.,-1.));
#5648=DIRECTION('',(-0.984401354196741,0.175937414598549,0.));
#5649=DIRECTION('',(0.,0.,-1.));
#5650=DIRECTION('',(0.,0.,-1.));
#5651=DIRECTION('',(-1.,0.,0.));
#5652=DIRECTION('',(0.,0.,-1.));
#5653=DIRECTION('',(-0.766718448735159,0.641983504748488,0.));
#5654=DIRECTION('',(0.,0.,-1.));
#5655=DIRECTION('',(-1.,0.,0.));
#5656=DIRECTION('',(0.,0.,-1.));
#5657=DIRECTION('',(1.,0.,0.));
#5658=DIRECTION('',(0.,1.,0.));
#5659=DIRECTION('',(0.,0.,1.));
#5660=DIRECTION('',(1.,0.,0.));
#5661=DIRECTION('',(0.,0.,-1.));
#5662=DIRECTION('',(1.,0.,0.));
#5663=DIRECTION('',(0.,0.,-1.));
#5664=DIRECTION('',(-1.,0.,0.));
#5665=DIRECTION('',(0.,0.,1.));
#5666=DIRECTION('',(0.,1.,0.));
#5667=DIRECTION('',(0.,0.,-1.));
#5668=DIRECTION('',(0.,1.,0.));
#5669=DIRECTION('',(0.,0.,-1.));
#5670=DIRECTION('',(-0.997507007929881,-0.0705674792718028,0.));
#5671=DIRECTION('',(0.,0.,-1.));
#5672=DIRECTION('',(-1.,0.,0.));
#5673=DIRECTION('',(0.,0.,-1.));
#5674=DIRECTION('',(0.,0.,-1.));
#5675=DIRECTION('',(-1.,0.,0.));
#5676=DIRECTION('',(0.,0.,-1.));
#5677=DIRECTION('',(0.,0.,-1.));
#5678=DIRECTION('',(0.,0.,-1.));
#5679=DIRECTION('',(0.,0.,-1.));
#5680=DIRECTION('',(0.,0.,-1.));
#5681=DIRECTION('',(0.997517339892552,-0.0704212795516186,0.));
#5682=DIRECTION('',(0.,0.,-1.));
#5683=DIRECTION('',(-1.,0.,0.));
#5684=DIRECTION('',(0.,0.,-1.));
#5685=DIRECTION('',(0.,0.,-1.));
#5686=DIRECTION('',(-1.,0.,0.));
#5687=DIRECTION('',(0.,0.,-1.));
#5688=DIRECTION('',(0.,0.,-1.));
#5689=DIRECTION('',(0.,0.,-1.));
#5690=DIRECTION('',(0.,0.,-1.));
#5691=DIRECTION('',(-1.,0.,0.));
#5692=DIRECTION('',(0.,0.,1.));
#5693=DIRECTION('',(0.,0.,-1.));
#5694=DIRECTION('',(0.,1.,0.));
#5695=DIRECTION('',(0.,1.,0.));
#5696=DIRECTION('',(0.,0.,1.));
#5697=DIRECTION('',(0.,0.,-1.));
#5698=DIRECTION('',(1.,0.,0.));
#5699=DIRECTION('',(1.,0.,0.));
#5700=DIRECTION('',(0.,0.,-1.));
#5701=DIRECTION('',(0.,0.,-1.));
#5702=DIRECTION('',(0.,-1.,0.));
#5703=DIRECTION('',(0.,0.,-1.));
#5704=DIRECTION('',(0.995705318176876,0.0925792598495247,0.));
#5705=DIRECTION('',(0.,0.,-1.));
#5706=DIRECTION('',(0.,0.,-1.));
#5707=DIRECTION('',(-1.,0.,0.));
#5708=DIRECTION('',(0.,0.,-1.));
#5709=DIRECTION('',(0.883254305573605,0.468894264931539,0.));
#5710=DIRECTION('',(0.,0.,-1.));
#5711=DIRECTION('',(0.,0.,-1.));
#5712=DIRECTION('',(-1.,0.,0.));
#5713=DIRECTION('',(0.,0.,-1.));
#5714=DIRECTION('',(0.,0.,-1.));
#5715=DIRECTION('',(-0.284073572851178,0.958802484981952,0.));
#5716=DIRECTION('',(0.,0.,-1.));
#5717=DIRECTION('',(0.,0.,-1.));
#5718=DIRECTION('',(-1.,0.,0.));
#5719=DIRECTION('',(0.,0.,-1.));
#5720=DIRECTION('',(-0.831804398941326,0.555068862306165,0.));
#5721=DIRECTION('',(0.,0.,-1.));
#5722=DIRECTION('',(0.,0.,-1.));
#5723=DIRECTION('',(-1.,0.,0.));
#5724=DIRECTION('',(0.,0.,-1.));
#5725=DIRECTION('',(-1.,0.,0.));
#5726=DIRECTION('',(0.,0.,1.));
#5727=DIRECTION('',(0.,0.,-1.));
#5728=DIRECTION('',(0.,1.,0.));
#5729=DIRECTION('',(0.,-1.,0.));
#5730=DIRECTION('',(0.,0.,-1.));
#5731=DIRECTION('',(0.,0.,-1.));
#5732=DIRECTION('',(-1.,0.,0.));
#5733=DIRECTION('',(-1.,0.,0.));
#5734=DIRECTION('',(0.,0.,1.));
#5735=DIRECTION('',(0.,0.,-1.));
#5736=DIRECTION('',(0.,1.,0.));
#5737=DIRECTION('',(0.,0.,-1.));
#5738=DIRECTION('',(0.996299081254146,-0.0859542942042081,0.));
#5739=DIRECTION('',(0.,0.,-1.));
#5740=DIRECTION('',(0.,0.,-1.));
#5741=DIRECTION('',(-1.,0.,0.));
#5742=DIRECTION('',(0.,0.,-1.));
#5743=DIRECTION('',(0.,0.,-1.));
#5744=DIRECTION('',(0.,0.,-1.));
#5745=DIRECTION('',(0.,0.,-1.));
#5746=DIRECTION('',(0.,0.,-1.));
#5747=DIRECTION('',(1.,0.,0.));
#5748=DIRECTION('',(0.,0.,-1.));
#5749=DIRECTION('',(0.,0.,-1.));
#5750=DIRECTION('',(0.,-1.,0.));
#5751=DIRECTION('',(0.,0.,-1.));
#5752=DIRECTION('',(1.,0.,0.));
#5753=DIRECTION('',(0.,0.,-1.));
#5754=DIRECTION('',(0.,-1.,0.));
#5755=DIRECTION('',(0.,-1.,0.));
#5756=DIRECTION('',(0.,0.,-1.));
#5757=DIRECTION('',(1.,0.,0.));
#5758=DIRECTION('',(0.,0.,-1.));
#5759=DIRECTION('',(0.,0.,-1.));
#5760=DIRECTION('',(0.,0.,-1.));
#5761=DIRECTION('',(0.,0.,-1.));
#5762=DIRECTION('',(-0.946177034713453,0.323649531099392,0.));
#5763=DIRECTION('',(0.,0.,-1.));
#5764=DIRECTION('',(-1.,0.,0.));
#5765=DIRECTION('',(0.,0.,-1.));
#5766=DIRECTION('',(0.,0.,-1.));
#5767=DIRECTION('',(-1.,0.,0.));
#5768=DIRECTION('',(0.,0.,-1.));
#5769=DIRECTION('',(-0.999151402030921,0.0411882971200008,0.));
#5770=DIRECTION('',(0.,0.,-1.));
#5771=DIRECTION('',(-1.,0.,0.));
#5772=DIRECTION('',(0.,0.,-1.));
#5773=DIRECTION('',(0.,0.,-1.));
#5774=DIRECTION('',(-1.,0.,0.));
#5775=DIRECTION('',(-1.,0.,0.));
#5776=DIRECTION('',(0.,0.,1.));
#5777=DIRECTION('',(0.,1.,0.));
#5778=DIRECTION('',(0.,0.,-1.));
#5779=DIRECTION('',(0.,1.,0.));
#5780=DIRECTION('',(0.,0.,-1.));
#5781=DIRECTION('',(-0.999150708920126,-0.0412051072612276,0.));
#5782=DIRECTION('',(0.,0.,-1.));
#5783=DIRECTION('',(-1.,0.,0.));
#5784=DIRECTION('',(0.,0.,-1.));
#5785=DIRECTION('',(0.,0.,-1.));
#5786=DIRECTION('',(-1.,0.,0.));
#5787=DIRECTION('',(0.,0.,-1.));
#5788=DIRECTION('',(0.,0.,-1.));
#5789=DIRECTION('',(0.,0.,-1.));
#5790=DIRECTION('',(0.,0.,-1.));
#5791=DIRECTION('',(0.950040725885998,-0.312125966811488,0.));
#5792=DIRECTION('',(0.,0.,-1.));
#5793=DIRECTION('',(-1.,0.,0.));
#5794=DIRECTION('',(0.,0.,-1.));
#5795=DIRECTION('',(0.,0.,-1.));
#5796=DIRECTION('',(-1.,0.,0.));
#5797=DIRECTION('',(0.,0.,-1.));
#5798=DIRECTION('',(0.999150708920126,-0.0412051072612352,0.));
#5799=DIRECTION('',(0.,0.,-1.));
#5800=DIRECTION('',(-1.,0.,0.));
#5801=DIRECTION('',(0.,0.,-1.));
#5802=DIRECTION('',(0.,0.,-1.));
#5803=DIRECTION('',(-1.,0.,0.));
#5804=DIRECTION('',(1.,0.,0.));
#5805=DIRECTION('',(0.,0.,-1.));
#5806=DIRECTION('',(0.,-1.,0.));
#5807=DIRECTION('',(0.,0.,-1.));
#5808=DIRECTION('',(0.,-1.,0.));
#5809=DIRECTION('',(0.,0.,-1.));
#5810=DIRECTION('',(0.99915140203092,0.0411882971200118,0.));
#5811=DIRECTION('',(0.,0.,-1.));
#5812=DIRECTION('',(-1.,0.,0.));
#5813=DIRECTION('',(0.,0.,-1.));
#5814=DIRECTION('',(0.,0.,-1.));
#5815=DIRECTION('',(-1.,0.,0.));
#5816=DIRECTION('',(0.,0.,-1.));
#5817=DIRECTION('',(0.,0.,-1.));
#5818=DIRECTION('',(0.,0.,-1.));
#5819=DIRECTION('',(0.,0.,-1.));
#5820=DIRECTION('',(0.,0.,-1.));
#5821=DIRECTION('',(-1.,0.,0.));
#5822=DIRECTION('',(0.,0.,1.));
#5823=DIRECTION('',(0.,0.,-1.));
#5824=DIRECTION('',(0.,1.,0.));
#5825=DIRECTION('',(0.,0.,-1.));
#5826=DIRECTION('',(0.,0.,-1.));
#5827=DIRECTION('',(0.,0.,-1.));
#5828=DIRECTION('',(0.,0.,-1.));
#5829=DIRECTION('',(0.,0.,-1.));
#5830=DIRECTION('',(0.,0.,-1.));
#5831=DIRECTION('',(1.,0.,0.));
#5832=DIRECTION('',(0.,0.,-1.));
#5833=DIRECTION('',(0.,0.,-1.));
#5834=DIRECTION('',(0.,-1.,0.));
#5835=DIRECTION('',(0.,0.,-1.));
#5836=DIRECTION('',(0.,0.,-1.));
#5837=DIRECTION('',(-0.811799213143291,0.583936672542437,0.));
#5838=DIRECTION('',(0.,0.,-1.));
#5839=DIRECTION('',(-1.,0.,0.));
#5840=DIRECTION('',(0.,0.,-1.));
#5841=DIRECTION('',(1.,0.,0.));
#5842=DIRECTION('',(0.,0.,-1.));
#5843=DIRECTION('',(0.,0.,-1.));
#5844=DIRECTION('',(0.,0.,-1.));
#5845=DIRECTION('',(0.,0.,-1.));
#5846=DIRECTION('',(-0.946177034713556,0.323649531099092,0.));
#5847=DIRECTION('',(0.,0.,-1.));
#5848=DIRECTION('',(-1.,0.,0.));
#5849=DIRECTION('',(0.,0.,-1.));
#5850=DIRECTION('',(0.,0.,-1.));
#5851=DIRECTION('',(-1.,0.,0.));
#5852=DIRECTION('',(0.,0.,-1.));
#5853=DIRECTION('',(-0.999151402030899,0.0411882971205251,0.));
#5854=DIRECTION('',(0.,0.,-1.));
#5855=DIRECTION('',(-1.,0.,0.));
#5856=DIRECTION('',(0.,0.,-1.));
#5857=DIRECTION('',(0.,0.,-1.));
#5858=DIRECTION('',(-1.,0.,0.));
#5859=DIRECTION('',(-1.,0.,0.));
#5860=DIRECTION('',(0.,0.,1.));
#5861=DIRECTION('',(0.,1.,0.));
#5862=DIRECTION('',(0.,0.,-1.));
#5863=DIRECTION('',(0.,1.,0.));
#5864=DIRECTION('',(0.,0.,-1.));
#5865=DIRECTION('',(-0.999150708920126,-0.0412051072612276,0.));
#5866=DIRECTION('',(0.,0.,-1.));
#5867=DIRECTION('',(-1.,0.,0.));
#5868=DIRECTION('',(0.,0.,-1.));
#5869=DIRECTION('',(0.,0.,-1.));
#5870=DIRECTION('',(-1.,0.,0.));
#5871=DIRECTION('',(0.,0.,-1.));
#5872=DIRECTION('',(0.,0.,-1.));
#5873=DIRECTION('',(0.,0.,-1.));
#5874=DIRECTION('',(0.,0.,-1.));
#5875=DIRECTION('',(0.950040725886047,-0.312125966811338,0.));
#5876=DIRECTION('',(0.,0.,-1.));
#5877=DIRECTION('',(-1.,0.,0.));
#5878=DIRECTION('',(0.,0.,-1.));
#5879=DIRECTION('',(0.,0.,-1.));
#5880=DIRECTION('',(-1.,0.,0.));
#5881=DIRECTION('',(0.,0.,-1.));
#5882=DIRECTION('',(0.999150708920119,-0.0412051072613887,0.));
#5883=DIRECTION('',(0.,0.,-1.));
#5884=DIRECTION('',(-1.,0.,0.));
#5885=DIRECTION('',(0.,0.,-1.));
#5886=DIRECTION('',(0.,0.,-1.));
#5887=DIRECTION('',(-1.,0.,0.));
#5888=DIRECTION('',(1.,0.,0.));
#5889=DIRECTION('',(0.,0.,-1.));
#5890=DIRECTION('',(0.,-1.,0.));
#5891=DIRECTION('',(0.,0.,-1.));
#5892=DIRECTION('',(0.,-1.,0.));
#5893=DIRECTION('',(0.,0.,-1.));
#5894=DIRECTION('',(0.999151402030915,0.0411882971201459,0.));
#5895=DIRECTION('',(0.,0.,-1.));
#5896=DIRECTION('',(-1.,0.,0.));
#5897=DIRECTION('',(0.,0.,-1.));
#5898=DIRECTION('',(0.,0.,-1.));
#5899=DIRECTION('',(-1.,0.,0.));
#5900=DIRECTION('',(0.,0.,-1.));
#5901=DIRECTION('',(0.,0.,-1.));
#5902=DIRECTION('',(0.,0.,-1.));
#5903=DIRECTION('',(0.,0.,-1.));
#5904=DIRECTION('',(0.,0.,-1.));
#5905=DIRECTION('',(-1.,0.,0.));
#5906=DIRECTION('',(0.,0.,1.));
#5907=DIRECTION('',(0.,0.,-1.));
#5908=DIRECTION('',(0.,1.,0.));
#5909=DIRECTION('',(0.,0.,-1.));
#5910=DIRECTION('',(0.,0.,-1.));
#5911=DIRECTION('',(0.,0.,-1.));
#5912=DIRECTION('',(0.,0.,-1.));
#5913=DIRECTION('',(0.,0.,-1.));
#5914=DIRECTION('',(0.,0.,-1.));
#5915=DIRECTION('',(1.,0.,0.));
#5916=DIRECTION('',(0.,0.,-1.));
#5917=DIRECTION('',(0.,0.,-1.));
#5918=DIRECTION('',(0.,-1.,0.));
#5919=DIRECTION('',(0.,0.,-1.));
#5920=DIRECTION('',(0.,0.,-1.));
#5921=DIRECTION('',(-0.811799213143334,0.583936672542378,0.));
#5922=DIRECTION('',(0.,0.,-1.));
#5923=DIRECTION('',(-1.,0.,0.));
#5924=DIRECTION('',(0.,0.,-1.));
#5925=DIRECTION('',(1.,0.,0.));
#5926=DIRECTION('',(0.,1.,0.));
#5927=DIRECTION('',(0.,0.,1.));
#5928=DIRECTION('',(1.,0.,0.));
#5929=DIRECTION('',(0.,0.,-1.));
#5930=DIRECTION('',(1.,0.,0.));
#5931=DIRECTION('',(0.,0.,-1.));
#5932=DIRECTION('',(-0.983626467756192,-0.180219232962182,0.));
#5933=DIRECTION('',(0.180219232962182,-0.983626467756192,0.));
#5934=DIRECTION('',(-0.180219232962182,0.983626467756192,0.));
#5935=DIRECTION('',(0.,0.,-1.));
#5936=DIRECTION('',(-0.180219232962182,0.983626467756192,0.));
#5937=DIRECTION('',(0.978220194260497,0.207569871467311,0.));
#5938=DIRECTION('',(-0.207569871467311,0.978220194260497,0.));
#5939=DIRECTION('',(0.,0.,-1.));
#5940=DIRECTION('',(0.207569871467311,-0.978220194260497,0.));
#5941=DIRECTION('',(0.,0.,-1.));
#5942=DIRECTION('',(0.,-1.,0.));
#5943=DIRECTION('',(0.,0.,-1.));
#5944=DIRECTION('',(0.,0.,-1.));
#5945=DIRECTION('',(-1.,0.,0.));
#5946=DIRECTION('',(-0.982167012447877,-0.188010530713606,0.));
#5947=DIRECTION('',(0.188010530713606,-0.982167012447877,0.));
#5948=DIRECTION('',(0.,0.,-1.));
#5949=DIRECTION('',(-0.188010530713606,0.982167012447877,0.));
#5950=DIRECTION('',(0.,-1.,0.));
#5951=DIRECTION('',(0.,0.,-1.));
#5952=DIRECTION('',(0.,0.,-1.));
#5953=DIRECTION('',(-1.,0.,0.));
#5954=DIRECTION('',(0.984062232380624,-0.177824415652248,0.));
#5955=DIRECTION('',(0.177824415652248,0.984062232380624,0.));
#5956=DIRECTION('',(0.,0.,-1.));
#5957=DIRECTION('',(-0.177824415652248,-0.984062232380624,0.));
#5958=DIRECTION('',(0.,-1.,0.));
#5959=DIRECTION('',(0.,0.,-1.));
#5960=DIRECTION('',(0.,0.,-1.));
#5961=DIRECTION('',(-1.,0.,0.));
#5962=DIRECTION('',(-0.97795124452012,0.208833338673567,0.));
#5963=DIRECTION('',(-0.208833338673567,-0.97795124452012,0.));
#5964=DIRECTION('',(0.,0.,-1.));
#5965=DIRECTION('',(0.208833338673567,0.97795124452012,0.));
#5966=DIRECTION('',(0.,1.,0.));
#5967=DIRECTION('',(0.,0.,1.));
#5968=DIRECTION('',(1.,0.,0.));
#5969=DIRECTION('',(0.983024296911539,-0.18347542527972,0.));
#5970=DIRECTION('',(0.18347542527972,0.983024296911539,0.));
#5971=DIRECTION('',(-0.18347542527972,-0.983024296911539,0.));
#5972=DIRECTION('',(-0.18347542527972,-0.983024296911539,0.));
#5973=DIRECTION('',(0.,0.,-1.));
#5974=DIRECTION('',(1.,0.,0.));
#5975=DIRECTION('',(1.,0.,0.));
#5976=DIRECTION('',(0.,0.,-1.));
#5977=DIRECTION('',(0.,0.,-1.));
#5978=DIRECTION('',(0.,-1.,0.));
#5979=DIRECTION('',(0.,0.,-1.));
#5980=DIRECTION('',(0.,-1.,0.));
#5981=DIRECTION('',(0.,0.,-1.));
#5982=DIRECTION('',(0.,0.,-1.));
#5983=DIRECTION('',(-1.,0.,0.));
#5984=DIRECTION('',(-1.,0.,0.));
#5985=DIRECTION('',(0.,0.,1.));
#5986=DIRECTION('',(0.,0.,-1.));
#5987=DIRECTION('',(0.,1.,0.));
#5988=DIRECTION('',(0.,0.,-1.));
#5989=DIRECTION('',(0.,0.,-1.));
#5990=DIRECTION('',(-0.247660455981732,-0.968846891176785,0.));
#5991=DIRECTION('',(0.,0.,-1.));
#5992=DIRECTION('',(0.,0.,-1.));
#5993=DIRECTION('',(-1.,0.,0.));
#5994=DIRECTION('',(0.,0.,-1.));
#5995=DIRECTION('',(0.110970617002711,-0.993823687663983,0.));
#5996=DIRECTION('',(0.,0.,-1.));
#5997=DIRECTION('',(6.86239685996686E-18,-6.08465854916359E-17,-1.));
#5998=DIRECTION('',(0.22299113309427,-0.974820472990455,0.));
#5999=DIRECTION('',(0.,0.,-1.));
#6000=DIRECTION('',(0.297742995904981,-0.954646064460293,0.));
#6001=DIRECTION('',(0.,0.,-1.));
#6002=DIRECTION('',(0.,0.,-1.));
#6003=DIRECTION('',(-1.,0.,0.));
#6004=DIRECTION('',(-1.,0.,0.));
#6005=DIRECTION('',(0.,0.,1.));
#6006=DIRECTION('',(0.,0.,-1.));
#6007=DIRECTION('',(0.,1.,0.));
#6008=DIRECTION('',(0.,0.,-1.));
#6009=DIRECTION('',(0.0908234768408225,-0.995867007212582,0.));
#6010=DIRECTION('',(0.,0.,-1.));
#6011=DIRECTION('',(0.,0.,-1.));
#6012=DIRECTION('',(-1.,0.,0.));
#6013=DIRECTION('',(0.,1.,0.));
#6014=DIRECTION('',(0.,0.,1.));
#6015=DIRECTION('',(0.,0.,-1.));
#6016=DIRECTION('',(1.,0.,0.));
#6017=DIRECTION('',(0.,0.,-1.));
#6018=DIRECTION('',(-0.264127799155054,-0.964487690804557,0.));
#6019=DIRECTION('',(0.,0.,-1.));
#6020=DIRECTION('',(0.,0.,-1.));
#6021=DIRECTION('',(-1.,0.,0.));
#6022=DIRECTION('',(0.,0.,-1.));
#6023=DIRECTION('',(-1.,0.,0.));
#6024=DIRECTION('',(0.,0.,1.));
#6025=DIRECTION('',(0.,0.,-1.));
#6026=DIRECTION('',(0.,1.,0.));
#6027=DIRECTION('',(0.,1.,0.));
#6028=DIRECTION('',(0.,0.,1.));
#6029=DIRECTION('',(1.,0.,0.));
#6030=DIRECTION('',(0.,0.,-1.));
#6031=DIRECTION('',(1.,0.,0.));
#6032=DIRECTION('',(0.,0.,-1.));
#6033=DIRECTION('',(0.,0.,-1.));
#6034=DIRECTION('',(0.,0.,-1.));
#6035=DIRECTION('',(0.,0.,-1.));
#6036=DIRECTION('',(0.81443021942816,0.580261508013585,0.));
#6037=DIRECTION('',(0.,0.,-1.));
#6038=DIRECTION('',(0.,0.,-1.));
#6039=DIRECTION('',(-1.,0.,0.));
#6040=DIRECTION('',(0.,0.,-1.));
#6041=DIRECTION('',(-1.,0.,0.));
#6042=DIRECTION('',(0.,0.,1.));
#6043=DIRECTION('',(0.,0.,-1.));
#6044=DIRECTION('',(0.,1.,0.));
#6045=DIRECTION('',(0.,1.,0.));
#6046=DIRECTION('',(0.,0.,1.));
#6047=DIRECTION('',(0.,0.,-1.));
#6048=DIRECTION('',(1.,0.,0.));
#6049=DIRECTION('',(1.,0.,0.));
#6050=DIRECTION('',(0.,0.,-1.));
#6051=DIRECTION('',(0.,0.,-1.));
#6052=DIRECTION('',(0.,-1.,0.));
#6053=DIRECTION('',(0.,0.,-1.));
#6054=DIRECTION('',(0.998044760892888,0.0625032419499798,0.));
#6055=DIRECTION('',(0.,0.,-1.));
#6056=DIRECTION('',(0.,0.,-1.));
#6057=DIRECTION('',(-1.,0.,0.));
#6058=DIRECTION('',(0.,0.,-1.));
#6059=DIRECTION('',(0.,0.,-1.));
#6060=DIRECTION('',(0.,0.,-1.));
#6061=DIRECTION('',(0.,0.,-1.));
#6062=DIRECTION('',(0.,0.,-1.));
#6063=DIRECTION('',(-1.,0.,0.));
#6064=DIRECTION('',(0.,0.,1.));
#6065=DIRECTION('',(0.,0.,-1.));
#6066=DIRECTION('',(0.,1.,0.));
#6067=DIRECTION('',(0.,0.,-1.));
#6068=DIRECTION('',(-0.996978899669428,-0.0776728627896327,0.));
#6069=DIRECTION('',(0.,0.,-1.));
#6070=DIRECTION('',(0.,0.,-1.));
#6071=DIRECTION('',(-1.,0.,0.));
#6072=DIRECTION('',(0.,0.,-1.));
#6073=DIRECTION('',(0.,0.,-1.));
#6074=DIRECTION('',(0.,0.,-1.));
#6075=DIRECTION('',(0.,0.,-1.));
#6076=DIRECTION('',(0.,0.,-1.));
#6077=DIRECTION('',(0.998278985643809,-0.058643557378179,0.));
#6078=DIRECTION('',(0.,0.,-1.));
#6079=DIRECTION('',(0.,0.,-1.));
#6080=DIRECTION('',(-1.,0.,0.));
#6081=DIRECTION('',(1.,0.,0.));
#6082=DIRECTION('',(0.,0.,-1.));
#6083=DIRECTION('',(0.,0.,-1.));
#6084=DIRECTION('',(0.,-1.,0.));
#6085=DIRECTION('',(0.,-1.,0.));
#6086=DIRECTION('',(0.,0.,-1.));
#6087=DIRECTION('',(0.,0.,-1.));
#6088=DIRECTION('',(-1.,0.,0.));
#6089=DIRECTION('',(-1.,0.,0.));
#6090=DIRECTION('',(0.,0.,1.));
#6091=DIRECTION('',(0.,0.,-1.));
#6092=DIRECTION('',(0.,1.,0.));
#6093=DIRECTION('',(0.,0.,-1.));
#6094=DIRECTION('',(0.,0.,-1.));
#6095=DIRECTION('',(0.778894662552541,-0.627154769293165,0.));
#6096=DIRECTION('',(0.,0.,-1.));
#6097=DIRECTION('',(0.,0.,-1.));
#6098=DIRECTION('',(-1.,0.,0.));
#6099=DIRECTION('',(0.,0.,-1.));
#6100=DIRECTION('',(0.,0.,-1.));
#6101=DIRECTION('',(0.,0.,-1.));
#6102=DIRECTION('',(0.,0.,-1.));
#6103=DIRECTION('',(1.,0.,0.));
#6104=DIRECTION('',(0.,0.,-1.));
#6105=DIRECTION('',(0.,0.,-1.));
#6106=DIRECTION('',(0.,-1.,0.));
#6107=DIRECTION('',(0.,0.,-1.));
#6108=DIRECTION('',(-0.990313346694409,0.138850550445144,0.));
#6109=DIRECTION('',(0.,0.,-1.));
#6110=DIRECTION('',(0.,0.,-1.));
#6111=DIRECTION('',(-1.,0.,0.));
#6112=DIRECTION('',(0.,0.,-1.));
#6113=DIRECTION('',(1.,0.,0.));
#6114=DIRECTION('',(0.,0.,-1.));
#6115=DIRECTION('',(0.,0.,-1.));
#6116=DIRECTION('',(0.,0.,-1.));
#6117=DIRECTION('',(0.199504608827971,0.979896887971586,0.));
#6118=DIRECTION('',(0.,0.,-1.));
#6119=DIRECTION('',(0.,0.,-1.));
#6120=DIRECTION('',(-1.,0.,0.));
#6121=DIRECTION('',(0.,0.,-1.));
#6122=DIRECTION('',(0.662920726505671,0.748689595472779,0.));
#6123=DIRECTION('',(0.,0.,-1.));
#6124=DIRECTION('',(0.,0.,-1.));
#6125=DIRECTION('',(-1.,0.,0.));
#6126=DIRECTION('',(0.,0.,-1.));
#6127=DIRECTION('',(0.,0.,-1.));
#6128=DIRECTION('',(0.982263513934762,-0.187505704426647,0.));
#6129=DIRECTION('',(0.,0.,-1.));
#6130=DIRECTION('',(0.,0.,-1.));
#6131=DIRECTION('',(-1.,0.,0.));
#6132=DIRECTION('',(0.,0.,-1.));
#6133=DIRECTION('',(0.853221985144995,-0.521547930745807,0.));
#6134=DIRECTION('',(0.,0.,-1.));
#6135=DIRECTION('',(0.,0.,-1.));
#6136=DIRECTION('',(-1.,0.,0.));
#6137=DIRECTION('',(0.,0.,-1.));
#6138=DIRECTION('',(0.718539416775187,-0.695486237491709,0.));
#6139=DIRECTION('',(0.,0.,-1.));
#6140=DIRECTION('',(0.,0.,-1.));
#6141=DIRECTION('',(-1.,0.,0.));
#6142=DIRECTION('',(-0.678373702763136,0.734717033557432,0.));
#6143=DIRECTION('',(-0.734717033557432,-0.678373702763136,0.));
#6144=DIRECTION('',(0.,0.,-1.));
#6145=DIRECTION('',(0.734717033557432,0.678373702763136,0.));
#6146=DIRECTION('',(0.,0.,-1.));
#6147=DIRECTION('',(-0.790668915978926,0.612243958977719,0.));
#6148=DIRECTION('',(0.,0.,-1.));
#6149=DIRECTION('',(0.,0.,-1.));
#6150=DIRECTION('',(-1.,0.,0.));
#6151=DIRECTION('',(0.,0.,-1.));
#6152=DIRECTION('',(-0.977038616929263,0.213062293775676,0.));
#6153=DIRECTION('',(0.,0.,-1.));
#6154=DIRECTION('',(0.,0.,-1.));
#6155=DIRECTION('',(-1.,0.,0.));
#6156=DIRECTION('',(0.,0.,-1.));
#6157=DIRECTION('',(-0.936474984287987,-0.350734377845706,0.));
#6158=DIRECTION('',(0.,0.,-1.));
#6159=DIRECTION('',(0.,0.,-1.));
#6160=DIRECTION('',(-1.,0.,0.));
#6161=DIRECTION('',(0.,0.,-1.));
#6162=DIRECTION('',(-0.396717517615507,-0.917940744937814,0.));
#6163=DIRECTION('',(0.,0.,-1.));
#6164=DIRECTION('',(0.,0.,-1.));
#6165=DIRECTION('',(-1.,0.,0.));
#6166=DIRECTION('',(0.,0.,-1.));
#6167=DIRECTION('',(0.333557082896685,-0.942729904293618,0.));
#6168=DIRECTION('',(0.,0.,-1.));
#6169=DIRECTION('',(0.,0.,-1.));
#6170=DIRECTION('',(-1.,0.,0.));
#6171=DIRECTION('',(0.,0.,-1.));
#6172=DIRECTION('',(0.840706414478796,-0.541491204595428,0.));
#6173=DIRECTION('',(0.,0.,-1.));
#6174=DIRECTION('',(0.,0.,-1.));
#6175=DIRECTION('',(-1.,0.,0.));
#6176=DIRECTION('',(0.,0.,-1.));
#6177=DIRECTION('',(0.974121922010913,-0.226023186991433,0.));
#6178=DIRECTION('',(0.,0.,-1.));
#6179=DIRECTION('',(0.,0.,-1.));
#6180=DIRECTION('',(-1.,0.,0.));
#6181=DIRECTION('',(-0.35134599624023,-0.93624568940314,0.));
#6182=DIRECTION('',(0.93624568940314,-0.35134599624023,0.));
#6183=DIRECTION('',(0.,0.,-1.));
#6184=DIRECTION('',(-0.93624568940314,0.35134599624023,0.));
#6185=DIRECTION('',(0.,0.,-1.));
#6186=DIRECTION('',(0.,0.,-1.));
#6187=DIRECTION('',(0.,0.,-1.));
#6188=DIRECTION('',(-0.212655016197249,-0.977127342819833,0.));
#6189=DIRECTION('',(0.,0.,-1.));
#6190=DIRECTION('',(0.,0.,-1.));
#6191=DIRECTION('',(-1.,0.,0.));
#6192=DIRECTION('',(0.,0.,-1.));
#6193=DIRECTION('',(-0.679283201235661,-0.733876237876001,0.));
#6194=DIRECTION('',(0.,0.,-1.));
#6195=DIRECTION('',(0.,0.,-1.));
#6196=DIRECTION('',(-1.,0.,0.));
#6197=DIRECTION('',(0.,0.,-1.));
#6198=DIRECTION('',(0.,0.,-1.));
#6199=DIRECTION('',(0.,0.,-1.));
#6200=DIRECTION('',(-0.755386123105145,0.655279944008803,0.));
#6201=DIRECTION('',(0.,0.,-1.));
#6202=DIRECTION('',(0.,0.,-1.));
#6203=DIRECTION('',(-1.,0.,0.));
#6204=DIRECTION('',(0.651185602231442,-0.758918514365326,0.));
#6205=DIRECTION('',(0.758918514365326,0.651185602231442,0.));
#6206=DIRECTION('',(0.,0.,-1.));
#6207=DIRECTION('',(-0.758918514365326,-0.651185602231442,0.));
#6208=DIRECTION('',(0.,0.,-1.));
#6209=DIRECTION('',(0.758647169365348,-0.651501705610925,0.));
#6210=DIRECTION('',(0.,0.,-1.));
#6211=DIRECTION('',(0.,0.,-1.));
#6212=DIRECTION('',(-1.,0.,0.));
#6213=DIRECTION('',(0.,0.,-1.));
#6214=DIRECTION('',(0.970738852762393,-0.240137626659282,0.));
#6215=DIRECTION('',(0.,0.,-1.));
#6216=DIRECTION('',(0.,0.,-1.));
#6217=DIRECTION('',(-1.,0.,0.));
#6218=DIRECTION('',(0.,0.,-1.));
#6219=DIRECTION('',(0.,0.,-1.));
#6220=DIRECTION('',(0.,0.,-1.));
#6221=DIRECTION('',(0.,0.,-1.));
#6222=DIRECTION('',(0.288888416310432,0.957362774982217,0.));
#6223=DIRECTION('',(-0.957362774982217,0.288888416310432,0.));
#6224=DIRECTION('',(0.,0.,-1.));
#6225=DIRECTION('',(0.957362774982217,-0.288888416310432,0.));
#6226=DIRECTION('',(0.,0.,-1.));
#6227=DIRECTION('',(1.,0.,0.));
#6228=DIRECTION('',(1.,0.,0.));
#6229=DIRECTION('',(0.,0.,-1.));
#6230=DIRECTION('',(0.,0.,-1.));
#6231=DIRECTION('',(0.,-1.,0.));
#6232=DIRECTION('',(0.,0.,-1.));
#6233=DIRECTION('',(0.,-1.,0.));
#6234=DIRECTION('',(0.,0.,-1.));
#6235=DIRECTION('',(0.,0.,-1.));
#6236=DIRECTION('',(-1.,0.,0.));
#6237=DIRECTION('',(-1.,0.,0.));
#6238=DIRECTION('',(0.,0.,1.));
#6239=DIRECTION('',(0.,0.,-1.));
#6240=DIRECTION('',(0.,1.,0.));
#6241=DIRECTION('',(0.,0.,-1.));
#6242=DIRECTION('',(-0.609863157358307,-0.792506737698146,0.));
#6243=DIRECTION('',(0.,0.,-1.));
#6244=DIRECTION('',(0.,0.,-1.));
#6245=DIRECTION('',(-1.,0.,0.));
#6246=DIRECTION('',(0.,0.,-1.));
#6247=DIRECTION('',(-0.257384683847924,-0.966309021235187,0.));
#6248=DIRECTION('',(0.,0.,-1.));
#6249=DIRECTION('',(0.,0.,-1.));
#6250=DIRECTION('',(-1.,0.,0.));
#6251=DIRECTION('',(0.,0.,-1.));
#6252=DIRECTION('',(0.379456448424101,-0.925209599901216,0.));
#6253=DIRECTION('',(0.,0.,-1.));
#6254=DIRECTION('',(0.,0.,-1.));
#6255=DIRECTION('',(-1.,0.,0.));
#6256=DIRECTION('',(0.,0.,-1.));
#6257=DIRECTION('',(1.,0.,0.));
#6258=DIRECTION('',(0.,0.,-1.));
#6259=DIRECTION('',(0.,0.,-1.));
#6260=DIRECTION('',(0.,-1.,0.));
#6261=DIRECTION('',(0.,-1.,0.));
#6262=DIRECTION('',(0.,0.,-1.));
#6263=DIRECTION('',(0.,0.,-1.));
#6264=DIRECTION('',(-1.,0.,0.));
#6265=DIRECTION('',(-1.,0.,0.));
#6266=DIRECTION('',(0.,0.,1.));
#6267=DIRECTION('',(0.,0.,-1.));
#6268=DIRECTION('',(0.,1.,0.));
#6269=DIRECTION('',(0.,0.,-1.));
#6270=DIRECTION('',(-0.614622859359538,-0.788821108206864,0.));
#6271=DIRECTION('',(0.,0.,-1.));
#6272=DIRECTION('',(0.,0.,-1.));
#6273=DIRECTION('',(-1.,0.,0.));
#6274=DIRECTION('',(0.,0.,-1.));
#6275=DIRECTION('',(-0.253979968216202,-0.967209478729865,0.));
#6276=DIRECTION('',(0.,0.,-1.));
#6277=DIRECTION('',(0.,0.,-1.));
#6278=DIRECTION('',(-1.,0.,0.));
#6279=DIRECTION('',(0.,0.,-1.));
#6280=DIRECTION('',(0.,0.,-1.));
#6281=DIRECTION('',(1.,0.,0.));
#6282=DIRECTION('',(0.,0.,-1.));
#6283=DIRECTION('',(0.,0.,-1.));
#6284=DIRECTION('',(0.,-1.,0.));
#6285=DIRECTION('',(0.,-1.,0.));
#6286=DIRECTION('',(0.,0.,-1.));
#6287=DIRECTION('',(0.,0.,-1.));
#6288=DIRECTION('',(-1.,0.,0.));
#6289=DIRECTION('',(-1.,0.,0.));
#6290=DIRECTION('',(0.,0.,1.));
#6291=DIRECTION('',(0.,0.,-1.));
#6292=DIRECTION('',(0.,1.,0.));
#6293=DIRECTION('',(0.,0.,-1.));
#6294=DIRECTION('',(0.,0.,-1.));
#6295=DIRECTION('',(0.750434759043365,-0.660944530516386,0.));
#6296=DIRECTION('',(0.,0.,-1.));
#6297=DIRECTION('',(0.,0.,-1.));
#6298=DIRECTION('',(-1.,0.,0.));
#6299=DIRECTION('',(0.,0.,-1.));
#6300=DIRECTION('',(0.25867780998135,-0.965963659059311,0.));
#6301=DIRECTION('',(0.,0.,-1.));
#6302=DIRECTION('',(0.,0.,-1.));
#6303=DIRECTION('',(-1.,0.,0.));
#6304=DIRECTION('',(0.,0.,-1.));
#6305=DIRECTION('',(-0.222601825174537,-0.974909445758407,0.));
#6306=DIRECTION('',(0.,0.,-1.));
#6307=DIRECTION('',(0.,0.,-1.));
#6308=DIRECTION('',(-1.,0.,0.));
#6309=DIRECTION('',(0.,0.,-1.));
#6310=DIRECTION('',(0.,0.,-1.));
#6311=DIRECTION('',(0.,0.,-1.));
#6312=DIRECTION('',(0.271353637116118,-0.962479715954499,0.));
#6313=DIRECTION('',(0.,0.,-1.));
#6314=DIRECTION('',(0.,0.,-1.));
#6315=DIRECTION('',(-1.,0.,0.));
#6316=DIRECTION('',(0.,0.,-1.));
#6317=DIRECTION('',(-0.215636097884477,-0.976473795495381,0.));
#6318=DIRECTION('',(0.,0.,-1.));
#6319=DIRECTION('',(0.,0.,-1.));
#6320=DIRECTION('',(-1.,0.,0.));
#6321=DIRECTION('',(0.,0.,-1.));
#6322=DIRECTION('',(-0.603605291757147,-0.797283294546405,0.));
#6323=DIRECTION('',(0.,0.,-1.));
#6324=DIRECTION('',(0.,0.,-1.));
#6325=DIRECTION('',(-1.,0.,0.));
#6326=DIRECTION('',(-1.,0.,0.));
#6327=DIRECTION('',(0.,0.,1.));
#6328=DIRECTION('',(0.,0.,-1.));
#6329=DIRECTION('',(0.,1.,0.));
#6330=DIRECTION('',(0.,1.,0.));
#6331=DIRECTION('',(0.,0.,1.));
#6332=DIRECTION('',(1.,0.,0.));
#6333=DIRECTION('',(0.,0.,-1.));
#6334=DIRECTION('',(1.,0.,0.));
#6335=DIRECTION('',(0.,0.,1.));
#6336=DIRECTION('',(1.,0.,0.));
#6337=DIRECTION('',(0.,0.,1.));
#6338=DIRECTION('',(1.,0.,0.));
#6339=DIRECTION('',(0.,0.,1.));
#6340=DIRECTION('',(1.,0.,0.));
#6341=DIRECTION('',(0.,0.,1.));
#6342=DIRECTION('',(1.,0.,0.));
#6343=CARTESIAN_POINT('',(0.,0.,0.));
#6344=CARTESIAN_POINT('',(0.,0.005,0.));
#6345=CARTESIAN_POINT('',(-0.0371839425464456,0.0465430846532386,0.));
#6346=CARTESIAN_POINT('',(-0.0375674804399816,0.0465430846532386,0.));
#6347=CARTESIAN_POINT('',(-0.0378002220471823,0.0463027398719369,0.));
#6348=CARTESIAN_POINT('',(-0.0371839425464456,0.0465430846532386,0.));
#6349=CARTESIAN_POINT('',(-0.0378002220471823,0.0463027398719369,0.));
#6350=CARTESIAN_POINT('',(-0.0378002220471823,0.0463027398719369,0.));
#6351=CARTESIAN_POINT('',(-0.038032963654383,0.0460623950906352,0.));
#6352=CARTESIAN_POINT('',(-0.0380650659450315,0.0456670300373867,0.));
#6353=CARTESIAN_POINT('',(-0.0380650659450315,0.0456670300373867,0.));
#6354=CARTESIAN_POINT('',(-0.0378242987651686,0.0455943774848667,0.));
#6355=CARTESIAN_POINT('',(-0.0375835315853057,0.0455217249323467,0.));
#6356=CARTESIAN_POINT('',(-0.0375835315853057,0.0455217249323467,0.));
#6357=CARTESIAN_POINT('',(-0.0375404469320671,0.0458190935194054,0.));
#6358=CARTESIAN_POINT('',(-0.0374378040817045,0.0459677778129347,0.));
#6359=CARTESIAN_POINT('',(-0.0374378040817045,0.0459677778129347,0.));
#6360=CARTESIAN_POINT('',(-0.0374378040817045,0.0459677778129347,0.));
#6361=CARTESIAN_POINT('',(-0.037335161231342,0.0461164621064641,0.));
#6362=CARTESIAN_POINT('',(-0.0371349443133507,0.0461164621064641,0.));
#6363=CARTESIAN_POINT('',(-0.0371349443133507,0.0461164621064641,0.));
#6364=CARTESIAN_POINT('',(-0.0371349443133507,0.0461164621064641,0.));
#6365=CARTESIAN_POINT('',(-0.0369786568457205,0.0461164621064641,0.));
#6366=CARTESIAN_POINT('',(-0.0368975563219772,0.0460269136114975,0.));
#6367=CARTESIAN_POINT('',(-0.0368975563219772,0.0460269136114975,0.));
#6368=CARTESIAN_POINT('',(-0.0368975563219772,0.0460269136114975,0.));
#6369=CARTESIAN_POINT('',(-0.0368164557982339,0.045937365116531,0.));
#6370=CARTESIAN_POINT('',(-0.0368164557982339,0.0457861464316347,0.));
#6371=CARTESIAN_POINT('',(-0.0368164557982339,0.0457861464316347,0.));
#6372=CARTESIAN_POINT('',(-0.0373153213432752,0.0457774875037188,0.));
#6373=CARTESIAN_POINT('',(-0.0368752265163709,0.0455426088075803,0.));
#6374=CARTESIAN_POINT('',(-0.0375739208356949,0.0459660389298928,0.));
#6375=CARTESIAN_POINT('',(-0.03707013702288,0.0453218175880635,1.73472347593381E-18));
#6376=CARTESIAN_POINT('',(-0.0373376956227089,0.0450917231970829,0.));
#6377=CARTESIAN_POINT('',(-0.0376054534826896,0.0448618886808509,1.73472347597681E-18));
#6378=CARTESIAN_POINT('',(-0.0366547496936879,0.0437586568375735,0.));
#6379=CARTESIAN_POINT('',(-0.0378783657809975,0.0445480962488662,0.));
#6380=CARTESIAN_POINT('',(-0.0378783657809975,0.0445480962488662,0.));
#6381=CARTESIAN_POINT('',(-0.0379890342040221,0.0443753352373506,0.));
#6382=CARTESIAN_POINT('',(-0.0379890342040221,0.04409908657835,0.));
#6383=CARTESIAN_POINT('',(-0.0379890342040221,0.04409908657835,0.));
#6384=CARTESIAN_POINT('',(-0.0379890342040221,0.04409908657835,0.));
#6385=CARTESIAN_POINT('',(-0.0379890342040221,0.0438507162243863,0.));
#6386=CARTESIAN_POINT('',(-0.0378893481435876,0.0436804896042376,0.));
#6387=CARTESIAN_POINT('',(-0.0378893481435876,0.0436804896042376,0.));
#6388=CARTESIAN_POINT('',(-0.0373279842680659,0.0440073016262931,0.));
#6389=CARTESIAN_POINT('',(-0.0376085717272707,0.0434208762885852,0.));
#6390=CARTESIAN_POINT('',(-0.0372087862284286,0.0442867560253052,0.));
#6391=CARTESIAN_POINT('',(-0.0371839425464456,0.0433320107912782,0.));
#6392=CARTESIAN_POINT('',(-0.0371839425464456,0.0433320107912782,0.));
#6393=CARTESIAN_POINT('',(-0.0368105422183776,0.0433320107912782,0.));
#6394=CARTESIAN_POINT('',(-0.0366132820903145,0.0435723555725799,0.));
#6395=CARTESIAN_POINT('',(-0.0366132820903145,0.0435723555725799,0.));
#6396=CARTESIAN_POINT('',(-0.0366132820903145,0.0435723555725799,0.));
#6397=CARTESIAN_POINT('',(-0.0364160219622514,0.0438127003538816,0.));
#6398=CARTESIAN_POINT('',(-0.036388988454337,0.0441531535941789,0.));
#6399=CARTESIAN_POINT('',(-0.036388988454337,0.0441531535941789,0.));
#6400=CARTESIAN_POINT('',(-0.0365837141910331,0.0442262285452601,0.));
#6401=CARTESIAN_POINT('',(-0.0367784399277292,0.0442993034963412,0.));
#6402=CARTESIAN_POINT('',(-0.0381509883407165,0.0444595101357698,0.));
#6403=CARTESIAN_POINT('',(-0.0368432030649171,0.0440154917579608,0.));
#6404=CARTESIAN_POINT('',(-0.0372767342735941,0.0441534470745759,0.));
#6405=CARTESIAN_POINT('',(-0.0369619664996214,0.0438259577929106,0.));
#6406=CARTESIAN_POINT('',(-0.0371464989106929,0.0440484426132867,0.));
#6407=CARTESIAN_POINT('',(-0.0371615451163022,0.0437594435453731,0.));
#6408=CARTESIAN_POINT('',(-0.0371758004319252,0.0440435131210393,0.));
#6409=CARTESIAN_POINT('',(-0.037386839413122,0.0438531192989707,0.));
#6410=CARTESIAN_POINT('',(-0.0371427866870029,0.0440715804756238,0.));
#6411=CARTESIAN_POINT('',(-0.0374702364784866,0.0440779640838741,0.));
#6412=CARTESIAN_POINT('',(-0.037085067741048,0.0440762256365797,0.));
#6413=CARTESIAN_POINT('',(-0.0374354743801293,0.0442373198491627,0.));
#6414=CARTESIAN_POINT('',(-0.0370181011688196,0.0440290029502955,0.));
#6415=CARTESIAN_POINT('',(-0.037313027949685,0.04439117939169,-4.33680868994202E-19));
#6416=CARTESIAN_POINT('',(-0.0370377926442833,0.0446456703164948,0.));
#6417=CARTESIAN_POINT('',(-0.0367623842412954,0.0448999491895578,-4.33680868994202E-19));
#6418=CARTESIAN_POINT('',(-0.0382193024679113,0.0465235852387702,0.));
#6419=CARTESIAN_POINT('',(-0.0365481991896912,0.045121263303008,0.));
#6420=CARTESIAN_POINT('',(-0.037371426547611,0.0458073967169973,0.));
#6421=CARTESIAN_POINT('',(-0.0363832662799699,0.0453915380511924,0.));
#6422=CARTESIAN_POINT('',(-0.0372108892553742,0.0457222890255145,0.));
#6423=CARTESIAN_POINT('',(-0.0363188702931839,0.0457430617783961,0.));
#6424=CARTESIAN_POINT('',(-0.0363188702931839,0.0457430617783961,0.));
#6425=CARTESIAN_POINT('',(-0.0363188702931839,0.0460083280748064,0.));
#6426=CARTESIAN_POINT('',(-0.0364270043248417,0.0461865802676171,0.));
#6427=CARTESIAN_POINT('',(-0.0364270043248417,0.0461865802676171,0.));
#6428=CARTESIAN_POINT('',(-0.0370023366316007,0.0458393551587629,0.));
#6429=CARTESIAN_POINT('',(-0.0367297559563111,0.0464542148326368,0.));
#6430=CARTESIAN_POINT('',(-0.0371572761723674,0.0454572854490117,0.));
#6431=CARTESIAN_POINT('',(-0.0307871387361945,0.0449375477222584,0.));
#6432=CARTESIAN_POINT('',(-0.0307871387361945,0.0465,0.));
#6433=CARTESIAN_POINT('',(-0.0307871387361945,0.0433750954445168,0.));
#6434=CARTESIAN_POINT('',(-0.0304977957217979,0.0433750954445168,0.));
#6435=CARTESIAN_POINT('',(-0.0302084527074013,0.0433750954445168,0.));
#6436=CARTESIAN_POINT('',(-0.0302084527074013,0.0435968546891273,0.));
#6437=CARTESIAN_POINT('',(-0.0302084527074013,0.0438186139337379,0.));
#6438=CARTESIAN_POINT('',(-0.0302084527074013,0.0438186139337379,0.));
#6439=CARTESIAN_POINT('',(-0.0300361140944468,0.043531382912147,0.));
#6440=CARTESIAN_POINT('',(-0.02986293068437,0.0434342312430796,0.));
#6441=CARTESIAN_POINT('',(-0.02986293068437,0.0434342312430796,0.));
#6442=CARTESIAN_POINT('',(-0.0295039686182118,0.0440397558607652,0.));
#6443=CARTESIAN_POINT('',(-0.0295165685416321,0.0433368186256291,0.));
#6444=CARTESIAN_POINT('',(-0.0294959719343598,0.0433370795740122,0.));
#6445=CARTESIAN_POINT('',(-0.0294764345406951,0.0433370322053372,0.));
#6446=CARTESIAN_POINT('',(-0.0294879796436953,0.0437115508717002,0.));
#6447=CARTESIAN_POINT('',(-0.029424480977883,0.0433422258696139,0.));
#6448=CARTESIAN_POINT('',(-0.029424480977883,0.0436614816689853,0.));
#6449=CARTESIAN_POINT('',(-0.029424480977883,0.0439806886078455,0.));
#6450=CARTESIAN_POINT('',(-0.0297683305258223,0.0448344618422065,0.));
#6451=CARTESIAN_POINT('',(-0.0295735994490461,0.0439348279273594,0.));
#6452=CARTESIAN_POINT('',(-0.0297436086831481,0.0446857610324179,-4.68501817794394E-20));
#6453=CARTESIAN_POINT('',(-0.029743816686783,0.0439158805936494,0.));
#6454=CARTESIAN_POINT('',(-0.0297506486699088,0.0444093675340349,0.));
#6455=CARTESIAN_POINT('',(-0.0299896502527189,0.0439778581912963,0.));
#6456=CARTESIAN_POINT('',(-0.0299896502527189,0.0439778581912963,0.));
#6457=CARTESIAN_POINT('',(-0.0301003186757436,0.0440399507797872,0.));
#6458=CARTESIAN_POINT('',(-0.0302084527074013,0.044218202972598,0.));
#6459=CARTESIAN_POINT('',(-0.0302084527074013,0.044218202972598,0.));
#6460=CARTESIAN_POINT('',(-0.0302084527074013,0.045359101486299,0.));
#6461=CARTESIAN_POINT('',(-0.0302084527074013,0.0465,0.));
#6462=CARTESIAN_POINT('',(-0.0304977957217979,0.0465,0.));
#6463=CARTESIAN_POINT('',(-0.0393466231795997,0.0465430846532386,0.));
#6464=CARTESIAN_POINT('',(-0.039692145202631,0.0465430846532386,0.));
#6465=CARTESIAN_POINT('',(-0.0398923621206222,0.0464024259323714,0.));
#6466=CARTESIAN_POINT('',(-0.0393466231795997,0.0465430846532386,0.));
#6467=CARTESIAN_POINT('',(-0.0398923621206222,0.0464024259323714,0.));
#6468=CARTESIAN_POINT('',(-0.0394511300259022,0.045791656632096,0.));
#6469=CARTESIAN_POINT('',(-0.0401762139537237,0.0460024144949501,0.));
#6470=CARTESIAN_POINT('',(-0.0401762139537237,0.0460024144949501,0.));
#6471=CARTESIAN_POINT('',(-0.0402598488688339,0.0457430617783961,0.));
#6472=CARTESIAN_POINT('',(-0.0402598488688339,0.0453916261755085,0.));
#6473=CARTESIAN_POINT('',(-0.0402598488688339,0.0453916261755085,0.));
#6474=CARTESIAN_POINT('',(-0.0402598488688339,0.0449375477222584,0.));
#6475=CARTESIAN_POINT('',(-0.0402598488688339,0.0444834692690083,0.));
#6476=CARTESIAN_POINT('',(-0.0402598488688339,0.0444834692690083,0.));
#6477=CARTESIAN_POINT('',(-0.0402598488688339,0.0441320336661207,0.));
#6478=CARTESIAN_POINT('',(-0.0401762139537237,0.0438722585510055,0.));
#6479=CARTESIAN_POINT('',(-0.0401762139537237,0.0438722585510055,0.));
#6480=CARTESIAN_POINT('',(-0.0401762139537237,0.0438722585510055,0.));
#6481=CARTESIAN_POINT('',(-0.0400925790386134,0.0436124834358904,0.));
#6482=CARTESIAN_POINT('',(-0.0398923621206222,0.0434722471135843,0.));
#6483=CARTESIAN_POINT('',(-0.0398923621206222,0.0434722471135843,0.));
#6484=CARTESIAN_POINT('',(-0.0398923621206222,0.0434722471135843,0.));
#6485=CARTESIAN_POINT('',(-0.039692145202631,0.0433320107912782,0.));
#6486=CARTESIAN_POINT('',(-0.0393466231795997,0.0433320107912782,0.));
#6487=CARTESIAN_POINT('',(-0.0393466231795997,0.0433320107912782,0.));
#6488=CARTESIAN_POINT('',(-0.0393466231795997,0.0433320107912782,0.));
#6489=CARTESIAN_POINT('',(-0.0390002563594462,0.0433320107912782,0.));
#6490=CARTESIAN_POINT('',(-0.0388029962313831,0.0434722471135843,0.));
#6491=CARTESIAN_POINT('',(-0.0388029962313831,0.0434722471135843,0.));
#6492=CARTESIAN_POINT('',(-0.0388029962313831,0.0434722471135843,0.));
#6493=CARTESIAN_POINT('',(-0.03860573610332,0.0436124834358904,0.));
#6494=CARTESIAN_POINT('',(-0.0385221011882097,0.0438722585510055,0.));
#6495=CARTESIAN_POINT('',(-0.0385221011882097,0.0438722585510055,0.));
#6496=CARTESIAN_POINT('',(-0.0385221011882097,0.0438722585510055,0.));
#6497=CARTESIAN_POINT('',(-0.0384384662730995,0.0441320336661207,0.));
#6498=CARTESIAN_POINT('',(-0.0384384662730995,0.0444834692690083,0.));
#6499=CARTESIAN_POINT('',(-0.0384384662730995,0.0444834692690083,0.));
#6500=CARTESIAN_POINT('',(-0.0384384662730995,0.0449375477222584,0.));
#6501=CARTESIAN_POINT('',(-0.0384384662730995,0.0453916261755085,0.));
#6502=CARTESIAN_POINT('',(-0.0384384662730995,0.0453916261755085,0.));
#6503=CARTESIAN_POINT('',(-0.0384384662730995,0.0457430617783961,0.));
#6504=CARTESIAN_POINT('',(-0.0385221011882097,0.0460024144949501,0.));
#6505=CARTESIAN_POINT('',(-0.0385221011882097,0.0460024144949501,0.));
#6506=CARTESIAN_POINT('',(-0.0385221011882097,0.0460024144949501,0.));
#6507=CARTESIAN_POINT('',(-0.03860573610332,0.0462617672115041,0.));
#6508=CARTESIAN_POINT('',(-0.0388029962313831,0.0464024259323714,0.));
#6509=CARTESIAN_POINT('',(-0.0388029962313831,0.0464024259323714,0.));
#6510=CARTESIAN_POINT('',(-0.0388029962313831,0.0464024259323714,0.));
#6511=CARTESIAN_POINT('',(-0.0390002563594462,0.0465430846532386,0.));
#6512=CARTESIAN_POINT('',(-0.0393466231795997,0.0465430846532386,0.));
#6513=CARTESIAN_POINT('',(-0.0282029043389998,0.0465430846532386,0.));
#6514=CARTESIAN_POINT('',(-0.0285712358843338,0.0465430846532386,0.));
#6515=CARTESIAN_POINT('',(-0.0287710304037639,0.0463998915410044,0.));
#6516=CARTESIAN_POINT('',(-0.0282029043389998,0.0465430846532386,0.));
#6517=CARTESIAN_POINT('',(-0.0287710304037639,0.0463998915410044,0.));
#6518=CARTESIAN_POINT('',(-0.0287710304037639,0.0463998915410044,0.));
#6519=CARTESIAN_POINT('',(-0.028970824923194,0.0462566984287702,0.));
#6520=CARTESIAN_POINT('',(-0.0290493910555703,0.0459783377769638,0.));
#6521=CARTESIAN_POINT('',(-0.0290493910555703,0.0459783377769638,0.));
#6522=CARTESIAN_POINT('',(-0.0290493910555703,0.0459783377769638,0.));
#6523=CARTESIAN_POINT('',(-0.0291279571879466,0.0456999771251575,0.));
#6524=CARTESIAN_POINT('',(-0.0291279571879466,0.0452944745064411,0.));
#6525=CARTESIAN_POINT('',(-0.0291279571879466,0.0452944745064411,0.));
#6526=CARTESIAN_POINT('',(-0.0291279571879466,0.0449375477222584,0.));
#6527=CARTESIAN_POINT('',(-0.0291279571879466,0.0445806209380758,0.));
#6528=CARTESIAN_POINT('',(-0.0291279571879466,0.0445806209380758,0.));
#6529=CARTESIAN_POINT('',(-0.0291279571879466,0.0441641359567691,0.));
#6530=CARTESIAN_POINT('',(-0.0290468566642033,0.0438883096963298,0.));
#6531=CARTESIAN_POINT('',(-0.0290468566642033,0.0438883096963298,0.));
#6532=CARTESIAN_POINT('',(-0.0290468566642033,0.0438883096963298,0.));
#6533=CARTESIAN_POINT('',(-0.02896575614046,0.0436124834358904,0.));
#6534=CARTESIAN_POINT('',(-0.0287630048311018,0.0434722471135843,0.));
#6535=CARTESIAN_POINT('',(-0.0287630048311018,0.0434722471135843,0.));
#6536=CARTESIAN_POINT('',(-0.0287630048311018,0.0434722471135843,0.));
#6537=CARTESIAN_POINT('',(-0.0285602535217436,0.0433320107912782,0.));
#6538=CARTESIAN_POINT('',(-0.0282029043389998,0.0433320107912782,0.));
#6539=CARTESIAN_POINT('',(-0.0282029043389998,0.0433320107912782,0.));
#6540=CARTESIAN_POINT('',(-0.0282029043389998,0.0433320107912782,0.));
#6541=CARTESIAN_POINT('',(-0.0278083840828736,0.0433320107912782,0.));
#6542=CARTESIAN_POINT('',(-0.0276221063174008,0.0434942118387647,0.));
#6543=CARTESIAN_POINT('',(-0.0276221063174008,0.0434942118387647,0.));
#6544=CARTESIAN_POINT('',(-0.0276221063174008,0.0434942118387647,0.));
#6545=CARTESIAN_POINT('',(-0.027435828551928,0.0436564128862513,0.));
#6546=CARTESIAN_POINT('',(-0.027376270354804,0.0439618070459721,0.));
#6547=CARTESIAN_POINT('',(-0.027376270354804,0.0439618070459721,0.));
#6548=CARTESIAN_POINT('',(-0.031240805381226,0.0446347693208033,0.));
#6549=CARTESIAN_POINT('',(-0.0273171477804308,0.0446938171966971,0.));
#6550=CARTESIAN_POINT('',(-0.02731671215768,0.0448209657193775,0.));
#6551=CARTESIAN_POINT('',(-0.02731671215768,0.0449481076862875,0.));
#6552=CARTESIAN_POINT('',(-0.0279329916584167,0.0449481076862875,0.));
#6553=CARTESIAN_POINT('',(-0.0285492711591533,0.0449481076862875,0.));
#6554=CARTESIAN_POINT('',(-0.0285492711591533,0.0452619498172315,0.));
#6555=CARTESIAN_POINT('',(-0.0285492711591533,0.0455757919481756,0.));
#6556=CARTESIAN_POINT('',(-0.0285492711591533,0.0455757919481756,0.));
#6557=CARTESIAN_POINT('',(-0.0285492711591533,0.0457650265035765,0.));
#6558=CARTESIAN_POINT('',(-0.0285142120785769,0.0458837204992633,0.));
#6559=CARTESIAN_POINT('',(-0.0285142120785769,0.0458837204992633,0.));
#6560=CARTESIAN_POINT('',(-0.02820051879611,0.0458083205456647,0.));
#6561=CARTESIAN_POINT('',(-0.0284011728774479,0.0460599175970954,0.));
#6562=CARTESIAN_POINT('',(-0.0282143707418101,0.045777360147563,0.));
#6563=CARTESIAN_POINT('',(-0.0281978355562659,0.0461164621064641,0.));
#6564=CARTESIAN_POINT('',(-0.0281978355562659,0.0461164621064641,0.));
#6565=CARTESIAN_POINT('',(-0.0280677367994276,0.0461164621064641,0.));
#6566=CARTESIAN_POINT('',(-0.0280001530296416,0.046053947119412,0.));
#6567=CARTESIAN_POINT('',(-0.0280001530296416,0.046053947119412,0.));
#6568=CARTESIAN_POINT('',(-0.0282327723516566,0.0458244259653316,0.));
#6569=CARTESIAN_POINT('',(-0.0279086974485077,0.0458752455844374,0.));
#6570=CARTESIAN_POINT('',(-0.0292519132483456,0.0456224926531812,0.));
#6571=CARTESIAN_POINT('',(-0.0278845692119529,0.0456028276621003,0.));
#6572=CARTESIAN_POINT('',(-0.027884415823883,0.0455082081783895,0.));
#6573=CARTESIAN_POINT('',(-0.027884415823883,0.045413590900689,0.));
#6574=CARTESIAN_POINT('',(-0.0276030983821485,0.045413590900689,0.));
#6575=CARTESIAN_POINT('',(-0.0273217809404139,0.045413590900689,0.));
#6576=CARTESIAN_POINT('',(-0.0273217809404139,0.0454727266992518,0.));
#6577=CARTESIAN_POINT('',(-0.0273217809404139,0.0455318624978146,0.));
#6578=CARTESIAN_POINT('',(-0.0273217809404139,0.0455318624978146,0.));
#6579=CARTESIAN_POINT('',(-0.0273217809404139,0.0460024144949501,0.));
#6580=CARTESIAN_POINT('',(-0.0275219978584051,0.0462727495740944,0.));
#6581=CARTESIAN_POINT('',(-0.0275219978584051,0.0462727495740944,0.));
#6582=CARTESIAN_POINT('',(-0.0275219978584051,0.0462727495740944,0.));
#6583=CARTESIAN_POINT('',(-0.0277222147763964,0.0465430846532386,0.));
#6584=CARTESIAN_POINT('',(-0.0282029043389998,0.0465430846532386,0.));
#6585=CARTESIAN_POINT('',(7.42076153612301E-18,-0.0335,0.));
#6586=CARTESIAN_POINT('',(0.0405,-0.0335,0.));
#6587=CARTESIAN_POINT('',(-0.0315,-0.0335,0.));
#6588=CARTESIAN_POINT('',(0.0405,0.005,0.));
#6589=CARTESIAN_POINT('',(0.0405,0.0175,0.));
#6590=CARTESIAN_POINT('',(0.,0.0175,0.));
#6591=CARTESIAN_POINT('',(-0.0315,0.0175,0.));
#6592=CARTESIAN_POINT('',(-0.0315,0.005,0.));
#6593=CARTESIAN_POINT('',(0.,0.0205,0.));
#6594=CARTESIAN_POINT('',(0.0105,0.0205,0.));
#6595=CARTESIAN_POINT('',(-0.0115,0.0205,0.));
#6596=CARTESIAN_POINT('',(0.0105,0.005,0.));
#6597=CARTESIAN_POINT('',(0.0105,0.0365,0.));
#6598=CARTESIAN_POINT('',(0.,0.0365,0.));
#6599=CARTESIAN_POINT('',(-0.0115,0.0365,0.));
#6600=CARTESIAN_POINT('',(-0.0115,0.005,0.));
#6601=CARTESIAN_POINT('',(0.,0.0485,0.));
#6602=CARTESIAN_POINT('',(-0.0485,0.0485,0.));
#6603=CARTESIAN_POINT('',(0.0485,0.0485,0.));
#6604=CARTESIAN_POINT('',(0.0485,0.0465,0.));
#6605=CARTESIAN_POINT('',(0.0505,0.0465,0.));
#6606=CARTESIAN_POINT('',(0.0505,0.005,0.));
#6607=CARTESIAN_POINT('',(0.0505,-0.0365,0.));
#6608=CARTESIAN_POINT('',(0.0485,-0.0365,0.));
#6609=CARTESIAN_POINT('',(0.0485,-0.0385,0.));
#6610=CARTESIAN_POINT('',(0.,-0.0385,0.));
#6611=CARTESIAN_POINT('',(-0.0485,-0.0385,0.));
#6612=CARTESIAN_POINT('',(-0.0485,-0.0365,0.));
#6613=CARTESIAN_POINT('',(-0.0505,-0.0365,0.));
#6614=CARTESIAN_POINT('',(-0.0505,0.005,0.));
#6615=CARTESIAN_POINT('',(-0.0505,0.0465,0.));
#6616=CARTESIAN_POINT('',(-0.0485,0.0465,0.));
#6617=CARTESIAN_POINT('',(-0.0447153088919803,0.0465430846532386,0.));
#6618=CARTESIAN_POINT('',(-0.0449586104632102,0.0465430846532386,0.));
#6619=CARTESIAN_POINT('',(-0.0451072947567395,0.0464514241654663,0.));
#6620=CARTESIAN_POINT('',(-0.0447153088919803,0.0465430846532386,0.));
#6621=CARTESIAN_POINT('',(-0.0451072947567395,0.0464514241654663,0.));
#6622=CARTESIAN_POINT('',(-0.0448317500846081,0.0460025198502427,0.));
#6623=CARTESIAN_POINT('',(-0.0453237857814082,0.046192152559499,0.));
#6624=CARTESIAN_POINT('',(-0.0443320025641756,0.0458232135830018,0.));
#6625=CARTESIAN_POINT('',(-0.0453907701217034,0.0457971380659496,0.));
#6626=CARTESIAN_POINT('',(-0.045391146589841,0.0447778810661388,0.));
#6627=CARTESIAN_POINT('',(-0.045391146589841,0.0437586333380527,0.));
#6628=CARTESIAN_POINT('',(-0.0455558820286945,0.0437586333380527,0.));
#6629=CARTESIAN_POINT('',(-0.045720617467548,0.0437586333380527,0.));
#6630=CARTESIAN_POINT('',(-0.045720617467548,0.0435668643912848,0.));
#6631=CARTESIAN_POINT('',(-0.045720617467548,0.0433750954445168,0.));
#6632=CARTESIAN_POINT('',(-0.0455558820286945,0.0433750954445168,0.));
#6633=CARTESIAN_POINT('',(-0.045391146589841,0.0433750954445168,0.));
#6634=CARTESIAN_POINT('',(-0.045391146589841,0.0429180602013385,0.));
#6635=CARTESIAN_POINT('',(-0.045391146589841,0.0424610249581602,0.));
#6636=CARTESIAN_POINT('',(-0.0451018035754444,0.0424610249581602,0.));
#6637=CARTESIAN_POINT('',(-0.0448124605610478,0.0424610249581602,0.));
#6638=CARTESIAN_POINT('',(-0.0448124605610478,0.0429180602013385,0.));
#6639=CARTESIAN_POINT('',(-0.0448124605610478,0.0433750954445168,0.));
#6640=CARTESIAN_POINT('',(-0.0445611334171559,0.0433750954445168,0.));
#6641=CARTESIAN_POINT('',(-0.0443098062732639,0.0433750954445168,0.));
#6642=CARTESIAN_POINT('',(-0.0443098062732639,0.0435668643912848,0.));
#6643=CARTESIAN_POINT('',(-0.0443098062732639,0.0437586333380527,0.));
#6644=CARTESIAN_POINT('',(-0.0445611334171559,0.0437586333380527,0.));
#6645=CARTESIAN_POINT('',(-0.0448124605610478,0.0437586333380527,0.));
#6646=CARTESIAN_POINT('',(-0.0448124605610478,0.0447588731308865,0.));
#6647=CARTESIAN_POINT('',(-0.0448124605610478,0.0457591129237203,0.));
#6648=CARTESIAN_POINT('',(-0.0448124605610478,0.0457591129237203,0.));
#6649=CARTESIAN_POINT('',(-0.0448124605610478,0.0459432786963873,0.));
#6650=CARTESIAN_POINT('',(-0.0447529023639238,0.0460214224302024,0.));
#6651=CARTESIAN_POINT('',(-0.0447529023639238,0.0460214224302024,0.));
#6652=CARTESIAN_POINT('',(-0.0447529023639238,0.0460214224302024,0.));
#6653=CARTESIAN_POINT('',(-0.0446933441667998,0.0460995661640176,0.));
#6654=CARTESIAN_POINT('',(-0.0445260743365794,0.0460995661640176,0.));
#6655=CARTESIAN_POINT('',(-0.0445260743365794,0.0460995661640176,0.));
#6656=CARTESIAN_POINT('',(-0.0445357085420224,0.0449420074931109,0.));
#6657=CARTESIAN_POINT('',(-0.0444259593211713,0.0460945611990078,-8.67361737988404E-19));
#6658=CARTESIAN_POINT('',(-0.0443699536052232,0.0460891395890078,0.));
#6659=CARTESIAN_POINT('',(-0.0443148750559978,0.0460836956173124,0.));
#6660=CARTESIAN_POINT('',(-0.0443148750559978,0.0462972486906418,0.));
#6661=CARTESIAN_POINT('',(-0.0443148750559978,0.0465109403201352,0.));
#6662=CARTESIAN_POINT('',(-0.0448179730026834,0.0431838495747658,0.));
#6663=CARTESIAN_POINT('',(-0.0445150894993085,0.0465350885678675,0.));
#6664=CARTESIAN_POINT('',(-0.0447067542281751,0.0442217587486654,0.));
#6665=CARTESIAN_POINT('',(-0.0322418793808395,0.0465430846532386,0.));
#6666=CARTESIAN_POINT('',(-0.0325874014038708,0.0465430846532386,0.));
#6667=CARTESIAN_POINT('',(-0.032787618321862,0.0464024259323714,0.));
#6668=CARTESIAN_POINT('',(-0.0322418793808395,0.0465430846532386,0.));
#6669=CARTESIAN_POINT('',(-0.032787618321862,0.0464024259323714,0.));
#6670=CARTESIAN_POINT('',(-0.0323463862271422,0.0457916566320961,0.));
#6671=CARTESIAN_POINT('',(-0.0330714701549635,0.0460024144949501,0.));
#6672=CARTESIAN_POINT('',(-0.0330714701549635,0.0460024144949501,0.));
#6673=CARTESIAN_POINT('',(-0.0331551050700737,0.0457430617783961,0.));
#6674=CARTESIAN_POINT('',(-0.0331551050700737,0.0453916261755085,0.));
#6675=CARTESIAN_POINT('',(-0.0331551050700737,0.0453916261755085,0.));
#6676=CARTESIAN_POINT('',(-0.0331551050700737,0.0449375477222584,0.));
#6677=CARTESIAN_POINT('',(-0.0331551050700737,0.0444834692690083,0.));
#6678=CARTESIAN_POINT('',(-0.0331551050700737,0.0444834692690083,0.));
#6679=CARTESIAN_POINT('',(-0.0331551050700737,0.0441320336661207,0.));
#6680=CARTESIAN_POINT('',(-0.0330714701549635,0.0438722585510055,0.));
#6681=CARTESIAN_POINT('',(-0.0330714701549635,0.0438722585510055,0.));
#6682=CARTESIAN_POINT('',(-0.0330714701549635,0.0438722585510055,0.));
#6683=CARTESIAN_POINT('',(-0.0329878352398533,0.0436124834358904,0.));
#6684=CARTESIAN_POINT('',(-0.032787618321862,0.0434722471135843,0.));
#6685=CARTESIAN_POINT('',(-0.032787618321862,0.0434722471135843,0.));
#6686=CARTESIAN_POINT('',(-0.032787618321862,0.0434722471135843,0.));
#6687=CARTESIAN_POINT('',(-0.0325874014038708,0.0433320107912782,0.));
#6688=CARTESIAN_POINT('',(-0.0322418793808395,0.0433320107912782,0.));
#6689=CARTESIAN_POINT('',(-0.0322418793808395,0.0433320107912782,0.));
#6690=CARTESIAN_POINT('',(-0.0322418793808395,0.0433320107912782,0.));
#6691=CARTESIAN_POINT('',(-0.0318955125606859,0.0433320107912782,0.));
#6692=CARTESIAN_POINT('',(-0.0316982524326229,0.0434722471135843,0.));
#6693=CARTESIAN_POINT('',(-0.0316982524326229,0.0434722471135843,0.));
#6694=CARTESIAN_POINT('',(-0.0316982524326229,0.0434722471135843,0.));
#6695=CARTESIAN_POINT('',(-0.0315009923045598,0.0436124834358904,0.));
#6696=CARTESIAN_POINT('',(-0.0314173573894495,0.0438722585510055,0.));
#6697=CARTESIAN_POINT('',(-0.0314173573894495,0.0438722585510055,0.));
#6698=CARTESIAN_POINT('',(-0.0314173573894495,0.0438722585510055,0.));
#6699=CARTESIAN_POINT('',(-0.0313337224743393,0.0441320336661207,0.));
#6700=CARTESIAN_POINT('',(-0.0313337224743393,0.0444834692690083,0.));
#6701=CARTESIAN_POINT('',(-0.0313337224743393,0.0444834692690083,0.));
#6702=CARTESIAN_POINT('',(-0.0313337224743393,0.0449375477222584,0.));
#6703=CARTESIAN_POINT('',(-0.0313337224743393,0.0453916261755085,0.));
#6704=CARTESIAN_POINT('',(-0.0313337224743393,0.0453916261755085,0.));
#6705=CARTESIAN_POINT('',(-0.0313337224743393,0.0457430617783961,0.));
#6706=CARTESIAN_POINT('',(-0.0314173573894495,0.0460024144949501,0.));
#6707=CARTESIAN_POINT('',(-0.0314173573894495,0.0460024144949501,0.));
#6708=CARTESIAN_POINT('',(-0.0314173573894495,0.0460024144949501,0.));
#6709=CARTESIAN_POINT('',(-0.0315009923045598,0.0462617672115041,0.));
#6710=CARTESIAN_POINT('',(-0.0316982524326229,0.0464024259323714,0.));
#6711=CARTESIAN_POINT('',(-0.0316982524326229,0.0464024259323714,0.));
#6712=CARTESIAN_POINT('',(-0.0316982524326229,0.0464024259323714,0.));
#6713=CARTESIAN_POINT('',(-0.0318955125606859,0.0465430846532386,0.));
#6714=CARTESIAN_POINT('',(-0.0322418793808395,0.0465430846532386,0.));
#6715=CARTESIAN_POINT('',(-0.047932296333797,0.0443102858589315,0.));
#6716=CARTESIAN_POINT('',(-0.0483969347510763,0.0465,0.));
#6717=CARTESIAN_POINT('',(-0.0474676579165178,0.0421205717178629,0.));
#6718=CARTESIAN_POINT('',(-0.0471728237208261,0.0421205717178629,0.));
#6719=CARTESIAN_POINT('',(-0.0468779895251344,0.0421205717178629,0.));
#6720=CARTESIAN_POINT('',(-0.0464103943179271,0.0443102858589315,0.));
#6721=CARTESIAN_POINT('',(-0.0459427991107197,0.0465,0.));
#6722=CARTESIAN_POINT('',(-0.0462321421251163,0.0465,0.));
#6723=CARTESIAN_POINT('',(-0.0465214851395129,0.0465,0.));
#6724=CARTESIAN_POINT('',(-0.0466211711999474,0.0459483474791212,0.));
#6725=CARTESIAN_POINT('',(-0.0467208572603818,0.0453966949582425,0.));
#6726=CARTESIAN_POINT('',(-0.0471669101409699,0.0453966949582425,0.));
#6727=CARTESIAN_POINT('',(-0.0476129630215579,0.0453966949582425,0.));
#6728=CARTESIAN_POINT('',(-0.0477185626618486,0.0459483474791212,0.));
#6729=CARTESIAN_POINT('',(-0.0478241623021393,0.0465,0.));
#6730=CARTESIAN_POINT('',(-0.0481105485266078,0.0465,0.));
#6731=CARTESIAN_POINT('',(-0.034739944471557,0.0465489982330949,0.));
#6732=CARTESIAN_POINT('',(-0.0352045828888362,0.0465489982330949,0.));
#6733=CARTESIAN_POINT('',(-0.0354614012140232,0.0463542724963988,0.));
#6734=CARTESIAN_POINT('',(-0.034739944471557,0.0465489982330949,0.));
#6735=CARTESIAN_POINT('',(-0.0354614012140232,0.0463542724963988,0.));
#6736=CARTESIAN_POINT('',(-0.0354614012140232,0.0463542724963988,0.));
#6737=CARTESIAN_POINT('',(-0.0357182195392103,0.0461595467597027,0.));
#6738=CARTESIAN_POINT('',(-0.0358183279982059,0.0458296534834345,0.));
#6739=CARTESIAN_POINT('',(-0.0358183279982059,0.0458296534834345,0.));
#6740=CARTESIAN_POINT('',(-0.033384294371605,0.0451290581144417,0.));
#6741=CARTESIAN_POINT('',(-0.0359180553641268,0.0450942628218736,0.));
#6742=CARTESIAN_POINT('',(-0.0359184364572015,0.0443212682215217,0.));
#6743=CARTESIAN_POINT('',(-0.0359184364572016,0.0435482788545936,0.));
#6744=CARTESIAN_POINT('',(-0.0359184364572016,0.0435482788545936,0.));
#6745=CARTESIAN_POINT('',(-0.0359184364572016,0.0431047603653726,0.));
#6746=CARTESIAN_POINT('',(-0.0358183279982059,0.0427748670891043,0.));
#6747=CARTESIAN_POINT('',(-0.0358183279982059,0.0427748670891043,0.));
#6748=CARTESIAN_POINT('',(-0.0358183279982059,0.0427748670891043,0.));
#6749=CARTESIAN_POINT('',(-0.0357182195392103,0.0424449738128361,0.));
#6750=CARTESIAN_POINT('',(-0.0354614012140232,0.0422637648300971,0.));
#6751=CARTESIAN_POINT('',(-0.0354614012140232,0.0422637648300971,0.));
#6752=CARTESIAN_POINT('',(-0.0354614012140232,0.0422637648300971,0.));
#6753=CARTESIAN_POINT('',(-0.0352045828888362,0.0420825558473583,0.));
#6754=CARTESIAN_POINT('',(-0.034739944471557,0.0420825558473583,0.));
#6755=CARTESIAN_POINT('',(-0.034739944471557,0.0420825558473583,0.));
#6756=CARTESIAN_POINT('',(-0.034739944471557,0.0420825558473583,0.));
#6757=CARTESIAN_POINT('',(-0.0343285282729843,0.0420825558473583,0.));
#6758=CARTESIAN_POINT('',(-0.0340881834916826,0.0422341969308158,0.));
#6759=CARTESIAN_POINT('',(-0.0340881834916826,0.0422341969308158,0.));
#6760=CARTESIAN_POINT('',(-0.0345411142619851,0.0429492432859988,0.));
#6761=CARTESIAN_POINT('',(-0.0337422390700902,0.0426667330574466,0.));
#6762=CARTESIAN_POINT('',(-0.0337422390700902,0.0426667330574466,0.));
#6763=CARTESIAN_POINT('',(-0.0336366394297995,0.0429476281006199,0.));
#6764=CARTESIAN_POINT('',(-0.0336366394297995,0.0433421483567461,0.));
#6765=CARTESIAN_POINT('',(-0.0336366394297995,0.0433421483567461,0.));
#6766=CARTESIAN_POINT('',(-0.0336366394297995,0.0435153317668229,0.));
#6767=CARTESIAN_POINT('',(-0.0336366394297995,0.0436885151768997,0.));
#6768=CARTESIAN_POINT('',(-0.033925982444196,0.0436885151768997,0.));
#6769=CARTESIAN_POINT('',(-0.0342153254585927,0.0436885151768997,0.));
#6770=CARTESIAN_POINT('',(-0.0342153254585927,0.0435343397020752,0.));
#6771=CARTESIAN_POINT('',(-0.0342154671640454,0.0433801630269259,0.));
#6772=CARTESIAN_POINT('',(-0.0376282312747887,0.04335125499702,0.));
#6773=CARTESIAN_POINT('',(-0.034239402176579,0.042950584890548,0.));
#6774=CARTESIAN_POINT('',(-0.034239402176579,0.042950584890548,0.));
#6775=CARTESIAN_POINT('',(-0.0342634788945652,0.0427643071250752,0.));
#6776=CARTESIAN_POINT('',(-0.0343716129262229,0.0426612418761515,0.));
#6777=CARTESIAN_POINT('',(-0.0343716129262229,0.0426612418761515,0.));
#6778=CARTESIAN_POINT('',(-0.0343716129262229,0.0426612418761515,0.));
#6779=CARTESIAN_POINT('',(-0.0344797469578806,0.0425581766272277,0.));
#6780=CARTESIAN_POINT('',(-0.0347340308917007,0.0425581766272277,0.));
#6781=CARTESIAN_POINT('',(-0.0347340308917007,0.0425581766272277,0.));
#6782=CARTESIAN_POINT('',(-0.0347340308917007,0.0425581766272277,0.));
#6783=CARTESIAN_POINT('',(-0.0349933836082547,0.0425581766272277,0.));
#6784=CARTESIAN_POINT('',(-0.0351125000025027,0.0426692674488136,0.));
#6785=CARTESIAN_POINT('',(-0.0351125000025027,0.0426692674488136,0.));
#6786=CARTESIAN_POINT('',(-0.0351125000025027,0.0426692674488136,0.));
#6787=CARTESIAN_POINT('',(-0.0352316163967506,0.0427803582703994,0.));
#6788=CARTESIAN_POINT('',(-0.0352666754773272,0.0429831095797576,0.));
#6789=CARTESIAN_POINT('',(-0.0352666754773272,0.0429831095797576,0.));
#6790=CARTESIAN_POINT('',(-0.0324712389308361,0.0434225928920364,0.));
#6791=CARTESIAN_POINT('',(-0.0353015149507119,0.0434561933611275,0.));
#6792=CARTESIAN_POINT('',(-0.0353017345579036,0.0443238026128887,0.));
#6793=CARTESIAN_POINT('',(-0.0353017345579036,0.0451914092575173,0.));
#6794=CARTESIAN_POINT('',(-0.0353017345579036,0.0451914092575173,0.));
#6795=CARTESIAN_POINT('',(-0.0353017345579036,0.0455217249323467,0.));
#6796=CARTESIAN_POINT('',(-0.0352476675420748,0.0457134938791147,0.));
#6797=CARTESIAN_POINT('',(-0.0352476675420748,0.0457134938791147,0.));
#6798=CARTESIAN_POINT('',(-0.0352476675420748,0.0457134938791147,0.));
#6799=CARTESIAN_POINT('',(-0.0351936005262459,0.0459052628258826,0.));
#6800=CARTESIAN_POINT('',(-0.035069415349264,0.0459863633496259,0.));
#6801=CARTESIAN_POINT('',(-0.035069415349264,0.0459863633496259,0.));
#6802=CARTESIAN_POINT('',(-0.035069415349264,0.0459863633496259,0.));
#6803=CARTESIAN_POINT('',(-0.0349452301722822,0.0460674638733692,0.));
#6804=CARTESIAN_POINT('',(-0.0347340308917007,0.0460674638733692,0.));
#6805=CARTESIAN_POINT('',(-0.0347340308917007,0.0460674638733692,0.));
#6806=CARTESIAN_POINT('',(-0.0347340308917007,0.0460674638733692,0.));
#6807=CARTESIAN_POINT('',(-0.034485660537737,0.0460674638733692,0.));
#6808=CARTESIAN_POINT('',(-0.0343775265060792,0.0459567954503445,0.));
#6809=CARTESIAN_POINT('',(-0.0343775265060792,0.0459567954503445,0.));
#6810=CARTESIAN_POINT('',(-0.0343775265060792,0.0459567954503445,0.));
#6811=CARTESIAN_POINT('',(-0.0342693924744215,0.0458461270273198,0.));
#6812=CARTESIAN_POINT('',(-0.0342423589665071,0.0456514012906237,0.));
#6813=CARTESIAN_POINT('',(-0.0342423589665071,0.0456514012906237,0.));
#6814=CARTESIAN_POINT('',(-0.0375870617075356,0.045229784747397,0.));
#6815=CARTESIAN_POINT('',(-0.034215496519092,0.0451973244842849,0.));
#6816=CARTESIAN_POINT('',(-0.0342153254585927,0.045035121789887,0.));
#6817=CARTESIAN_POINT('',(-0.0342153254585927,0.0448729207424005,0.));
#6818=CARTESIAN_POINT('',(-0.033925982444196,0.0448729207424005,0.));
#6819=CARTESIAN_POINT('',(-0.0336366394297994,0.0448729207424005,0.));
#6820=CARTESIAN_POINT('',(-0.0336366394297994,0.045035121789887,0.));
#6821=CARTESIAN_POINT('',(-0.0336366394297994,0.0451973228373736,0.));
#6822=CARTESIAN_POINT('',(-0.0336366394297994,0.0451973228373736,0.));
#6823=CARTESIAN_POINT('',(-0.0336366394297994,0.0455969118762337,0.));
#6824=CARTESIAN_POINT('',(-0.0337337910988669,0.0459023060359545,0.));
#6825=CARTESIAN_POINT('',(-0.0337337910988669,0.0459023060359545,0.));
#6826=CARTESIAN_POINT('',(-0.0346007148477005,0.045650699436221,0.));
#6827=CARTESIAN_POINT('',(-0.0340691755564303,0.0463783492143851,0.));
#6828=CARTESIAN_POINT('',(-0.0340691755564303,0.0463783492143851,0.));
#6829=CARTESIAN_POINT('',(-0.0343074083449262,0.0465489982330949,0.));
#6830=CARTESIAN_POINT('',(-0.034739944471557,0.0465489982330949,0.));
#6831=CARTESIAN_POINT('',(-0.043882338929367,0.0449375477222584,0.));
#6832=CARTESIAN_POINT('',(-0.043882338929367,0.0465,0.));
#6833=CARTESIAN_POINT('',(-0.043882338929367,0.0433750954445168,0.));
#6834=CARTESIAN_POINT('',(-0.043614960640151,0.0433750954445168,0.));
#6835=CARTESIAN_POINT('',(-0.0433475823509348,0.0433750954445168,0.));
#6836=CARTESIAN_POINT('',(-0.0433475823509348,0.0435237797380462,0.));
#6837=CARTESIAN_POINT('',(-0.0433475823509348,0.0436724640315755,0.));
#6838=CARTESIAN_POINT('',(-0.0425538011336257,0.0443474558630475,0.));
#6839=CARTESIAN_POINT('',(-0.0430012854668372,0.0434074757429914,0.));
#6840=CARTESIAN_POINT('',(-0.0426095583326026,0.0442468821483174,0.));
#6841=CARTESIAN_POINT('',(-0.0426117609314155,0.0433211272952874,0.));
#6842=CARTESIAN_POINT('',(-0.0426031704329034,0.0438931336590132,0.));
#6843=CARTESIAN_POINT('',(-0.0423013011149342,0.0434076201337264,0.));
#6844=CARTESIAN_POINT('',(-0.0423013011149342,0.0434076201337264,0.));
#6845=CARTESIAN_POINT('',(-0.042163176785434,0.0434942118387647,0.));
#6846=CARTESIAN_POINT('',(-0.0421040409868712,0.0437155486848141,0.));
#6847=CARTESIAN_POINT('',(-0.0421040409868712,0.0437155486848141,0.));
#6848=CARTESIAN_POINT('',(-0.0421040409868712,0.0437155486848141,0.));
#6849=CARTESIAN_POINT('',(-0.0419359263595283,0.0435102629840889,0.));
#6850=CARTESIAN_POINT('',(-0.0417386662314653,0.0434156457063885,0.));
#6851=CARTESIAN_POINT('',(-0.0417386662314653,0.0434156457063885,0.));
#6852=CARTESIAN_POINT('',(-0.0413265114988518,0.0442650257226263,0.));
#6853=CARTESIAN_POINT('',(-0.0413251358618274,0.0433211400252303,0.));
#6854=CARTESIAN_POINT('',(-0.0413184340408353,0.0438537115570366,0.));
#6855=CARTESIAN_POINT('',(-0.0410495159988423,0.0433937675855688,0.));
#6856=CARTESIAN_POINT('',(-0.0413271806936389,0.0438318545271977,0.));
#6857=CARTESIAN_POINT('',(-0.0408495172602173,0.0436264225884087,0.));
#6858=CARTESIAN_POINT('',(-0.0408495172602173,0.0436264225884087,0.));
#6859=CARTESIAN_POINT('',(-0.040773485519208,0.0437856668459671,0.));
#6860=CARTESIAN_POINT('',(-0.040773485519208,0.0440450195625211,0.));
#6861=CARTESIAN_POINT('',(-0.040773485519208,0.0440450195625211,0.));
#6862=CARTESIAN_POINT('',(-0.040773485519208,0.0452725097812606,0.));
#6863=CARTESIAN_POINT('',(-0.040773485519208,0.0465,0.));
#6864=CARTESIAN_POINT('',(-0.0410387518156183,0.0465,0.));
#6865=CARTESIAN_POINT('',(-0.0413040181120286,0.0465,0.));
#6866=CARTESIAN_POINT('',(-0.0413040181120286,0.0452915177165129,0.));
#6867=CARTESIAN_POINT('',(-0.0413040181120286,0.0440830354330259,0.));
#6868=CARTESIAN_POINT('',(-0.0413040181120286,0.0440830354330259,0.));
#6869=CARTESIAN_POINT('',(-0.0413040181120286,0.0438557850071202,0.));
#6870=CARTESIAN_POINT('',(-0.0413766706645486,0.0437776412733051,0.));
#6871=CARTESIAN_POINT('',(-0.0413766706645486,0.0437776412733051,0.));
#6872=CARTESIAN_POINT('',(-0.0413766706645486,0.0437776412733051,0.));
#6873=CARTESIAN_POINT('',(-0.0414493232170687,0.0436994975394899,0.));
#6874=CARTESIAN_POINT('',(-0.0415743531911729,0.0436994975394899,0.));
#6875=CARTESIAN_POINT('',(-0.0415743531911729,0.0436994975394899,0.));
#6876=CARTESIAN_POINT('',(-0.0415579452579329,0.0442405417229988,0.));
#6877=CARTESIAN_POINT('',(-0.0418226255033944,0.0437672519909691,0.));
#6878=CARTESIAN_POINT('',(-0.0414229052309893,0.0445206084788349,0.));
#6879=CARTESIAN_POINT('',(-0.0420609563336326,0.0439541299591162,0.));
#6880=CARTESIAN_POINT('',(-0.0420609563336326,0.0452725097812606,0.));
#6881=CARTESIAN_POINT('',(-0.0420609563336326,0.0465,0.));
#6882=CARTESIAN_POINT('',(-0.0423258002314817,0.0465,0.));
#6883=CARTESIAN_POINT('',(-0.0425906441293308,0.0465,0.));
#6884=CARTESIAN_POINT('',(-0.0425906441293308,0.0452915177165129,0.));
#6885=CARTESIAN_POINT('',(-0.0425906441293308,0.0440830354330259,0.));
#6886=CARTESIAN_POINT('',(-0.0425906441293308,0.0440830354330259,0.));
#6887=CARTESIAN_POINT('',(-0.0425906441293308,0.0438557850071202,0.));
#6888=CARTESIAN_POINT('',(-0.0426637190804121,0.0437776412733051,0.));
#6889=CARTESIAN_POINT('',(-0.0426637190804121,0.0437776412733051,0.));
#6890=CARTESIAN_POINT('',(-0.0428471560120809,0.0439569686730561,0.));
#6891=CARTESIAN_POINT('',(-0.0428609643385309,0.0436996448293854,0.));
#6892=CARTESIAN_POINT('',(-0.0428473871483887,0.0442217620555586,0.));
#6893=CARTESIAN_POINT('',(-0.0431067497106,0.0437671915053546,0.));
#6894=CARTESIAN_POINT('',(-0.042642608953027,0.0446113294355725,0.));
#6895=CARTESIAN_POINT('',(-0.0433475823509348,0.0439542118126508,0.));
#6896=CARTESIAN_POINT('',(-0.0433475823509348,0.045226890736655,0.));
#6897=CARTESIAN_POINT('',(-0.0433475823509348,0.0465,0.));
#6898=CARTESIAN_POINT('',(-0.043614960640151,0.0465,0.));
#6899=CARTESIAN_POINT('',(0.,0.005,0.006));
#6900=CARTESIAN_POINT('',(0.0505,0.005,0.006));
#6901=CARTESIAN_POINT('',(0.0505,0.0465,0.006));
#6902=CARTESIAN_POINT('',(0.0505,-0.0365,0.006));
#6903=CARTESIAN_POINT('',(0.0485,0.0465,0.006));
#6904=CARTESIAN_POINT('',(0.0485,0.0485,0.006));
#6905=CARTESIAN_POINT('',(0.,0.0485,0.006));
#6906=CARTESIAN_POINT('',(-0.0485,0.0485,0.006));
#6907=CARTESIAN_POINT('',(-0.0485,0.0465,0.006));
#6908=CARTESIAN_POINT('',(-0.0505,0.0465,0.006));
#6909=CARTESIAN_POINT('',(-0.0505,0.005,0.006));
#6910=CARTESIAN_POINT('',(-0.0505,-0.0365,0.006));
#6911=CARTESIAN_POINT('',(-0.0485,-0.0365,0.006));
#6912=CARTESIAN_POINT('',(-0.0485,-0.0385,0.006));
#6913=CARTESIAN_POINT('',(0.,-0.0385,0.006));
#6914=CARTESIAN_POINT('',(0.0485,-0.0385,0.006));
#6915=CARTESIAN_POINT('',(0.0485,-0.0365,0.006));
#6916=CARTESIAN_POINT('',(0.0405,0.005,0.006));
#6917=CARTESIAN_POINT('',(0.0405,0.0385,0.006));
#6918=CARTESIAN_POINT('',(0.0405,-0.0335,0.006));
#6919=CARTESIAN_POINT('',(0.0045,-0.0335,0.006));
#6920=CARTESIAN_POINT('',(-0.0315,-0.0335,0.006));
#6921=CARTESIAN_POINT('',(-0.0315,-0.031,0.006));
#6922=CARTESIAN_POINT('',(-0.0315,-0.0285,0.006));
#6923=CARTESIAN_POINT('',(3.46944695195361E-18,-0.0285,0.006));
#6924=CARTESIAN_POINT('',(-0.0405,-0.0285,0.006));
#6925=CARTESIAN_POINT('',(-0.0405,0.005,0.006));
#6926=CARTESIAN_POINT('',(-0.0405,0.0385,0.006));
#6927=CARTESIAN_POINT('',(3.46944695195361E-18,0.0385,0.006));
#6928=CARTESIAN_POINT('',(0.,0.005,0.002));
#6929=CARTESIAN_POINT('',(0.0105,0.0285,0.002));
#6930=CARTESIAN_POINT('',(0.0105,0.0205,0.002));
#6931=CARTESIAN_POINT('',(0.0105,0.0365,0.002));
#6932=CARTESIAN_POINT('',(-0.000499999999999994,0.0205,0.002));
#6933=CARTESIAN_POINT('',(-0.0115,0.0205,0.002));
#6934=CARTESIAN_POINT('',(-0.0115,0.0285,0.002));
#6935=CARTESIAN_POINT('',(-0.0115,0.0365,0.002));
#6936=CARTESIAN_POINT('',(-0.0005,0.0365,0.002));
#6937=CARTESIAN_POINT('',(-0.0315,-0.0055,0.002));
#6938=CARTESIAN_POINT('',(-0.0315,0.0175,0.002));
#6939=CARTESIAN_POINT('',(-0.0315,-0.0285,0.002));
#6940=CARTESIAN_POINT('',(0.0045,0.0175,0.002));
#6941=CARTESIAN_POINT('',(0.0405,0.0175,0.002));
#6942=CARTESIAN_POINT('',(0.0405,0.005,0.002));
#6943=CARTESIAN_POINT('',(0.0405,0.0385,0.002));
#6944=CARTESIAN_POINT('',(3.46944695195361E-18,0.0385,0.002));
#6945=CARTESIAN_POINT('',(-0.0405,0.0385,0.002));
#6946=CARTESIAN_POINT('',(-0.0405,0.005,0.002));
#6947=CARTESIAN_POINT('',(-0.0405,-0.0285,0.002));
#6948=CARTESIAN_POINT('',(3.46944695195361E-18,-0.0285,0.002));
#6949=CARTESIAN_POINT('',(0.,0.0485,0.006));
#6950=CARTESIAN_POINT('',(0.0485,0.0485,0.006));
#6951=CARTESIAN_POINT('',(-0.0485,0.0485,0.006));
#6952=CARTESIAN_POINT('',(-0.0505,0.005,0.006));
#6953=CARTESIAN_POINT('',(-0.0505,-0.0365,0.006));
#6954=CARTESIAN_POINT('',(-0.0505,0.0465,0.));
#6955=CARTESIAN_POINT('',(0.,-0.0385,0.006));
#6956=CARTESIAN_POINT('',(-0.0485,-0.0385,0.006));
#6957=CARTESIAN_POINT('',(0.0485,-0.0385,0.006));
#6958=CARTESIAN_POINT('',(-0.0405,0.005,0.006));
#6959=CARTESIAN_POINT('',(-0.0405,0.0385,0.006));
#6960=CARTESIAN_POINT('',(-0.0405,-0.0285,0.006));
#6961=CARTESIAN_POINT('',(3.46944695195361E-18,0.0385,0.006));
#6962=CARTESIAN_POINT('',(0.0405,0.0385,0.006));
#6963=CARTESIAN_POINT('',(0.0405,0.005,0.006));
#6964=CARTESIAN_POINT('',(0.0405,0.0175,-0.002));
#6965=CARTESIAN_POINT('',(0.0405,-0.0335,-0.004));
#6966=CARTESIAN_POINT('',(3.46944695195361E-18,-0.0285,0.006));
#6967=CARTESIAN_POINT('',(-0.0315,-0.0285,-0.004));
#6968=CARTESIAN_POINT('',(0.0505,0.005,0.006));
#6969=CARTESIAN_POINT('',(0.0505,0.0465,0.006));
#6970=CARTESIAN_POINT('',(0.0505,-0.0365,0.));
#6971=CARTESIAN_POINT('',(0.0485,0.0465,0.006));
#6972=CARTESIAN_POINT('',(-0.0485,-0.0365,0.006));
#6973=CARTESIAN_POINT('',(0.0485,-0.0365,0.006));
#6974=CARTESIAN_POINT('',(-0.0485,0.0465,0.006));
#6975=CARTESIAN_POINT('',(-0.000499999999999994,0.0205,-0.002));
#6976=CARTESIAN_POINT('',(-0.0115,0.0205,-0.002));
#6977=CARTESIAN_POINT('',(0.0105,0.0205,-0.002));
#6978=CARTESIAN_POINT('',(0.0105,0.0285,-0.002));
#6979=CARTESIAN_POINT('',(0.0105,0.0365,-0.002));
#6980=CARTESIAN_POINT('',(-0.0005,0.0365,-0.002));
#6981=CARTESIAN_POINT('',(-0.0115,0.0365,-0.002));
#6982=CARTESIAN_POINT('',(-0.0115,0.0285,-0.002));
#6983=CARTESIAN_POINT('',(0.0045,0.0175,-0.002));
#6984=CARTESIAN_POINT('',(-0.0315,0.0175,-0.002));
#6985=CARTESIAN_POINT('',(-0.0315,-0.0055,-0.002));
#6986=CARTESIAN_POINT('',(-0.0315,-0.0335,-0.004));
#6987=CARTESIAN_POINT('',(0.0045,-0.0335,-0.004));
#6988=CARTESIAN_POINT('',(-0.0447153088919803,0.0465430846532386,0.004));
#6989=CARTESIAN_POINT('',(-0.0447153088919803,0.0465430846532386,0.));
#6990=CARTESIAN_POINT('',(-0.0448775099394669,0.0465430846532386,0.004));
#6991=CARTESIAN_POINT('',(-0.0448775099394669,0.0465430846532386,0.));
#6992=CARTESIAN_POINT('',(-0.0450081718943866,0.0465125311573145,0.004));
#6993=CARTESIAN_POINT('',(-0.0450081718943866,0.0465125311573145,0.));
#6994=CARTESIAN_POINT('',(-0.0451072947567395,0.0464514241654663,0.004));
#6995=CARTESIAN_POINT('',(-0.0451072947567395,0.0464514241654663,0.));
#6996=CARTESIAN_POINT('',(-0.0447153088919803,0.0465430846532386,0.004));
#6997=CARTESIAN_POINT('',(-0.0447153088919803,0.0465430846532386,0.004));
#6998=CARTESIAN_POINT('',(-0.0447153088919803,0.0465430846532386,0.004));
#6999=CARTESIAN_POINT('',(-0.0449586104632102,0.0465430846532386,0.004));
#7000=CARTESIAN_POINT('',(-0.0451072947567395,0.0464514241654663,0.004));
#7001=CARTESIAN_POINT('',(-0.0451072947567395,0.0464514241654663,0.004));
#7002=CARTESIAN_POINT('',(-0.0451072947567395,0.0464514241654663,0.004));
#7003=CARTESIAN_POINT('',(-0.0447067542281751,0.0442217587486654,0.004));
#7004=CARTESIAN_POINT('',(-0.0445150919739891,0.0465350590805765,0.004));
#7005=CARTESIAN_POINT('',(-0.0445150894993085,0.0465350885678675,0.004));
#7006=CARTESIAN_POINT('',(-0.0447067542281751,0.0442217587486654,0.004));
#7007=CARTESIAN_POINT('',(-0.0448179730026834,0.0431838495747658,0.004));
#7008=CARTESIAN_POINT('',(-0.0443148750559978,0.0465109403201352,0.004));
#7009=CARTESIAN_POINT('',(-0.0443148750559978,0.0465109403201352,0.004));
#7010=CARTESIAN_POINT('',(-0.0448179730026834,0.0431838495747658,0.004));
#7011=CARTESIAN_POINT('',(-0.0443148750559978,0.0462972486906418,0.004));
#7012=CARTESIAN_POINT('',(-0.0443148750559978,0.0460836956173124,0.004));
#7013=CARTESIAN_POINT('',(-0.0443148750559978,0.0460836956173124,0.004));
#7014=CARTESIAN_POINT('',(-0.0443148750559978,0.0462972486906418,0.004));
#7015=CARTESIAN_POINT('',(-0.0443699536052232,0.0460891395890078,0.00399999999784086));
#7016=CARTESIAN_POINT('',(-0.0444259658775837,0.0460944973812836,0.004));
#7017=CARTESIAN_POINT('',(-0.0444259593211713,0.0460945611990078,0.004));
#7018=CARTESIAN_POINT('',(-0.0443699536052232,0.0460891395890078,0.004));
#7019=CARTESIAN_POINT('',(-0.0445357085420224,0.0449420074931109,0.004));
#7020=CARTESIAN_POINT('',(-0.0445260743365794,0.0460995661640176,0.004));
#7021=CARTESIAN_POINT('',(-0.0445260743365794,0.0460995661640176,0.004));
#7022=CARTESIAN_POINT('',(-0.0445357085420224,0.0449420074931109,0.004));
#7023=CARTESIAN_POINT('',(-0.0447529023639238,0.0460214224302024,0.004));
#7024=CARTESIAN_POINT('',(-0.0447529023639238,0.0460214224302024,0.));
#7025=CARTESIAN_POINT('',(-0.0447131968991745,0.0460735182527459,0.004));
#7026=CARTESIAN_POINT('',(-0.0447131968991745,0.0460735182527459,0.));
#7027=CARTESIAN_POINT('',(-0.0446375875567263,0.0460995661640176,0.004));
#7028=CARTESIAN_POINT('',(-0.0446375875567263,0.0460995661640176,0.));
#7029=CARTESIAN_POINT('',(-0.0445260743365794,0.0460995661640176,0.004));
#7030=CARTESIAN_POINT('',(-0.0445260743365794,0.0460995661640176,0.));
#7031=CARTESIAN_POINT('',(-0.0447529023639238,0.0460214224302024,0.004));
#7032=CARTESIAN_POINT('',(-0.0447529023639238,0.0460214224302024,0.004));
#7033=CARTESIAN_POINT('',(-0.0447529023639238,0.0460214224302024,0.004));
#7034=CARTESIAN_POINT('',(-0.0446933441667998,0.0460995661640176,0.004));
#7035=CARTESIAN_POINT('',(-0.0445260743365794,0.0460995661640176,0.004));
#7036=CARTESIAN_POINT('',(-0.0448124605610478,0.0457591129237203,0.004));
#7037=CARTESIAN_POINT('',(-0.0448124605610478,0.0457591129237203,0.));
#7038=CARTESIAN_POINT('',(-0.0448124605610478,0.0458818901054983,0.004));
#7039=CARTESIAN_POINT('',(-0.0448124605610478,0.0458818901054983,0.));
#7040=CARTESIAN_POINT('',(-0.0447926078286731,0.045969326607659,0.004));
#7041=CARTESIAN_POINT('',(-0.0447926078286731,0.045969326607659,0.));
#7042=CARTESIAN_POINT('',(-0.0447529023639238,0.0460214224302024,0.004));
#7043=CARTESIAN_POINT('',(-0.0447529023639238,0.0460214224302024,0.));
#7044=CARTESIAN_POINT('',(-0.0448124605610478,0.0457591129237203,0.004));
#7045=CARTESIAN_POINT('',(-0.0448124605610478,0.0457591129237203,0.004));
#7046=CARTESIAN_POINT('',(-0.0448124605610478,0.0457591129237203,0.004));
#7047=CARTESIAN_POINT('',(-0.0448124605610478,0.0459432786963873,0.004));
#7048=CARTESIAN_POINT('',(-0.0447529023639238,0.0460214224302024,0.004));
#7049=CARTESIAN_POINT('',(-0.0448124605610478,0.0447588731308865,0.004));
#7050=CARTESIAN_POINT('',(-0.0448124605610478,0.0437586333380527,0.004));
#7051=CARTESIAN_POINT('',(-0.0448124605610478,0.0437586333380527,0.004));
#7052=CARTESIAN_POINT('',(-0.0448124605610478,0.0447588731308865,0.004));
#7053=CARTESIAN_POINT('',(-0.0445611334171559,0.0437586333380527,0.004));
#7054=CARTESIAN_POINT('',(-0.0443098062732639,0.0437586333380527,0.004));
#7055=CARTESIAN_POINT('',(-0.0443098062732639,0.0437586333380527,0.004));
#7056=CARTESIAN_POINT('',(-0.0445611334171559,0.0437586333380527,0.004));
#7057=CARTESIAN_POINT('',(-0.0443098062732639,0.0435668643912848,0.004));
#7058=CARTESIAN_POINT('',(-0.0443098062732639,0.0433750954445168,0.004));
#7059=CARTESIAN_POINT('',(-0.0443098062732639,0.0433750954445168,0.004));
#7060=CARTESIAN_POINT('',(-0.0443098062732639,0.0435668643912848,0.004));
#7061=CARTESIAN_POINT('',(-0.0445611334171559,0.0433750954445168,0.004));
#7062=CARTESIAN_POINT('',(-0.0448124605610478,0.0433750954445168,0.004));
#7063=CARTESIAN_POINT('',(-0.0448124605610478,0.0433750954445168,0.004));
#7064=CARTESIAN_POINT('',(-0.0445611334171559,0.0433750954445168,0.004));
#7065=CARTESIAN_POINT('',(-0.0448124605610478,0.0429180602013385,0.004));
#7066=CARTESIAN_POINT('',(-0.0448124605610478,0.0424610249581602,0.004));
#7067=CARTESIAN_POINT('',(-0.0448124605610478,0.0424610249581602,0.004));
#7068=CARTESIAN_POINT('',(-0.0448124605610478,0.0429180602013385,0.004));
#7069=CARTESIAN_POINT('',(-0.0451018035754444,0.0424610249581602,0.004));
#7070=CARTESIAN_POINT('',(-0.045391146589841,0.0424610249581602,0.004));
#7071=CARTESIAN_POINT('',(-0.045391146589841,0.0424610249581602,0.004));
#7072=CARTESIAN_POINT('',(-0.0451018035754444,0.0424610249581602,0.004));
#7073=CARTESIAN_POINT('',(-0.045391146589841,0.0429180602013385,0.004));
#7074=CARTESIAN_POINT('',(-0.045391146589841,0.0433750954445168,0.004));
#7075=CARTESIAN_POINT('',(-0.045391146589841,0.0433750954445168,0.004));
#7076=CARTESIAN_POINT('',(-0.045391146589841,0.0429180602013385,0.004));
#7077=CARTESIAN_POINT('',(-0.0455558820286945,0.0433750954445168,0.004));
#7078=CARTESIAN_POINT('',(-0.045720617467548,0.0433750954445168,0.004));
#7079=CARTESIAN_POINT('',(-0.045720617467548,0.0433750954445168,0.004));
#7080=CARTESIAN_POINT('',(-0.0455558820286945,0.0433750954445168,0.004));
#7081=CARTESIAN_POINT('',(-0.045720617467548,0.0435668643912848,0.004));
#7082=CARTESIAN_POINT('',(-0.045720617467548,0.0437586333380527,0.004));
#7083=CARTESIAN_POINT('',(-0.045720617467548,0.0437586333380527,0.004));
#7084=CARTESIAN_POINT('',(-0.045720617467548,0.0435668643912848,0.004));
#7085=CARTESIAN_POINT('',(-0.0455558820286945,0.0437586333380527,0.004));
#7086=CARTESIAN_POINT('',(-0.045391146589841,0.0437586333380527,0.004));
#7087=CARTESIAN_POINT('',(-0.045391146589841,0.0437586333380527,0.004));
#7088=CARTESIAN_POINT('',(-0.0455558820286945,0.0437586333380527,0.004));
#7089=CARTESIAN_POINT('',(-0.045391146589841,0.0447778810661388,0.004));
#7090=CARTESIAN_POINT('',(-0.045391146589841,0.0457971287942249,0.004));
#7091=CARTESIAN_POINT('',(-0.0453907701217034,0.0457971380659496,0.004));
#7092=CARTESIAN_POINT('',(-0.045391146589841,0.0447778810661388,0.004));
#7093=CARTESIAN_POINT('',(-0.0443320025641756,0.0458232135830018,0.004));
#7094=CARTESIAN_POINT('',(-0.0453235628200549,0.0461920714489122,0.004));
#7095=CARTESIAN_POINT('',(-0.0453237857814082,0.046192152559499,0.004));
#7096=CARTESIAN_POINT('',(-0.0443320025641756,0.0458232135830018,0.004));
#7097=CARTESIAN_POINT('',(-0.0448317500846081,0.0460025198502427,0.004));
#7098=CARTESIAN_POINT('',(-0.0448317500846081,0.0460025198502427,0.004));
#7099=CARTESIAN_POINT('',(0.,0.005,0.004));
#7100=CARTESIAN_POINT('',(-0.0282168434915182,0.0446346879539046,0.004));
#7101=CARTESIAN_POINT('',(-0.0282168434915182,0.0446346879539046,0.));
#7102=CARTESIAN_POINT('',(-0.0285492711591533,0.0446346879539046,0.));
#7103=CARTESIAN_POINT('',(-0.027884415823883,0.0446346879539046,0.));
#7104=CARTESIAN_POINT('',(-0.0285492711591533,0.0446346879539046,0.004));
#7105=CARTESIAN_POINT('',(-0.0285492711591533,0.0446346879539046,0.004));
#7106=CARTESIAN_POINT('',(-0.0282168434915182,0.0446346879539046,0.004));
#7107=CARTESIAN_POINT('',(-0.027884415823883,0.0446346879539046,0.004));
#7108=CARTESIAN_POINT('',(-0.027884415823883,0.0446346879539046,0.004));
#7109=CARTESIAN_POINT('',(-0.0285492711591533,0.0445510530387943,0.004));
#7110=CARTESIAN_POINT('',(-0.0285492711591533,0.0445510530387943,0.));
#7111=CARTESIAN_POINT('',(-0.0285489230138181,0.0444674112554868,0.));
#7112=CARTESIAN_POINT('',(-0.0285492711591533,0.0444674181236841,0.004));
#7113=CARTESIAN_POINT('',(-0.0285489230138181,0.0444674112554868,0.004));
#7114=CARTESIAN_POINT('',(-0.0285492711591533,0.0445510530387943,0.004));
#7115=CARTESIAN_POINT('',(-0.0258769104523044,0.0444146978986422,0.004));
#7116=CARTESIAN_POINT('',(-0.0258769104523044,0.0444146978986422,0.));
#7117=CARTESIAN_POINT('',(-0.028522237651239,0.0440429075697154,0.));
#7118=CARTESIAN_POINT('',(-0.028522237651239,0.0440429075697154,0.004));
#7119=CARTESIAN_POINT('',(-0.028522237651239,0.0440429075697154,0.004));
#7120=CARTESIAN_POINT('',(-0.0258769104523044,0.0444146978986422,0.004));
#7121=CARTESIAN_POINT('',(-0.0284221291922433,0.0438236827164718,0.004));
#7122=CARTESIAN_POINT('',(-0.0284221291922433,0.0438236827164718,0.));
#7123=CARTESIAN_POINT('',(-0.0284708458262975,0.0438670489687512,0.004));
#7124=CARTESIAN_POINT('',(-0.0284708458262975,0.0438670489687512,0.));
#7125=CARTESIAN_POINT('',(-0.0285042153126293,0.0439401239198324,0.004));
#7126=CARTESIAN_POINT('',(-0.0285042153126293,0.0439401239198324,0.));
#7127=CARTESIAN_POINT('',(-0.028522237651239,0.0440429075697154,0.004));
#7128=CARTESIAN_POINT('',(-0.028522237651239,0.0440429075697154,0.));
#7129=CARTESIAN_POINT('',(-0.0284221291922433,0.0438236827164718,0.));
#7130=CARTESIAN_POINT('',(-0.0284952041433245,0.0438887320948909,0.));
#7131=CARTESIAN_POINT('',(-0.028522237651239,0.0440429075697154,0.));
#7132=CARTESIAN_POINT('',(-0.0284221291922433,0.0438236827164718,0.));
#7133=CARTESIAN_POINT('',(-0.0284221291922433,0.0438236827164718,0.004));
#7134=CARTESIAN_POINT('',(-0.0284221291922433,0.0438236827164718,0.004));
#7135=CARTESIAN_POINT('',(-0.0284221291922433,0.0438236827164718,0.004));
#7136=CARTESIAN_POINT('',(-0.0284952041433245,0.0438887320948909,0.004));
#7137=CARTESIAN_POINT('',(-0.028522237651239,0.0440429075697154,0.004));
#7138=CARTESIAN_POINT('',(-0.028208817918856,0.0437586333380527,0.004));
#7139=CARTESIAN_POINT('',(-0.028208817918856,0.0437586333380527,0.));
#7140=CARTESIAN_POINT('',(-0.0283023088003935,0.0437586333380527,0.004));
#7141=CARTESIAN_POINT('',(-0.0283023088003935,0.0437586333380527,0.));
#7142=CARTESIAN_POINT('',(-0.0283734125581892,0.0437803164641924,0.004));
#7143=CARTESIAN_POINT('',(-0.0283734125581892,0.0437803164641924,0.));
#7144=CARTESIAN_POINT('',(-0.0284221291922433,0.0438236827164718,0.004));
#7145=CARTESIAN_POINT('',(-0.0284221291922433,0.0438236827164718,0.));
#7146=CARTESIAN_POINT('',(-0.028208817918856,0.0437586333380527,0.));
#7147=CARTESIAN_POINT('',(-0.0283490542411622,0.0437586333380527,0.));
#7148=CARTESIAN_POINT('',(-0.0284221291922433,0.0438236827164718,0.));
#7149=CARTESIAN_POINT('',(-0.028208817918856,0.0437586333380527,0.));
#7150=CARTESIAN_POINT('',(-0.028208817918856,0.0437586333380527,0.004));
#7151=CARTESIAN_POINT('',(-0.028208817918856,0.0437586333380527,0.004));
#7152=CARTESIAN_POINT('',(-0.028208817918856,0.0437586333380527,0.004));
#7153=CARTESIAN_POINT('',(-0.0283490542411622,0.0437586333380527,0.004));
#7154=CARTESIAN_POINT('',(-0.0284221291922433,0.0438236827164718,0.004));
#7155=CARTESIAN_POINT('',(-0.0279950842469077,0.0438262171078388,0.004));
#7156=CARTESIAN_POINT('',(-0.0279950842469077,0.0438262171078388,0.));
#7157=CARTESIAN_POINT('',(-0.0280401400934317,0.0437811612613147,0.004));
#7158=CARTESIAN_POINT('',(-0.0280401400934317,0.0437811612613147,0.));
#7159=CARTESIAN_POINT('',(-0.0281113846507478,0.0437586333380527,0.004));
#7160=CARTESIAN_POINT('',(-0.0281113846507478,0.0437586333380527,0.));
#7161=CARTESIAN_POINT('',(-0.028208817918856,0.0437586333380527,0.004));
#7162=CARTESIAN_POINT('',(-0.028208817918856,0.0437586333380527,0.));
#7163=CARTESIAN_POINT('',(-0.0279950842469077,0.0438262171078388,0.));
#7164=CARTESIAN_POINT('',(-0.0280626680166937,0.0437586333380527,0.));
#7165=CARTESIAN_POINT('',(-0.028208817918856,0.0437586333380527,0.));
#7166=CARTESIAN_POINT('',(-0.0279950842469077,0.0438262171078388,0.));
#7167=CARTESIAN_POINT('',(-0.0279950842469077,0.0438262171078388,0.004));
#7168=CARTESIAN_POINT('',(-0.0279950842469077,0.0438262171078388,0.004));
#7169=CARTESIAN_POINT('',(-0.0279950842469077,0.0438262171078388,0.004));
#7170=CARTESIAN_POINT('',(-0.0280626680166937,0.0437586333380527,0.004));
#7171=CARTESIAN_POINT('',(-0.028208817918856,0.0437586333380527,0.004));
#7172=CARTESIAN_POINT('',(-0.0279059581505023,0.04402643402583,0.004));
#7173=CARTESIAN_POINT('',(-0.0279059581505023,0.04402643402583,0.));
#7174=CARTESIAN_POINT('',(-0.0279203197015818,0.0439380119270266,0.004));
#7175=CARTESIAN_POINT('',(-0.0279203197015818,0.0439380119270266,0.));
#7176=CARTESIAN_POINT('',(-0.0279500284003836,0.0438712729543628,0.004));
#7177=CARTESIAN_POINT('',(-0.0279500284003836,0.0438712729543628,0.));
#7178=CARTESIAN_POINT('',(-0.0279950842469077,0.0438262171078388,0.004));
#7179=CARTESIAN_POINT('',(-0.0279950842469077,0.0438262171078388,0.));
#7180=CARTESIAN_POINT('',(-0.0279059581505023,0.04402643402583,0.));
#7181=CARTESIAN_POINT('',(-0.0279275004771215,0.0438938008776249,0.));
#7182=CARTESIAN_POINT('',(-0.0279950842469077,0.0438262171078388,0.));
#7183=CARTESIAN_POINT('',(-0.0279059581505023,0.04402643402583,0.));
#7184=CARTESIAN_POINT('',(-0.0279059581505023,0.04402643402583,0.004));
#7185=CARTESIAN_POINT('',(-0.0279059581505023,0.04402643402583,0.004));
#7186=CARTESIAN_POINT('',(-0.0279059581505023,0.04402643402583,0.004));
#7187=CARTESIAN_POINT('',(-0.0279275004771215,0.0438938008776249,0.004));
#7188=CARTESIAN_POINT('',(-0.0279950842469077,0.0438262171078388,0.004));
#7189=CARTESIAN_POINT('',(-0.0300013433005583,0.0443235522876916,0.004));
#7190=CARTESIAN_POINT('',(-0.0300013433005583,0.0443235522876916,0.));
#7191=CARTESIAN_POINT('',(-0.0278846001439494,0.0443533679159087,0.));
#7192=CARTESIAN_POINT('',(-0.027884415823883,0.0443533705121701,0.004));
#7193=CARTESIAN_POINT('',(-0.0278846001439494,0.0443533679159087,0.00399999975));
#7194=CARTESIAN_POINT('',(-0.0300013433005583,0.0443235522876916,0.004));
#7195=CARTESIAN_POINT('',(-0.0282029043389998,0.0465430846532386,0.004));
#7196=CARTESIAN_POINT('',(-0.0282029043389998,0.0465430846532386,0.));
#7197=CARTESIAN_POINT('',(-0.0284484587025558,0.0465430846532386,0.004));
#7198=CARTESIAN_POINT('',(-0.0284484587025558,0.0465430846532386,0.));
#7199=CARTESIAN_POINT('',(-0.0286378340574772,0.0464953536158272,0.004));
#7200=CARTESIAN_POINT('',(-0.0286378340574772,0.0464953536158272,0.));
#7201=CARTESIAN_POINT('',(-0.0287710304037639,0.0463998915410044,0.004));
#7202=CARTESIAN_POINT('',(-0.0287710304037639,0.0463998915410044,0.));
#7203=CARTESIAN_POINT('',(-0.0282029043389998,0.0465430846532386,0.004));
#7204=CARTESIAN_POINT('',(-0.0282029043389998,0.0465430846532386,0.004));
#7205=CARTESIAN_POINT('',(-0.0282029043389998,0.0465430846532386,0.004));
#7206=CARTESIAN_POINT('',(-0.0285712358843338,0.0465430846532386,0.004));
#7207=CARTESIAN_POINT('',(-0.0287710304037639,0.0463998915410044,0.004));
#7208=CARTESIAN_POINT('',(-0.0287710304037639,0.0463998915410044,0.004));
#7209=CARTESIAN_POINT('',(-0.0287710304037639,0.0463998915410044,0.004));
#7210=CARTESIAN_POINT('',(-0.0275219978584051,0.0462727495740944,0.004));
#7211=CARTESIAN_POINT('',(-0.0275219978584051,0.0462727495740944,0.));
#7212=CARTESIAN_POINT('',(-0.0276554758037326,0.0464529729601905,0.004));
#7213=CARTESIAN_POINT('',(-0.0276554758037326,0.0464529729601905,0.));
#7214=CARTESIAN_POINT('',(-0.0278824446305975,0.0465430846532386,0.004));
#7215=CARTESIAN_POINT('',(-0.0278824446305975,0.0465430846532386,0.));
#7216=CARTESIAN_POINT('',(-0.0282029043389998,0.0465430846532386,0.004));
#7217=CARTESIAN_POINT('',(-0.0282029043389998,0.0465430846532386,0.));
#7218=CARTESIAN_POINT('',(-0.0275219978584051,0.0462727495740944,0.004));
#7219=CARTESIAN_POINT('',(-0.0275219978584051,0.0462727495740944,0.004));
#7220=CARTESIAN_POINT('',(-0.0275219978584051,0.0462727495740944,0.004));
#7221=CARTESIAN_POINT('',(-0.0277222147763964,0.0465430846532386,0.004));
#7222=CARTESIAN_POINT('',(-0.0282029043389998,0.0465430846532386,0.004));
#7223=CARTESIAN_POINT('',(-0.0273217809404139,0.0455318624978146,0.004));
#7224=CARTESIAN_POINT('',(-0.0273217809404139,0.0455318624978146,0.));
#7225=CARTESIAN_POINT('',(-0.0273217809404139,0.0458455638292383,0.004));
#7226=CARTESIAN_POINT('',(-0.0273217809404139,0.0458455638292383,0.));
#7227=CARTESIAN_POINT('',(-0.0273885199130777,0.0460925261879982,0.004));
#7228=CARTESIAN_POINT('',(-0.0273885199130777,0.0460925261879982,0.));
#7229=CARTESIAN_POINT('',(-0.0275219978584051,0.0462727495740944,0.004));
#7230=CARTESIAN_POINT('',(-0.0275219978584051,0.0462727495740944,0.));
#7231=CARTESIAN_POINT('',(-0.0273217809404139,0.0455318624978146,0.004));
#7232=CARTESIAN_POINT('',(-0.0273217809404139,0.0455318624978146,0.004));
#7233=CARTESIAN_POINT('',(-0.0273217809404139,0.0455318624978146,0.004));
#7234=CARTESIAN_POINT('',(-0.0273217809404139,0.0460024144949501,0.004));
#7235=CARTESIAN_POINT('',(-0.0275219978584051,0.0462727495740944,0.004));
#7236=CARTESIAN_POINT('',(-0.0273217809404139,0.0454727266992518,0.004));
#7237=CARTESIAN_POINT('',(-0.0273217809404139,0.045413590900689,0.004));
#7238=CARTESIAN_POINT('',(-0.0273217809404139,0.045413590900689,0.004));
#7239=CARTESIAN_POINT('',(-0.0273217809404139,0.0454727266992518,0.004));
#7240=CARTESIAN_POINT('',(-0.0276030983821485,0.045413590900689,0.004));
#7241=CARTESIAN_POINT('',(-0.027884415823883,0.045413590900689,0.004));
#7242=CARTESIAN_POINT('',(-0.027884415823883,0.045413590900689,0.004));
#7243=CARTESIAN_POINT('',(-0.0276030983821485,0.045413590900689,0.004));
#7244=CARTESIAN_POINT('',(-0.027884415823883,0.0455082081783895,0.004));
#7245=CARTESIAN_POINT('',(-0.027884415823883,0.04560282545609,0.004));
#7246=CARTESIAN_POINT('',(-0.0278845692119529,0.0456028276621003,0.004));
#7247=CARTESIAN_POINT('',(-0.027884415823883,0.0455082081783895,0.004));
#7248=CARTESIAN_POINT('',(-0.0292519132483456,0.0456224926531812,0.004));
#7249=CARTESIAN_POINT('',(-0.0279084925418693,0.0458752725280401,0.004));
#7250=CARTESIAN_POINT('',(-0.0279086974485077,0.0458752455844374,0.004));
#7251=CARTESIAN_POINT('',(-0.0292519132483456,0.0456224926531812,0.004));
#7252=CARTESIAN_POINT('',(-0.0282327723516566,0.0458244259653316,0.004));
#7253=CARTESIAN_POINT('',(-0.0280001530296416,0.046053947119412,0.004));
#7254=CARTESIAN_POINT('',(-0.0280001530296416,0.046053947119412,0.004));
#7255=CARTESIAN_POINT('',(-0.0282327723516566,0.0458244259653316,0.004));
#7256=CARTESIAN_POINT('',(-0.0281978355562659,0.0461164621064641,0.004));
#7257=CARTESIAN_POINT('',(-0.0281978355562659,0.0461164621064641,0.));
#7258=CARTESIAN_POINT('',(-0.0281111030517071,0.0461164621064641,0.004));
#7259=CARTESIAN_POINT('',(-0.0281111030517071,0.0461164621064641,0.));
#7260=CARTESIAN_POINT('',(-0.0280452088761656,0.0460956237774467,0.004));
#7261=CARTESIAN_POINT('',(-0.0280452088761656,0.0460956237774467,0.));
#7262=CARTESIAN_POINT('',(-0.0280001530296416,0.046053947119412,0.004));
#7263=CARTESIAN_POINT('',(-0.0280001530296416,0.046053947119412,0.));
#7264=CARTESIAN_POINT('',(-0.0281978355562659,0.0461164621064641,0.004));
#7265=CARTESIAN_POINT('',(-0.0281978355562659,0.0461164621064641,0.004));
#7266=CARTESIAN_POINT('',(-0.0281978355562659,0.0461164621064641,0.004));
#7267=CARTESIAN_POINT('',(-0.0280677367994276,0.0461164621064641,0.004));
#7268=CARTESIAN_POINT('',(-0.0280001530296416,0.046053947119412,0.004));
#7269=CARTESIAN_POINT('',(-0.0282143707418101,0.045777360147563,0.004));
#7270=CARTESIAN_POINT('',(-0.0284011728774484,0.0460599175970956,0.004));
#7271=CARTESIAN_POINT('',(-0.0284011728774479,0.0460599175970954,0.004));
#7272=CARTESIAN_POINT('',(-0.0282143707418101,0.045777360147563,0.004));
#7273=CARTESIAN_POINT('',(-0.02820051879611,0.0458083205456647,0.004));
#7274=CARTESIAN_POINT('',(-0.0285142120785769,0.0458837204992633,0.004));
#7275=CARTESIAN_POINT('',(-0.0285142120785769,0.0458837204992633,0.004));
#7276=CARTESIAN_POINT('',(-0.02820051879611,0.0458083205456647,0.004));
#7277=CARTESIAN_POINT('',(-0.0285492711591533,0.0455757919481756,0.004));
#7278=CARTESIAN_POINT('',(-0.0285492711591533,0.0455757919481756,0.));
#7279=CARTESIAN_POINT('',(-0.0285492711591533,0.0457019483184429,0.004));
#7280=CARTESIAN_POINT('',(-0.0285492711591533,0.0457019483184429,0.));
#7281=CARTESIAN_POINT('',(-0.0285375847989612,0.0458045911688054,0.004));
#7282=CARTESIAN_POINT('',(-0.0285375847989612,0.0458045911688054,0.));
#7283=CARTESIAN_POINT('',(-0.0285142120785769,0.0458837204992633,0.004));
#7284=CARTESIAN_POINT('',(-0.0285142120785769,0.0458837204992633,0.));
#7285=CARTESIAN_POINT('',(-0.0285492711591533,0.0455757919481756,0.004));
#7286=CARTESIAN_POINT('',(-0.0285492711591533,0.0455757919481756,0.004));
#7287=CARTESIAN_POINT('',(-0.0285492711591533,0.0455757919481756,0.004));
#7288=CARTESIAN_POINT('',(-0.0285492711591533,0.0457650265035765,0.004));
#7289=CARTESIAN_POINT('',(-0.0285142120785769,0.0458837204992633,0.004));
#7290=CARTESIAN_POINT('',(-0.0285492711591533,0.0452619498172315,0.004));
#7291=CARTESIAN_POINT('',(-0.0285492711591533,0.0449481076862875,0.004));
#7292=CARTESIAN_POINT('',(-0.0285492711591533,0.0449481076862875,0.004));
#7293=CARTESIAN_POINT('',(-0.0285492711591533,0.0452619498172315,0.004));
#7294=CARTESIAN_POINT('',(-0.0279329916584167,0.0449481076862875,0.004));
#7295=CARTESIAN_POINT('',(-0.02731671215768,0.0449481076862875,0.004));
#7296=CARTESIAN_POINT('',(-0.02731671215768,0.0449481076862875,0.004));
#7297=CARTESIAN_POINT('',(-0.0279329916584167,0.0449481076862875,0.004));
#7298=CARTESIAN_POINT('',(-0.02731671215768,0.0448209657193775,0.004));
#7299=CARTESIAN_POINT('',(-0.02731671215768,0.0446938237524674,0.004));
#7300=CARTESIAN_POINT('',(-0.0273171477804308,0.0446938171966971,0.004));
#7301=CARTESIAN_POINT('',(-0.02731671215768,0.0448209657193775,0.004));
#7302=CARTESIAN_POINT('',(-0.031240805381226,0.0446347693208033,0.004));
#7303=CARTESIAN_POINT('',(-0.027376270354804,0.0439618070459721,0.004));
#7304=CARTESIAN_POINT('',(-0.027376270354804,0.0439618070459721,0.004));
#7305=CARTESIAN_POINT('',(-0.031240805381226,0.0446347693208033,0.004));
#7306=CARTESIAN_POINT('',(-0.0276221063174008,0.0434942118387647,0.004));
#7307=CARTESIAN_POINT('',(-0.0276221063174008,0.0434942118387647,0.));
#7308=CARTESIAN_POINT('',(-0.0274979211404189,0.0436023458704224,0.004));
#7309=CARTESIAN_POINT('',(-0.0274979211404189,0.0436023458704224,0.));
#7310=CARTESIAN_POINT('',(-0.0274159758195533,0.0437582109394916,0.004));
#7311=CARTESIAN_POINT('',(-0.0274159758195533,0.0437582109394916,0.));
#7312=CARTESIAN_POINT('',(-0.027376270354804,0.0439618070459721,0.004));
#7313=CARTESIAN_POINT('',(-0.027376270354804,0.0439618070459721,0.));
#7314=CARTESIAN_POINT('',(-0.0276221063174008,0.0434942118387647,0.004));
#7315=CARTESIAN_POINT('',(-0.0276221063174008,0.0434942118387647,0.004));
#7316=CARTESIAN_POINT('',(-0.0276221063174008,0.0434942118387647,0.004));
#7317=CARTESIAN_POINT('',(-0.027435828551928,0.0436564128862513,0.004));
#7318=CARTESIAN_POINT('',(-0.027376270354804,0.0439618070459721,0.004));
#7319=CARTESIAN_POINT('',(-0.0282029043389998,0.0433320107912782,0.004));
#7320=CARTESIAN_POINT('',(-0.0282029043389998,0.0433320107912782,0.));
#7321=CARTESIAN_POINT('',(-0.0279398908349157,0.0433320107912782,0.004));
#7322=CARTESIAN_POINT('',(-0.0279398908349157,0.0433320107912782,0.));
#7323=CARTESIAN_POINT('',(-0.0277462914943827,0.043386077807107,0.004));
#7324=CARTESIAN_POINT('',(-0.0277462914943827,0.043386077807107,0.));
#7325=CARTESIAN_POINT('',(-0.0276221063174008,0.0434942118387647,0.004));
#7326=CARTESIAN_POINT('',(-0.0276221063174008,0.0434942118387647,0.));
#7327=CARTESIAN_POINT('',(-0.0282029043389998,0.0433320107912782,0.004));
#7328=CARTESIAN_POINT('',(-0.0282029043389998,0.0433320107912782,0.004));
#7329=CARTESIAN_POINT('',(-0.0282029043389998,0.0433320107912782,0.004));
#7330=CARTESIAN_POINT('',(-0.0278083840828736,0.0433320107912782,0.004));
#7331=CARTESIAN_POINT('',(-0.0276221063174008,0.0434942118387647,0.004));
#7332=CARTESIAN_POINT('',(-0.0287630048311018,0.0434722471135843,0.004));
#7333=CARTESIAN_POINT('',(-0.0287630048311018,0.0434722471135843,0.));
#7334=CARTESIAN_POINT('',(-0.0286278372915297,0.0433787562320469,0.004));
#7335=CARTESIAN_POINT('',(-0.0286278372915297,0.0433787562320469,0.));
#7336=CARTESIAN_POINT('',(-0.0284411371274957,0.0433320107912782,0.004));
#7337=CARTESIAN_POINT('',(-0.0284411371274957,0.0433320107912782,0.));
#7338=CARTESIAN_POINT('',(-0.0282029043389998,0.0433320107912782,0.004));
#7339=CARTESIAN_POINT('',(-0.0282029043389998,0.0433320107912782,0.));
#7340=CARTESIAN_POINT('',(-0.0287630048311018,0.0434722471135843,0.004));
#7341=CARTESIAN_POINT('',(-0.0287630048311018,0.0434722471135843,0.004));
#7342=CARTESIAN_POINT('',(-0.0287630048311018,0.0434722471135843,0.004));
#7343=CARTESIAN_POINT('',(-0.0285602535217436,0.0433320107912782,0.004));
#7344=CARTESIAN_POINT('',(-0.0282029043389998,0.0433320107912782,0.004));
#7345=CARTESIAN_POINT('',(-0.0290468566642033,0.0438883096963298,0.004));
#7346=CARTESIAN_POINT('',(-0.0290468566642033,0.0438883096963298,0.));
#7347=CARTESIAN_POINT('',(-0.0289927896483744,0.0437044255227035,0.004));
#7348=CARTESIAN_POINT('',(-0.0289927896483744,0.0437044255227035,0.));
#7349=CARTESIAN_POINT('',(-0.0288981723706739,0.0435657379951217,0.004));
#7350=CARTESIAN_POINT('',(-0.0288981723706739,0.0435657379951217,0.));
#7351=CARTESIAN_POINT('',(-0.0287630048311018,0.0434722471135843,0.004));
#7352=CARTESIAN_POINT('',(-0.0287630048311018,0.0434722471135843,0.));
#7353=CARTESIAN_POINT('',(-0.0290468566642033,0.0438883096963298,0.004));
#7354=CARTESIAN_POINT('',(-0.0290468566642033,0.0438883096963298,0.004));
#7355=CARTESIAN_POINT('',(-0.0290468566642033,0.0438883096963298,0.004));
#7356=CARTESIAN_POINT('',(-0.02896575614046,0.0436124834358904,0.004));
#7357=CARTESIAN_POINT('',(-0.0287630048311018,0.0434722471135843,0.004));
#7358=CARTESIAN_POINT('',(-0.0291279571879466,0.0445806209380758,0.004));
#7359=CARTESIAN_POINT('',(-0.0291279571879466,0.0445806209380758,0.));
#7360=CARTESIAN_POINT('',(-0.0291279571879465,0.0443029642838713,0.004));
#7361=CARTESIAN_POINT('',(-0.0291279571879465,0.0443029642838713,0.));
#7362=CARTESIAN_POINT('',(-0.0291009236800321,0.044072193869956,0.004));
#7363=CARTESIAN_POINT('',(-0.0291009236800321,0.044072193869956,0.));
#7364=CARTESIAN_POINT('',(-0.0290468566642033,0.0438883096963298,0.004));
#7365=CARTESIAN_POINT('',(-0.0290468566642033,0.0438883096963298,0.));
#7366=CARTESIAN_POINT('',(-0.0291279571879466,0.0445806209380758,0.004));
#7367=CARTESIAN_POINT('',(-0.0291279571879466,0.0445806209380758,0.004));
#7368=CARTESIAN_POINT('',(-0.0291279571879466,0.0445806209380758,0.004));
#7369=CARTESIAN_POINT('',(-0.0291279571879466,0.0441641359567691,0.004));
#7370=CARTESIAN_POINT('',(-0.0290468566642033,0.0438883096963298,0.004));
#7371=CARTESIAN_POINT('',(-0.0291279571879466,0.0449375477222584,0.004));
#7372=CARTESIAN_POINT('',(-0.0291279571879466,0.0452944745064411,0.004));
#7373=CARTESIAN_POINT('',(-0.0291279571879466,0.0452944745064411,0.004));
#7374=CARTESIAN_POINT('',(-0.0291279571879466,0.0449375477222584,0.004));
#7375=CARTESIAN_POINT('',(-0.0290493910555703,0.0459783377769638,0.004));
#7376=CARTESIAN_POINT('',(-0.0290493910555703,0.0459783377769638,0.));
#7377=CARTESIAN_POINT('',(-0.0291017684771545,0.0457927640090929,0.004));
#7378=CARTESIAN_POINT('',(-0.0291017684771545,0.0457927640090929,0.));
#7379=CARTESIAN_POINT('',(-0.0291279571879465,0.0455648095855854,0.004));
#7380=CARTESIAN_POINT('',(-0.0291279571879465,0.0455648095855854,0.));
#7381=CARTESIAN_POINT('',(-0.0291279571879466,0.0452944745064411,0.004));
#7382=CARTESIAN_POINT('',(-0.0291279571879466,0.0452944745064411,0.));
#7383=CARTESIAN_POINT('',(-0.0290493910555703,0.0459783377769638,0.004));
#7384=CARTESIAN_POINT('',(-0.0290493910555703,0.0459783377769638,0.004));
#7385=CARTESIAN_POINT('',(-0.0290493910555703,0.0459783377769638,0.004));
#7386=CARTESIAN_POINT('',(-0.0291279571879466,0.0456999771251575,0.004));
#7387=CARTESIAN_POINT('',(-0.0291279571879466,0.0452944745064411,0.004));
#7388=CARTESIAN_POINT('',(-0.0287710304037639,0.0463998915410044,0.004));
#7389=CARTESIAN_POINT('',(-0.0287710304037639,0.0463998915410044,0.));
#7390=CARTESIAN_POINT('',(-0.0289042267500506,0.0463044294661816,0.004));
#7391=CARTESIAN_POINT('',(-0.0289042267500506,0.0463044294661816,0.));
#7392=CARTESIAN_POINT('',(-0.028997013633986,0.0461639115448347,0.004));
#7393=CARTESIAN_POINT('',(-0.028997013633986,0.0461639115448347,0.));
#7394=CARTESIAN_POINT('',(-0.0290493910555703,0.0459783377769638,0.004));
#7395=CARTESIAN_POINT('',(-0.0290493910555703,0.0459783377769638,0.));
#7396=CARTESIAN_POINT('',(-0.0287710304037639,0.0463998915410044,0.004));
#7397=CARTESIAN_POINT('',(-0.028970824923194,0.0462566984287702,0.004));
#7398=CARTESIAN_POINT('',(-0.0290493910555703,0.0459783377769638,0.004));
#7399=CARTESIAN_POINT('',(-0.027884415823883,0.0444940292330374,0.004));
#7400=CARTESIAN_POINT('',(-0.027884415823883,0.0444940292330374,0.));
#7401=CARTESIAN_POINT('',(-0.027884415823883,0.0444940292330374,0.004));
#7402=CARTESIAN_POINT('',(0.,0.005,0.004));
#7403=CARTESIAN_POINT('',(-0.0322418793808395,0.0461164621064641,0.004));
#7404=CARTESIAN_POINT('',(-0.0322418793808395,0.0461164621064641,0.));
#7405=CARTESIAN_POINT('',(-0.032129802962611,0.0461164621064641,0.004));
#7406=CARTESIAN_POINT('',(-0.032129802962611,0.0461164621064641,0.));
#7407=CARTESIAN_POINT('',(-0.0320512368302347,0.0460839374172545,0.004));
#7408=CARTESIAN_POINT('',(-0.0320512368302347,0.0460839374172545,0.));
#7409=CARTESIAN_POINT('',(-0.0320061809837106,0.0460188880388354,0.004));
#7410=CARTESIAN_POINT('',(-0.0320061809837106,0.0460188880388354,0.));
#7411=CARTESIAN_POINT('',(-0.0322418793808395,0.0461164621064641,0.));
#7412=CARTESIAN_POINT('',(-0.0320737647534967,0.0461164621064641,0.));
#7413=CARTESIAN_POINT('',(-0.0320061809837106,0.0460188880388354,0.));
#7414=CARTESIAN_POINT('',(-0.0322418793808395,0.0461164621064641,0.));
#7415=CARTESIAN_POINT('',(-0.0320061809837106,0.0460188880388354,0.));
#7416=CARTESIAN_POINT('',(-0.0322418793808395,0.0461164621064641,0.004));
#7417=CARTESIAN_POINT('',(-0.0322418793808395,0.0461164621064641,0.004));
#7418=CARTESIAN_POINT('',(-0.0322418793808395,0.0461164621064641,0.004));
#7419=CARTESIAN_POINT('',(-0.0320737647534967,0.0461164621064641,0.004));
#7420=CARTESIAN_POINT('',(-0.0320061809837106,0.0460188880388354,0.004));
#7421=CARTESIAN_POINT('',(-0.0320061809837106,0.0460188880388354,0.004));
#7422=CARTESIAN_POINT('',(-0.0320061809837106,0.0460188880388354,0.004));
#7423=CARTESIAN_POINT('',(-0.0324796897707742,0.0460188880388354,0.004));
#7424=CARTESIAN_POINT('',(-0.0324796897707742,0.0460188880388354,0.));
#7425=CARTESIAN_POINT('',(-0.0324326627309648,0.0460839374172545,0.004));
#7426=CARTESIAN_POINT('',(-0.0324326627309648,0.0460839374172545,0.));
#7427=CARTESIAN_POINT('',(-0.0323533926009865,0.0461164621064641,0.004));
#7428=CARTESIAN_POINT('',(-0.0323533926009865,0.0461164621064641,0.));
#7429=CARTESIAN_POINT('',(-0.0322418793808395,0.0461164621064641,0.004));
#7430=CARTESIAN_POINT('',(-0.0322418793808395,0.0461164621064641,0.));
#7431=CARTESIAN_POINT('',(-0.0324796897707742,0.0460188880388354,0.));
#7432=CARTESIAN_POINT('',(-0.03240914921106,0.0461164621064641,0.));
#7433=CARTESIAN_POINT('',(-0.0322418793808395,0.0461164621064641,0.));
#7434=CARTESIAN_POINT('',(-0.0324796897707742,0.0460188880388354,0.));
#7435=CARTESIAN_POINT('',(-0.0324796897707742,0.0460188880388354,0.004));
#7436=CARTESIAN_POINT('',(-0.0324796897707742,0.0460188880388354,0.004));
#7437=CARTESIAN_POINT('',(-0.0324796897707742,0.0460188880388354,0.004));
#7438=CARTESIAN_POINT('',(-0.03240914921106,0.0461164621064641,0.004));
#7439=CARTESIAN_POINT('',(-0.0322418793808395,0.0461164621064641,0.004));
#7440=CARTESIAN_POINT('',(-0.0320551092091127,0.0457414115746294,0.004));
#7441=CARTESIAN_POINT('',(-0.0320551092091127,0.0457414115746294,0.));
#7442=CARTESIAN_POINT('',(-0.0325633097126591,0.0457620529688301,0.));
#7443=CARTESIAN_POINT('',(-0.0325637470844457,0.0457620697136484,0.004));
#7444=CARTESIAN_POINT('',(-0.0325633097126591,0.0457620529688301,0.004));
#7445=CARTESIAN_POINT('',(-0.0320551092091127,0.0457414115746294,0.004));
#7446=CARTESIAN_POINT('',(-0.0286413641589192,0.0454372292781507,0.004));
#7447=CARTESIAN_POINT('',(-0.0286413641589192,0.0454372292781507,0.));
#7448=CARTESIAN_POINT('',(-0.0325772401242841,0.0454296420917269,0.));
#7449=CARTESIAN_POINT('',(-0.0325772638384029,0.0454296420460132,0.004));
#7450=CARTESIAN_POINT('',(-0.0325772401242841,0.0454296420917269,0.00399999975));
#7451=CARTESIAN_POINT('',(-0.0286413641589192,0.0454372292781507,0.004));
#7452=CARTESIAN_POINT('',(-0.0325772638384029,0.0449400821136254,0.004));
#7453=CARTESIAN_POINT('',(-0.0325772638384029,0.0449400821136254,0.));
#7454=CARTESIAN_POINT('',(-0.0325772265528234,0.0444505220706694,0.));
#7455=CARTESIAN_POINT('',(-0.0325772638384029,0.0444505221812376,0.004));
#7456=CARTESIAN_POINT('',(-0.0325772265528234,0.0444505220706694,0.004));
#7457=CARTESIAN_POINT('',(-0.0325772638384029,0.0449400821136254,0.004));
#7458=CARTESIAN_POINT('',(-0.0286635950300203,0.0444389164307022,0.004));
#7459=CARTESIAN_POINT('',(-0.0286635950300203,0.0444389164307022,0.));
#7460=CARTESIAN_POINT('',(-0.0325637470844457,0.0441155601222354,0.));
#7461=CARTESIAN_POINT('',(-0.0325637470844457,0.0441155601222354,0.004));
#7462=CARTESIAN_POINT('',(-0.0325637470844457,0.0441155601222354,0.004));
#7463=CARTESIAN_POINT('',(-0.0286635950300203,0.0444389164307022,0.004));
#7464=CARTESIAN_POINT('',(-0.0324796897707742,0.0438587417970483,0.004));
#7465=CARTESIAN_POINT('',(-0.0324796897707742,0.0438587417970483,0.));
#7466=CARTESIAN_POINT('',(-0.0325267168105837,0.0439254807697121,0.004));
#7467=CARTESIAN_POINT('',(-0.0325267168105837,0.0439254807697121,0.));
#7468=CARTESIAN_POINT('',(-0.0325547359151409,0.0440110868781078,0.004));
#7469=CARTESIAN_POINT('',(-0.0325547359151409,0.0440110868781078,0.));
#7470=CARTESIAN_POINT('',(-0.0325637470844457,0.0441155601222354,0.004));
#7471=CARTESIAN_POINT('',(-0.0325637470844457,0.0441155601222354,0.));
#7472=CARTESIAN_POINT('',(-0.0324796897707742,0.0438587417970483,0.));
#7473=CARTESIAN_POINT('',(-0.0325502303304885,0.043958850256044,0.));
#7474=CARTESIAN_POINT('',(-0.0325637470844457,0.0441155601222354,0.));
#7475=CARTESIAN_POINT('',(-0.0324796897707742,0.0438587417970483,0.));
#7476=CARTESIAN_POINT('',(-0.0324796897707742,0.0438587417970483,0.004));
#7477=CARTESIAN_POINT('',(-0.0324796897707742,0.0438587417970483,0.004));
#7478=CARTESIAN_POINT('',(-0.0324796897707742,0.0438587417970483,0.004));
#7479=CARTESIAN_POINT('',(-0.0325502303304885,0.043958850256044,0.004));
#7480=CARTESIAN_POINT('',(-0.0325637470844457,0.0441155601222354,0.004));
#7481=CARTESIAN_POINT('',(-0.0322418793808395,0.0437586333380527,0.004));
#7482=CARTESIAN_POINT('',(-0.0322418793808395,0.0437586333380527,0.));
#7483=CARTESIAN_POINT('',(-0.0323533926009865,0.0437586333380527,0.004));
#7484=CARTESIAN_POINT('',(-0.0323533926009865,0.0437586333380527,0.));
#7485=CARTESIAN_POINT('',(-0.0324326627309648,0.0437920028243846,0.004));
#7486=CARTESIAN_POINT('',(-0.0324326627309648,0.0437920028243846,0.));
#7487=CARTESIAN_POINT('',(-0.0324796897707742,0.0438587417970483,0.004));
#7488=CARTESIAN_POINT('',(-0.0324796897707742,0.0438587417970483,0.));
#7489=CARTESIAN_POINT('',(-0.0322418793808395,0.0437586333380527,0.));
#7490=CARTESIAN_POINT('',(-0.03240914921106,0.0437586333380527,0.));
#7491=CARTESIAN_POINT('',(-0.0324796897707742,0.0438587417970483,0.));
#7492=CARTESIAN_POINT('',(-0.0322418793808395,0.0437586333380527,0.));
#7493=CARTESIAN_POINT('',(-0.0322418793808395,0.0437586333380527,0.004));
#7494=CARTESIAN_POINT('',(-0.0322418793808395,0.0437586333380527,0.004));
#7495=CARTESIAN_POINT('',(-0.0322418793808395,0.0437586333380527,0.004));
#7496=CARTESIAN_POINT('',(-0.03240914921106,0.0437586333380527,0.004));
#7497=CARTESIAN_POINT('',(-0.0324796897707742,0.0438587417970483,0.004));
#7498=CARTESIAN_POINT('',(-0.0320061809837106,0.0438587417970483,0.004));
#7499=CARTESIAN_POINT('',(-0.0320061809837106,0.0438587417970483,0.));
#7500=CARTESIAN_POINT('',(-0.0320512368302347,0.0437920028243846,0.004));
#7501=CARTESIAN_POINT('',(-0.0320512368302347,0.0437920028243846,0.));
#7502=CARTESIAN_POINT('',(-0.032129802962611,0.0437586333380527,0.004));
#7503=CARTESIAN_POINT('',(-0.032129802962611,0.0437586333380527,0.));
#7504=CARTESIAN_POINT('',(-0.0322418793808395,0.0437586333380527,0.004));
#7505=CARTESIAN_POINT('',(-0.0322418793808395,0.0437586333380527,0.));
#7506=CARTESIAN_POINT('',(-0.0320061809837106,0.0438587417970483,0.));
#7507=CARTESIAN_POINT('',(-0.0320737647534967,0.0437586333380527,0.));
#7508=CARTESIAN_POINT('',(-0.0322418793808395,0.0437586333380527,0.));
#7509=CARTESIAN_POINT('',(-0.0320061809837106,0.0438587417970483,0.));
#7510=CARTESIAN_POINT('',(-0.0320061809837106,0.0438587417970483,0.004));
#7511=CARTESIAN_POINT('',(-0.0320061809837106,0.0438587417970483,0.004));
#7512=CARTESIAN_POINT('',(-0.0320061809837106,0.0438587417970483,0.004));
#7513=CARTESIAN_POINT('',(-0.0320737647534967,0.0437586333380527,0.004));
#7514=CARTESIAN_POINT('',(-0.0322418793808395,0.0437586333380527,0.004));
#7515=CARTESIAN_POINT('',(-0.0324637709543616,0.0441411001716084,0.004));
#7516=CARTESIAN_POINT('',(-0.0324637709543616,0.0441411001716084,0.));
#7517=CARTESIAN_POINT('',(-0.0319254421982018,0.0441155758960718,0.));
#7518=CARTESIAN_POINT('',(-0.0319250804599674,0.0441155601222354,0.004));
#7519=CARTESIAN_POINT('',(-0.0319254421982018,0.0441155758960718,0.004));
#7520=CARTESIAN_POINT('',(-0.0324637709543616,0.0441411001716084,0.004));
#7521=CARTESIAN_POINT('',(-0.0358252325143903,0.0444389164307022,0.004));
#7522=CARTESIAN_POINT('',(-0.0358252325143903,0.0444389164307022,0.));
#7523=CARTESIAN_POINT('',(-0.0319116009915897,0.0444505220706694,0.));
#7524=CARTESIAN_POINT('',(-0.0319115637060102,0.0444505221812376,0.004));
#7525=CARTESIAN_POINT('',(-0.0319116009915897,0.0444505220706694,0.00399999975));
#7526=CARTESIAN_POINT('',(-0.0358252325143903,0.0444389164307022,0.004));
#7527=CARTESIAN_POINT('',(-0.0319115637060102,0.0449400821136254,0.004));
#7528=CARTESIAN_POINT('',(-0.0319115637060102,0.0449400821136254,0.));
#7529=CARTESIAN_POINT('',(-0.0319115874201289,0.0454296420917269,0.));
#7530=CARTESIAN_POINT('',(-0.0319115637060102,0.0454296420460132,0.004));
#7531=CARTESIAN_POINT('',(-0.0319115874201289,0.0454296420917269,0.004));
#7532=CARTESIAN_POINT('',(-0.0319115637060102,0.0449400821136254,0.004));
#7533=CARTESIAN_POINT('',(-0.035847463385494,0.0454372292781506,0.004));
#7534=CARTESIAN_POINT('',(-0.035847463385494,0.0454372292781506,0.));
#7535=CARTESIAN_POINT('',(-0.0319250804599674,0.0457620697136484,0.));
#7536=CARTESIAN_POINT('',(-0.0319250804599674,0.0457620697136484,0.004));
#7537=CARTESIAN_POINT('',(-0.0319250804599674,0.0457620697136484,0.004));
#7538=CARTESIAN_POINT('',(-0.035847463385494,0.0454372292781506,0.004));
#7539=CARTESIAN_POINT('',(-0.0322418793808395,0.0465430846532386,0.004));
#7540=CARTESIAN_POINT('',(-0.0322418793808395,0.0465430846532386,0.));
#7541=CARTESIAN_POINT('',(-0.0324722273961937,0.0465430846532386,0.004));
#7542=CARTESIAN_POINT('',(-0.0324722273961937,0.0465430846532386,0.));
#7543=CARTESIAN_POINT('',(-0.0326541403765345,0.0464961984129495,0.004));
#7544=CARTESIAN_POINT('',(-0.0326541403765345,0.0464961984129495,0.));
#7545=CARTESIAN_POINT('',(-0.032787618321862,0.0464024259323714,0.004));
#7546=CARTESIAN_POINT('',(-0.032787618321862,0.0464024259323714,0.));
#7547=CARTESIAN_POINT('',(-0.0322418793808395,0.0465430846532386,0.004));
#7548=CARTESIAN_POINT('',(-0.0322418793808395,0.0465430846532386,0.004));
#7549=CARTESIAN_POINT('',(-0.0322418793808395,0.0465430846532386,0.004));
#7550=CARTESIAN_POINT('',(-0.0325874014038708,0.0465430846532386,0.004));
#7551=CARTESIAN_POINT('',(-0.032787618321862,0.0464024259323714,0.004));
#7552=CARTESIAN_POINT('',(-0.032787618321862,0.0464024259323714,0.004));
#7553=CARTESIAN_POINT('',(-0.032787618321862,0.0464024259323714,0.004));
#7554=CARTESIAN_POINT('',(-0.0316982524326229,0.0464024259323714,0.004));
#7555=CARTESIAN_POINT('',(-0.0316982524326229,0.0464024259323714,0.));
#7556=CARTESIAN_POINT('',(-0.0318297591846649,0.0464961984129495,0.004));
#7557=CARTESIAN_POINT('',(-0.0318297591846649,0.0464961984129495,0.));
#7558=CARTESIAN_POINT('',(-0.0320109681674038,0.0465430846532386,0.004));
#7559=CARTESIAN_POINT('',(-0.0320109681674038,0.0465430846532386,0.));
#7560=CARTESIAN_POINT('',(-0.0322418793808395,0.0465430846532386,0.004));
#7561=CARTESIAN_POINT('',(-0.0322418793808395,0.0465430846532386,0.));
#7562=CARTESIAN_POINT('',(-0.0316982524326229,0.0464024259323714,0.004));
#7563=CARTESIAN_POINT('',(-0.0316982524326229,0.0464024259323714,0.004));
#7564=CARTESIAN_POINT('',(-0.0316982524326229,0.0464024259323714,0.004));
#7565=CARTESIAN_POINT('',(-0.0318955125606859,0.0465430846532386,0.004));
#7566=CARTESIAN_POINT('',(-0.0322418793808395,0.0465430846532386,0.004));
#7567=CARTESIAN_POINT('',(-0.0314173573894495,0.0460024144949501,0.004));
#7568=CARTESIAN_POINT('',(-0.0314173573894495,0.0460024144949501,0.));
#7569=CARTESIAN_POINT('',(-0.0314731139995231,0.0461753163059861,0.004));
#7570=CARTESIAN_POINT('',(-0.0314731139995231,0.0461753163059861,0.));
#7571=CARTESIAN_POINT('',(-0.0315667456805808,0.0463086534517932,0.004));
#7572=CARTESIAN_POINT('',(-0.0315667456805808,0.0463086534517932,0.));
#7573=CARTESIAN_POINT('',(-0.0316982524326229,0.0464024259323714,0.004));
#7574=CARTESIAN_POINT('',(-0.0316982524326229,0.0464024259323714,0.));
#7575=CARTESIAN_POINT('',(-0.0314173573894495,0.0460024144949501,0.004));
#7576=CARTESIAN_POINT('',(-0.0314173573894495,0.0460024144949501,0.004));
#7577=CARTESIAN_POINT('',(-0.0314173573894495,0.0460024144949501,0.004));
#7578=CARTESIAN_POINT('',(-0.0315009923045598,0.0462617672115041,0.004));
#7579=CARTESIAN_POINT('',(-0.0316982524326229,0.0464024259323714,0.004));
#7580=CARTESIAN_POINT('',(-0.0313337224743393,0.0453916261755085,0.004));
#7581=CARTESIAN_POINT('',(-0.0313337224743393,0.0453916261755085,0.));
#7582=CARTESIAN_POINT('',(-0.0313337224743393,0.0456259165774336,0.004));
#7583=CARTESIAN_POINT('',(-0.0313337224743393,0.0456259165774336,0.));
#7584=CARTESIAN_POINT('',(-0.031361600779376,0.0458295126839141,0.004));
#7585=CARTESIAN_POINT('',(-0.031361600779376,0.0458295126839141,0.));
#7586=CARTESIAN_POINT('',(-0.0314173573894495,0.0460024144949501,0.004));
#7587=CARTESIAN_POINT('',(-0.0314173573894495,0.0460024144949501,0.));
#7588=CARTESIAN_POINT('',(-0.0313337224743393,0.0453916261755085,0.004));
#7589=CARTESIAN_POINT('',(-0.0313337224743393,0.0453916261755085,0.004));
#7590=CARTESIAN_POINT('',(-0.0313337224743393,0.0453916261755085,0.004));
#7591=CARTESIAN_POINT('',(-0.0313337224743393,0.0457430617783961,0.004));
#7592=CARTESIAN_POINT('',(-0.0314173573894495,0.0460024144949501,0.004));
#7593=CARTESIAN_POINT('',(-0.0313337224743393,0.0449375477222584,0.004));
#7594=CARTESIAN_POINT('',(-0.0313337224743393,0.0444834692690083,0.004));
#7595=CARTESIAN_POINT('',(-0.0313337224743393,0.0444834692690083,0.004));
#7596=CARTESIAN_POINT('',(-0.0313337224743393,0.0449375477222584,0.004));
#7597=CARTESIAN_POINT('',(-0.0314173573894495,0.0438722585510055,0.004));
#7598=CARTESIAN_POINT('',(-0.0314173573894495,0.0438722585510055,0.));
#7599=CARTESIAN_POINT('',(-0.031361600779376,0.0440454419610823,0.004));
#7600=CARTESIAN_POINT('',(-0.031361600779376,0.0440454419610823,0.));
#7601=CARTESIAN_POINT('',(-0.0313337224743393,0.0442491788670832,0.004));
#7602=CARTESIAN_POINT('',(-0.0313337224743393,0.0442491788670832,0.));
#7603=CARTESIAN_POINT('',(-0.0313337224743393,0.0444834692690083,0.004));
#7604=CARTESIAN_POINT('',(-0.0313337224743393,0.0444834692690083,0.));
#7605=CARTESIAN_POINT('',(-0.0314173573894495,0.0438722585510055,0.004));
#7606=CARTESIAN_POINT('',(-0.0314173573894495,0.0438722585510055,0.004));
#7607=CARTESIAN_POINT('',(-0.0314173573894495,0.0438722585510055,0.004));
#7608=CARTESIAN_POINT('',(-0.0313337224743393,0.0441320336661207,0.004));
#7609=CARTESIAN_POINT('',(-0.0313337224743393,0.0444834692690083,0.004));
#7610=CARTESIAN_POINT('',(-0.0316982524326229,0.0434722471135843,0.004));
#7611=CARTESIAN_POINT('',(-0.0316982524326229,0.0434722471135843,0.));
#7612=CARTESIAN_POINT('',(-0.0315667456805808,0.0435657379951217,0.004));
#7613=CARTESIAN_POINT('',(-0.0315667456805808,0.0435657379951217,0.));
#7614=CARTESIAN_POINT('',(-0.0314731139995231,0.0436990751409287,0.004));
#7615=CARTESIAN_POINT('',(-0.0314731139995231,0.0436990751409287,0.));
#7616=CARTESIAN_POINT('',(-0.0314173573894495,0.0438722585510055,0.004));
#7617=CARTESIAN_POINT('',(-0.0314173573894495,0.0438722585510055,0.));
#7618=CARTESIAN_POINT('',(-0.0316982524326229,0.0434722471135843,0.004));
#7619=CARTESIAN_POINT('',(-0.0316982524326229,0.0434722471135843,0.004));
#7620=CARTESIAN_POINT('',(-0.0316982524326229,0.0434722471135843,0.004));
#7621=CARTESIAN_POINT('',(-0.0315009923045598,0.0436124834358904,0.004));
#7622=CARTESIAN_POINT('',(-0.0314173573894495,0.0438722585510055,0.004));
#7623=CARTESIAN_POINT('',(-0.0322418793808395,0.0433320107912782,0.004));
#7624=CARTESIAN_POINT('',(-0.0322418793808395,0.0433320107912782,0.));
#7625=CARTESIAN_POINT('',(-0.0320109681674038,0.0433320107912782,0.004));
#7626=CARTESIAN_POINT('',(-0.0320109681674038,0.0433320107912782,0.));
#7627=CARTESIAN_POINT('',(-0.0318297591846649,0.0433787562320469,0.004));
#7628=CARTESIAN_POINT('',(-0.0318297591846649,0.0433787562320469,0.));
#7629=CARTESIAN_POINT('',(-0.0316982524326229,0.0434722471135843,0.004));
#7630=CARTESIAN_POINT('',(-0.0316982524326229,0.0434722471135843,0.));
#7631=CARTESIAN_POINT('',(-0.0322418793808395,0.0433320107912782,0.004));
#7632=CARTESIAN_POINT('',(-0.0322418793808395,0.0433320107912782,0.004));
#7633=CARTESIAN_POINT('',(-0.0322418793808395,0.0433320107912782,0.004));
#7634=CARTESIAN_POINT('',(-0.0318955125606859,0.0433320107912782,0.004));
#7635=CARTESIAN_POINT('',(-0.0316982524326229,0.0434722471135843,0.004));
#7636=CARTESIAN_POINT('',(-0.032787618321862,0.0434722471135843,0.004));
#7637=CARTESIAN_POINT('',(-0.032787618321862,0.0434722471135843,0.));
#7638=CARTESIAN_POINT('',(-0.0326541403765345,0.0433787562320469,0.004));
#7639=CARTESIAN_POINT('',(-0.0326541403765345,0.0433787562320469,0.));
#7640=CARTESIAN_POINT('',(-0.0324722273961937,0.0433320107912782,0.004));
#7641=CARTESIAN_POINT('',(-0.0324722273961937,0.0433320107912782,0.));
#7642=CARTESIAN_POINT('',(-0.0322418793808395,0.0433320107912782,0.004));
#7643=CARTESIAN_POINT('',(-0.0322418793808395,0.0433320107912782,0.));
#7644=CARTESIAN_POINT('',(-0.032787618321862,0.0434722471135843,0.004));
#7645=CARTESIAN_POINT('',(-0.032787618321862,0.0434722471135843,0.004));
#7646=CARTESIAN_POINT('',(-0.032787618321862,0.0434722471135843,0.004));
#7647=CARTESIAN_POINT('',(-0.0325874014038708,0.0433320107912782,0.004));
#7648=CARTESIAN_POINT('',(-0.0322418793808395,0.0433320107912782,0.004));
#7649=CARTESIAN_POINT('',(-0.0330714701549635,0.0438722585510055,0.004));
#7650=CARTESIAN_POINT('',(-0.0330714701549635,0.0438722585510055,0.));
#7651=CARTESIAN_POINT('',(-0.03301571354489,0.0436990751409287,0.004));
#7652=CARTESIAN_POINT('',(-0.03301571354489,0.0436990751409287,0.));
#7653=CARTESIAN_POINT('',(-0.0329210962671895,0.0435657379951217,0.004));
#7654=CARTESIAN_POINT('',(-0.0329210962671895,0.0435657379951217,0.));
#7655=CARTESIAN_POINT('',(-0.032787618321862,0.0434722471135843,0.004));
#7656=CARTESIAN_POINT('',(-0.032787618321862,0.0434722471135843,0.));
#7657=CARTESIAN_POINT('',(-0.0330714701549635,0.0438722585510055,0.004));
#7658=CARTESIAN_POINT('',(-0.0330714701549635,0.0438722585510055,0.004));
#7659=CARTESIAN_POINT('',(-0.0330714701549635,0.0438722585510055,0.004));
#7660=CARTESIAN_POINT('',(-0.0329878352398533,0.0436124834358904,0.004));
#7661=CARTESIAN_POINT('',(-0.032787618321862,0.0434722471135843,0.004));
#7662=CARTESIAN_POINT('',(-0.0331551050700737,0.0444834692690083,0.004));
#7663=CARTESIAN_POINT('',(-0.0331551050700737,0.0444834692690083,0.));
#7664=CARTESIAN_POINT('',(-0.0331551050700737,0.0442491788670832,0.004));
#7665=CARTESIAN_POINT('',(-0.0331551050700737,0.0442491788670832,0.));
#7666=CARTESIAN_POINT('',(-0.033127226765037,0.0440454419610823,0.004));
#7667=CARTESIAN_POINT('',(-0.033127226765037,0.0440454419610823,0.));
#7668=CARTESIAN_POINT('',(-0.0330714701549635,0.0438722585510055,0.004));
#7669=CARTESIAN_POINT('',(-0.0330714701549635,0.0438722585510055,0.));
#7670=CARTESIAN_POINT('',(-0.0331551050700737,0.0444834692690083,0.004));
#7671=CARTESIAN_POINT('',(-0.0331551050700737,0.0444834692690083,0.004));
#7672=CARTESIAN_POINT('',(-0.0331551050700737,0.0444834692690083,0.004));
#7673=CARTESIAN_POINT('',(-0.0331551050700737,0.0441320336661207,0.004));
#7674=CARTESIAN_POINT('',(-0.0330714701549635,0.0438722585510055,0.004));
#7675=CARTESIAN_POINT('',(-0.0331551050700737,0.0449375477222584,0.004));
#7676=CARTESIAN_POINT('',(-0.0331551050700737,0.0453916261755085,0.004));
#7677=CARTESIAN_POINT('',(-0.0331551050700737,0.0453916261755085,0.004));
#7678=CARTESIAN_POINT('',(-0.0331551050700737,0.0449375477222584,0.004));
#7679=CARTESIAN_POINT('',(-0.0330714701549635,0.0460024144949501,0.004));
#7680=CARTESIAN_POINT('',(-0.0330714701549635,0.0460024144949501,0.));
#7681=CARTESIAN_POINT('',(-0.033127226765037,0.0458295126839141,0.004));
#7682=CARTESIAN_POINT('',(-0.033127226765037,0.0458295126839141,0.));
#7683=CARTESIAN_POINT('',(-0.0331551050700737,0.0456259165774336,0.004));
#7684=CARTESIAN_POINT('',(-0.0331551050700737,0.0456259165774336,0.));
#7685=CARTESIAN_POINT('',(-0.0331551050700737,0.0453916261755085,0.004));
#7686=CARTESIAN_POINT('',(-0.0331551050700737,0.0453916261755085,0.));
#7687=CARTESIAN_POINT('',(-0.0330714701549635,0.0460024144949501,0.004));
#7688=CARTESIAN_POINT('',(-0.0330714701549635,0.0460024144949501,0.004));
#7689=CARTESIAN_POINT('',(-0.0330714701549635,0.0460024144949501,0.004));
#7690=CARTESIAN_POINT('',(-0.0331551050700737,0.0457430617783961,0.004));
#7691=CARTESIAN_POINT('',(-0.0331551050700737,0.0453916261755085,0.004));
#7692=CARTESIAN_POINT('',(-0.0323463862271422,0.0457916566320961,0.004));
#7693=CARTESIAN_POINT('',(-0.0323463862271422,0.0457916566320961,0.004));
#7694=CARTESIAN_POINT('',(-0.0320061809837106,0.0460188880388354,0.004));
#7695=CARTESIAN_POINT('',(-0.0320061809837106,0.0460188880388354,0.));
#7696=CARTESIAN_POINT('',(-0.0319611251371866,0.0459538386604163,0.004));
#7697=CARTESIAN_POINT('',(-0.0319611251371866,0.0459538386604163,0.));
#7698=CARTESIAN_POINT('',(-0.0319340916292722,0.0458682325520207,0.004));
#7699=CARTESIAN_POINT('',(-0.0319340916292722,0.0458682325520207,0.));
#7700=CARTESIAN_POINT('',(-0.0319250804599674,0.0457620697136484,0.004));
#7701=CARTESIAN_POINT('',(-0.0319250804599674,0.0457620697136484,0.));
#7702=CARTESIAN_POINT('',(-0.0320061809837106,0.0460188880388354,0.));
#7703=CARTESIAN_POINT('',(-0.0319385972139246,0.0459213139712068,0.));
#7704=CARTESIAN_POINT('',(-0.0319250804599674,0.0457620697136484,0.));
#7705=CARTESIAN_POINT('',(-0.0320061809837106,0.0460188880388354,0.004));
#7706=CARTESIAN_POINT('',(-0.0319385972139246,0.0459213139712068,0.004));
#7707=CARTESIAN_POINT('',(-0.0319250804599674,0.0457620697136484,0.004));
#7708=CARTESIAN_POINT('',(0.,0.005,0.004));
#7709=CARTESIAN_POINT('',(-0.0393466231795997,0.0461164621064641,0.004));
#7710=CARTESIAN_POINT('',(-0.0393466231795997,0.0461164621064641,0.));
#7711=CARTESIAN_POINT('',(-0.0392345467613711,0.0461164621064641,0.004));
#7712=CARTESIAN_POINT('',(-0.0392345467613711,0.0461164621064641,0.));
#7713=CARTESIAN_POINT('',(-0.0391559806289948,0.0460839374172546,0.004));
#7714=CARTESIAN_POINT('',(-0.0391559806289948,0.0460839374172546,0.));
#7715=CARTESIAN_POINT('',(-0.0391109247824708,0.0460188880388355,0.004));
#7716=CARTESIAN_POINT('',(-0.0391109247824708,0.0460188880388355,0.));
#7717=CARTESIAN_POINT('',(-0.0393466231795997,0.0461164621064641,0.));
#7718=CARTESIAN_POINT('',(-0.0391785085522569,0.0461164621064641,0.));
#7719=CARTESIAN_POINT('',(-0.0391109247824708,0.0460188880388355,0.));
#7720=CARTESIAN_POINT('',(-0.0393466231795997,0.0461164621064641,0.));
#7721=CARTESIAN_POINT('',(-0.0391109247824708,0.0460188880388355,0.));
#7722=CARTESIAN_POINT('',(-0.0393466231795997,0.0461164621064641,0.004));
#7723=CARTESIAN_POINT('',(-0.0393466231795997,0.0461164621064641,0.004));
#7724=CARTESIAN_POINT('',(-0.0393466231795997,0.0461164621064641,0.004));
#7725=CARTESIAN_POINT('',(-0.0391785085522569,0.0461164621064641,0.004));
#7726=CARTESIAN_POINT('',(-0.0391109247824708,0.0460188880388355,0.004));
#7727=CARTESIAN_POINT('',(-0.0391109247824708,0.0460188880388355,0.004));
#7728=CARTESIAN_POINT('',(-0.0391109247824708,0.0460188880388355,0.004));
#7729=CARTESIAN_POINT('',(-0.0395844335695344,0.0460188880388355,0.004));
#7730=CARTESIAN_POINT('',(-0.0395844335695344,0.0460188880388355,0.));
#7731=CARTESIAN_POINT('',(-0.0395374065297249,0.0460839374172546,0.004));
#7732=CARTESIAN_POINT('',(-0.0395374065297249,0.0460839374172546,0.));
#7733=CARTESIAN_POINT('',(-0.0394581363997467,0.0461164621064641,0.004));
#7734=CARTESIAN_POINT('',(-0.0394581363997467,0.0461164621064641,0.));
#7735=CARTESIAN_POINT('',(-0.0393466231795997,0.0461164621064641,0.004));
#7736=CARTESIAN_POINT('',(-0.0393466231795997,0.0461164621064641,0.));
#7737=CARTESIAN_POINT('',(-0.0395844335695344,0.0460188880388355,0.));
#7738=CARTESIAN_POINT('',(-0.0395138930098202,0.0461164621064641,0.));
#7739=CARTESIAN_POINT('',(-0.0393466231795997,0.0461164621064641,0.));
#7740=CARTESIAN_POINT('',(-0.0395844335695344,0.0460188880388355,0.));
#7741=CARTESIAN_POINT('',(-0.0395844335695344,0.0460188880388355,0.004));
#7742=CARTESIAN_POINT('',(-0.0395844335695344,0.0460188880388355,0.004));
#7743=CARTESIAN_POINT('',(-0.0395844335695344,0.0460188880388355,0.004));
#7744=CARTESIAN_POINT('',(-0.0395138930098202,0.0461164621064641,0.004));
#7745=CARTESIAN_POINT('',(-0.0393466231795997,0.0461164621064641,0.004));
#7746=CARTESIAN_POINT('',(-0.0391598530078725,0.0457414115746294,0.004));
#7747=CARTESIAN_POINT('',(-0.0391598530078725,0.0457414115746294,0.));
#7748=CARTESIAN_POINT('',(-0.0396680535114185,0.04576205296883,0.));
#7749=CARTESIAN_POINT('',(-0.0396684908832058,0.0457620697136484,0.004));
#7750=CARTESIAN_POINT('',(-0.0396680535114185,0.04576205296883,0.004));
#7751=CARTESIAN_POINT('',(-0.0391598530078725,0.0457414115746294,0.004));
#7752=CARTESIAN_POINT('',(-0.0357461079606583,0.0454372292782714,0.004));
#7753=CARTESIAN_POINT('',(-0.0357461079606583,0.0454372292782714,0.));
#7754=CARTESIAN_POINT('',(-0.0396819839230434,0.0454296420917269,0.));
#7755=CARTESIAN_POINT('',(-0.039682007637163,0.0454296420460132,0.004));
#7756=CARTESIAN_POINT('',(-0.0396819839230434,0.0454296420917269,0.00399999975));
#7757=CARTESIAN_POINT('',(-0.0357461079606583,0.0454372292782714,0.004));
#7758=CARTESIAN_POINT('',(-0.039682007637163,0.0449400821136254,0.004));
#7759=CARTESIAN_POINT('',(-0.039682007637163,0.0449400821136254,0.));
#7760=CARTESIAN_POINT('',(-0.0396819703515836,0.0444505220706694,0.));
#7761=CARTESIAN_POINT('',(-0.039682007637163,0.0444505221812376,0.004));
#7762=CARTESIAN_POINT('',(-0.0396819703515836,0.0444505220706694,0.004));
#7763=CARTESIAN_POINT('',(-0.039682007637163,0.0449400821136254,0.004));
#7764=CARTESIAN_POINT('',(-0.0357683388287826,0.0444389164307022,0.004));
#7765=CARTESIAN_POINT('',(-0.0357683388287826,0.0444389164307022,0.));
#7766=CARTESIAN_POINT('',(-0.0396684908832058,0.0441155601222354,0.));
#7767=CARTESIAN_POINT('',(-0.0396684908832058,0.0441155601222354,0.004));
#7768=CARTESIAN_POINT('',(-0.0396684908832058,0.0441155601222354,0.004));
#7769=CARTESIAN_POINT('',(-0.0357683388287826,0.0444389164307022,0.004));
#7770=CARTESIAN_POINT('',(-0.0395844335695344,0.0438587417970484,0.004));
#7771=CARTESIAN_POINT('',(-0.0395844335695344,0.0438587417970484,0.));
#7772=CARTESIAN_POINT('',(-0.0396314606093439,0.0439254807697121,0.004));
#7773=CARTESIAN_POINT('',(-0.0396314606093439,0.0439254807697121,0.));
#7774=CARTESIAN_POINT('',(-0.0396594797139011,0.0440110868781078,0.004));
#7775=CARTESIAN_POINT('',(-0.0396594797139011,0.0440110868781078,0.));
#7776=CARTESIAN_POINT('',(-0.0396684908832058,0.0441155601222354,0.004));
#7777=CARTESIAN_POINT('',(-0.0396684908832058,0.0441155601222354,0.));
#7778=CARTESIAN_POINT('',(-0.0395844335695344,0.0438587417970484,0.));
#7779=CARTESIAN_POINT('',(-0.0396549741292486,0.043958850256044,0.));
#7780=CARTESIAN_POINT('',(-0.0396684908832058,0.0441155601222354,0.));
#7781=CARTESIAN_POINT('',(-0.0395844335695344,0.0438587417970484,0.));
#7782=CARTESIAN_POINT('',(-0.0395844335695344,0.0438587417970484,0.004));
#7783=CARTESIAN_POINT('',(-0.0395844335695344,0.0438587417970484,0.004));
#7784=CARTESIAN_POINT('',(-0.0395844335695344,0.0438587417970484,0.004));
#7785=CARTESIAN_POINT('',(-0.0396549741292486,0.043958850256044,0.004));
#7786=CARTESIAN_POINT('',(-0.0396684908832058,0.0441155601222354,0.004));
#7787=CARTESIAN_POINT('',(-0.0393466231795997,0.0437586333380527,0.004));
#7788=CARTESIAN_POINT('',(-0.0393466231795997,0.0437586333380527,0.));
#7789=CARTESIAN_POINT('',(-0.0394581363997467,0.0437586333380527,0.004));
#7790=CARTESIAN_POINT('',(-0.0394581363997467,0.0437586333380527,0.));
#7791=CARTESIAN_POINT('',(-0.0395374065297249,0.0437920028243846,0.004));
#7792=CARTESIAN_POINT('',(-0.0395374065297249,0.0437920028243846,0.));
#7793=CARTESIAN_POINT('',(-0.0395844335695344,0.0438587417970484,0.004));
#7794=CARTESIAN_POINT('',(-0.0395844335695344,0.0438587417970484,0.));
#7795=CARTESIAN_POINT('',(-0.0393466231795997,0.0437586333380527,0.));
#7796=CARTESIAN_POINT('',(-0.0395138930098202,0.0437586333380527,0.));
#7797=CARTESIAN_POINT('',(-0.0395844335695344,0.0438587417970484,0.));
#7798=CARTESIAN_POINT('',(-0.0393466231795997,0.0437586333380527,0.));
#7799=CARTESIAN_POINT('',(-0.0393466231795997,0.0437586333380527,0.004));
#7800=CARTESIAN_POINT('',(-0.0393466231795997,0.0437586333380527,0.004));
#7801=CARTESIAN_POINT('',(-0.0393466231795997,0.0437586333380527,0.004));
#7802=CARTESIAN_POINT('',(-0.0395138930098202,0.0437586333380527,0.004));
#7803=CARTESIAN_POINT('',(-0.0395844335695344,0.0438587417970484,0.004));
#7804=CARTESIAN_POINT('',(-0.0391109247824708,0.0438587417970484,0.004));
#7805=CARTESIAN_POINT('',(-0.0391109247824708,0.0438587417970484,0.));
#7806=CARTESIAN_POINT('',(-0.0391559806289949,0.0437920028243846,0.004));
#7807=CARTESIAN_POINT('',(-0.0391559806289949,0.0437920028243846,0.));
#7808=CARTESIAN_POINT('',(-0.0392345467613712,0.0437586333380527,0.004));
#7809=CARTESIAN_POINT('',(-0.0392345467613712,0.0437586333380527,0.));
#7810=CARTESIAN_POINT('',(-0.0393466231795997,0.0437586333380527,0.004));
#7811=CARTESIAN_POINT('',(-0.0393466231795997,0.0437586333380527,0.));
#7812=CARTESIAN_POINT('',(-0.0391109247824708,0.0438587417970484,0.));
#7813=CARTESIAN_POINT('',(-0.0391785085522569,0.0437586333380527,0.));
#7814=CARTESIAN_POINT('',(-0.0393466231795997,0.0437586333380527,0.));
#7815=CARTESIAN_POINT('',(-0.0391109247824708,0.0438587417970484,0.));
#7816=CARTESIAN_POINT('',(-0.0391109247824708,0.0438587417970484,0.004));
#7817=CARTESIAN_POINT('',(-0.0391109247824708,0.0438587417970484,0.004));
#7818=CARTESIAN_POINT('',(-0.0391109247824708,0.0438587417970484,0.004));
#7819=CARTESIAN_POINT('',(-0.0391785085522569,0.0437586333380527,0.004));
#7820=CARTESIAN_POINT('',(-0.0393466231795997,0.0437586333380527,0.004));
#7821=CARTESIAN_POINT('',(-0.0395685147531219,0.0441411001716083,0.004));
#7822=CARTESIAN_POINT('',(-0.0395685147531219,0.0441411001716083,0.));
#7823=CARTESIAN_POINT('',(-0.039030185996962,0.0441155758960719,0.));
#7824=CARTESIAN_POINT('',(-0.0390298242587276,0.0441155601222354,0.004));
#7825=CARTESIAN_POINT('',(-0.039030185996962,0.0441155758960719,0.004));
#7826=CARTESIAN_POINT('',(-0.0395685147531219,0.0441411001716083,0.004));
#7827=CARTESIAN_POINT('',(-0.0429299763131376,0.0444389164307023,0.004));
#7828=CARTESIAN_POINT('',(-0.0429299763131376,0.0444389164307023,0.));
#7829=CARTESIAN_POINT('',(-0.0390163447903498,0.0444505220706694,0.));
#7830=CARTESIAN_POINT('',(-0.0390163075047703,0.0444505221812376,0.004));
#7831=CARTESIAN_POINT('',(-0.0390163447903498,0.0444505220706694,0.00399999975));
#7832=CARTESIAN_POINT('',(-0.0429299763131376,0.0444389164307023,0.004));
#7833=CARTESIAN_POINT('',(-0.0390163075047703,0.0449400821136254,0.004));
#7834=CARTESIAN_POINT('',(-0.0390163075047703,0.0449400821136254,0.));
#7835=CARTESIAN_POINT('',(-0.0390163312188891,0.0454296420917269,0.));
#7836=CARTESIAN_POINT('',(-0.0390163075047703,0.0454296420460132,0.004));
#7837=CARTESIAN_POINT('',(-0.0390163312188891,0.0454296420917269,0.004));
#7838=CARTESIAN_POINT('',(-0.0390163075047703,0.0449400821136254,0.004));
#7839=CARTESIAN_POINT('',(-0.0429522071842383,0.0454372292781507,0.004));
#7840=CARTESIAN_POINT('',(-0.0429522071842383,0.0454372292781507,0.));
#7841=CARTESIAN_POINT('',(-0.0390298242587276,0.0457620697136484,0.));
#7842=CARTESIAN_POINT('',(-0.0390298242587276,0.0457620697136484,0.004));
#7843=CARTESIAN_POINT('',(-0.0390298242587276,0.0457620697136484,0.004));
#7844=CARTESIAN_POINT('',(-0.0429522071842383,0.0454372292781507,0.004));
#7845=CARTESIAN_POINT('',(-0.0393466231795997,0.0465430846532386,0.004));
#7846=CARTESIAN_POINT('',(-0.0393466231795997,0.0465430846532386,0.));
#7847=CARTESIAN_POINT('',(-0.0395769711949539,0.0465430846532386,0.004));
#7848=CARTESIAN_POINT('',(-0.0395769711949539,0.0465430846532386,0.));
#7849=CARTESIAN_POINT('',(-0.0397588841752947,0.0464961984129495,0.004));
#7850=CARTESIAN_POINT('',(-0.0397588841752947,0.0464961984129495,0.));
#7851=CARTESIAN_POINT('',(-0.0398923621206222,0.0464024259323714,0.004));
#7852=CARTESIAN_POINT('',(-0.0398923621206222,0.0464024259323714,0.));
#7853=CARTESIAN_POINT('',(-0.0393466231795997,0.0465430846532386,0.004));
#7854=CARTESIAN_POINT('',(-0.0393466231795997,0.0465430846532386,0.004));
#7855=CARTESIAN_POINT('',(-0.0393466231795997,0.0465430846532386,0.004));
#7856=CARTESIAN_POINT('',(-0.039692145202631,0.0465430846532386,0.004));
#7857=CARTESIAN_POINT('',(-0.0398923621206222,0.0464024259323714,0.004));
#7858=CARTESIAN_POINT('',(-0.0398923621206222,0.0464024259323714,0.004));
#7859=CARTESIAN_POINT('',(-0.0398923621206222,0.0464024259323714,0.004));
#7860=CARTESIAN_POINT('',(-0.0388029962313831,0.0464024259323714,0.004));
#7861=CARTESIAN_POINT('',(-0.0388029962313831,0.0464024259323714,0.));
#7862=CARTESIAN_POINT('',(-0.0389345029834251,0.0464961984129495,0.004));
#7863=CARTESIAN_POINT('',(-0.0389345029834251,0.0464961984129495,0.));
#7864=CARTESIAN_POINT('',(-0.039115711966164,0.0465430846532386,0.004));
#7865=CARTESIAN_POINT('',(-0.039115711966164,0.0465430846532386,0.));
#7866=CARTESIAN_POINT('',(-0.0393466231795997,0.0465430846532386,0.004));
#7867=CARTESIAN_POINT('',(-0.0393466231795997,0.0465430846532386,0.));
#7868=CARTESIAN_POINT('',(-0.0388029962313831,0.0464024259323714,0.004));
#7869=CARTESIAN_POINT('',(-0.0388029962313831,0.0464024259323714,0.004));
#7870=CARTESIAN_POINT('',(-0.0388029962313831,0.0464024259323714,0.004));
#7871=CARTESIAN_POINT('',(-0.0390002563594462,0.0465430846532386,0.004));
#7872=CARTESIAN_POINT('',(-0.0393466231795997,0.0465430846532386,0.004));
#7873=CARTESIAN_POINT('',(-0.0385221011882097,0.0460024144949501,0.004));
#7874=CARTESIAN_POINT('',(-0.0385221011882097,0.0460024144949501,0.));
#7875=CARTESIAN_POINT('',(-0.0385778577982832,0.0461753163059861,0.004));
#7876=CARTESIAN_POINT('',(-0.0385778577982832,0.0461753163059861,0.));
#7877=CARTESIAN_POINT('',(-0.038671489479341,0.0463086534517932,0.004));
#7878=CARTESIAN_POINT('',(-0.038671489479341,0.0463086534517932,0.));
#7879=CARTESIAN_POINT('',(-0.0388029962313831,0.0464024259323714,0.004));
#7880=CARTESIAN_POINT('',(-0.0388029962313831,0.0464024259323714,0.));
#7881=CARTESIAN_POINT('',(-0.0385221011882097,0.0460024144949501,0.004));
#7882=CARTESIAN_POINT('',(-0.0385221011882097,0.0460024144949501,0.004));
#7883=CARTESIAN_POINT('',(-0.0385221011882097,0.0460024144949501,0.004));
#7884=CARTESIAN_POINT('',(-0.03860573610332,0.0462617672115041,0.004));
#7885=CARTESIAN_POINT('',(-0.0388029962313831,0.0464024259323714,0.004));
#7886=CARTESIAN_POINT('',(-0.0384384662730995,0.0453916261755085,0.004));
#7887=CARTESIAN_POINT('',(-0.0384384662730995,0.0453916261755085,0.));
#7888=CARTESIAN_POINT('',(-0.0384384662730995,0.0456259165774336,0.004));
#7889=CARTESIAN_POINT('',(-0.0384384662730995,0.0456259165774336,0.));
#7890=CARTESIAN_POINT('',(-0.0384663445781362,0.0458295126839141,0.004));
#7891=CARTESIAN_POINT('',(-0.0384663445781362,0.0458295126839141,0.));
#7892=CARTESIAN_POINT('',(-0.0385221011882097,0.0460024144949501,0.004));
#7893=CARTESIAN_POINT('',(-0.0385221011882097,0.0460024144949501,0.));
#7894=CARTESIAN_POINT('',(-0.0384384662730995,0.0453916261755085,0.004));
#7895=CARTESIAN_POINT('',(-0.0384384662730995,0.0453916261755085,0.004));
#7896=CARTESIAN_POINT('',(-0.0384384662730995,0.0453916261755085,0.004));
#7897=CARTESIAN_POINT('',(-0.0384384662730995,0.0457430617783961,0.004));
#7898=CARTESIAN_POINT('',(-0.0385221011882097,0.0460024144949501,0.004));
#7899=CARTESIAN_POINT('',(-0.0384384662730995,0.0449375477222584,0.004));
#7900=CARTESIAN_POINT('',(-0.0384384662730995,0.0444834692690083,0.004));
#7901=CARTESIAN_POINT('',(-0.0384384662730995,0.0444834692690083,0.004));
#7902=CARTESIAN_POINT('',(-0.0384384662730995,0.0449375477222584,0.004));
#7903=CARTESIAN_POINT('',(-0.0385221011882097,0.0438722585510055,0.004));
#7904=CARTESIAN_POINT('',(-0.0385221011882097,0.0438722585510055,0.));
#7905=CARTESIAN_POINT('',(-0.0384663445781362,0.0440454419610823,0.004));
#7906=CARTESIAN_POINT('',(-0.0384663445781362,0.0440454419610823,0.));
#7907=CARTESIAN_POINT('',(-0.0384384662730995,0.0442491788670832,0.004));
#7908=CARTESIAN_POINT('',(-0.0384384662730995,0.0442491788670832,0.));
#7909=CARTESIAN_POINT('',(-0.0384384662730995,0.0444834692690083,0.004));
#7910=CARTESIAN_POINT('',(-0.0384384662730995,0.0444834692690083,0.));
#7911=CARTESIAN_POINT('',(-0.0385221011882097,0.0438722585510055,0.004));
#7912=CARTESIAN_POINT('',(-0.0385221011882097,0.0438722585510055,0.004));
#7913=CARTESIAN_POINT('',(-0.0385221011882097,0.0438722585510055,0.004));
#7914=CARTESIAN_POINT('',(-0.0384384662730995,0.0441320336661207,0.004));
#7915=CARTESIAN_POINT('',(-0.0384384662730995,0.0444834692690083,0.004));
#7916=CARTESIAN_POINT('',(-0.0388029962313831,0.0434722471135843,0.004));
#7917=CARTESIAN_POINT('',(-0.0388029962313831,0.0434722471135843,0.));
#7918=CARTESIAN_POINT('',(-0.038671489479341,0.0435657379951217,0.004));
#7919=CARTESIAN_POINT('',(-0.038671489479341,0.0435657379951217,0.));
#7920=CARTESIAN_POINT('',(-0.0385778577982832,0.0436990751409287,0.004));
#7921=CARTESIAN_POINT('',(-0.0385778577982832,0.0436990751409287,0.));
#7922=CARTESIAN_POINT('',(-0.0385221011882097,0.0438722585510055,0.004));
#7923=CARTESIAN_POINT('',(-0.0385221011882097,0.0438722585510055,0.));
#7924=CARTESIAN_POINT('',(-0.0388029962313831,0.0434722471135843,0.004));
#7925=CARTESIAN_POINT('',(-0.0388029962313831,0.0434722471135843,0.004));
#7926=CARTESIAN_POINT('',(-0.0388029962313831,0.0434722471135843,0.004));
#7927=CARTESIAN_POINT('',(-0.03860573610332,0.0436124834358904,0.004));
#7928=CARTESIAN_POINT('',(-0.0385221011882097,0.0438722585510055,0.004));
#7929=CARTESIAN_POINT('',(-0.0393466231795997,0.0433320107912782,0.004));
#7930=CARTESIAN_POINT('',(-0.0393466231795997,0.0433320107912782,0.));
#7931=CARTESIAN_POINT('',(-0.039115711966164,0.0433320107912782,0.004));
#7932=CARTESIAN_POINT('',(-0.039115711966164,0.0433320107912782,0.));
#7933=CARTESIAN_POINT('',(-0.0389345029834251,0.0433787562320469,0.004));
#7934=CARTESIAN_POINT('',(-0.0389345029834251,0.0433787562320469,0.));
#7935=CARTESIAN_POINT('',(-0.0388029962313831,0.0434722471135843,0.004));
#7936=CARTESIAN_POINT('',(-0.0388029962313831,0.0434722471135843,0.));
#7937=CARTESIAN_POINT('',(-0.0393466231795997,0.0433320107912782,0.004));
#7938=CARTESIAN_POINT('',(-0.0393466231795997,0.0433320107912782,0.004));
#7939=CARTESIAN_POINT('',(-0.0393466231795997,0.0433320107912782,0.004));
#7940=CARTESIAN_POINT('',(-0.0390002563594462,0.0433320107912782,0.004));
#7941=CARTESIAN_POINT('',(-0.0388029962313831,0.0434722471135843,0.004));
#7942=CARTESIAN_POINT('',(-0.0398923621206222,0.0434722471135843,0.004));
#7943=CARTESIAN_POINT('',(-0.0398923621206222,0.0434722471135843,0.));
#7944=CARTESIAN_POINT('',(-0.0397588841752947,0.0433787562320469,0.004));
#7945=CARTESIAN_POINT('',(-0.0397588841752947,0.0433787562320469,0.));
#7946=CARTESIAN_POINT('',(-0.0395769711949539,0.0433320107912782,0.004));
#7947=CARTESIAN_POINT('',(-0.0395769711949539,0.0433320107912782,0.));
#7948=CARTESIAN_POINT('',(-0.0393466231795997,0.0433320107912782,0.004));
#7949=CARTESIAN_POINT('',(-0.0393466231795997,0.0433320107912782,0.));
#7950=CARTESIAN_POINT('',(-0.0398923621206222,0.0434722471135843,0.004));
#7951=CARTESIAN_POINT('',(-0.0398923621206222,0.0434722471135843,0.004));
#7952=CARTESIAN_POINT('',(-0.0398923621206222,0.0434722471135843,0.004));
#7953=CARTESIAN_POINT('',(-0.039692145202631,0.0433320107912782,0.004));
#7954=CARTESIAN_POINT('',(-0.0393466231795997,0.0433320107912782,0.004));
#7955=CARTESIAN_POINT('',(-0.0401762139537237,0.0438722585510055,0.004));
#7956=CARTESIAN_POINT('',(-0.0401762139537237,0.0438722585510055,0.));
#7957=CARTESIAN_POINT('',(-0.0401204573436502,0.0436990751409287,0.004));
#7958=CARTESIAN_POINT('',(-0.0401204573436502,0.0436990751409287,0.));
#7959=CARTESIAN_POINT('',(-0.0400258400659497,0.0435657379951217,0.004));
#7960=CARTESIAN_POINT('',(-0.0400258400659497,0.0435657379951217,0.));
#7961=CARTESIAN_POINT('',(-0.0398923621206222,0.0434722471135843,0.004));
#7962=CARTESIAN_POINT('',(-0.0398923621206222,0.0434722471135843,0.));
#7963=CARTESIAN_POINT('',(-0.0401762139537237,0.0438722585510055,0.004));
#7964=CARTESIAN_POINT('',(-0.0401762139537237,0.0438722585510055,0.004));
#7965=CARTESIAN_POINT('',(-0.0401762139537237,0.0438722585510055,0.004));
#7966=CARTESIAN_POINT('',(-0.0400925790386134,0.0436124834358904,0.004));
#7967=CARTESIAN_POINT('',(-0.0398923621206222,0.0434722471135843,0.004));
#7968=CARTESIAN_POINT('',(-0.0402598488688339,0.0444834692690083,0.004));
#7969=CARTESIAN_POINT('',(-0.0402598488688339,0.0444834692690083,0.));
#7970=CARTESIAN_POINT('',(-0.0402598488688339,0.0442491788670832,0.004));
#7971=CARTESIAN_POINT('',(-0.0402598488688339,0.0442491788670832,0.));
#7972=CARTESIAN_POINT('',(-0.0402319705637971,0.0440454419610823,0.004));
#7973=CARTESIAN_POINT('',(-0.0402319705637971,0.0440454419610823,0.));
#7974=CARTESIAN_POINT('',(-0.0401762139537237,0.0438722585510055,0.004));
#7975=CARTESIAN_POINT('',(-0.0401762139537237,0.0438722585510055,0.));
#7976=CARTESIAN_POINT('',(-0.0402598488688339,0.0444834692690083,0.004));
#7977=CARTESIAN_POINT('',(-0.0402598488688339,0.0444834692690083,0.004));
#7978=CARTESIAN_POINT('',(-0.0402598488688339,0.0444834692690083,0.004));
#7979=CARTESIAN_POINT('',(-0.0402598488688339,0.0441320336661207,0.004));
#7980=CARTESIAN_POINT('',(-0.0401762139537237,0.0438722585510055,0.004));
#7981=CARTESIAN_POINT('',(-0.0402598488688339,0.0449375477222584,0.004));
#7982=CARTESIAN_POINT('',(-0.0402598488688339,0.0453916261755085,0.004));
#7983=CARTESIAN_POINT('',(-0.0402598488688339,0.0453916261755085,0.004));
#7984=CARTESIAN_POINT('',(-0.0402598488688339,0.0449375477222584,0.004));
#7985=CARTESIAN_POINT('',(-0.0401762139537237,0.0460024144949501,0.004));
#7986=CARTESIAN_POINT('',(-0.0401762139537237,0.0460024144949501,0.));
#7987=CARTESIAN_POINT('',(-0.0402319705637971,0.0458295126839141,0.004));
#7988=CARTESIAN_POINT('',(-0.0402319705637971,0.0458295126839141,0.));
#7989=CARTESIAN_POINT('',(-0.0402598488688339,0.0456259165774336,0.004));
#7990=CARTESIAN_POINT('',(-0.0402598488688339,0.0456259165774336,0.));
#7991=CARTESIAN_POINT('',(-0.0402598488688339,0.0453916261755085,0.004));
#7992=CARTESIAN_POINT('',(-0.0402598488688339,0.0453916261755085,0.));
#7993=CARTESIAN_POINT('',(-0.0401762139537237,0.0460024144949501,0.004));
#7994=CARTESIAN_POINT('',(-0.0401762139537237,0.0460024144949501,0.004));
#7995=CARTESIAN_POINT('',(-0.0401762139537237,0.0460024144949501,0.004));
#7996=CARTESIAN_POINT('',(-0.0402598488688339,0.0457430617783961,0.004));
#7997=CARTESIAN_POINT('',(-0.0402598488688339,0.0453916261755085,0.004));
#7998=CARTESIAN_POINT('',(-0.0394511300259022,0.045791656632096,0.004));
#7999=CARTESIAN_POINT('',(-0.0394511300259022,0.045791656632096,0.004));
#8000=CARTESIAN_POINT('',(-0.0391109247824708,0.0460188880388355,0.004));
#8001=CARTESIAN_POINT('',(-0.0391109247824708,0.0460188880388355,0.));
#8002=CARTESIAN_POINT('',(-0.0390658689359468,0.0459538386604164,0.004));
#8003=CARTESIAN_POINT('',(-0.0390658689359468,0.0459538386604164,0.));
#8004=CARTESIAN_POINT('',(-0.0390388354280323,0.0458682325520207,0.004));
#8005=CARTESIAN_POINT('',(-0.0390388354280323,0.0458682325520207,0.));
#8006=CARTESIAN_POINT('',(-0.0390298242587276,0.0457620697136484,0.004));
#8007=CARTESIAN_POINT('',(-0.0390298242587276,0.0457620697136484,0.));
#8008=CARTESIAN_POINT('',(-0.0391109247824708,0.0460188880388355,0.));
#8009=CARTESIAN_POINT('',(-0.0390433410126848,0.0459213139712068,0.));
#8010=CARTESIAN_POINT('',(-0.0390298242587276,0.0457620697136484,0.));
#8011=CARTESIAN_POINT('',(-0.0391109247824708,0.0460188880388355,0.004));
#8012=CARTESIAN_POINT('',(-0.0390433410126848,0.0459213139712068,0.004));
#8013=CARTESIAN_POINT('',(-0.0390298242587276,0.0457620697136484,0.004));
#8014=CARTESIAN_POINT('',(0.,0.005,0.004));
#8015=CARTESIAN_POINT('',(-0.0471669101409699,0.0449590900488777,0.004));
#8016=CARTESIAN_POINT('',(-0.0471669101409699,0.0449590900488777,0.));
#8017=CARTESIAN_POINT('',(-0.0475318624978146,0.0449590900488777,0.));
#8018=CARTESIAN_POINT('',(-0.0468019577841251,0.0449590900488777,0.));
#8019=CARTESIAN_POINT('',(-0.0475318624978146,0.0449590900488777,0.004));
#8020=CARTESIAN_POINT('',(-0.0475318624978146,0.0449590900488777,0.004));
#8021=CARTESIAN_POINT('',(-0.0471669101409699,0.0449590900488777,0.004));
#8022=CARTESIAN_POINT('',(-0.0468019577841251,0.0449590900488777,0.004));
#8023=CARTESIAN_POINT('',(-0.0468019577841251,0.0449590900488777,0.004));
#8024=CARTESIAN_POINT('',(-0.0473510759136369,0.0439723670100012,0.004));
#8025=CARTESIAN_POINT('',(-0.0473510759136369,0.0439723670100012,0.));
#8026=CARTESIAN_POINT('',(-0.0471702893294591,0.0429856439711246,0.));
#8027=CARTESIAN_POINT('',(-0.0471702893294591,0.0429856439711246,0.004));
#8028=CARTESIAN_POINT('',(-0.0471702893294591,0.0429856439711246,0.004));
#8029=CARTESIAN_POINT('',(-0.0473510759136369,0.0439723670100012,0.004));
#8030=CARTESIAN_POINT('',(-0.047932296333797,0.0443102858589315,0.004));
#8031=CARTESIAN_POINT('',(-0.0483969347510763,0.0465,0.004));
#8032=CARTESIAN_POINT('',(-0.0483969347510763,0.0465,0.004));
#8033=CARTESIAN_POINT('',(-0.047932296333797,0.0443102858589315,0.004));
#8034=CARTESIAN_POINT('',(-0.0474676579165178,0.0421205717178629,0.004));
#8035=CARTESIAN_POINT('',(-0.0474676579165178,0.0421205717178629,0.004));
#8036=CARTESIAN_POINT('',(-0.0481105485266078,0.0465,0.004));
#8037=CARTESIAN_POINT('',(-0.0478241623021393,0.0465,0.004));
#8038=CARTESIAN_POINT('',(-0.0478241623021393,0.0465,0.004));
#8039=CARTESIAN_POINT('',(-0.0481105485266078,0.0465,0.004));
#8040=CARTESIAN_POINT('',(-0.0477185626618486,0.0459483474791212,0.004));
#8041=CARTESIAN_POINT('',(-0.0476129630215579,0.0453966949582425,0.004));
#8042=CARTESIAN_POINT('',(-0.0476129630215579,0.0453966949582425,0.004));
#8043=CARTESIAN_POINT('',(-0.0477185626618486,0.0459483474791212,0.004));
#8044=CARTESIAN_POINT('',(-0.0471669101409699,0.0453966949582425,0.004));
#8045=CARTESIAN_POINT('',(-0.0467208572603818,0.0453966949582425,0.004));
#8046=CARTESIAN_POINT('',(-0.0467208572603818,0.0453966949582425,0.004));
#8047=CARTESIAN_POINT('',(-0.0471669101409699,0.0453966949582425,0.004));
#8048=CARTESIAN_POINT('',(-0.0466211711999474,0.0459483474791212,0.004));
#8049=CARTESIAN_POINT('',(-0.0465214851395129,0.0465,0.004));
#8050=CARTESIAN_POINT('',(-0.0465214851395129,0.0465,0.004));
#8051=CARTESIAN_POINT('',(-0.0466211711999474,0.0459483474791212,0.004));
#8052=CARTESIAN_POINT('',(-0.0462321421251163,0.0465,0.004));
#8053=CARTESIAN_POINT('',(-0.0459427991107197,0.0465,0.004));
#8054=CARTESIAN_POINT('',(-0.0459427991107197,0.0465,0.004));
#8055=CARTESIAN_POINT('',(-0.0462321421251163,0.0465,0.004));
#8056=CARTESIAN_POINT('',(-0.0464103943179271,0.0443102858589315,0.004));
#8057=CARTESIAN_POINT('',(-0.0468779895251344,0.0421205717178629,0.004));
#8058=CARTESIAN_POINT('',(-0.0468779895251344,0.0421205717178629,0.004));
#8059=CARTESIAN_POINT('',(-0.0464103943179271,0.0443102858589315,0.004));
#8060=CARTESIAN_POINT('',(-0.0471728237208261,0.0421205717178629,0.004));
#8061=CARTESIAN_POINT('',(-0.0471728237208261,0.0421205717178629,0.004));
#8062=CARTESIAN_POINT('',(-0.0469861235567921,0.0439723670100012,0.004));
#8063=CARTESIAN_POINT('',(-0.0469861235567921,0.0439723670100012,0.));
#8064=CARTESIAN_POINT('',(-0.0469861235567921,0.0439723670100012,0.004));
#8065=CARTESIAN_POINT('',(0.,0.005,0.004));
#8066=CARTESIAN_POINT('',(-0.0307871387361945,0.0449375477222584,0.004));
#8067=CARTESIAN_POINT('',(-0.0307871387361945,0.0465,0.004));
#8068=CARTESIAN_POINT('',(-0.0307871387361945,0.0465,0.004));
#8069=CARTESIAN_POINT('',(-0.0307871387361945,0.0449375477222584,0.004));
#8070=CARTESIAN_POINT('',(-0.0307871387361945,0.0433750954445168,0.004));
#8071=CARTESIAN_POINT('',(-0.0307871387361945,0.0433750954445168,0.004));
#8072=CARTESIAN_POINT('',(-0.0304977957217979,0.0465,0.004));
#8073=CARTESIAN_POINT('',(-0.0302084527074013,0.0465,0.004));
#8074=CARTESIAN_POINT('',(-0.0302084527074013,0.0465,0.004));
#8075=CARTESIAN_POINT('',(-0.0304977957217979,0.0465,0.004));
#8076=CARTESIAN_POINT('',(-0.0302084527074013,0.045359101486299,0.004));
#8077=CARTESIAN_POINT('',(-0.0302084527074013,0.044218202972598,0.004));
#8078=CARTESIAN_POINT('',(-0.0302084527074013,0.044218202972598,0.004));
#8079=CARTESIAN_POINT('',(-0.0302084527074013,0.045359101486299,0.004));
#8080=CARTESIAN_POINT('',(-0.0299896502527189,0.0439778581912963,0.004));
#8081=CARTESIAN_POINT('',(-0.0299896502527189,0.0439778581912963,0.));
#8082=CARTESIAN_POINT('',(-0.030063429201402,0.0440192532502902,0.004));
#8083=CARTESIAN_POINT('',(-0.030063429201402,0.0440192532502902,0.));
#8084=CARTESIAN_POINT('',(-0.0301363633529628,0.0440993681773908,0.004));
#8085=CARTESIAN_POINT('',(-0.0301363633529628,0.0440993681773908,0.));
#8086=CARTESIAN_POINT('',(-0.0302084527074013,0.044218202972598,0.004));
#8087=CARTESIAN_POINT('',(-0.0302084527074013,0.044218202972598,0.));
#8088=CARTESIAN_POINT('',(-0.0299896502527189,0.0439778581912963,0.004));
#8089=CARTESIAN_POINT('',(-0.0299896502527189,0.0439778581912963,0.004));
#8090=CARTESIAN_POINT('',(-0.0299896502527189,0.0439778581912963,0.004));
#8091=CARTESIAN_POINT('',(-0.0301003186757436,0.0440399507797872,0.004));
#8092=CARTESIAN_POINT('',(-0.0302084527074013,0.044218202972598,0.004));
#8093=CARTESIAN_POINT('',(-0.0297506486699088,0.0444093675340349,0.004));
#8094=CARTESIAN_POINT('',(-0.0297438142901221,0.0439157656028053,0.004));
#8095=CARTESIAN_POINT('',(-0.029743816686783,0.0439158805936494,0.004));
#8096=CARTESIAN_POINT('',(-0.0297506486699088,0.0444093675340349,0.004));
#8097=CARTESIAN_POINT('',(-0.0297435390503352,0.0446850336655449,0.004));
#8098=CARTESIAN_POINT('',(-0.0295735876699735,0.0439347735380577,0.004));
#8099=CARTESIAN_POINT('',(-0.0295735994490461,0.0439348279273594,0.004));
#8100=CARTESIAN_POINT('',(-0.0297436086831481,0.0446857610324179,0.004));
#8101=CARTESIAN_POINT('',(-0.0297683305258223,0.0448344618422065,0.004));
#8102=CARTESIAN_POINT('',(-0.029424480977883,0.0439806886078455,0.004));
#8103=CARTESIAN_POINT('',(-0.029424480977883,0.0439806886078455,0.004));
#8104=CARTESIAN_POINT('',(-0.0297683305258223,0.0448344618422065,0.004));
#8105=CARTESIAN_POINT('',(-0.029424480977883,0.0436614816689853,0.004));
#8106=CARTESIAN_POINT('',(-0.029424480977883,0.0433422258696139,0.004));
#8107=CARTESIAN_POINT('',(-0.029424480977883,0.0433422258696139,0.004));
#8108=CARTESIAN_POINT('',(-0.029424480977883,0.0436614816689853,0.004));
#8109=CARTESIAN_POINT('',(-0.0294879796436953,0.0437115508717002,0.004));
#8110=CARTESIAN_POINT('',(-0.029476436000906,0.0433370795740122,0.004));
#8111=CARTESIAN_POINT('',(-0.0294764345406951,0.0433370322053372,0.00399999975));
#8112=CARTESIAN_POINT('',(-0.0294879796436953,0.0437115508717002,0.004));
#8113=CARTESIAN_POINT('',(-0.0294959719343598,0.0433370795740122,0.004));
#8114=CARTESIAN_POINT('',(-0.0295165638642165,0.0433370795740122,0.004));
#8115=CARTESIAN_POINT('',(-0.0295165685416321,0.0433368186256291,0.004));
#8116=CARTESIAN_POINT('',(-0.0294959719343598,0.0433370795740122,0.004));
#8117=CARTESIAN_POINT('',(-0.0295039686182118,0.0440397558607652,0.004));
#8118=CARTESIAN_POINT('',(-0.02986293068437,0.0434342312430796,0.004));
#8119=CARTESIAN_POINT('',(-0.02986293068437,0.0434342312430796,0.004));
#8120=CARTESIAN_POINT('',(-0.0295039686182118,0.0440397558607652,0.004));
#8121=CARTESIAN_POINT('',(-0.0302084527074013,0.0438186139337379,0.004));
#8122=CARTESIAN_POINT('',(-0.0302084527074013,0.0438186139337379,0.));
#8123=CARTESIAN_POINT('',(-0.030093560298765,0.0436271265860106,0.004));
#8124=CARTESIAN_POINT('',(-0.030093560298765,0.0436271265860106,0.));
#8125=CARTESIAN_POINT('',(-0.0299783862910879,0.0434989990224579,0.004));
#8126=CARTESIAN_POINT('',(-0.0299783862910879,0.0434989990224579,0.));
#8127=CARTESIAN_POINT('',(-0.02986293068437,0.0434342312430796,0.004));
#8128=CARTESIAN_POINT('',(-0.02986293068437,0.0434342312430796,0.));
#8129=CARTESIAN_POINT('',(-0.0302084527074013,0.0438186139337379,0.004));
#8130=CARTESIAN_POINT('',(-0.0302084527074013,0.0438186139337379,0.004));
#8131=CARTESIAN_POINT('',(-0.0302084527074013,0.0438186139337379,0.004));
#8132=CARTESIAN_POINT('',(-0.0300361140944468,0.043531382912147,0.004));
#8133=CARTESIAN_POINT('',(-0.02986293068437,0.0434342312430796,0.004));
#8134=CARTESIAN_POINT('',(-0.0302084527074013,0.0435968546891273,0.004));
#8135=CARTESIAN_POINT('',(-0.0302084527074013,0.0433750954445168,0.004));
#8136=CARTESIAN_POINT('',(-0.0302084527074013,0.0433750954445168,0.004));
#8137=CARTESIAN_POINT('',(-0.0302084527074013,0.0435968546891273,0.004));
#8138=CARTESIAN_POINT('',(-0.0304977957217979,0.0433750954445168,0.004));
#8139=CARTESIAN_POINT('',(-0.0304977957217979,0.0433750954445168,0.004));
#8140=CARTESIAN_POINT('',(0.,0.005,0.004));
#8141=CARTESIAN_POINT('',(-0.034739944471557,0.0465489982330949,0.004));
#8142=CARTESIAN_POINT('',(-0.034739944471557,0.0465489982330949,0.));
#8143=CARTESIAN_POINT('',(-0.0350497034164098,0.0465489982330949,0.004));
#8144=CARTESIAN_POINT('',(-0.0350497034164098,0.0465489982330949,0.));
#8145=CARTESIAN_POINT('',(-0.0352901889972319,0.0464840896541962,0.004));
#8146=CARTESIAN_POINT('',(-0.0352901889972319,0.0464840896541962,0.));
#8147=CARTESIAN_POINT('',(-0.0354614012140232,0.0463542724963988,0.004));
#8148=CARTESIAN_POINT('',(-0.0354614012140232,0.0463542724963988,0.));
#8149=CARTESIAN_POINT('',(-0.034739944471557,0.0465489982330949,0.004));
#8150=CARTESIAN_POINT('',(-0.034739944471557,0.0465489982330949,0.004));
#8151=CARTESIAN_POINT('',(-0.034739944471557,0.0465489982330949,0.004));
#8152=CARTESIAN_POINT('',(-0.0352045828888362,0.0465489982330949,0.004));
#8153=CARTESIAN_POINT('',(-0.0354614012140232,0.0463542724963988,0.004));
#8154=CARTESIAN_POINT('',(-0.0354614012140232,0.0463542724963988,0.004));
#8155=CARTESIAN_POINT('',(-0.0354614012140232,0.0463542724963988,0.004));
#8156=CARTESIAN_POINT('',(-0.0340691755564303,0.0463783492143851,0.004));
#8157=CARTESIAN_POINT('',(-0.0340691755564303,0.0463783492143851,0.));
#8158=CARTESIAN_POINT('',(-0.0342279974154276,0.0464921152268583,0.004));
#8159=CARTESIAN_POINT('',(-0.0342279974154276,0.0464921152268583,0.));
#8160=CARTESIAN_POINT('',(-0.0344515870538031,0.0465489982330949,0.004));
#8161=CARTESIAN_POINT('',(-0.0344515870538031,0.0465489982330949,0.));
#8162=CARTESIAN_POINT('',(-0.034739944471557,0.0465489982330949,0.004));
#8163=CARTESIAN_POINT('',(-0.034739944471557,0.0465489982330949,0.));
#8164=CARTESIAN_POINT('',(-0.0340691755564303,0.0463783492143851,0.004));
#8165=CARTESIAN_POINT('',(-0.0340691755564303,0.0463783492143851,0.004));
#8166=CARTESIAN_POINT('',(-0.0340691755564303,0.0463783492143851,0.004));
#8167=CARTESIAN_POINT('',(-0.0343074083449262,0.0465489982330949,0.004));
#8168=CARTESIAN_POINT('',(-0.034739944471557,0.0465489982330949,0.004));
#8169=CARTESIAN_POINT('',(-0.0346007148477005,0.045650699436221,0.004));
#8170=CARTESIAN_POINT('',(-0.0337337910988669,0.0459023060359545,0.004));
#8171=CARTESIAN_POINT('',(-0.0337337910988669,0.0459023060359545,0.004));
#8172=CARTESIAN_POINT('',(-0.0346007148477005,0.045650699436221,0.004));
#8173=CARTESIAN_POINT('',(-0.0336366394297994,0.0451973228373736,0.004));
#8174=CARTESIAN_POINT('',(-0.0336366394297994,0.0451973228373736,0.));
#8175=CARTESIAN_POINT('',(-0.0336366394297994,0.045463715529947,0.004));
#8176=CARTESIAN_POINT('',(-0.0336366394297994,0.045463715529947,0.));
#8177=CARTESIAN_POINT('',(-0.0336690233194886,0.045698709929474,0.004));
#8178=CARTESIAN_POINT('',(-0.0336690233194886,0.045698709929474,0.));
#8179=CARTESIAN_POINT('',(-0.0337337910988669,0.0459023060359545,0.004));
#8180=CARTESIAN_POINT('',(-0.0337337910988669,0.0459023060359545,0.));
#8181=CARTESIAN_POINT('',(-0.0336366394297994,0.0451973228373736,0.004));
#8182=CARTESIAN_POINT('',(-0.0336366394297994,0.0451973228373736,0.004));
#8183=CARTESIAN_POINT('',(-0.0336366394297994,0.0451973228373736,0.004));
#8184=CARTESIAN_POINT('',(-0.0336366394297994,0.0455969118762337,0.004));
#8185=CARTESIAN_POINT('',(-0.0337337910988669,0.0459023060359545,0.004));
#8186=CARTESIAN_POINT('',(-0.0336366394297994,0.045035121789887,0.004));
#8187=CARTESIAN_POINT('',(-0.0336366394297994,0.0448729207424005,0.004));
#8188=CARTESIAN_POINT('',(-0.0336366394297994,0.0448729207424005,0.004));
#8189=CARTESIAN_POINT('',(-0.0336366394297994,0.045035121789887,0.004));
#8190=CARTESIAN_POINT('',(-0.033925982444196,0.0448729207424005,0.004));
#8191=CARTESIAN_POINT('',(-0.0342153254585927,0.0448729207424005,0.004));
#8192=CARTESIAN_POINT('',(-0.0342153254585927,0.0448729207424005,0.004));
#8193=CARTESIAN_POINT('',(-0.033925982444196,0.0448729207424005,0.004));
#8194=CARTESIAN_POINT('',(-0.0342153254585927,0.045035121789887,0.004));
#8195=CARTESIAN_POINT('',(-0.0342153254585927,0.0451973228373736,0.004));
#8196=CARTESIAN_POINT('',(-0.034215496519092,0.0451973244842849,0.004));
#8197=CARTESIAN_POINT('',(-0.0342153254585927,0.045035121789887,0.004));
#8198=CARTESIAN_POINT('',(-0.0375870617075356,0.045229784747397,0.004));
#8199=CARTESIAN_POINT('',(-0.0342423589665071,0.0456514012906237,0.004));
#8200=CARTESIAN_POINT('',(-0.0342423589665071,0.0456514012906237,0.004));
#8201=CARTESIAN_POINT('',(-0.0375870617075356,0.045229784747397,0.004));
#8202=CARTESIAN_POINT('',(-0.0343775265060792,0.0459567954503445,0.004));
#8203=CARTESIAN_POINT('',(-0.0343775265060792,0.0459567954503445,0.));
#8204=CARTESIAN_POINT('',(-0.0343054371516407,0.0458830165016614,0.004));
#8205=CARTESIAN_POINT('',(-0.0343054371516407,0.0458830165016614,0.));
#8206=CARTESIAN_POINT('',(-0.0342603813051167,0.0457812184484211,0.004));
#8207=CARTESIAN_POINT('',(-0.0342603813051167,0.0457812184484211,0.));
#8208=CARTESIAN_POINT('',(-0.0342423589665071,0.0456514012906237,0.004));
#8209=CARTESIAN_POINT('',(-0.0342423589665071,0.0456514012906237,0.));
#8210=CARTESIAN_POINT('',(-0.0343775265060792,0.0459567954503445,0.004));
#8211=CARTESIAN_POINT('',(-0.0343775265060792,0.0459567954503445,0.004));
#8212=CARTESIAN_POINT('',(-0.0343775265060792,0.0459567954503445,0.004));
#8213=CARTESIAN_POINT('',(-0.0342693924744215,0.0458461270273198,0.004));
#8214=CARTESIAN_POINT('',(-0.0342423589665071,0.0456514012906237,0.004));
#8215=CARTESIAN_POINT('',(-0.0347340308917007,0.0460674638733692,0.004));
#8216=CARTESIAN_POINT('',(-0.0347340308917007,0.0460674638733692,0.));
#8217=CARTESIAN_POINT('',(-0.0345684506557249,0.0460674638733692,0.004));
#8218=CARTESIAN_POINT('',(-0.0345684506557249,0.0460674638733692,0.));
#8219=CARTESIAN_POINT('',(-0.0344496158605177,0.0460305743990276,0.004));
#8220=CARTESIAN_POINT('',(-0.0344496158605177,0.0460305743990276,0.));
#8221=CARTESIAN_POINT('',(-0.0343775265060792,0.0459567954503445,0.004));
#8222=CARTESIAN_POINT('',(-0.0343775265060792,0.0459567954503445,0.));
#8223=CARTESIAN_POINT('',(-0.0347340308917007,0.0460674638733692,0.004));
#8224=CARTESIAN_POINT('',(-0.0347340308917007,0.0460674638733692,0.004));
#8225=CARTESIAN_POINT('',(-0.0347340308917007,0.0460674638733692,0.004));
#8226=CARTESIAN_POINT('',(-0.034485660537737,0.0460674638733692,0.004));
#8227=CARTESIAN_POINT('',(-0.0343775265060792,0.0459567954503445,0.004));
#8228=CARTESIAN_POINT('',(-0.035069415349264,0.0459863633496259,0.004));
#8229=CARTESIAN_POINT('',(-0.035069415349264,0.0459863633496259,0.));
#8230=CARTESIAN_POINT('',(-0.0349866252312761,0.0460404303654548,0.004));
#8231=CARTESIAN_POINT('',(-0.0349866252312761,0.0460404303654548,0.));
#8232=CARTESIAN_POINT('',(-0.0348748304120883,0.0460674638733692,0.004));
#8233=CARTESIAN_POINT('',(-0.0348748304120883,0.0460674638733692,0.));
#8234=CARTESIAN_POINT('',(-0.0347340308917007,0.0460674638733692,0.004));
#8235=CARTESIAN_POINT('',(-0.0347340308917007,0.0460674638733692,0.));
#8236=CARTESIAN_POINT('',(-0.035069415349264,0.0459863633496259,0.004));
#8237=CARTESIAN_POINT('',(-0.035069415349264,0.0459863633496259,0.004));
#8238=CARTESIAN_POINT('',(-0.035069415349264,0.0459863633496259,0.004));
#8239=CARTESIAN_POINT('',(-0.0349452301722822,0.0460674638733692,0.004));
#8240=CARTESIAN_POINT('',(-0.0347340308917007,0.0460674638733692,0.004));
#8241=CARTESIAN_POINT('',(-0.0352476675420748,0.0457134938791147,0.004));
#8242=CARTESIAN_POINT('',(-0.0352476675420748,0.0457134938791147,0.));
#8243=CARTESIAN_POINT('',(-0.0352116228648556,0.0458413398436266,0.004));
#8244=CARTESIAN_POINT('',(-0.0352116228648556,0.0458413398436266,0.));
#8245=CARTESIAN_POINT('',(-0.035152205467252,0.045932296333797,0.004));
#8246=CARTESIAN_POINT('',(-0.035152205467252,0.045932296333797,0.));
#8247=CARTESIAN_POINT('',(-0.035069415349264,0.0459863633496259,0.004));
#8248=CARTESIAN_POINT('',(-0.035069415349264,0.0459863633496259,0.));
#8249=CARTESIAN_POINT('',(-0.0352476675420748,0.0457134938791147,0.004));
#8250=CARTESIAN_POINT('',(-0.0352476675420748,0.0457134938791147,0.004));
#8251=CARTESIAN_POINT('',(-0.0352476675420748,0.0457134938791147,0.004));
#8252=CARTESIAN_POINT('',(-0.0351936005262459,0.0459052628258826,0.004));
#8253=CARTESIAN_POINT('',(-0.035069415349264,0.0459863633496259,0.004));
#8254=CARTESIAN_POINT('',(-0.0353017345579036,0.0451914092575173,0.004));
#8255=CARTESIAN_POINT('',(-0.0353017345579036,0.0451914092575173,0.));
#8256=CARTESIAN_POINT('',(-0.0353017345579036,0.0454116197074036,0.004));
#8257=CARTESIAN_POINT('',(-0.0353017345579036,0.0454116197074036,0.));
#8258=CARTESIAN_POINT('',(-0.035283712219294,0.0455856479146027,0.004));
#8259=CARTESIAN_POINT('',(-0.035283712219294,0.0455856479146027,0.));
#8260=CARTESIAN_POINT('',(-0.0352476675420748,0.0457134938791147,0.004));
#8261=CARTESIAN_POINT('',(-0.0352476675420748,0.0457134938791147,0.));
#8262=CARTESIAN_POINT('',(-0.0353017345579036,0.0451914092575173,0.004));
#8263=CARTESIAN_POINT('',(-0.0353017345579036,0.0451914092575173,0.004));
#8264=CARTESIAN_POINT('',(-0.0353017345579036,0.0451914092575173,0.004));
#8265=CARTESIAN_POINT('',(-0.0353017345579036,0.0455217249323467,0.004));
#8266=CARTESIAN_POINT('',(-0.0352476675420748,0.0457134938791147,0.004));
#8267=CARTESIAN_POINT('',(-0.0353017345579036,0.0443238026128887,0.004));
#8268=CARTESIAN_POINT('',(-0.0353017345579036,0.0434561959682601,0.004));
#8269=CARTESIAN_POINT('',(-0.0353015149507119,0.0434561933611275,0.004));
#8270=CARTESIAN_POINT('',(-0.0353017345579036,0.0443238026128887,0.004));
#8271=CARTESIAN_POINT('',(-0.0324712389308361,0.0434225928920364,0.004));
#8272=CARTESIAN_POINT('',(-0.0352666754773272,0.0429831095797576,0.004));
#8273=CARTESIAN_POINT('',(-0.0352666754773272,0.0429831095797576,0.004));
#8274=CARTESIAN_POINT('',(-0.0324712389308361,0.0434225928920364,0.004));
#8275=CARTESIAN_POINT('',(-0.0351125000025027,0.0426692674488136,0.004));
#8276=CARTESIAN_POINT('',(-0.0351125000025027,0.0426692674488136,0.));
#8277=CARTESIAN_POINT('',(-0.0351919109320013,0.0427433279965375,0.004));
#8278=CARTESIAN_POINT('',(-0.0351919109320013,0.0427433279965375,0.));
#8279=CARTESIAN_POINT('',(-0.0352433027569428,0.0428479420401855,0.004));
#8280=CARTESIAN_POINT('',(-0.0352433027569428,0.0428479420401855,0.));
#8281=CARTESIAN_POINT('',(-0.0352666754773272,0.0429831095797576,0.004));
#8282=CARTESIAN_POINT('',(-0.0352666754773272,0.0429831095797576,0.));
#8283=CARTESIAN_POINT('',(-0.0351125000025027,0.0426692674488136,0.004));
#8284=CARTESIAN_POINT('',(-0.0351125000025027,0.0426692674488136,0.004));
#8285=CARTESIAN_POINT('',(-0.0351125000025027,0.0426692674488136,0.004));
#8286=CARTESIAN_POINT('',(-0.0352316163967506,0.0427803582703994,0.004));
#8287=CARTESIAN_POINT('',(-0.0352666754773272,0.0429831095797576,0.004));
#8288=CARTESIAN_POINT('',(-0.0347340308917007,0.0425581766272277,0.004));
#8289=CARTESIAN_POINT('',(-0.0347340308917007,0.0425581766272277,0.));
#8290=CARTESIAN_POINT('',(-0.0349069327027367,0.0425581766272277,0.004));
#8291=CARTESIAN_POINT('',(-0.0349069327027367,0.0425581766272277,0.));
#8292=CARTESIAN_POINT('',(-0.0350330890730041,0.0425952069010896,0.004));
#8293=CARTESIAN_POINT('',(-0.0350330890730041,0.0425952069010896,0.));
#8294=CARTESIAN_POINT('',(-0.0351125000025027,0.0426692674488136,0.004));
#8295=CARTESIAN_POINT('',(-0.0351125000025027,0.0426692674488136,0.));
#8296=CARTESIAN_POINT('',(-0.0347340308917007,0.0425581766272277,0.004));
#8297=CARTESIAN_POINT('',(-0.0347340308917007,0.0425581766272277,0.004));
#8298=CARTESIAN_POINT('',(-0.0347340308917007,0.0425581766272277,0.004));
#8299=CARTESIAN_POINT('',(-0.0349933836082547,0.0425581766272277,0.004));
#8300=CARTESIAN_POINT('',(-0.0351125000025027,0.0426692674488136,0.004));
#8301=CARTESIAN_POINT('',(-0.0343716129262229,0.0426612418761515,0.004));
#8302=CARTESIAN_POINT('',(-0.0343716129262229,0.0426612418761515,0.));
#8303=CARTESIAN_POINT('',(-0.0344437022806614,0.0425925317102023,0.004));
#8304=CARTESIAN_POINT('',(-0.0344437022806614,0.0425925317102023,0.));
#8305=CARTESIAN_POINT('',(-0.034564508269154,0.0425581766272277,0.004));
#8306=CARTESIAN_POINT('',(-0.034564508269154,0.0425581766272277,0.));
#8307=CARTESIAN_POINT('',(-0.0347340308917007,0.0425581766272277,0.004));
#8308=CARTESIAN_POINT('',(-0.0347340308917007,0.0425581766272277,0.));
#8309=CARTESIAN_POINT('',(-0.0343716129262229,0.0426612418761515,0.004));
#8310=CARTESIAN_POINT('',(-0.0343716129262229,0.0426612418761515,0.004));
#8311=CARTESIAN_POINT('',(-0.0343716129262229,0.0426612418761515,0.004));
#8312=CARTESIAN_POINT('',(-0.0344797469578806,0.0425581766272277,0.004));
#8313=CARTESIAN_POINT('',(-0.0347340308917007,0.0425581766272277,0.004));
#8314=CARTESIAN_POINT('',(-0.034239402176579,0.042950584890548,0.004));
#8315=CARTESIAN_POINT('',(-0.034239402176579,0.042950584890548,0.));
#8316=CARTESIAN_POINT('',(-0.0342554533219032,0.0428263997135661,0.004));
#8317=CARTESIAN_POINT('',(-0.0342554533219032,0.0428263997135661,0.));
#8318=CARTESIAN_POINT('',(-0.0342995235717845,0.0427299520421006,0.004));
#8319=CARTESIAN_POINT('',(-0.0342995235717845,0.0427299520421006,0.));
#8320=CARTESIAN_POINT('',(-0.0343716129262229,0.0426612418761515,0.004));
#8321=CARTESIAN_POINT('',(-0.0343716129262229,0.0426612418761515,0.));
#8322=CARTESIAN_POINT('',(-0.034239402176579,0.042950584890548,0.004));
#8323=CARTESIAN_POINT('',(-0.034239402176579,0.042950584890548,0.004));
#8324=CARTESIAN_POINT('',(-0.034239402176579,0.042950584890548,0.004));
#8325=CARTESIAN_POINT('',(-0.0342634788945652,0.0427643071250752,0.004));
#8326=CARTESIAN_POINT('',(-0.0343716129262229,0.0426612418761515,0.004));
#8327=CARTESIAN_POINT('',(-0.0376282312747887,0.04335125499702,0.004));
#8328=CARTESIAN_POINT('',(-0.0342153254585927,0.0433801642272508,0.004));
#8329=CARTESIAN_POINT('',(-0.0342154671640454,0.0433801630269259,0.00399999975));
#8330=CARTESIAN_POINT('',(-0.0376282312747887,0.04335125499702,0.004));
#8331=CARTESIAN_POINT('',(-0.0342153254585927,0.0435343397020752,0.004));
#8332=CARTESIAN_POINT('',(-0.0342153254585927,0.0436885151768997,0.004));
#8333=CARTESIAN_POINT('',(-0.0342153254585927,0.0436885151768997,0.004));
#8334=CARTESIAN_POINT('',(-0.0342153254585927,0.0435343397020752,0.004));
#8335=CARTESIAN_POINT('',(-0.033925982444196,0.0436885151768997,0.004));
#8336=CARTESIAN_POINT('',(-0.0336366394297995,0.0436885151768997,0.004));
#8337=CARTESIAN_POINT('',(-0.0336366394297995,0.0436885151768997,0.004));
#8338=CARTESIAN_POINT('',(-0.033925982444196,0.0436885151768997,0.004));
#8339=CARTESIAN_POINT('',(-0.0336366394297995,0.0435153317668229,0.004));
#8340=CARTESIAN_POINT('',(-0.0336366394297995,0.0433421483567461,0.004));
#8341=CARTESIAN_POINT('',(-0.0336366394297995,0.0433421483567461,0.004));
#8342=CARTESIAN_POINT('',(-0.0336366394297995,0.0435153317668229,0.004));
#8343=CARTESIAN_POINT('',(-0.0337422390700902,0.0426667330574466,0.004));
#8344=CARTESIAN_POINT('',(-0.0337422390700902,0.0426667330574466,0.));
#8345=CARTESIAN_POINT('',(-0.0336718393098964,0.0428539964195621,0.004));
#8346=CARTESIAN_POINT('',(-0.0336718393098964,0.0428539964195621,0.));
#8347=CARTESIAN_POINT('',(-0.0336366394297995,0.043079134852662,0.004));
#8348=CARTESIAN_POINT('',(-0.0336366394297995,0.043079134852662,0.));
#8349=CARTESIAN_POINT('',(-0.0336366394297995,0.0433421483567461,0.004));
#8350=CARTESIAN_POINT('',(-0.0336366394297995,0.0433421483567461,0.));
#8351=CARTESIAN_POINT('',(-0.0337422390700902,0.0426667330574466,0.004));
#8352=CARTESIAN_POINT('',(-0.0337422390700902,0.0426667330574466,0.004));
#8353=CARTESIAN_POINT('',(-0.0337422390700902,0.0426667330574466,0.004));
#8354=CARTESIAN_POINT('',(-0.0336366394297995,0.0429476281006199,0.004));
#8355=CARTESIAN_POINT('',(-0.0336366394297995,0.0433421483567461,0.004));
#8356=CARTESIAN_POINT('',(-0.0345411142619851,0.0429492432859988,0.004));
#8357=CARTESIAN_POINT('',(-0.0340881834916826,0.0422341969308158,0.004));
#8358=CARTESIAN_POINT('',(-0.0340881834916826,0.0422341969308158,0.004));
#8359=CARTESIAN_POINT('',(-0.0345411142619851,0.0429492432859988,0.004));
#8360=CARTESIAN_POINT('',(-0.034739944471557,0.0420825558473583,0.004));
#8361=CARTESIAN_POINT('',(-0.034739944471557,0.0420825558473583,0.));
#8362=CARTESIAN_POINT('',(-0.0344656670058419,0.0420825558473583,0.004));
#8363=CARTESIAN_POINT('',(-0.0344656670058419,0.0420825558473583,0.));
#8364=CARTESIAN_POINT('',(-0.0342484133458838,0.0421331028751774,0.004));
#8365=CARTESIAN_POINT('',(-0.0342484133458838,0.0421331028751774,0.));
#8366=CARTESIAN_POINT('',(-0.0340881834916826,0.0422341969308158,0.004));
#8367=CARTESIAN_POINT('',(-0.0340881834916826,0.0422341969308158,0.));
#8368=CARTESIAN_POINT('',(-0.034739944471557,0.0420825558473583,0.004));
#8369=CARTESIAN_POINT('',(-0.034739944471557,0.0420825558473583,0.004));
#8370=CARTESIAN_POINT('',(-0.034739944471557,0.0420825558473583,0.004));
#8371=CARTESIAN_POINT('',(-0.0343285282729843,0.0420825558473583,0.004));
#8372=CARTESIAN_POINT('',(-0.0340881834916826,0.0422341969308158,0.004));
#8373=CARTESIAN_POINT('',(-0.0354614012140232,0.0422637648300971,0.004));
#8374=CARTESIAN_POINT('',(-0.0354614012140232,0.0422637648300971,0.));
#8375=CARTESIAN_POINT('',(-0.0352901889972319,0.0421429588416046,0.004));
#8376=CARTESIAN_POINT('',(-0.0352901889972319,0.0421429588416046,0.));
#8377=CARTESIAN_POINT('',(-0.0350497034164098,0.0420825558473583,0.004));
#8378=CARTESIAN_POINT('',(-0.0350497034164098,0.0420825558473583,0.));
#8379=CARTESIAN_POINT('',(-0.034739944471557,0.0420825558473583,0.004));
#8380=CARTESIAN_POINT('',(-0.034739944471557,0.0420825558473583,0.));
#8381=CARTESIAN_POINT('',(-0.0354614012140232,0.0422637648300971,0.004));
#8382=CARTESIAN_POINT('',(-0.0354614012140232,0.0422637648300971,0.004));
#8383=CARTESIAN_POINT('',(-0.0354614012140232,0.0422637648300971,0.004));
#8384=CARTESIAN_POINT('',(-0.0352045828888362,0.0420825558473583,0.004));
#8385=CARTESIAN_POINT('',(-0.034739944471557,0.0420825558473583,0.004));
#8386=CARTESIAN_POINT('',(-0.0358183279982059,0.0427748670891043,0.004));
#8387=CARTESIAN_POINT('',(-0.0358183279982059,0.0427748670891043,0.));
#8388=CARTESIAN_POINT('',(-0.0357515890255422,0.0425549382382588,0.004));
#8389=CARTESIAN_POINT('',(-0.0357515890255422,0.0425549382382588,0.));
#8390=CARTESIAN_POINT('',(-0.0356326134308146,0.0423845708185898,0.004));
#8391=CARTESIAN_POINT('',(-0.0356326134308146,0.0423845708185898,0.));
#8392=CARTESIAN_POINT('',(-0.0354614012140232,0.0422637648300971,0.004));
#8393=CARTESIAN_POINT('',(-0.0354614012140232,0.0422637648300971,0.));
#8394=CARTESIAN_POINT('',(-0.0358183279982059,0.0427748670891043,0.004));
#8395=CARTESIAN_POINT('',(-0.0358183279982059,0.0427748670891043,0.004));
#8396=CARTESIAN_POINT('',(-0.0358183279982059,0.0427748670891043,0.004));
#8397=CARTESIAN_POINT('',(-0.0357182195392103,0.0424449738128361,0.004));
#8398=CARTESIAN_POINT('',(-0.0354614012140232,0.0422637648300971,0.004));
#8399=CARTESIAN_POINT('',(-0.0359184364572016,0.0435482788545936,0.004));
#8400=CARTESIAN_POINT('',(-0.0359184364572016,0.0435482788545936,0.));
#8401=CARTESIAN_POINT('',(-0.0359184364572016,0.0432525998617796,0.004));
#8402=CARTESIAN_POINT('',(-0.0359184364572016,0.0432525998617796,0.));
#8403=CARTESIAN_POINT('',(-0.0358850669708697,0.0429947959399498,0.004));
#8404=CARTESIAN_POINT('',(-0.0358850669708697,0.0429947959399498,0.));
#8405=CARTESIAN_POINT('',(-0.0358183279982059,0.0427748670891043,0.004));
#8406=CARTESIAN_POINT('',(-0.0358183279982059,0.0427748670891043,0.));
#8407=CARTESIAN_POINT('',(-0.0359184364572016,0.0435482788545936,0.004));
#8408=CARTESIAN_POINT('',(-0.0359184364572016,0.0435482788545936,0.004));
#8409=CARTESIAN_POINT('',(-0.0359184364572016,0.0435482788545936,0.004));
#8410=CARTESIAN_POINT('',(-0.0359184364572016,0.0431047603653726,0.004));
#8411=CARTESIAN_POINT('',(-0.0358183279982059,0.0427748670891043,0.004));
#8412=CARTESIAN_POINT('',(-0.0359184364572015,0.0443212682215217,0.004));
#8413=CARTESIAN_POINT('',(-0.0359184364572015,0.0450942575884498,0.004));
#8414=CARTESIAN_POINT('',(-0.0359180553641268,0.0450942628218736,0.004));
#8415=CARTESIAN_POINT('',(-0.0359184364572015,0.0443212682215217,0.004));
#8416=CARTESIAN_POINT('',(-0.033384294371605,0.0451290581144417,0.004));
#8417=CARTESIAN_POINT('',(-0.0358183279982059,0.0458296534834345,0.004));
#8418=CARTESIAN_POINT('',(-0.0358183279982059,0.0458296534834345,0.004));
#8419=CARTESIAN_POINT('',(-0.033384294371605,0.0451290581144417,0.004));
#8420=CARTESIAN_POINT('',(-0.0354614012140232,0.0463542724963988,0.004));
#8421=CARTESIAN_POINT('',(-0.0354614012140232,0.0463542724963988,0.));
#8422=CARTESIAN_POINT('',(-0.0356326134308146,0.0462244553386014,0.004));
#8423=CARTESIAN_POINT('',(-0.0356326134308146,0.0462244553386014,0.));
#8424=CARTESIAN_POINT('',(-0.0357515890255422,0.04604958233428,0.004));
#8425=CARTESIAN_POINT('',(-0.0357515890255422,0.04604958233428,0.));
#8426=CARTESIAN_POINT('',(-0.0358183279982059,0.0458296534834345,0.004));
#8427=CARTESIAN_POINT('',(-0.0358183279982059,0.0458296534834345,0.));
#8428=CARTESIAN_POINT('',(-0.0354614012140232,0.0463542724963988,0.004));
#8429=CARTESIAN_POINT('',(-0.0357182195392103,0.0461595467597027,0.004));
#8430=CARTESIAN_POINT('',(-0.0358183279982059,0.0458296534834345,0.004));
#8431=CARTESIAN_POINT('',(0.,0.005,0.004));
#8432=CARTESIAN_POINT('',(-0.0371839425464456,0.0465430846532386,0.004));
#8433=CARTESIAN_POINT('',(-0.0371839425464456,0.0465430846532386,0.));
#8434=CARTESIAN_POINT('',(-0.0374396344754696,0.0465430846532386,0.004));
#8435=CARTESIAN_POINT('',(-0.0374396344754696,0.0465430846532386,0.));
#8436=CARTESIAN_POINT('',(-0.0376450609757151,0.046462969726138,0.004));
#8437=CARTESIAN_POINT('',(-0.0376450609757151,0.046462969726138,0.));
#8438=CARTESIAN_POINT('',(-0.0378002220471823,0.0463027398719369,0.004));
#8439=CARTESIAN_POINT('',(-0.0378002220471823,0.0463027398719369,0.));
#8440=CARTESIAN_POINT('',(-0.0371839425464456,0.0465430846532386,0.004));
#8441=CARTESIAN_POINT('',(-0.0371839425464456,0.0465430846532386,0.004));
#8442=CARTESIAN_POINT('',(-0.0371839425464456,0.0465430846532386,0.004));
#8443=CARTESIAN_POINT('',(-0.0375674804399816,0.0465430846532386,0.004));
#8444=CARTESIAN_POINT('',(-0.0378002220471823,0.0463027398719369,0.004));
#8445=CARTESIAN_POINT('',(-0.0378002220471823,0.0463027398719369,0.004));
#8446=CARTESIAN_POINT('',(-0.0378002220471823,0.0463027398719369,0.004));
#8447=CARTESIAN_POINT('',(-0.0371572761723674,0.0454572854490117,0.004));
#8448=CARTESIAN_POINT('',(-0.0367298640931955,0.0464539585568332,0.004));
#8449=CARTESIAN_POINT('',(-0.0367297559563111,0.0464542148326368,0.004));
#8450=CARTESIAN_POINT('',(-0.0371572761723674,0.0454572854490117,0.004));
#8451=CARTESIAN_POINT('',(-0.0370023366316007,0.0458393551587629,0.004));
#8452=CARTESIAN_POINT('',(-0.0364270043248417,0.0461865802676171,0.004));
#8453=CARTESIAN_POINT('',(-0.0364270043248417,0.0461865802676171,0.004));
#8454=CARTESIAN_POINT('',(-0.0370023366316007,0.0458393551587629,0.004));
#8455=CARTESIAN_POINT('',(-0.0363188702931839,0.0457430617783961,0.004));
#8456=CARTESIAN_POINT('',(-0.0363188702931839,0.0457430617783961,0.));
#8457=CARTESIAN_POINT('',(-0.0363188702931839,0.045919905976003,0.004));
#8458=CARTESIAN_POINT('',(-0.0363188702931839,0.045919905976003,0.));
#8459=CARTESIAN_POINT('',(-0.0363549149704032,0.04606774547241,0.004));
#8460=CARTESIAN_POINT('',(-0.0363549149704032,0.04606774547241,0.));
#8461=CARTESIAN_POINT('',(-0.0364270043248417,0.0461865802676171,0.004));
#8462=CARTESIAN_POINT('',(-0.0364270043248417,0.0461865802676171,0.));
#8463=CARTESIAN_POINT('',(-0.0363188702931839,0.0457430617783961,0.004));
#8464=CARTESIAN_POINT('',(-0.0363188702931839,0.0457430617783961,0.004));
#8465=CARTESIAN_POINT('',(-0.0363188702931839,0.0457430617783961,0.004));
#8466=CARTESIAN_POINT('',(-0.0363188702931839,0.0460083280748064,0.004));
#8467=CARTESIAN_POINT('',(-0.0364270043248417,0.0461865802676171,0.004));
#8468=CARTESIAN_POINT('',(-0.0372108892553742,0.0457222890255145,0.004));
#8469=CARTESIAN_POINT('',(-0.0363834972730419,0.0453916261755085,0.004));
#8470=CARTESIAN_POINT('',(-0.0363832662799699,0.0453915380511924,0.004));
#8471=CARTESIAN_POINT('',(-0.0372108892553742,0.0457222890255145,0.004));
#8472=CARTESIAN_POINT('',(-0.037371426547611,0.0458073967169973,0.004));
#8473=CARTESIAN_POINT('',(-0.0365482327118954,0.0451212910963643,0.004));
#8474=CARTESIAN_POINT('',(-0.0365481991896912,0.045121263303008,0.004));
#8475=CARTESIAN_POINT('',(-0.037371426547611,0.0458073967169973,0.004));
#8476=CARTESIAN_POINT('',(-0.0382193024679113,0.0465235852387702,0.004));
#8477=CARTESIAN_POINT('',(-0.036762388782405,0.0448999542503149,0.004));
#8478=CARTESIAN_POINT('',(-0.0367623842412953,0.0448999491895578,0.00399999975));
#8479=CARTESIAN_POINT('',(-0.0382193024679113,0.0465235852387702,0.004));
#8480=CARTESIAN_POINT('',(-0.0370377926442833,0.0446456703164948,0.004));
#8481=CARTESIAN_POINT('',(-0.0373131965061615,0.0443913863826748,0.004));
#8482=CARTESIAN_POINT('',(-0.037313027949685,0.04439117939169,0.004));
#8483=CARTESIAN_POINT('',(-0.0370377926442833,0.0446456703164948,0.004));
#8484=CARTESIAN_POINT('',(-0.0370181011688196,0.0440290029502955,0.004));
#8485=CARTESIAN_POINT('',(-0.0374352696903376,0.0442372109078503,0.004));
#8486=CARTESIAN_POINT('',(-0.0374354743801293,0.0442373198491627,0.004));
#8487=CARTESIAN_POINT('',(-0.0370181011688196,0.0440290029502955,0.004));
#8488=CARTESIAN_POINT('',(-0.037085067741048,0.0440762256365797,0.004));
#8489=CARTESIAN_POINT('',(-0.0374703287709141,0.0440779666502918,0.004));
#8490=CARTESIAN_POINT('',(-0.0374702364784866,0.0440779640838741,0.004));
#8491=CARTESIAN_POINT('',(-0.037085067741048,0.0440762256365797,0.004));
#8492=CARTESIAN_POINT('',(-0.0371427866870029,0.0440715804756238,0.004));
#8493=CARTESIAN_POINT('',(-0.0373866938558038,0.0438532506157532,0.004));
#8494=CARTESIAN_POINT('',(-0.037386839413122,0.0438531192989707,0.004));
#8495=CARTESIAN_POINT('',(-0.0371427866870029,0.0440715804756238,0.004));
#8496=CARTESIAN_POINT('',(-0.0371758004319252,0.0440435131210393,0.004));
#8497=CARTESIAN_POINT('',(-0.0371615451163021,0.043759443545372,0.004));
#8498=CARTESIAN_POINT('',(-0.0371615451163022,0.0437594435453731,0.004));
#8499=CARTESIAN_POINT('',(-0.0371758004319252,0.0440435131210393,0.004));
#8500=CARTESIAN_POINT('',(-0.0371464989106929,0.0440484426132867,0.004));
#8501=CARTESIAN_POINT('',(-0.0369621833018351,0.0438262171078388,0.004));
#8502=CARTESIAN_POINT('',(-0.0369619664996214,0.0438259577929106,0.004));
#8503=CARTESIAN_POINT('',(-0.0371464989106929,0.0440484426132867,0.004));
#8504=CARTESIAN_POINT('',(-0.0372767342735941,0.0441534470745759,0.004));
#8505=CARTESIAN_POINT('',(-0.0368430669075872,0.0440154516632397,0.004));
#8506=CARTESIAN_POINT('',(-0.0368432030649171,0.0440154917579608,0.004));
#8507=CARTESIAN_POINT('',(-0.0372767342735941,0.0441534470745759,0.004));
#8508=CARTESIAN_POINT('',(-0.0381509883407165,0.0444595101357698,0.004));
#8509=CARTESIAN_POINT('',(-0.0367787275366656,0.0442994114346041,0.004));
#8510=CARTESIAN_POINT('',(-0.0367784399277292,0.0442993034963412,0.004));
#8511=CARTESIAN_POINT('',(-0.0381509883407165,0.0444595101357698,0.004));
#8512=CARTESIAN_POINT('',(-0.0365837141910331,0.0442262285452601,0.004));
#8513=CARTESIAN_POINT('',(-0.036388988454337,0.0441531535941789,0.004));
#8514=CARTESIAN_POINT('',(-0.036388988454337,0.0441531535941789,0.004));
#8515=CARTESIAN_POINT('',(-0.0365837141910331,0.0442262285452601,0.004));
#8516=CARTESIAN_POINT('',(-0.0366132820903145,0.0435723555725799,0.004));
#8517=CARTESIAN_POINT('',(-0.0366132820903145,0.0435723555725799,0.));
#8518=CARTESIAN_POINT('',(-0.0364817753382725,0.043732585426781,0.004));
#8519=CARTESIAN_POINT('',(-0.0364817753382725,0.043732585426781,0.));
#8520=CARTESIAN_POINT('',(-0.0364070107929466,0.043926184767314,0.004));
#8521=CARTESIAN_POINT('',(-0.0364070107929466,0.043926184767314,0.));
#8522=CARTESIAN_POINT('',(-0.036388988454337,0.0441531535941789,0.004));
#8523=CARTESIAN_POINT('',(-0.036388988454337,0.0441531535941789,0.));
#8524=CARTESIAN_POINT('',(-0.0366132820903145,0.0435723555725799,0.004));
#8525=CARTESIAN_POINT('',(-0.0366132820903145,0.0435723555725799,0.004));
#8526=CARTESIAN_POINT('',(-0.0366132820903145,0.0435723555725799,0.004));
#8527=CARTESIAN_POINT('',(-0.0364160219622514,0.0438127003538816,0.004));
#8528=CARTESIAN_POINT('',(-0.036388988454337,0.0441531535941789,0.004));
#8529=CARTESIAN_POINT('',(-0.0371839425464456,0.0433320107912782,0.004));
#8530=CARTESIAN_POINT('',(-0.0371839425464456,0.0433320107912782,0.));
#8531=CARTESIAN_POINT('',(-0.0369350089944003,0.0433320107912782,0.004));
#8532=CARTESIAN_POINT('',(-0.0369350089944003,0.0433320107912782,0.));
#8533=CARTESIAN_POINT('',(-0.0367447888423566,0.0434121257183787,0.004));
#8534=CARTESIAN_POINT('',(-0.0367447888423566,0.0434121257183787,0.));
#8535=CARTESIAN_POINT('',(-0.0366132820903145,0.0435723555725799,0.004));
#8536=CARTESIAN_POINT('',(-0.0366132820903145,0.0435723555725799,0.));
#8537=CARTESIAN_POINT('',(-0.0371839425464456,0.0433320107912782,0.004));
#8538=CARTESIAN_POINT('',(-0.0371839425464456,0.0433320107912782,0.004));
#8539=CARTESIAN_POINT('',(-0.0371839425464456,0.0433320107912782,0.004));
#8540=CARTESIAN_POINT('',(-0.0368105422183776,0.0433320107912782,0.004));
#8541=CARTESIAN_POINT('',(-0.0366132820903145,0.0435723555725799,0.004));
#8542=CARTESIAN_POINT('',(-0.0372087862284286,0.0442867560253052,0.004));
#8543=CARTESIAN_POINT('',(-0.0376084531004144,0.0434211368876836,0.004));
#8544=CARTESIAN_POINT('',(-0.0376085717272707,0.0434208762885852,0.004));
#8545=CARTESIAN_POINT('',(-0.0372087862284286,0.0442867560253052,0.004));
#8546=CARTESIAN_POINT('',(-0.0373279842680659,0.0440073016262931,0.004));
#8547=CARTESIAN_POINT('',(-0.0378893481435876,0.0436804896042376,0.004));
#8548=CARTESIAN_POINT('',(-0.0378893481435876,0.0436804896042376,0.004));
#8549=CARTESIAN_POINT('',(-0.0373279842680659,0.0440073016262931,0.004));
#8550=CARTESIAN_POINT('',(-0.0379890342040221,0.04409908657835,0.004));
#8551=CARTESIAN_POINT('',(-0.0379890342040221,0.04409908657835,0.));
#8552=CARTESIAN_POINT('',(-0.0379890342040221,0.0439335063423742,0.004));
#8553=CARTESIAN_POINT('',(-0.0379890342040221,0.0439335063423742,0.));
#8554=CARTESIAN_POINT('',(-0.0379558055172106,0.04379397401767,0.004));
#8555=CARTESIAN_POINT('',(-0.0379558055172106,0.04379397401767,0.));
#8556=CARTESIAN_POINT('',(-0.0378893481435876,0.0436804896042376,0.004));
#8557=CARTESIAN_POINT('',(-0.0378893481435876,0.0436804896042376,0.));
#8558=CARTESIAN_POINT('',(-0.0379890342040221,0.04409908657835,0.004));
#8559=CARTESIAN_POINT('',(-0.0379890342040221,0.04409908657835,0.004));
#8560=CARTESIAN_POINT('',(-0.0379890342040221,0.04409908657835,0.004));
#8561=CARTESIAN_POINT('',(-0.0379890342040221,0.0438507162243863,0.004));
#8562=CARTESIAN_POINT('',(-0.0378893481435876,0.0436804896042376,0.004));
#8563=CARTESIAN_POINT('',(-0.0378783657809975,0.0445480962488662,0.004));
#8564=CARTESIAN_POINT('',(-0.0378783657809975,0.0445480962488662,0.));
#8565=CARTESIAN_POINT('',(-0.0379521447296806,0.0444329222411891,0.004));
#8566=CARTESIAN_POINT('',(-0.0379521447296806,0.0444329222411891,0.));
#8567=CARTESIAN_POINT('',(-0.0379890342040221,0.044283252351017,0.004));
#8568=CARTESIAN_POINT('',(-0.0379890342040221,0.044283252351017,0.));
#8569=CARTESIAN_POINT('',(-0.0379890342040221,0.04409908657835,0.004));
#8570=CARTESIAN_POINT('',(-0.0379890342040221,0.04409908657835,0.));
#8571=CARTESIAN_POINT('',(-0.0378783657809975,0.0445480962488662,0.004));
#8572=CARTESIAN_POINT('',(-0.0378783657809975,0.0445480962488662,0.004));
#8573=CARTESIAN_POINT('',(-0.0378783657809975,0.0445480962488662,0.004));
#8574=CARTESIAN_POINT('',(-0.0379890342040221,0.0443753352373506,0.004));
#8575=CARTESIAN_POINT('',(-0.0379890342040221,0.04409908657835,0.004));
#8576=CARTESIAN_POINT('',(-0.0366547496936879,0.0437586568375735,0.004));
#8577=CARTESIAN_POINT('',(-0.0376054963104862,0.0448619383798102,0.004));
#8578=CARTESIAN_POINT('',(-0.0376054534826896,0.0448618886808509,0.00399999975));
#8579=CARTESIAN_POINT('',(-0.0366547496936879,0.0437586568375735,0.004));
#8580=CARTESIAN_POINT('',(-0.0373376956227089,0.0450917231970829,0.004));
#8581=CARTESIAN_POINT('',(-0.0370698949349316,0.0453215080143555,0.004));
#8582=CARTESIAN_POINT('',(-0.03707013702288,0.0453218175880635,0.004));
#8583=CARTESIAN_POINT('',(-0.0373376956227089,0.0450917231970829,0.004));
#8584=CARTESIAN_POINT('',(-0.0375739208356949,0.0459660389298928,0.004));
#8585=CARTESIAN_POINT('',(-0.0368755915967967,0.0455428448604048,0.004));
#8586=CARTESIAN_POINT('',(-0.0368752265163709,0.0455426088075803,0.004));
#8587=CARTESIAN_POINT('',(-0.0375739208356949,0.0459660389298928,0.004));
#8588=CARTESIAN_POINT('',(-0.0373153213432752,0.0457774875037188,0.004));
#8589=CARTESIAN_POINT('',(-0.0368164557982339,0.0457861464316347,0.004));
#8590=CARTESIAN_POINT('',(-0.0368164557982339,0.0457861464316347,0.004));
#8591=CARTESIAN_POINT('',(-0.0373153213432752,0.0457774875037188,0.004));
#8592=CARTESIAN_POINT('',(-0.0368975563219772,0.0460269136114975,0.004));
#8593=CARTESIAN_POINT('',(-0.0368975563219772,0.0460269136114975,0.));
#8594=CARTESIAN_POINT('',(-0.0368434893061483,0.0459672146148532,0.004));
#8595=CARTESIAN_POINT('',(-0.0368434893061483,0.0459672146148532,0.));
#8596=CARTESIAN_POINT('',(-0.0368164557982339,0.0458869588882322,0.004));
#8597=CARTESIAN_POINT('',(-0.0368164557982339,0.0458869588882322,0.));
#8598=CARTESIAN_POINT('',(-0.0368164557982339,0.0457861464316347,0.004));
#8599=CARTESIAN_POINT('',(-0.0368164557982339,0.0457861464316347,0.));
#8600=CARTESIAN_POINT('',(-0.0368975563219772,0.0460269136114975,0.004));
#8601=CARTESIAN_POINT('',(-0.0368975563219772,0.0460269136114975,0.004));
#8602=CARTESIAN_POINT('',(-0.0368975563219772,0.0460269136114975,0.004));
#8603=CARTESIAN_POINT('',(-0.0368164557982339,0.045937365116531,0.004));
#8604=CARTESIAN_POINT('',(-0.0368164557982339,0.0457861464316347,0.004));
#8605=CARTESIAN_POINT('',(-0.0371349443133507,0.0461164621064641,0.004));
#8606=CARTESIAN_POINT('',(-0.0371349443133507,0.0461164621064641,0.));
#8607=CARTESIAN_POINT('',(-0.0370307526682639,0.0461164621064641,0.004));
#8608=CARTESIAN_POINT('',(-0.0370307526682639,0.0461164621064641,0.));
#8609=CARTESIAN_POINT('',(-0.036951623337806,0.0460866126081419,0.004));
#8610=CARTESIAN_POINT('',(-0.036951623337806,0.0460866126081419,0.));
#8611=CARTESIAN_POINT('',(-0.0368975563219772,0.0460269136114975,0.004));
#8612=CARTESIAN_POINT('',(-0.0368975563219772,0.0460269136114975,0.));
#8613=CARTESIAN_POINT('',(-0.0371349443133507,0.0461164621064641,0.004));
#8614=CARTESIAN_POINT('',(-0.0371349443133507,0.0461164621064641,0.004));
#8615=CARTESIAN_POINT('',(-0.0371349443133507,0.0461164621064641,0.004));
#8616=CARTESIAN_POINT('',(-0.0369786568457205,0.0461164621064641,0.004));
#8617=CARTESIAN_POINT('',(-0.0368975563219772,0.0460269136114975,0.004));
#8618=CARTESIAN_POINT('',(-0.0374378040817045,0.0459677778129347,0.004));
#8619=CARTESIAN_POINT('',(-0.0374378040817045,0.0459677778129347,0.));
#8620=CARTESIAN_POINT('',(-0.0373693755147961,0.0460669006752876,0.004));
#8621=CARTESIAN_POINT('',(-0.0373693755147961,0.0460669006752876,0.));
#8622=CARTESIAN_POINT('',(-0.0372684222586782,0.0461164621064641,0.004));
#8623=CARTESIAN_POINT('',(-0.0372684222586782,0.0461164621064641,0.));
#8624=CARTESIAN_POINT('',(-0.0371349443133507,0.0461164621064641,0.004));
#8625=CARTESIAN_POINT('',(-0.0371349443133507,0.0461164621064641,0.));
#8626=CARTESIAN_POINT('',(-0.0374378040817045,0.0459677778129347,0.004));
#8627=CARTESIAN_POINT('',(-0.0374378040817045,0.0459677778129347,0.004));
#8628=CARTESIAN_POINT('',(-0.0374378040817045,0.0459677778129347,0.004));
#8629=CARTESIAN_POINT('',(-0.037335161231342,0.0461164621064641,0.004));
#8630=CARTESIAN_POINT('',(-0.0371349443133507,0.0461164621064641,0.004));
#8631=CARTESIAN_POINT('',(-0.0375835315853057,0.0455217249323467,0.004));
#8632=CARTESIAN_POINT('',(-0.0375835315853057,0.0455217249323467,0.));
#8633=CARTESIAN_POINT('',(-0.0375548084831466,0.0457199706570525,0.004));
#8634=CARTESIAN_POINT('',(-0.0375548084831466,0.0457199706570525,0.));
#8635=CARTESIAN_POINT('',(-0.0375062326486129,0.0458686549505818,0.004));
#8636=CARTESIAN_POINT('',(-0.0375062326486129,0.0458686549505818,0.));
#8637=CARTESIAN_POINT('',(-0.0374378040817045,0.0459677778129347,0.004));
#8638=CARTESIAN_POINT('',(-0.0374378040817045,0.0459677778129347,0.));
#8639=CARTESIAN_POINT('',(-0.0375835315853057,0.0455217249323467,0.004));
#8640=CARTESIAN_POINT('',(-0.0375835315853057,0.0455217249323467,0.004));
#8641=CARTESIAN_POINT('',(-0.0375835315853057,0.0455217249323467,0.004));
#8642=CARTESIAN_POINT('',(-0.0375404469320671,0.0458190935194054,0.004));
#8643=CARTESIAN_POINT('',(-0.0374378040817045,0.0459677778129347,0.004));
#8644=CARTESIAN_POINT('',(-0.0378242987651686,0.0455943774848667,0.004));
#8645=CARTESIAN_POINT('',(-0.0380650659450315,0.0456670300373867,0.004));
#8646=CARTESIAN_POINT('',(-0.0380650659450315,0.0456670300373867,0.004));
#8647=CARTESIAN_POINT('',(-0.0378242987651686,0.0455943774848667,0.004));
#8648=CARTESIAN_POINT('',(-0.0378002220471823,0.0463027398719369,0.004));
#8649=CARTESIAN_POINT('',(-0.0378002220471823,0.0463027398719369,0.));
#8650=CARTESIAN_POINT('',(-0.0379553831186495,0.0461425100177358,0.004));
#8651=CARTESIAN_POINT('',(-0.0379553831186495,0.0461425100177358,0.));
#8652=CARTESIAN_POINT('',(-0.0380436644179325,0.0459306067395524,0.004));
#8653=CARTESIAN_POINT('',(-0.0380436644179325,0.0459306067395524,0.));
#8654=CARTESIAN_POINT('',(-0.0380650659450315,0.0456670300373867,0.004));
#8655=CARTESIAN_POINT('',(-0.0380650659450315,0.0456670300373867,0.));
#8656=CARTESIAN_POINT('',(-0.0378002220471823,0.0463027398719369,0.004));
#8657=CARTESIAN_POINT('',(-0.038032963654383,0.0460623950906352,0.004));
#8658=CARTESIAN_POINT('',(-0.0380650659450315,0.0456670300373867,0.004));
#8659=CARTESIAN_POINT('',(0.,0.005,0.004));
#8660=CARTESIAN_POINT('',(-0.043882338929367,0.0449375477222584,0.004));
#8661=CARTESIAN_POINT('',(-0.043882338929367,0.0465,0.004));
#8662=CARTESIAN_POINT('',(-0.043882338929367,0.0465,0.004));
#8663=CARTESIAN_POINT('',(-0.043882338929367,0.0449375477222584,0.004));
#8664=CARTESIAN_POINT('',(-0.043882338929367,0.0433750954445168,0.004));
#8665=CARTESIAN_POINT('',(-0.043882338929367,0.0433750954445168,0.004));
#8666=CARTESIAN_POINT('',(-0.043614960640151,0.0465,0.004));
#8667=CARTESIAN_POINT('',(-0.0433475823509348,0.0465,0.004));
#8668=CARTESIAN_POINT('',(-0.0433475823509348,0.0465,0.004));
#8669=CARTESIAN_POINT('',(-0.043614960640151,0.0465,0.004));
#8670=CARTESIAN_POINT('',(-0.0433475823509348,0.045226890736655,0.004));
#8671=CARTESIAN_POINT('',(-0.0433475823509348,0.0439542118126508,0.004));
#8672=CARTESIAN_POINT('',(-0.0433475823509348,0.0439542118126508,0.004));
#8673=CARTESIAN_POINT('',(-0.0433475823509348,0.045226890736655,0.004));
#8674=CARTESIAN_POINT('',(-0.042642608953027,0.0446113294355725,0.004));
#8675=CARTESIAN_POINT('',(-0.0431068151710719,0.043767081309276,0.004));
#8676=CARTESIAN_POINT('',(-0.0431067497106,0.0437671915053546,0.004));
#8677=CARTESIAN_POINT('',(-0.042642608953027,0.0446113294355725,0.004));
#8678=CARTESIAN_POINT('',(-0.0428473871483887,0.0442217620555586,0.004));
#8679=CARTESIAN_POINT('',(-0.0428609792084752,0.0436994975394899,0.004));
#8680=CARTESIAN_POINT('',(-0.0428609643385309,0.0436996448293854,0.004));
#8681=CARTESIAN_POINT('',(-0.0428473871483887,0.0442217620555586,0.004));
#8682=CARTESIAN_POINT('',(-0.0428471560120809,0.0439569686730561,0.004));
#8683=CARTESIAN_POINT('',(-0.0426637190804121,0.0437776412733051,0.004));
#8684=CARTESIAN_POINT('',(-0.0426637190804121,0.0437776412733051,0.004));
#8685=CARTESIAN_POINT('',(-0.0428471560120809,0.0439569686730561,0.004));
#8686=CARTESIAN_POINT('',(-0.0425906441293308,0.0440830354330259,0.004));
#8687=CARTESIAN_POINT('',(-0.0425906441293308,0.0440830354330259,0.));
#8688=CARTESIAN_POINT('',(-0.0425906441293309,0.0439315351490887,0.004));
#8689=CARTESIAN_POINT('',(-0.0425906441293309,0.0439315351490887,0.));
#8690=CARTESIAN_POINT('',(-0.0426150024463579,0.0438297370958485,0.004));
#8691=CARTESIAN_POINT('',(-0.0426150024463579,0.0438297370958485,0.));
#8692=CARTESIAN_POINT('',(-0.0426637190804121,0.0437776412733051,0.004));
#8693=CARTESIAN_POINT('',(-0.0426637190804121,0.0437776412733051,0.));
#8694=CARTESIAN_POINT('',(-0.0425906441293308,0.0440830354330259,0.004));
#8695=CARTESIAN_POINT('',(-0.0425906441293308,0.0440830354330259,0.004));
#8696=CARTESIAN_POINT('',(-0.0425906441293308,0.0440830354330259,0.004));
#8697=CARTESIAN_POINT('',(-0.0425906441293308,0.0438557850071202,0.004));
#8698=CARTESIAN_POINT('',(-0.0426637190804121,0.0437776412733051,0.004));
#8699=CARTESIAN_POINT('',(-0.0425906441293308,0.0452915177165129,0.004));
#8700=CARTESIAN_POINT('',(-0.0425906441293308,0.0465,0.004));
#8701=CARTESIAN_POINT('',(-0.0425906441293308,0.0465,0.004));
#8702=CARTESIAN_POINT('',(-0.0425906441293308,0.0452915177165129,0.004));
#8703=CARTESIAN_POINT('',(-0.0423258002314817,0.0465,0.004));
#8704=CARTESIAN_POINT('',(-0.0420609563336326,0.0465,0.004));
#8705=CARTESIAN_POINT('',(-0.0420609563336326,0.0465,0.004));
#8706=CARTESIAN_POINT('',(-0.0423258002314817,0.0465,0.004));
#8707=CARTESIAN_POINT('',(-0.0420609563336326,0.0452725097812606,0.004));
#8708=CARTESIAN_POINT('',(-0.0420609563336326,0.0439541299591162,0.004));
#8709=CARTESIAN_POINT('',(-0.0420609563336326,0.0439541299591162,0.004));
#8710=CARTESIAN_POINT('',(-0.0420609563336326,0.0452725097812606,0.004));
#8711=CARTESIAN_POINT('',(-0.0414229052309893,0.0445206084788349,0.004));
#8712=CARTESIAN_POINT('',(-0.0418227235451367,0.043767081309276,0.004));
#8713=CARTESIAN_POINT('',(-0.0418226255033944,0.0437672519909691,0.004));
#8714=CARTESIAN_POINT('',(-0.0414229052309893,0.0445206084788349,0.004));
#8715=CARTESIAN_POINT('',(-0.0415579452579329,0.0442405417229988,0.004));
#8716=CARTESIAN_POINT('',(-0.0415743531911729,0.0436994975394899,0.004));
#8717=CARTESIAN_POINT('',(-0.0415743531911729,0.0436994975394899,0.004));
#8718=CARTESIAN_POINT('',(-0.0415579452579329,0.0442405417229988,0.004));
#8719=CARTESIAN_POINT('',(-0.0413766706645486,0.0437776412733051,0.004));
#8720=CARTESIAN_POINT('',(-0.0413766706645486,0.0437776412733051,0.));
#8721=CARTESIAN_POINT('',(-0.041425105699562,0.0437255454507616,0.004));
#8722=CARTESIAN_POINT('',(-0.041425105699562,0.0437255454507616,0.));
#8723=CARTESIAN_POINT('',(-0.0414909998751034,0.0436994975394899,0.004));
#8724=CARTESIAN_POINT('',(-0.0414909998751034,0.0436994975394899,0.));
#8725=CARTESIAN_POINT('',(-0.0415743531911729,0.0436994975394899,0.004));
#8726=CARTESIAN_POINT('',(-0.0415743531911729,0.0436994975394899,0.));
#8727=CARTESIAN_POINT('',(-0.0413766706645486,0.0437776412733051,0.004));
#8728=CARTESIAN_POINT('',(-0.0413766706645486,0.0437776412733051,0.004));
#8729=CARTESIAN_POINT('',(-0.0413766706645486,0.0437776412733051,0.004));
#8730=CARTESIAN_POINT('',(-0.0414493232170687,0.0436994975394899,0.004));
#8731=CARTESIAN_POINT('',(-0.0415743531911729,0.0436994975394899,0.004));
#8732=CARTESIAN_POINT('',(-0.0413040181120286,0.0440830354330259,0.004));
#8733=CARTESIAN_POINT('',(-0.0413040181120286,0.0440830354330259,0.));
#8734=CARTESIAN_POINT('',(-0.0413040181120286,0.0439315351490887,0.004));
#8735=CARTESIAN_POINT('',(-0.0413040181120286,0.0439315351490887,0.));
#8736=CARTESIAN_POINT('',(-0.0413282356295353,0.0438297370958485,0.004));
#8737=CARTESIAN_POINT('',(-0.0413282356295353,0.0438297370958485,0.));
#8738=CARTESIAN_POINT('',(-0.0413766706645486,0.0437776412733051,0.004));
#8739=CARTESIAN_POINT('',(-0.0413766706645486,0.0437776412733051,0.));
#8740=CARTESIAN_POINT('',(-0.0413040181120286,0.0440830354330259,0.004));
#8741=CARTESIAN_POINT('',(-0.0413040181120286,0.0440830354330259,0.004));
#8742=CARTESIAN_POINT('',(-0.0413040181120286,0.0440830354330259,0.004));
#8743=CARTESIAN_POINT('',(-0.0413040181120286,0.0438557850071202,0.004));
#8744=CARTESIAN_POINT('',(-0.0413766706645486,0.0437776412733051,0.004));
#8745=CARTESIAN_POINT('',(-0.0413040181120286,0.0452915177165129,0.004));
#8746=CARTESIAN_POINT('',(-0.0413040181120286,0.0465,0.004));
#8747=CARTESIAN_POINT('',(-0.0413040181120286,0.0465,0.004));
#8748=CARTESIAN_POINT('',(-0.0413040181120286,0.0452915177165129,0.004));
#8749=CARTESIAN_POINT('',(-0.0410387518156183,0.0465,0.004));
#8750=CARTESIAN_POINT('',(-0.040773485519208,0.0465,0.004));
#8751=CARTESIAN_POINT('',(-0.040773485519208,0.0465,0.004));
#8752=CARTESIAN_POINT('',(-0.0410387518156183,0.0465,0.004));
#8753=CARTESIAN_POINT('',(-0.040773485519208,0.0452725097812606,0.004));
#8754=CARTESIAN_POINT('',(-0.040773485519208,0.0440450195625211,0.004));
#8755=CARTESIAN_POINT('',(-0.040773485519208,0.0440450195625211,0.004));
#8756=CARTESIAN_POINT('',(-0.040773485519208,0.0452725097812606,0.004));
#8757=CARTESIAN_POINT('',(-0.0408495172602173,0.0436264225884087,0.004));
#8758=CARTESIAN_POINT('',(-0.0408495172602173,0.0436264225884087,0.));
#8759=CARTESIAN_POINT('',(-0.0407988294328778,0.043732585426781,0.004));
#8760=CARTESIAN_POINT('',(-0.0407988294328778,0.043732585426781,0.));
#8761=CARTESIAN_POINT('',(-0.040773485519208,0.0438721177514851,0.004));
#8762=CARTESIAN_POINT('',(-0.040773485519208,0.0438721177514851,0.));
#8763=CARTESIAN_POINT('',(-0.040773485519208,0.0440450195625211,0.004));
#8764=CARTESIAN_POINT('',(-0.040773485519208,0.0440450195625211,0.));
#8765=CARTESIAN_POINT('',(-0.0408495172602173,0.0436264225884087,0.004));
#8766=CARTESIAN_POINT('',(-0.0408495172602173,0.0436264225884087,0.004));
#8767=CARTESIAN_POINT('',(-0.0408495172602173,0.0436264225884087,0.004));
#8768=CARTESIAN_POINT('',(-0.040773485519208,0.0437856668459671,0.004));
#8769=CARTESIAN_POINT('',(-0.040773485519208,0.0440450195625211,0.004));
#8770=CARTESIAN_POINT('',(-0.0413271806936389,0.0438318545271977,0.004));
#8771=CARTESIAN_POINT('',(-0.0410497341782085,0.0433941033797691,0.004));
#8772=CARTESIAN_POINT('',(-0.0410495159988423,0.0433937675855688,0.004));
#8773=CARTESIAN_POINT('',(-0.0413271806936389,0.0438318545271977,0.004));
#8774=CARTESIAN_POINT('',(-0.0413184340408353,0.0438537115570366,0.004));
#8775=CARTESIAN_POINT('',(-0.0413251380400868,0.043321028428688,0.004));
#8776=CARTESIAN_POINT('',(-0.0413251358618274,0.0433211400252303,0.004));
#8777=CARTESIAN_POINT('',(-0.0413184340408353,0.0438537115570366,0.004));
#8778=CARTESIAN_POINT('',(-0.0413265114988518,0.0442650257226263,0.004));
#8779=CARTESIAN_POINT('',(-0.0417386662314653,0.0434156457063885,0.004));
#8780=CARTESIAN_POINT('',(-0.0417386662314653,0.0434156457063885,0.004));
#8781=CARTESIAN_POINT('',(-0.0413265114988518,0.0442650257226263,0.004));
#8782=CARTESIAN_POINT('',(-0.0421040409868712,0.0437155486848141,0.004));
#8783=CARTESIAN_POINT('',(-0.0421040409868712,0.0437155486848141,0.));
#8784=CARTESIAN_POINT('',(-0.0419919645686426,0.0435786915509973,0.004));
#8785=CARTESIAN_POINT('',(-0.0419919645686426,0.0435786915509973,0.));
#8786=CARTESIAN_POINT('',(-0.0418701729835073,0.0434787238915221,0.004));
#8787=CARTESIAN_POINT('',(-0.0418701729835073,0.0434787238915221,0.));
#8788=CARTESIAN_POINT('',(-0.0417386662314653,0.0434156457063885,0.004));
#8789=CARTESIAN_POINT('',(-0.0417386662314653,0.0434156457063885,0.));
#8790=CARTESIAN_POINT('',(-0.0421040409868712,0.0437155486848141,0.004));
#8791=CARTESIAN_POINT('',(-0.0421040409868712,0.0437155486848141,0.004));
#8792=CARTESIAN_POINT('',(-0.0421040409868712,0.0437155486848141,0.004));
#8793=CARTESIAN_POINT('',(-0.0419359263595283,0.0435102629840889,0.004));
#8794=CARTESIAN_POINT('',(-0.0417386662314653,0.0434156457063885,0.004));
#8795=CARTESIAN_POINT('',(-0.0423013011149342,0.0434076201337264,0.004));
#8796=CARTESIAN_POINT('',(-0.0423013011149342,0.0434076201337264,0.));
#8797=CARTESIAN_POINT('',(-0.0422092182286007,0.0434653479370853,0.004));
#8798=CARTESIAN_POINT('',(-0.0422092182286007,0.0434653479370853,0.));
#8799=CARTESIAN_POINT('',(-0.0421434648525797,0.0435679907874479,0.004));
#8800=CARTESIAN_POINT('',(-0.0421434648525797,0.0435679907874479,0.));
#8801=CARTESIAN_POINT('',(-0.0421040409868712,0.0437155486848141,0.004));
#8802=CARTESIAN_POINT('',(-0.0421040409868712,0.0437155486848141,0.));
#8803=CARTESIAN_POINT('',(-0.0423013011149342,0.0434076201337264,0.004));
#8804=CARTESIAN_POINT('',(-0.0423013011149342,0.0434076201337264,0.004));
#8805=CARTESIAN_POINT('',(-0.0423013011149342,0.0434076201337264,0.004));
#8806=CARTESIAN_POINT('',(-0.042163176785434,0.0434942118387647,0.004));
#8807=CARTESIAN_POINT('',(-0.0421040409868712,0.0437155486848141,0.004));
#8808=CARTESIAN_POINT('',(-0.0426031704329034,0.0438931336590132,0.004));
#8809=CARTESIAN_POINT('',(-0.042611764057389,0.043321028428688,0.004));
#8810=CARTESIAN_POINT('',(-0.0426117609314155,0.0433211272952874,0.004));
#8811=CARTESIAN_POINT('',(-0.0426031704329034,0.0438931336590132,0.004));
#8812=CARTESIAN_POINT('',(-0.0426095583326026,0.0442468821483174,0.004));
#8813=CARTESIAN_POINT('',(-0.0430012155307812,0.0434076201337264,0.004));
#8814=CARTESIAN_POINT('',(-0.0430012854668372,0.0434074757429914,0.004));
#8815=CARTESIAN_POINT('',(-0.0426095583326026,0.0442468821483174,0.004));
#8816=CARTESIAN_POINT('',(-0.0425538011336257,0.0443474558630475,0.004));
#8817=CARTESIAN_POINT('',(-0.0433475823509348,0.043673333278922,0.004));
#8818=CARTESIAN_POINT('',(-0.0433475823509348,0.0436724640315755,0.004));
#8819=CARTESIAN_POINT('',(-0.0425538011336257,0.0443474558630475,0.004));
#8820=CARTESIAN_POINT('',(-0.0433475823509348,0.0435237797380462,0.004));
#8821=CARTESIAN_POINT('',(-0.0433475823509348,0.0433750954445168,0.004));
#8822=CARTESIAN_POINT('',(-0.0433475823509348,0.0433750954445168,0.004));
#8823=CARTESIAN_POINT('',(-0.0433475823509348,0.0435237797380462,0.004));
#8824=CARTESIAN_POINT('',(-0.043614960640151,0.0433750954445168,0.004));
#8825=CARTESIAN_POINT('',(-0.043614960640151,0.0433750954445168,0.004));
#8826=CARTESIAN_POINT('',(0.,0.005,0.004));
#8827=CARTESIAN_POINT('',(0.,0.005,0.));
#8828=CARTESIAN_POINT('',(0.,0.005,0.));
#8829=CARTESIAN_POINT('',(0.,0.005,0.));
#8830=CARTESIAN_POINT('',(0.,0.005,0.));
#8831=MECHANICAL_DESIGN_GEOMETRIC_PRESENTATION_REPRESENTATION('',(#4976),
#8832);
#8832=(
GEOMETRIC_REPRESENTATION_CONTEXT(3)
GLOBAL_UNCERTAINTY_ASSIGNED_CONTEXT((#8833))
GLOBAL_UNIT_ASSIGNED_CONTEXT((#8836,#8835,#8834))
REPRESENTATION_CONTEXT('Part 1','TOP_LEVEL_ASSEMBLY_PART')
);
#8833=UNCERTAINTY_MEASURE_WITH_UNIT(LENGTH_MEASURE(2.E-5),#8836,
'DISTANCE_ACCURACY_VALUE','Maximum Tolerance applied to model');
#8834=(
NAMED_UNIT(*)
SI_UNIT($,.STERADIAN.)
SOLID_ANGLE_UNIT()
);
#8835=(
NAMED_UNIT(*)
PLANE_ANGLE_UNIT()
SI_UNIT($,.RADIAN.)
);
#8836=(
LENGTH_UNIT()
NAMED_UNIT(*)
SI_UNIT($,.METRE.)
);
#8837=PRODUCT_DEFINITION_SHAPE('','',#8838);
#8838=PRODUCT_DEFINITION('','',#8840,#8839);
#8839=PRODUCT_DEFINITION_CONTEXT('',#8846,'design');
#8840=PRODUCT_DEFINITION_FORMATION_WITH_SPECIFIED_SOURCE('','',#8842,
 .NOT_KNOWN.);
#8841=PRODUCT_RELATED_PRODUCT_CATEGORY('','',(#8842));
#8842=PRODUCT('Part 1','Part 1','Part 1',(#8844));
#8843=PRODUCT_CATEGORY('','');
#8844=PRODUCT_CONTEXT('',#8846,'mechanical');
#8845=APPLICATION_PROTOCOL_DEFINITION('international standard',
'ap242_managed_model_based_3d_engineering',2020,#8846);
#8846=APPLICATION_CONTEXT('managed model based 3d engineering');
ENDSEC;
END-ISO-10303-21;
